Source,Target,PassengerNumber,ComplaintsNumber
41700,42834,3,2
47266,42834,1,1
41664,41576,4,2
42289,41576,3,1
41390,42713,2,1
42041,42709,3,1
47892,42709,2,1
41483,41714,2,1
42159,41714,3,2
41533,41533,15,5
41575,41533,2,1
41698,47392,1,1
42015,41533,2,1
42015,47392,2,1
42571,41533,20,2
42723,47392,10,2
47222,47403,10,1
47222,42977,10,1
42001,42015,5,1
42001,42015,5,1
42242,43115,2,1
42242,42977,2,1
42242,42977,2,1
43078,47528,5,1
43078,42015,5,1
43078,43115,5,1
43078,42977,5,1
43078,42015,5,1
43078,42977,5,1
41208,41215,2,1
41209,41215,1,1
41645,41215,2,1
42333,41215,1,1
41576,43139,1,1
42171,41968,17,2
42723,43139,5,1
47497,43139,25,2
41208,41751,1,1
41208,41751,1,1
41208,41751,1,1
41208,41751,1,1
41208,41751,1,1
41246,40985,5,1
42571,41751,21,2
41060,42659,2,1
41060,42501,2,1
41671,43114,7,1
41671,43114,7,1
42016,42853,6,6
42016,42853,6,6
42016,42603,6,6
42016,42603,6,6
42016,41068,3,3
41173,46203,1,1
41173,43032,1,1
41173,46203,1,1
41173,41188,1,1
41188,46203,2,1
41188,43032,2,1
41188,46203,2,1
41188,41188,2,1
43191,46203,5,1
43191,43032,5,1
43191,46203,5,1
43191,41188,5,1
41190,42998,1,1
41190,42827,1,1
41190,42827,1,1
41190,41173,1,1
42664,41260,1,1
42664,42015,1,1
42664,42015,1,1
42664,43035,1,1
43009,41260,4,1
41845,46234,1,1
41854,41758,1,1
50093,51564,1,1
50093,51564,1,1
51566,51564,1,1
51566,51564,1,1
52964,51567,1,1
43663,40957,3,1
42182,43725,2,1
42182,41533,2,1
47232,43725,0,1
47232,41533,0,1
41520,43713,1,1
41520,43713,1,1
41520,42409,1,1
41520,42409,1,1
41521,43713,11,2
41521,43713,11,2
41521,42409,11,2
41521,42409,11,2
41533,43713,29,3
41533,43713,29,3
41543,42409,1,1
41543,42409,1,1
41670,42409,10,1
41670,42409,10,1
41743,42409,14,2
41743,42409,14,2
41764,43713,49,8
41764,43713,49,8
41764,42409,49,8
41764,42409,49,8
42327,43713,10,3
42327,43713,10,3
42327,42409,10,3
42327,42409,10,3
42406,42409,1,1
42406,42409,1,1
43094,42409,7,3
43094,42409,7,3
43127,43713,10,1
43127,43713,10,1
43127,42409,10,1
43127,42409,10,1
43715,42409,15,2
43715,42409,15,2
43722,43713,1,1
43722,43713,1,1
43723,42409,1,1
43723,42409,1,1
43726,43713,5,1
43726,43713,5,1
43728,43713,8,2
43728,43713,8,2
46207,43713,27,5
46207,43713,27,5
46207,42409,27,5
46207,42409,27,5
46214,43713,8,1
46214,43713,8,1
46214,42409,8,1
46214,42409,8,1
46215,43713,20,1
46215,43713,20,1
46215,42409,20,1
46215,42409,20,1
46950,42409,17,3
46950,42409,17,3
53344,43713,26,2
53344,43713,26,2
53344,42409,26,2
53344,42409,26,2
53363,43713,5,1
53363,43713,5,1
53364,42409,12,3
53364,42409,12,3
53368,43713,15,2
53368,43713,15,2
53368,42409,15,2
53368,42409,15,2
41128,40297,5,1
41128,41704,5,1
41209,43711,2,2
41210,43711,5,1
41249,40297,10,3
41249,41704,10,3
41576,40297,6,1
41576,41704,6,1
41692,40297,2,1
41692,41704,2,1
42571,40297,5,1
42571,41704,5,1
42870,40297,5,1
42870,41704,5,1
42987,43711,8,1
43013,43711,2,1
47392,43711,5,1
42345,40297,1,1
42345,43713,1,1
42571,40297,10,1
42571,43713,10,1
43072,40297,1,1
43072,43713,1,1
42937,42937,3,1
42937,40377,3,1
42937,42937,3,1
42937,41296,3,1
42698,40583,30,1
520,3007,25,1
520,3007,25,1
3007,3007,10,1
3007,3007,10,1
5200,3007,2,1
5200,3007,2,1
5200,638,1,1
1685,65135,20,2
1685,65135,20,2
1685,65135,20,2
1685,65135,20,2
1685,65135,20,2
5130,34002,35,5
5130,34002,35,5
5130,65135,35,5
5130,65135,35,5
5130,65135,35,5
5130,65135,35,5
5130,65135,35,5
5130,34002,35,5
5131,65135,7,2
5131,65135,7,2
5131,65135,7,2
5131,65135,7,2
5131,65135,7,2
5132,65135,15,2
5132,65135,15,2
5132,65135,15,2
5132,65135,15,2
5132,65135,15,2
31654,34002,20,3
31654,34002,20,3
31654,34002,20,3
60001,34002,10,1
60001,34002,10,1
60001,34002,10,1
61368,65135,6,2
61368,65135,6,2
61368,65135,6,2
61368,65135,6,2
61368,65135,6,2
65134,65135,3,1
65134,65135,3,1
65134,65135,3,1
65134,65135,3,1
65134,65135,3,1
22028,37779,1,1
41045,47409,0,1
41045,42088,0,1
41045,47409,0,1
41533,47409,7,1
41533,47409,7,1
41735,47409,999,1
41735,42088,999,1
41735,47409,999,1
5130,65134,1,1
1904,428,6,2
60878,60878,1,1
42659,42621,6,1
42659,42621,6,1
2899,428,1,1
41128,42621,5,1
42162,42621,5,1
42659,42621,3,1
41128,42621,5,1
41533,42388,45,2
41533,42388,45,2
161,61466,19,4
1552,61466,1,1
1553,61466,7,2
1685,61466,2,1
3374,61466,5,1
4075,64006,7,1
4116,61466,11,2
5130,61466,12,2
5131,61466,1,1
5668,61466,9,2
61202,64006,15,1
63907,61466,10,1
63908,64006,10,1
63907,64006,62,7
63911,64006,21,2
63913,64006,15,3
65240,64006,1,1
65444,64006,51,2
31143,32453,0,1
31051,31635,20,3
31585,31647,4,1
31611,31647,1,1
31661,31647,8,1
37624,31647,15,3
38126,31635,5,1
38135,31635,1,1
38167,31635,1,1
20037,22028,103,9
20094,22028,114,8
20147,22028,10,2
20150,37660,0,1
20155,37660,15,1
20162,22028,53,5
20163,22028,6,2
20330,37660,20,1
21181,37660,8,1
21265,22028,14,1
21282,22028,6,1
21286,37660,4,1
21373,22028,47,5
21538,37660,11,2
22279,37660,2,1
23064,22028,128,22
25287,37660,5,1
25639,37660,2,1
26064,37660,8,2
26143,22028,11,3
26149,37660,87,6
26172,22028,2,1
26178,37660,10,1
26461,37660,2,1
26475,22028,45,5
26516,22028,126,9
26544,22028,82,7
26550,37660,11,2
26554,37660,14,3
27058,22028,54,4
27085,22028,173,13
28525,22028,55,7
28632,22028,12,1
36136,37660,3,1
36159,37660,8,2
36173,22028,5,1
36174,37660,5,1
37660,37660,19,4
41896,47379,1,1
42351,42945,6,1
42674,47379,9,1
78,5937,12,2
210,5937,27,6
211,5937,7,1
514,3824,10,1
516,3824,1,1
522,5937,22,3
523,5937,3,2
524,5937,12,2
527,5937,11,2
541,5937,109,15
680,3824,3,1
1310,5937,94,11
1328,5937,25,4
1507,5937,0,1
1956,5937,21,5
2246,5937,1,1
2836,3824,1,1
3121,5937,6,1
3327,5937,5,1
3374,5937,10,1
3629,5937,14,4
3634,5937,40,3
4011,5937,8,1
4115,3824,7,1
4116,5937,25,4
4169,5937,59,11
4216,5937,16,4
5668,5937,4,1
5669,5937,2,1
6012,3824,10,1
9949,5937,21,3
60413,3824,1133,13
41476,52378,1,1
42938,52378,2,1
43009,52133,18,2
43058,52114,1,1
51374,52114,1,1
57305,52114,1,1
1122,1415,3,1
61175,1415,2,1
61175,60878,2,1
60868,60878,5,1
60884,1415,0,1
60884,60878,0,1
30156,31280,1,1
31277,31280,1,1
31559,31280,1,1
32550,31280,11,3
37632,37779,3,1
1637,5497,1,1
5461,6212,8,1
5461,5497,8,1
5494,5497,1,1
6203,6212,7,2
6212,6212,9,1
6245,6212,1,1
647,647,247,19
647,647,247,19
1286,5601,1,1
1286,5602,1,1
2602,647,1,1
2602,647,1,1
4218,5601,0,1
4218,5602,0,1
5200,647,57,5
5200,647,57,5
5510,647,22,5
5510,5601,22,5
5510,5602,22,5
5510,647,22,5
5513,5601,4,2
5513,5602,4,2
5514,647,5,1
5514,5601,5,1
5514,5602,5,1
5514,647,5,1
5519,647,539,19
5519,5601,539,19
5519,5602,539,19
5519,647,539,19
5587,5601,415,13
5587,5602,415,13
5843,5601,4,1
5843,5602,4,1
9859,5601,6,3
9859,5602,6,3
647,647,1,1
5200,647,23,2
5577,5602,2,1
5579,5602,10,2
61506,647,1,1
61506,5602,1,1
65139,5602,15,1
65149,647,30,1
65149,5602,30,1
65150,647,7,1
65150,5602,7,1
20152,25953,2,1
20700,25953,2,1
21466,21718,32,2
21584,21718,5,1
21592,25953,1,1
26806,21718,1,1
36850,21718,1,1
36855,25953,1,1
47222,41476,16,1
47528,41260,1,1
20798,37779,13,2
22556,37779,3,1
31097,33286,1,1
31097,33286,1,1
31100,37779,3,1
31100,33286,3,1
31100,33286,3,1
31283,37779,1,1
32253,37779,1,1
34232,33286,5,1
34232,33286,5,1
38674,33286,2,2
38674,33286,2,2
40397,40847,1,1
40528,40847,2,1
42658,40847,1,1
46177,40847,2,2
31100,34781,15,3
31100,31100,15,3
32117,31100,2,1
38774,31100,6,2
41869,42501,4,1
40990,40955,2,1
41161,42346,2,1
11001,31075,45,2
11002,31075,1,1
11003,31075,3,1
11005,31075,10,2
11006,31075,5,1
11010,31075,4,2
11013,31075,3,1
12005,12708,2,1
13203,31075,10,1
31100,12708,11,2
31230,31075,10,2
31744,12708,1,1
31750,31075,3,2
32115,12708,29,4
32116,12708,1,1
32118,12708,2,1
32128,12708,28,6
32132,12708,1,1
36432,31075,1,1
36443,12708,2,1
38063,12708,2,1
289,289,1,1
41459,42689,1,1
41459,42191,1,1
42362,42689,5,1
42362,42191,5,1
42688,42689,1,1
42688,42191,1,1
524,6071,1,1
20309,21379,1,1
25358,21379,5,1
25430,21379,1,1
25637,21379,1,1
25644,21379,7,1
31313,21639,2,1
31596,21379,1,1
31653,21639,10,2
31662,21639,31704,1
31898,21639,6,2
36816,21639,4,1
21230,36258,10,1
21230,36258,10,1
21354,22028,2,2
21354,22028,2,2
22028,22028,5,1
22028,22028,5,1
22273,22028,7,1
22273,22028,7,1
26946,36258,7,1
26946,22028,7,1
26946,22028,7,1
26946,36258,7,1
31455,36258,10,2
31455,36258,10,2
36172,36258,9,6
36172,36258,9,6
36174,36258,4,2
36174,36258,4,2
36256,36258,4,1
36256,36258,4,1
36266,36258,5,1
36266,36258,5,1
36268,36258,2,1
36268,36258,2,1
37571,36258,1,1
37571,36258,1,1
21161,37785,7,2
21711,37785,1,1
22942,37785,2,1
31640,37785,1,1
31662,31476,5,1
33169,31476,2,1
35084,31476,2,2
35096,31476,1,1
35097,31476,4,1
35099,31476,6,1
35101,31476,2,1
38138,31476,11,1
39083,31476,6,1
30928,32423,5,1
30928,32423,5,1
31100,32423,14,2
31100,32423,14,2
31100,37430,14,2
31643,32423,1,1
32115,37430,3,1
32465,32423,1,1
33170,32423,2,1
33170,32423,2,1
33483,32423,7,1
33483,32423,7,1
33734,32423,1,1
34031,32423,1,1
34031,32423,1,1
35084,37430,10,1
35093,37430,2,1
35093,37430,2,1
37721,37430,1,1
56132,52579,1,1
57821,52579,5,1
21161,37789,7,2
21370,37789,3,1
21684,37789,3,3
27063,37789,10,2
37203,39751,3,2
41296,59704,6,1
43009,59704,206,2
50739,59414,1,1
53094,59704,1,1
59414,59414,1,1
59704,59704,2,2
51523,51577,2,1
52688,51577,2,2
52950,52950,1,1
55137,52950,6,2
59707,52950,7,2
59708,52950,3,1
54196,51671,1,1
54200,51671,1,1
4174,61362,5,1
31575,60473,1,1
31575,63657,1,1
31654,63657,6,1
31654,63657,6,1
35139,60778,2,1
35139,60778,2,1
60778,63657,2,2
60778,60778,2,2
60778,60778,2,2
60778,60473,2,2
60778,63657,2,2
63636,63657,2,1
63636,60778,2,1
63636,35941,2,1
63636,60778,2,1
63636,60473,2,1
63636,63657,2,1
50074,47490,7,2
50074,42990,7,2
50074,42990,7,2
51524,41476,1,1
52326,47490,2,1
52326,42990,2,1
52326,42990,2,1
53549,41476,10,1
53576,47490,5,1
53576,42990,5,1
53576,42990,5,1
53712,47490,3,1
53712,42990,3,1
53712,42990,3,1
53713,41476,3,1
54193,47490,1,1
54193,42990,1,1
54193,42990,1,1
38002,38958,3,1
21378,21378,80,5
25071,21378,4,1
25071,27997,4,1
26632,21378,3,1
26632,27997,3,1
31091,21254,1,1
31091,21254,1,1
37644,21254,1,1
37644,21254,1,1
31156,32022,16,5
32614,32011,11,2
32625,32011,4,2
32674,32011,21,6
32676,32011,17,3
33567,32022,1,1
34719,32011,9,2
35366,32011,5,1
35552,32022,16,3
35560,32022,2,1
35566,32022,1,1
35571,32022,3,1
35573,32011,6,2
35627,32022,4,1
35861,32011,9,1
38520,32011,2,1
38525,32022,3,1
38530,32022,14,4
38597,32022,25,5
154,65135,67,6
645,65135,14,7
1553,65135,256,14
1556,34001,30,1
1683,65135,82,8
2007,65135,48,7
3142,65135,15,3
5130,65135,550,31
5131,65135,173,18
5132,65135,66,9
5669,65135,18,3
9949,65135,92,7
31152,34001,20,1
31156,34001,8,1
31165,34001,9,2
34001,34001,25,1
34017,65135,11,2
35109,34001,20,1
35517,34001,5,1
35526,34001,20,4
35537,65135,15,1
35552,34001,137,6
35560,34001,4,1
35566,34001,19,3
35569,34001,16,3
35571,34001,17,2
35585,34001,18,3
35586,65135,3,1
35587,34001,46,11
35594,34001,1,1
35625,65135,7,1
35627,34001,25,3
35628,34001,7,1
38525,34001,30,3
38530,34001,11,2
38591,34001,30,2
38597,34001,34,4
61368,65135,12,2
65340,34001,43,4
65359,65135,1,1
21023,38129,12,2
21028,38129,5,1
21119,38129,2,1
21221,38129,4,2
21256,38129,5,1
21256,38129,5,1
22930,38129,2,2
22930,38129,2,2
26089,38129,1,1
31156,38525,3,1
31156,38525,3,1
35547,38525,1,1
35547,38525,1,1
35627,38525,1,1
35627,38525,1,1
35628,38525,2,1
35628,38525,2,1
38129,38129,10,1
38129,38129,10,1
38597,38525,5,1
38597,38525,5,1
26811,39685,10,2
32652,39751,6,1
36365,39751,3,1
39751,39751,1,1
21221,21425,5,1
21195,63111,1,1
21195,63111,1,1
21195,63111,1,1
22955,63111,5,1
22955,63111,5,1
22955,63111,5,1
22980,63111,10,2
22980,63111,10,2
22980,63111,10,2
23014,63111,8,2
23014,63111,8,2
23014,63111,8,2
23017,63111,1,1
23017,63111,1,1
23017,63111,1,1
26544,63111,2,1
26544,63111,2,1
26544,63111,2,1
27010,63111,1,1
27010,63111,1,1
27010,63111,1,1
27084,63227,10,1
27084,63418,10,1
63098,63227,1,1
63098,63418,1,1
63271,63227,1,1
63271,63418,1,1
63411,63227,1,1
63411,63418,1,1
63428,63227,11,5
63428,63418,11,5
38160,38129,1,1
38252,35397,10,1
20056,37995,10,1
20057,37995,15,1
20058,37995,12,2
21230,37995,10,1
21258,38129,22,2
21558,38129,79,11
21560,38129,33,6
22276,38129,40,8
22277,38129,139,17
22942,38129,87,14
22970,38129,9,8
22975,38129,102,11
23051,37995,1,1
23053,38129,4,4
23055,38129,94,9
23064,38129,658,32
26402,38129,48,14
26516,38129,29,5
26520,37995,5,1
26525,38129,2,1
26946,38129,13,6
26946,37995,13,6
27085,38129,3,1
31741,37995,42,7
32285,38129,1,1
32445,37995,49,9
32446,38129,46,7
32446,37995,46,7
32447,37995,459,57
32448,37995,231,15
32449,37995,32,7
32450,37995,290,39
32451,37995,717,60
35401,37995,10,1
37995,37995,5,2
12071,32142,15,4
19988,32142,13,5
32030,37779,2,1
32030,37779,2,1
32207,37779,1,1
32207,37779,1,1
37632,37779,1,1
37632,37779,1,1
22028,22028,1,1
32207,22028,1,1
52551,51704,3,2
52551,42803,3,2
53791,51704,1,1
53791,42803,1,1
54298,51704,1,1
54298,42803,1,1
60262,60292,10,2
11011,31075,3,1
31075,31075,2,1
31517,31280,2,1
31530,31075,8,1
32044,31280,2,1
32253,31280,4,2
32254,31280,6,2
32256,31280,2,1
35232,31280,1,1
35298,31075,2,2
37476,31075,1,1
37602,31280,40,2
37626,31280,5,1
11011,31280,15,4
21109,31280,19,5
21109,33512,19,5
33512,33512,5,1
35744,33512,1,1
38160,33512,66,7
22942,20068,20,1
26484,20068,1,1
38699,20068,5,1
20059,31329,9,1
20059,37624,9,1
20168,22942,7,2
20168,21109,7,2
20200,22942,60,7
20200,21109,60,7
20340,31329,8,1
20340,37624,8,1
21558,22942,20,1
21558,21109,20,1
22273,22942,1,1
22273,21109,1,1
22277,22942,43,10
22277,21109,43,10
22942,22942,51,4
22942,21109,51,4
22972,22942,61,13
22972,21109,61,13
23051,31329,4,1
23051,37624,4,1
23053,22942,118,10
23053,21109,118,10
23055,22942,11,3
23055,21109,11,3
23064,22942,32,8
23064,21109,32,8
26501,22942,47,8
26501,21109,47,8
26516,22942,65,6
26516,21109,65,6
26520,31329,2,1
26520,37624,2,1
26946,31329,9,2
26946,37624,9,2
26946,22942,9,2
26946,21109,9,2
27085,22942,5,1
27085,21109,5,1
31329,31329,22,1
31329,37624,22,1
32969,31329,12,3
32969,37624,12,3
34235,31329,109,13
34235,37624,109,13
34235,22942,109,13
34235,21109,109,13
34270,31329,23,5
34270,37624,23,5
34690,31329,6,2
34690,37624,6,2
34696,31329,11,3
34696,37624,11,3
34696,22942,11,3
34696,21109,11,3
35672,31329,5,2
35672,37624,5,2
35673,31329,5,1
35673,37624,5,1
35674,31329,103,14
35674,37624,103,14
35674,22942,103,14
35674,21109,103,14
37707,31329,2,1
37707,37624,2,1
38908,31329,55,7
38908,37624,55,7
38945,31329,6,2
38945,37624,6,2
154,65135,36,3
1232,34001,1,1
1556,34001,20,1
3142,65135,20,1
4116,65135,101,2
5130,65135,141,10
5132,65135,1,1
5669,65135,10,2
9936,65135,110,3
9949,65135,33,3
33739,65135,1,1
35055,34001,20,2
60222,34001,10,3
60237,34001,8,2
60245,34001,12,3
60249,34001,6,2
60250,34001,20,2
60290,34001,16,2
60298,34001,8,2
60354,34001,5,1
60373,34001,11,2
60374,34001,11,3
60376,34001,31,5
60387,34001,2,1
60523,65135,6,1
60663,34001,6,1
65156,34001,5,1
65384,34001,3,1
154,65135,37,3
800,34001,3,1
1556,34001,5,1
3142,65135,55,3
3374,65135,10,1
4007,34001,30,1
4116,65135,142,5
5130,65135,60,9
5131,65135,42,2
5132,65135,1,1
9855,34001,1,1
9936,65135,205,12
9949,65135,19,3
60272,34001,13,2
60276,34001,73,8
60278,34001,32,5
60285,34001,7,3
60287,34001,11,4
60290,34001,15,1
60292,34001,10,1
60303,34001,18,4
60305,65135,2,2
60307,34001,40,3
60308,34001,24,4
60310,34001,4,1
60356,34001,2,2
60358,34001,18,4
60392,34001,27,4
65134,65135,2,1
65384,34001,4,1
40320,43265,3,1
42723,43137,3,1
51082,52154,1,1
51082,43265,1,1
51659,43137,8,1
53947,52154,3,1
53947,43265,3,1
54048,52154,3,1
54048,43265,3,1
54225,52154,1,1
54225,43265,1,1
55234,52154,3,2
55234,43265,3,2
211,4009,8,1
1509,4009,3,1
1862,4009,4,2
3230,4009,1,1
43009,43009,5,1
51661,43009,37,2
52218,43265,26,2
54183,43265,2,1
57110,43265,15,1
51040,43137,9,1
51846,43137,2,1
54048,43265,3,1
55642,43265,2,1
41296,51850,18,3
43009,51850,6,2
51105,41462,6,1
51704,41462,3,1
54054,41462,12,2
54159,51850,7,2
54220,41462,3,1
54236,51850,15,1
10430,35679,2,1
20001,22028,2,1
20750,22028,5,1
21472,22028,14,4
33569,35679,3,1
20026,26749,1,1
21221,26749,11,2
28642,26749,15,3
51587,55417,5,1
51587,55417,5,1
52174,55332,80,9
52174,55417,80,9
52174,55417,80,9
52269,55332,10,1
52269,55332,10,1
52269,55417,10,1
52269,55417,10,1
55048,55417,2,1
55084,55332,162,11
55084,55332,162,11
55115,55417,10,2
55115,55417,10,2
55231,55332,4,2
55231,55332,4,2
55231,55417,4,2
55231,55417,4,2
55253,55417,10,1
55253,55417,10,1
55318,55417,3,1
55318,55417,3,1
55380,55332,5,1
55380,55332,5,1
55385,55332,17,2
55385,55332,17,2
55385,55417,17,2
55385,55417,17,2
56876,55417,11,2
56876,55417,11,2
11011,31074,73,4
11011,31074,73,4
11012,31074,9,3
11012,31074,9,3
11056,31074,20,4
11056,31074,20,4
11057,31074,8,2
11057,31074,8,2
11060,31074,1,1
11060,31074,1,1
11357,31074,4,2
11358,31074,2,1
11359,31074,123,10
11359,31074,123,10
11361,31074,32,10
11361,31074,32,10
11362,31074,7,2
11362,31074,7,2
11363,31074,4,3
11363,31074,4,3
11364,31074,5,1
11364,31074,5,1
11365,31074,38,7
11365,31074,38,7
11367,31074,29,7
11367,31074,29,7
11368,31074,15,1
11368,31074,15,1
11571,31074,18,8
11856,31074,22,3
12295,22942,6,1
12945,31074,3,2
13175,22942,1,1
13178,31074,10,1
13304,31074,25,6
13304,31074,25,6
13318,22942,20,1
19180,22942,2,1
21558,22942,10,2
21560,22942,133,26
21684,22942,1,1
22273,22942,29,4
22276,22942,65,9
22277,22942,198,15
22942,22942,100,24
22970,22942,5,2
22972,22942,141,13
22975,22942,78,18
23053,22942,68,12
23055,22942,28,6
26402,22942,36,3
26516,22942,12,3
26946,22942,1,1
31074,31074,4,1
31074,31074,4,1
11056,31074,1,1
11358,31074,7,1
11361,31074,3,1
21626,35863,41,7
22276,35863,9,2
22277,35863,12,2
22970,35863,11,2
22975,35863,46,4
23055,35863,9,2
26402,35863,9,1
26776,35863,7,1
33872,35863,3,2
33872,31074,3,2
35863,35863,12,6
35863,31074,12,6
36430,35863,1,1
10311,16145,1,1
10346,13777,1,1
10346,13777,1,1
10346,13777,1,1
10347,16145,50,1
10536,16145,70,2
10537,16145,53,1
11286,16145,6,1
12084,16145,55,1
12284,13777,3,2
12284,13777,3,2
12287,13777,4,2
12287,13777,4,2
12289,13777,18,2
12289,13777,18,2
12292,13777,10,2
12292,13777,10,2
12295,13777,1,1
12295,13777,1,1
12296,13777,2,2
12296,13777,2,2
12829,13777,1,1
12829,13777,1,1
13175,13777,1,1
13175,13777,1,1
13318,13777,16,3
13318,13777,16,3
13452,13777,4,1
13452,13777,4,1
13475,13777,22,5
13475,13777,22,5
14788,16145,17,2
14798,13777,18,3
14798,13777,18,3
14806,13777,31,6
14806,13777,31,6
15518,13777,1,1
15518,13777,1,1
15530,13777,10,1
15530,13777,10,1
15982,16145,30,3
16036,16145,9,2
16145,16145,1,1
16161,16145,5,2
19180,13777,6,2
19180,13777,6,2
19561,16145,17,3
19911,13777,13,4
19911,13777,13,4
13437,15343,5,2
13658,15343,2,1
13658,15343,2,1
13907,38801,16,3
13907,38801,16,3
14838,15343,10,1
14838,38801,10,1
14849,15343,7,2
14851,15343,1,1
14855,38801,12,2
14856,15343,15,6
14857,15343,2,1
14878,38801,5,1
14878,38801,5,1
15258,15343,5,1
15260,15343,14,4
15264,15343,2,2
15265,38801,4,1
15266,38801,4,1
15266,38801,4,1
15269,38801,10,2
15269,38801,10,2
15280,38801,3,2
15280,38801,3,2
15566,15343,4,1
15566,15343,4,1
15590,38801,1,1
15590,38801,1,1
15624,38801,1,1
15624,38801,1,1
16506,38801,1,1
19204,38801,4,2
21256,15343,6,2
21256,15343,6,2
31265,38801,6,1
31265,38801,6,1
32142,38801,4,1
32142,38801,4,1
32207,15343,5,1
32207,15343,5,1
32208,15343,10,6
32208,15343,10,6
35203,15343,4,3
35203,15343,4,3
37632,15343,4,1
37632,15343,4,1
38464,15343,5,1
38464,15343,5,1
20055,33440,2,1
22273,22942,23,7
22276,22942,46,7
22277,22942,61,14
22942,22942,50,5
22970,22942,35,2
22972,22942,53,10
22975,22942,22,10
23064,22942,63,6
26402,22942,27,6
26484,22942,32,5
26516,22942,64,4
26525,22942,3,2
27043,22942,6,4
33154,33440,5,1
33158,33440,4,1
33313,33440,1,1
33314,33440,38,5
33315,33440,2,1
33484,33440,8,2
33614,33440,67,8
36079,33440,19,5
36271,33440,2,2
36433,33440,60,2
36433,22942,60,2
36434,33440,7,2
36434,22942,7,2
36435,33440,25,8
36435,22942,25,8
36436,33440,78,17
36436,22942,78,17
39932,33440,7,1
12071,31280,10,1
12072,31280,4,1
20200,31280,1,1
21258,31280,6,1
22277,31280,19,5
26516,31280,6,2
27043,31280,6,2
30002,31280,5,1
30002,31280,5,1
33512,31280,4,2
51074,56795,3,1
51074,56795,3,1
52174,56819,53,2
52174,56819,53,2
53979,56795,3,1
53979,56795,3,1
53984,56795,1,1
53984,56795,1,1
54237,56795,1,1
54237,56795,1,1
55256,56819,9,1
55256,56819,9,1
55262,56795,1,1
55262,56795,1,1
55417,56819,6,2
55417,56819,6,2
12358,15359,1,1
13107,15359,1,1
14125,15359,3,2
14330,15359,7,3
14410,15359,4,1
14414,15359,15,3
15333,15359,4,3
15359,15359,1,1
19561,15359,1,1
35055,34222,5,1
65409,34222,29,4
10311,14035,3,2
10312,14035,5,1
10347,14035,5,1
10537,14035,8,1
14094,14035,5,1
14118,37996,1,1
14125,14035,163,9
14414,14035,4,1
15982,14035,32,6
15997,37996,10,1
16036,14035,1,1
16161,14035,32,5
16170,14035,3,2
16490,37996,9,1
19561,14035,19,4
22273,37996,8,2
22277,37996,71,14
22282,37996,29,9
22972,37996,23,5
22974,37996,26,5
22975,37996,43,4
26402,37996,19,2
26946,37996,7,2
26946,14035,7,2
26977,37996,14,4
36500,37996,4,2
37128,37996,15,2
37996,37996,11,2
10045,14035,2,1
10045,14035,2,1
11433,14400,4,1
12355,14400,5,1
12518,14400,2,1
12545,14400,4,2
12833,14400,1,1
13418,14400,41,4
13418,14035,41,4
13437,14400,3,1
14125,14035,5,1
14125,14035,5,1
15982,14035,5,1
16037,14400,1,1
18075,14400,12,1
19561,14035,8,3
41609,41609,1,1
50723,56059,1,1
51213,41609,2,1
51567,56059,1,1
51577,41609,1,1
51621,41609,1,1
51662,41609,26,5
51664,56059,18,2
52326,56059,2,1
52383,41609,3,1
52619,56059,1,1
52691,41609,1,1
52949,41609,361,1
53345,41609,1,1
53576,56059,1,1
54204,41609,5,2
54706,41609,1,1
55137,56059,14,3
55137,41609,14,3
57538,56059,2,2
57664,41609,1,1
57841,41609,2,2
58002,56059,1,1
59423,41609,5,2
59444,41609,9,2
669,15572,12,3
10004,15572,5,1
13679,15572,1,1
13907,15572,12,1
15514,15599,3,1
15554,15572,2,1
15582,15572,4,2
15590,15572,18,3
15591,15599,10,2
15607,15599,1,1
11356,15596,5,1
14931,15596,4,3
11802,11802,58,4
12128,15608,20,1
13907,15608,5,1
15067,11802,5,1
15590,15608,21,2
19847,11802,2,1
50315,59151,2,1
50474,50474,2,1
50564,59151,10,1
50598,50961,15,4
50598,59151,15,4
50615,50961,8,2
50615,59151,8,2
50615,50474,8,2
50709,50961,2,1
50709,59151,2,1
50767,50474,1,1
50869,50961,1,1
50869,59151,1,1
50956,50961,5,2
50956,59151,5,2
51629,50961,1,1
51629,59151,1,1
58002,50474,3,2
12132,15539,1,1
13102,13777,10,1
13907,15539,2,1
15333,15539,1,1
15530,13777,7,2
10099,31280,5,1
10099,31280,5,1
10099,31280,5,1
10137,31280,2,1
10137,31280,2,1
10137,31280,2,1
10138,13808,5,1
10138,13808,5,1
10138,13777,5,1
12132,31280,15,1
12132,31280,15,1
12132,31280,15,1
13404,13808,1,1
13404,13808,1,1
13404,13777,1,1
13864,31280,2,1
13864,31280,2,1
13864,31280,2,1
13907,31280,19,11
13907,31280,19,11
15180,31280,5,1
15180,31280,5,1
15180,31280,5,1
15211,31280,14,2
15211,31280,14,2
15211,31280,14,2
15359,31280,2,1
15359,31280,2,1
15400,31280,1,1
15400,31280,1,1
15636,13808,3,1
15636,13808,3,1
15636,13777,3,1
15640,31280,2,2
15640,31280,2,2
15640,31280,2,2
15861,13808,5,1
15861,13808,5,1
15861,13777,5,1
21254,31280,15,1
21254,31280,15,1
21254,31280,15,1
21256,13808,12,2
21256,13777,12,2
30002,13808,22,2
30002,31280,22,2
30002,13777,22,2
30002,31280,22,2
30002,31280,22,2
31078,13808,5,1
31078,13777,5,1
31151,31280,1,1
31151,31280,1,1
31151,31280,1,1
31280,13808,7,1
31280,31280,7,1
31280,13777,7,1
31280,31280,7,1
31280,31280,7,1
32308,13808,5,1
32308,13777,5,1
33113,13808,2,1
33113,13777,2,1
33512,13808,24,5
33512,13777,24,5
35216,13808,5,1
35216,13777,5,1
35293,31280,1,1
35293,31280,1,1
35293,31280,1,1
35679,31280,0,1
35679,31280,0,1
35679,31280,0,1
37604,31280,5,1
37604,31280,5,1
37604,31280,5,1
37632,13808,3,1
37632,13777,3,1
37779,13808,20,1
37779,13777,20,1
38505,31280,1,1
38505,31280,1,1
38505,31280,1,1
10005,15449,11,2
11328,15449,1,1
11436,15449,9,1
12833,15434,5,2
13566,15434,9,2
13751,15434,10,1
14349,15449,4,1
14838,15434,3,1
14838,15449,3,1
14855,15449,13,4
14887,15449,1,1
14927,15449,2,1
15260,15434,1,1
15266,15449,3,1
15287,15449,10,2
15300,15434,4,1
15353,15434,1,1
15591,15434,17,3
15625,15449,1,1
16506,15449,1,1
16512,15449,4,3
32148,15434,7,1
32153,15434,1,1
15333,15539,4,1
15359,15539,5,1
32116,15539,20,1
32148,33702,1,1
32254,33702,4,1
35232,33702,3,1
37626,33702,4,2
10076,22028,3,1
10076,22028,3,1
10856,15596,58,3
10856,15596,58,3
11436,15596,4,1
11436,15596,4,1
11543,15596,6,1
11543,15596,6,1
11548,15596,5,2
11548,15596,5,2
11551,15596,4,1
11551,15596,4,1
12355,22028,15,1
12355,22028,15,1
12545,22028,2,1
12545,22028,2,1
12615,15596,10,1
12615,15596,10,1
12620,22028,2,1
12620,22028,2,1
12833,22028,4,2
12833,22028,4,2
14540,15596,15,3
14540,15596,15,3
14838,15596,4,1
14838,15596,4,1
14847,22028,3,2
14847,22028,3,2
14849,22028,1,1
14849,22028,1,1
14851,22028,4,1
14851,22028,4,1
14856,15596,5,1
14856,15596,5,1
14912,15596,3,1
14912,15596,3,1
14920,15596,3,1
14920,15596,3,1
14926,22028,3,1
14926,22028,3,1
14927,15596,26,6
14927,15596,26,6
14928,15596,3,2
14928,15596,3,2
15266,15596,23,8
15266,15596,23,8
15277,15596,1,1
15277,15596,1,1
15280,15596,4,3
15280,15596,4,3
15287,15596,5,1
15287,15596,5,1
15299,15596,10,1
15299,15596,10,1
15572,15596,14,3
15572,15596,14,3
15573,22028,7,2
15573,22028,7,2
15592,15596,1,1
15592,15596,1,1
15596,15596,3,2
15596,15596,3,2
15693,15596,9,3
15693,15596,9,3
16505,15596,27,5
16505,15596,27,5
16506,15596,18,4
16506,15596,18,4
19735,15596,7,4
19735,15596,7,4
20001,22028,47,6
20001,22028,47,6
20353,22028,11,2
20353,22028,11,2
20750,22028,35,7
21342,22028,4,1
21342,22028,4,1
21402,22028,4,1
21472,22028,128,24
21487,22028,1,1
22028,22028,12,4
22028,22028,12,4
19212,22028,3,1
19212,32142,3,1
10173,14429,53,8
10173,14183,53,8
10313,14429,7,2
10313,14183,7,2
10491,14183,39,5
10609,14429,1,1
10609,14183,1,1
10649,14429,1,1
13907,16052,12,3
14015,16052,2,1
14033,16052,1,1
14331,16052,1,1
15984,16052,1,1
16438,16052,3,1
10351,20001,1,1
20001,20001,35,3
20001,20001,35,3
27997,15539,5,1
10233,16145,1,1
10512,11347,6,1
11347,11347,4,1
10512,13907,3,1
11001,13907,45,3
12612,13907,10,1
12612,16145,10,1
15602,13907,5,2
10309,10793,1,1
10309,10793,1,1
10528,10793,10,1
10528,10793,10,1
10630,10793,3,1
10630,10795,3,1
10630,10795,3,1
10636,10793,1,1
10636,10795,1,1
10636,10795,1,1
13442,10793,1,1
13442,10793,1,1
13850,10795,1,1
13850,10795,1,1
13965,10795,1,1
13965,10795,1,1
16171,10795,20,1
16171,10795,20,1
19823,10793,5,2
19823,10795,5,2
19823,10795,5,2
10385,13907,1,1
10385,11347,1,1
10385,15332,1,1
12612,13907,1,1
12612,11347,1,1
12612,16145,1,1
12612,15332,1,1
12612,16145,1,1
31100,13907,12,1
31100,11347,12,1
31100,15332,12,1
32250,13907,1,1
32250,11347,1,1
32250,15332,1,1
33444,13907,18,4
33444,11347,18,4
33444,15332,18,4
10383,16145,1,1
10383,16145,1,1
16145,19757,1,1
31643,31643,15,4
155,22942,6,2
1232,22942,10,1
4116,5669,1306,53
4116,5669,1306,53
4170,5669,2,1
5667,22942,16,2
5668,5669,348,24
5668,5669,348,24
5669,5669,239,21
5669,5669,239,21
9936,5669,428,37
9936,5669,428,37
9949,5669,131,10
9949,5669,131,10
20092,22942,13,3
20162,22942,29,4
21558,22942,262,12
22282,22942,114,14
22942,22942,30,3
23053,22942,435,9
23055,22942,322,20
23060,5669,3,1
23060,5669,3,1
23062,5669,1,1
23062,5669,1,1
23064,22942,1,1
26516,22942,307,23
26518,22942,10,3
26525,22942,211,16
26538,22942,41,9
26946,22942,6,2
26946,5669,6,2
26946,5669,6,2
4170,638,11,2
33156,638,2,1
33184,34065,2,1
33189,34065,1,1
33613,34065,1,1
34065,34065,5,1
36077,34065,6,2
37134,34065,1,1
25069,25069,4,2
28625,25069,143,7
4170,5523,90,8
5523,5523,2,1
6109,35810,30,1
31460,35810,6,3
33719,35810,7,2
35810,35810,2,2
36103,35810,4,3
36130,35810,6,2
36176,35810,3,1
36212,5523,2,1
36247,35810,6,2
36272,5523,10,1
36351,5523,8,1
36352,35810,28,6
36381,35810,2,2
36398,35810,3,1
37659,35810,40,4
37660,35810,10,1
39739,35810,17,4
647,647,796,32
2007,647,167,6
30087,39645,802,20
30087,647,802,20
30100,39645,20,2
35236,39645,80,1
39161,39645,1,1
39195,39645,1,1
39215,39645,5,2
39242,39645,35,3
39243,39645,51,8
39275,39645,10,2
39296,39645,160,11
39296,647,160,11
39300,39645,33,5
39300,647,33,5
39588,39645,1,1
39589,39645,321,16
39589,647,321,16
39645,39645,5,1
407,5483,2,1
606,5483,2,1
610,5483,1,1
914,5483,12,2
1321,5483,1,1
5219,5483,4,2
5302,5483,3,1
5346,5483,25,3
5352,5483,14,2
5430,5483,16,2
5432,5483,36,3
5661,5483,4,2
31156,34022,9,2
31165,34022,1,1
32445,34022,4,2
35526,34022,1,1
35550,34022,25,3
35551,5483,40,2
35560,34022,5,1
35571,34022,8,3
35587,34022,2,1
35589,34022,8,1
35599,34022,47,5
35627,34022,26,2
35628,34022,60,2
38525,5483,46,3
38525,34022,46,3
38530,5483,11,3
38530,34022,11,3
72,5454,1,1
564,5454,10,1
571,5454,3,2
1052,5454,1,1
5249,5413,4,2
5307,5454,7,1
5392,5454,42,6
22028,5413,5,1
33077,5413,46,3
33117,5413,1,1
33119,5413,7,1
33737,5413,7,4
37779,5413,2,1
407,5483,10,1
588,5483,7,1
595,5483,4,1
611,5483,1,1
613,5483,12,1
5311,5483,2,1
5319,5483,2,1
5334,5483,3,1
5387,5483,1,1
5391,5483,7,1
20001,25069,18,4
20726,25069,14,2
20749,25069,64,12
20754,25069,24,5
21472,25069,73,11
23017,5483,2,1
25069,25069,4,2
27997,5483,20,1
1626,65135,34,3
2831,65135,82,15
5130,65135,110,14
5131,65135,12,2
5132,65135,26,6
5830,65135,17,3
9810,65135,5,5
9955,65135,8,3
20037,22942,13,4
20094,22942,48,11
21370,22942,3,1
21666,22942,3,1
22942,22942,18,4
22974,22942,115,7
22975,22942,45,5
22980,22942,43,7
26416,22942,10,1
26544,22942,20,3
26977,22942,29,3
65340,22942,12,1
26795,38958,5,1
647,647,188,16
1540,31745,14,2
2007,647,152,2
4216,647,251,22
31652,31745,12,1
31745,31745,7,2
31745,647,7,2
32247,31745,31,5
32279,31745,1,1
32282,31745,6,2
32283,31745,53,9
32284,31745,35,4
32340,31745,10,2
32398,31745,3,2
32405,31745,1,1
32446,31745,19,3
32447,647,7,1
32448,647,1,1
32494,31745,72,10
38247,647,40,1
38310,647,40,1
41522,42803,17,4
41522,42803,17,4
42410,42803,80,12
42410,42803,80,12
42803,42803,1,1
42803,42803,1,1
43008,41464,1,1
43008,41464,1,1
43008,41464,1,1
43008,41464,1,1
43009,42803,135,6
43009,42803,135,6
51240,41464,12,3
51240,41464,12,3
51240,41464,12,3
51240,41464,12,3
54135,41464,10,3
54135,41464,10,3
54135,41464,10,3
54244,41464,10,1
54244,41464,10,1
54244,41464,10,1
54244,41464,10,1
54249,41464,1,1
54249,41464,1,1
54249,41464,1,1
54249,41464,1,1
57001,41464,38,5
57001,41464,38,5
57001,41464,38,5
57001,41464,38,5
57120,41464,1,1
57120,41464,1,1
57120,41464,1,1
57120,41464,1,1
57121,41464,6,3
57121,41464,6,3
57121,41464,6,3
57121,41464,6,3
57124,41464,4,2
57124,41464,4,2
57124,41464,4,2
57124,41464,4,2
4170,638,153,9
31751,31854,1,1
31854,31854,16,3
33512,31854,36,4
3117,61192,777,12
4170,5523,139,7
5602,61192,8,1
31342,61192,1,1
31579,5523,37,4
33076,61192,1,1
33077,61192,69,8
33117,61192,8,5
33484,5523,5,2
33737,61192,4,2
35093,61192,5,3
35908,61192,22,4
37792,61192,10,2
38033,61192,1,1
61349,5523,17,1
63903,5523,2,1
638,5523,1,1
647,5523,5,2
4170,5523,108,5
31089,5523,4,1
31100,61192,7,3
31100,5523,7,3
32148,61192,14,2
34634,61192,1,1
35074,61192,1,1
36849,61192,7,2
60337,5523,7,2
4170,60337,92,3
10214,32379,1,1
638,5523,5,1
638,5523,5,1
4170,5523,86,8
4170,5523,86,8
10137,61192,5,1
10222,61192,2,2
10431,61192,19,1
12071,61192,2,2
12072,61192,20,2
12073,61192,8,1
14830,61192,9,3
14999,5523,1,1
19988,61192,2,2
32361,5523,9,2
32361,5523,9,2
34286,61192,2,1
35290,61192,2,1
647,638,75,9
4170,638,204,8
31100,38030,52,2
32971,38030,3,1
33602,38030,37,5
33996,38030,1,1
34270,38030,42,9
34743,38030,5,1
35185,38030,2,2
37706,38030,117,12
37725,38030,24,6
38030,38030,12,2
38661,38030,7,2
4170,63651,2,1
60518,63651,3,1
60518,60899,3,1
60754,63651,3,1
60754,60899,3,1
60797,63651,1,1
60797,60899,1,1
51616,54250,2,2
51616,54250,2,2
52174,52395,3,1
52396,54250,2,1
52396,54250,2,1
54133,54250,1,1
54133,54250,1,1
55356,54250,5,2
55356,54250,5,2
55400,52395,10,1
55503,54250,5,1
55503,54250,5,1
56020,52395,1,1
57121,54250,8,1
57121,54250,8,1
10385,10792,2,1
10385,10792,2,1
10393,10389,2,1
10478,10389,4,1
10495,10389,3,1
10567,10389,2,1
60030,10389,37,4
60532,10792,1,1
60532,10792,1,1
10144,15400,5,1
15180,15400,6,1
15211,15400,3,1
62,61192,8,1
638,638,275,19
639,638,42,5
640,61192,1,1
4170,638,12584,232
6109,61192,233,8
11001,61192,8880,141
11010,61192,134,22
11011,61192,478,37
11012,61192,38,10
11013,61192,227,13
11015,61192,45,10
11271,61192,203,17
12005,638,10,1
12006,638,111,3
12019,638,115,3
12299,638,10,1
19987,638,1,1
31014,61192,6,3
31074,61192,16,1
31078,61192,98,8
32362,638,57,4
33702,61192,68,11
33802,61192,20,2
38505,638,3,1
60337,638,10,1
4170,5523,16,4
5454,5523,2,1
5455,5483,4,1
10099,5483,5,3
10137,5483,20,1
12132,5483,41,2
12149,5483,2,1
12149,5523,2,1
15158,5483,1,1
15211,5483,17,3
15640,5483,25,3
15641,5483,1,1
33605,5523,1,1
154,33802,20,1
154,33802,20,1
155,647,1,1
645,33802,10,1
645,33802,10,1
647,647,1562,102
661,647,2457,51
1232,647,698,58
1553,33802,15,4
1553,33802,15,4
1556,647,638,38
1683,33802,500,2
1683,33802,500,2
4075,647,285,23
5667,647,470,30
5668,33802,57,3
5668,33802,57,3
11060,647,8,1
11359,647,15,1
11571,647,1,1
11856,647,1,1
12024,33802,24,7
12284,33802,116,11
12286,33802,35,9
12287,33802,42,3
12288,33802,163,23
12289,33802,102,17
12291,33802,178,18
12292,33802,296,24
12295,33802,531,50
12296,33802,115,12
13108,33802,269,29
13108,33802,269,29
13172,33802,50,9
13172,33802,50,9
13175,33802,186,20
13175,33802,186,20
13304,647,4,1
13318,33802,29,6
13332,33802,147,11
13452,33802,99,14
13475,33802,190,22
19180,33802,50,1
19180,33802,50,1
19911,33802,153,21
19911,33802,153,21
32142,33802,23,8
32142,33802,23,8
32362,647,30,1
33802,33802,127,6
33802,33802,127,6
155,647,37,5
155,647,37,5
647,647,711,41
647,647,711,41
661,647,74,9
661,647,74,9
1232,647,249,18
1232,647,249,18
1556,647,188,18
1556,647,188,18
4075,647,248,13
4075,647,248,13
5667,647,22,5
5667,647,22,5
5668,33802,4,1
5668,33802,4,1
10141,33802,4,1
10141,33802,4,1
12024,33802,8,2
12024,33802,8,2
12286,33802,8,2
12286,33802,8,2
12287,33802,35,2
12287,33802,35,2
12289,33802,13,2
12289,33802,13,2
12291,33802,6,2
12291,33802,6,2
12292,33802,8,3
12292,33802,8,3
12295,33802,6,2
12295,33802,6,2
12296,33802,25,4
12296,33802,25,4
13108,33802,59,4
13108,33802,59,4
13172,33802,10,1
13172,33802,10,1
13175,33802,8,1
13175,33802,8,1
13318,33802,2,1
13318,33802,2,1
13332,33802,12,2
13332,33802,12,2
13452,33802,2,1
13452,33802,2,1
13475,33802,3,1
13475,33802,3,1
19180,33802,15,2
19180,33802,15,2
19911,33802,22,5
19911,33802,22,5
31078,33802,66,4
31078,33802,66,4
31151,647,2,2
31151,647,2,2
32142,33802,8,2
32142,33802,8,2
32361,647,44,8
32361,647,44,8
33605,647,53,7
33605,647,53,7
33606,33802,14,6
33606,647,14,6
33609,33802,62,11
33609,647,62,11
33802,33802,40,1
33802,33802,40,1
34286,33802,210,17
34286,33802,210,17
34426,33802,25,2
34426,647,25,2
35216,33802,3,2
35216,33802,3,2
35290,33802,15,3
35290,33802,15,3
35679,647,1,1
35679,647,1,1
35691,33802,29,5
35691,647,29,5
32487,20068,1,1
407,35679,73,9
606,35679,6,2
608,35679,27,6
609,35679,5,1
610,35679,8,2
611,35679,21,7
659,35679,4,3
1064,35679,9,1
1323,35679,69,9
1331,35679,3,2
1339,35679,4,1
1747,35679,19,2
3557,35679,29,3
5302,35679,6,1
5346,35679,7,3
5353,35679,27,4
5454,35679,59,6
5634,35679,2,1
5661,35679,13,3
6211,35679,4,1
10141,32142,1,1
11358,35679,3,1
11365,35679,6,1
12284,32142,13,2
12295,32142,18,4
12829,32142,2,1
13452,32142,18,3
31078,32142,17,2
32361,35679,250,1
33605,35679,30,1
33606,32142,225,11
33606,35679,225,11
33609,32142,174,19
33609,35679,174,19
33610,32142,3,2
34286,32142,23,3
34426,32142,32,3
34426,35679,32,3
35290,32142,9,3
35690,32142,172,11
35690,35679,172,11
33204,37779,3,1
33204,33285,3,1
33205,37779,5,1
33205,33285,5,1
33209,37779,2,1
33209,33285,2,1
647,32362,10,3
2007,32362,1,1
4216,32362,153,14
10312,15635,8,3
11286,15635,5,1
12358,15635,2,2
14094,15635,1,1
14112,15635,6,2
14118,32362,1,1
14125,15635,49,9
14410,15635,8,1
14414,15635,4,1
15982,15635,28,4
16143,15635,3,2
16158,15635,1,1
16161,15635,5,3
19532,15635,2,1
32362,32362,6,1
60337,32362,6,2
30953,20666,5,1
30993,20666,7,3
30993,20666,7,3
30993,33285,7,3
30993,33122,7,3
30993,33122,7,3
31019,20666,18,5
31019,20666,18,5
31019,33285,18,5
31251,20666,2,2
31251,20666,2,2
31251,33285,2,2
33032,20666,15,7
33032,20666,15,7
33032,33285,15,7
33117,33122,5,4
33117,33122,5,4
33117,33122,5,4
33737,33122,2,1
33737,33122,2,1
33737,33122,2,1
34029,20666,7,2
34029,20666,7,2
34029,33285,7,2
37598,33122,2,1
37598,33122,2,1
37598,33122,2,1
37632,33122,1,1
37632,33122,1,1
37632,33122,1,1
20001,25069,1,1
20001,25069,1,1
20750,25069,6,1
30945,37430,4,1
30945,37430,4,1
30945,37430,4,1
30967,37430,1,1
4216,63170,5,1
5130,63170,4,2
32013,34001,1,1
32571,34001,5,1
63199,63170,3,1
63199,34001,3,1
63294,63170,1,1
63294,34001,1,1
63332,34001,17,1
20277,37662,7,1
32277,32263,4,1
35296,32263,1,1
6102,60901,8,1
31654,60824,9,2
60290,60901,28,2
60290,60824,28,2
60290,60824,28,2
60495,60824,11,2
60495,60824,11,2
60507,60901,3,2
60507,60824,3,2
60507,60824,3,2
60824,60901,2,1
60824,60824,2,1
60824,60824,2,1
638,33804,3,1
4170,33804,199,10
13907,15359,3,1
13907,15359,3,1
22934,37785,1,1
22934,37785,1,1
22934,37785,1,1
30951,37785,1,1
30993,37785,5,1
30993,37430,5,1
30993,37430,5,1
30993,37430,5,1
31575,37430,10,1
31575,37430,10,1
31575,37430,10,1
37668,37430,3,1
37668,37430,3,1
37668,37430,3,1
21256,37544,8,2
37528,37544,1,1
37528,37528,1,1
4170,638,232,9
20277,25069,10,1
20740,20740,61,3
20740,25069,61,3
21472,25069,10,1
20740,20740,22,2
3114,10392,15,3
3114,10392,15,3
3114,10392,15,3
4170,10392,10,1
4170,10392,10,1
4170,10392,10,1
19824,10392,2,1
19824,10392,2,1
19824,10392,2,1
60030,10307,22,3
60030,10307,22,3
60030,10307,22,3
60033,10392,7,2
60033,10392,7,2
60033,10392,7,2
60424,10307,5,2
60424,10307,5,2
60424,10307,5,2
60425,10392,10,1
60425,10392,10,1
60425,10392,10,1
60714,10392,1,1
60714,10392,1,1
60714,10392,1,1
61223,10307,2,1
61223,10307,2,1
61223,10392,2,1
61223,10392,2,1
61223,10392,2,1
61223,10307,2,1
638,638,2,1
647,638,47,5
2007,638,1,1
4216,638,56,5
10431,61192,22,2
11544,61192,1,1
12073,61192,8,1
13402,638,1,1
15273,61192,59,7
15590,61192,16,3
16512,61192,5,1
18042,61192,7,3
18372,61192,3,1
19204,61192,10,1
647,32362,78,5
2007,32362,0,1
4216,32362,70,9
10510,15400,1,1
11416,32362,20,1
13426,32362,33,4
13426,15400,33,4
14542,32362,3,1
14542,15400,3,1
15296,32362,10,1
15296,15400,10,1
15299,32362,5,1
15299,15400,5,1
15400,15400,6,2
15580,15400,7,1
15585,15400,14,2
15693,15400,1,1
19395,32362,5,1
19395,15400,5,1
19982,32362,1,1
19982,15400,1,1
19985,32362,8,1
19985,15400,8,1
19986,32362,41,3
19986,15400,41,3
4216,638,3,1
32361,638,3,1
639,32362,17,5
647,32362,140,9
2007,32362,7,2
4216,32362,64,8
11544,15400,13,4
12116,15400,6,1
14855,15400,50,6
15445,32362,2,1
15460,15400,4,2
15573,15400,27,6
16512,15400,15,1
18042,15400,2,1
18046,32362,5,1
18162,15400,5,2
18372,15400,5,1
18375,15400,3,1
19204,15400,27,4
60337,32362,2,2
40273,50723,5,1
41296,51566,1,1
41484,51566,1,1
42667,51566,5,1
43009,51566,5,2
51605,51566,1,1
55137,51566,9,2
55137,50723,9,2
57307,50723,7,2
59903,51566,1,1
59903,50723,1,1
20001,26834,1,1
21161,26834,14,3
21195,26834,2,1
21500,33708,0,1
22980,26834,30,2
27063,26834,1,1
32233,33708,2,1
32233,26834,2,1
54155,53781,2,1
57016,53084,1,1
57307,53781,5,1
20353,25069,4,1
20726,25069,2,1
32760,37785,7,2
32760,37785,7,2
32760,37785,7,2
35419,37785,2,1
35419,37785,2,1
35419,37785,2,1
2029,1539,1,1
3083,1539,0,1
51194,51455,1,1
51194,51455,1,1
51440,51456,5,1
57307,51455,6,1
57307,51455,6,1
138,4009,30,4
145,4009,10,1
147,4009,6,1
551,4009,7,1
558,9895,25,3
559,9895,3,1
2922,9895,5,1
3220,9895,66,5
3287,9895,5,1
4007,4009,1,1
4009,4009,7,2
5131,9895,20,2
5853,9895,5,1
6099,4009,0,1
9855,4009,30,2
26795,27226,1,1
36598,21270,1,1
20328,20722,20,1
21450,20722,5,1
26825,26912,3,1
26867,20722,1,1
26867,26912,1,1
26903,26912,1,1
36595,20722,5,1
36595,26912,5,1
36598,26912,15,1
20001,20001,6,2
20216,20801,1,1
26248,20001,4,1
26258,20001,32,5
26369,20001,3,1
26899,20801,5,1
27083,20001,11,1
28623,28626,5,1
28623,28626,5,1
28623,20757,5,1
28623,20757,5,1
28623,28626,5,1
1455,2922,6,1
2922,2922,11,1
3007,2922,1,1
4171,2922,5,1
51240,58025,4,1
51616,58025,1,1
51699,58025,1,1
52395,57004,4,1
52400,58025,1,1
53408,57004,5,3
53408,58025,5,3
54135,58025,1,1
57001,57004,15,8
57001,58025,15,8
57002,57004,1,1
57003,57004,7,2
57121,58025,1,1
58023,58025,4,1
58025,58025,3,1
58471,57004,3,1
51616,53025,1,1
53025,53025,1,1
53408,53268,1,1
53408,53025,1,1
55400,53268,1,1
14806,15181,11,2
14806,15181,11,2
16124,14183,1,1
16124,14183,1,1
2007,647,135,6
18456,15909,5,1
11571,12074,5,1
11571,12074,5,1
12286,11153,4,1
12287,11153,1,1
12292,11153,7,1
12292,11153,7,1
12295,11153,20,1
12295,11153,20,1
13108,11153,1,1
13108,11153,1,1
13475,11153,5,1
13475,11153,5,1
14788,12074,208,20
14788,12074,208,20
14797,12074,41,4
14798,11153,4,1
14798,11153,4,1
14808,12074,4,1
15211,12074,12,1
15211,12074,12,1
15221,12074,10,1
15221,12074,10,1
15647,12074,0,1
15647,12074,0,1
15909,37996,2,1
15909,15909,2,1
18455,15909,180,9
18456,15909,101,4
22276,37996,15,4
22277,37996,26,4
22942,37996,12,1
22970,37996,25,1
22972,37996,85,4
23064,37996,31,3
26402,37996,22,3
27043,37996,2,2
14792,15181,5,1
14797,14173,1,1
16124,14173,1,1
22277,15181,6,2
22942,15181,6,2
22972,15181,1,1
23064,15181,2,1
26501,15181,2,1
26516,15181,5,2
27043,15181,17,2
27103,31732,4,1
27103,31732,4,1
32269,38243,7,2
32408,38243,2,1
32408,38243,2,1
12291,15181,1,1
12295,15181,3,1
13701,15181,1,1
14183,14183,2,1
14229,14183,5,1
14230,14183,2,1
14788,14183,1,1
14797,14183,1,1
16124,14183,1,1
27150,26760,1,1
4116,15181,10,1
4116,15181,10,1
16124,14183,1,1
16124,14183,1,1
155,14183,50,1
155,14183,50,1
155,14183,50,1
161,32362,9,2
161,32362,9,2
276,32362,10,1
277,32362,16,2
3513,32362,51,9
4116,32362,781,51
4116,32362,781,51
5669,32362,214,16
5669,32362,214,16
9936,32362,963,56
9936,32362,963,56
9949,32362,110,16
9949,32362,110,16
10842,32362,10,1
10842,32362,10,1
14183,14183,94,5
14183,14183,94,5
14183,14183,94,5
14188,32362,8,2
14188,32362,8,2
14211,14183,87,8
14211,14183,87,8
14211,14183,87,8
14217,14183,2,1
14217,14183,2,1
14217,14183,2,1
14217,32362,2,1
14217,32362,2,1
14229,14183,5,1
14229,14183,5,1
14229,14183,5,1
14230,14183,6,1
14230,14183,6,1
14230,14183,6,1
14236,14183,12,1
14236,14183,12,1
14261,14183,19,5
14261,14183,19,5
14278,14183,18,3
14278,14183,18,3
14324,14183,69,5
14324,14183,69,5
14325,14183,140,3
14325,14183,140,3
14425,14183,74,9
14425,14183,74,9
14425,14183,74,9
16083,14183,28,5
16083,14183,28,5
16083,14183,28,5
16083,32362,28,5
16083,32362,28,5
16084,14183,10,1
16084,14183,10,1
16084,14183,10,1
16084,32362,10,1
16084,32362,10,1
16124,14183,38,5
16124,14183,38,5
16481,14183,24,5
16481,14183,24,5
19901,14183,28,9
19901,14183,28,9
32362,32362,18,5
32362,32362,18,5
161,5669,44,11
161,5669,44,11
4116,5669,293,15
4116,5669,293,15
5667,33802,14,2
5667,33802,14,2
5667,15211,14,2
5669,5669,129,17
5669,5669,129,17
9936,5669,122,11
9936,5669,122,11
9949,5669,15,5
9949,5669,15,5
14788,33802,143,14
14788,33802,143,14
14788,15211,143,14
14794,33802,21,4
14794,33802,21,4
14797,33802,13,5
14797,33802,13,5
14808,33802,10,1
14808,33802,10,1
15211,33802,1,1
15211,33802,1,1
15211,15211,1,1
15221,33802,12,1
15221,33802,12,1
15221,15211,12,1
15640,33802,26,2
15640,33802,26,2
32361,5669,10,1
32361,5669,10,1
14788,35679,50,6
14788,15211,50,6
14797,35679,30,1
14808,35679,36,4
15211,35679,42,2
15211,15211,42,2
15899,35679,5,1
21258,21258,46,4
21597,35679,5,1
21597,15211,5,1
22276,21258,18,2
22277,21258,87,10
22942,21258,98,12
22970,21258,18,3
22972,21258,27,4
23060,35679,7,1
23060,15211,7,1
23064,21258,52,10
26402,21258,3,2
26501,21258,27,5
26516,21258,22,6
26946,21258,6,1
26946,35679,6,1
26946,15211,6,1
27043,21258,13,6
10877,37996,7,2
10877,14183,7,2
10877,14183,7,2
14183,14183,34,5
14183,14183,34,5
14211,14183,7,2
14211,14183,7,2
14229,14183,4,2
14229,14183,4,2
14325,14183,20,1
14326,37996,5,1
14425,14183,36,4
14425,14183,36,4
16084,37996,30,1
16084,14183,30,1
16084,14183,30,1
16124,14183,7,2
16481,14183,29,5
19901,14183,100,3
21597,14183,5,1
21597,14183,5,1
22273,37996,40,2
22276,37996,6,2
22277,37996,82,8
22942,37996,21,4
22970,37996,40,4
22972,37996,61,7
23064,37996,37,6
26402,37996,3,1
26501,37996,13,3
26946,37996,26,2
26946,14183,26,2
26946,14183,26,2
27043,37996,73,8
27044,14183,40,2
27044,14183,40,2
37996,37996,53,10
567,1450,35,2
574,1450,5,2
575,1450,8,1
579,1450,201,4
1325,1450,30,2
1450,1450,6,1
5196,1450,5,1
5418,1450,1,1
5431,1450,70,5
5659,1450,96,4
5660,1450,7,1
14211,14183,1,1
14217,14183,2,1
14217,1450,2,1
14229,14183,2,1
14230,14183,6,3
14261,14183,1,1
14278,14183,3,1
16124,14183,16,3
16481,14183,3,1
10003,14183,5,1
10003,14183,5,1
10877,16179,25,5
10877,14183,25,5
10877,14183,25,5
10877,16179,25,5
10877,16179,25,5
12284,16179,2,1
12286,16179,8,2
12289,16179,31,4
12289,16179,31,4
12291,16179,8,2
12291,16179,8,2
12292,16179,29,5
12292,16179,29,5
12295,16179,47,6
12295,16179,47,6
12296,16179,25,4
12296,16179,25,4
12296,16179,25,4
13318,16179,14,4
13318,16179,14,4
13332,16179,3,1
14188,16179,0,1
14188,16179,0,1
14188,16179,0,1
14211,14183,15,3
14211,14183,15,3
14217,16179,10,2
14217,14183,10,2
14217,14183,10,2
14217,16179,10,2
14217,16179,10,2
14229,14183,4,1
14229,14183,4,1
14236,14183,10,1
14261,14183,32,5
14278,14183,20,4
14425,14183,8,2
14425,14183,8,2
16124,14183,48,8
19901,14183,10,1
19911,16179,12,3
19911,16179,12,3
19911,16179,12,3
32260,31732,6,1
32269,38243,1,1
32408,38243,3,1
32996,31732,5,1
37028,31732,2,1
31738,39751,7,1
31738,21280,7,1
20004,36393,20,1
20004,36393,20,1
21161,36393,2,2
21161,36393,2,2
21195,36393,2,1
21195,36393,2,1
21221,36393,8,2
21256,36393,1,1
21256,36393,1,1
21370,36393,2,1
21370,36393,2,1
22980,36393,64,9
22980,36393,64,9
23026,36393,5,3
23026,36393,5,3
23038,36393,7,2
23038,36393,7,2
27063,36393,1,1
27063,36393,1,1
28665,36393,8,2
28665,36393,8,2
37028,37119,5,1
37028,37119,5,1
37028,37119,5,1
37028,37119,5,1
37030,37119,10,1
37030,37119,10,1
37030,37119,10,1
37030,37119,10,1
37034,37119,7,2
37034,37119,7,2
37034,37119,7,2
37034,37119,7,2
37078,37119,8,1
37078,37119,8,1
37119,37119,1,1
37119,37119,1,1
37119,37119,1,1
37119,37119,1,1
39751,39751,1,1
39751,39751,1,1
20001,36393,2,1
27065,36393,1,1
34924,37119,18,2
37018,37119,20,3
12355,15400,1,1
11430,15425,1,1
15289,65409,15,1
15289,15425,15,1
16062,16181,1,1
35552,38525,1,1
38525,38525,8,1
51015,51664,5,1
51044,51664,5,2
51079,51664,36,1
51102,51664,2,1
51664,51664,13,2
53585,51664,2,1
14590,35690,5,1
15891,35690,2,1
19157,35690,5,1
30057,35690,3,1
30059,35690,36,4
33609,35690,48,3
33610,35690,3,1
35537,35690,1,1
38597,38525,8,1
12116,15400,1,1
12355,15400,13,2
13418,38525,3,1
13418,15400,3,1
35627,38525,50,1
38530,38525,45,1
21256,20145,16,2
21415,20145,3,3
24068,20145,2,1
30027,30017,2,2
30830,30017,1,1
33729,30017,7,2
37876,30017,3,1
39213,30017,6,1
39237,30017,5,1
20050,30836,10,2
20050,30836,10,2
20050,30836,10,2
21221,30836,30,1
21221,30836,30,1
21256,30836,31,3
21256,30836,31,3
21256,30836,31,3
21415,30836,6,1
21415,30836,6,1
21415,30836,6,1
21615,30836,3,1
21615,30836,3,1
21615,30836,3,1
21669,30836,10,1
21669,30836,10,1
24068,30836,80,3
24068,30836,80,3
24068,30836,80,3
30000,30832,5,1
30000,30832,5,1
30007,30836,2,2
30007,30836,2,2
30007,30836,2,2
30017,30832,3,1
30017,30832,3,1
32196,30832,2,1
32196,30832,2,1
39161,30832,7,2
39161,30832,7,2
39237,30832,5,1
39237,30832,5,1
39273,30832,2,1
39273,30832,2,1
39606,30832,5,1
39606,30832,5,1
39608,30836,3,1
39608,30836,3,1
39608,30836,3,1
39237,30832,5,1
20050,20145,16,4
20050,20145,16,4
21256,20145,62,5
21256,20145,62,5
21415,20145,22,4
21415,20145,22,4
21669,20145,6,6
24068,20145,110,4
24068,20145,110,4
30017,30017,2,1
30017,30017,2,1
30017,30017,2,1
30136,30017,3,3
30136,30017,3,3
39162,30017,10,1
39162,30017,10,1
39162,30017,10,1
39203,30017,1,1
39203,30017,1,1
39203,30017,1,1
39237,30017,15,3
39237,30017,15,3
39237,30017,15,3
39588,30017,8,1
39588,30017,8,1
39588,30017,8,1
39645,30017,10,2
39645,30017,10,2
39645,30017,10,2
20050,34201,1,1
20118,34201,5,1
21221,34201,10,2
21669,34201,4,1
24068,34201,152,6
30009,39561,2,1
30009,39561,2,1
30836,34201,1,1
39365,39561,1,1
39365,39561,1,1
39470,39561,3,1
39470,39561,3,1
39561,39561,1,1
39561,39561,1,1
39607,34201,1,1
39681,39561,3,1
39681,39561,3,1
32196,34236,1,1
35406,34255,1,1
36561,34255,1,1
37030,34255,10,1
37040,34255,3,1
37051,34255,10,1
39233,34236,1,1
39429,34236,3,1
30087,39461,2191,54
30851,39461,5,1
39296,39461,289,13
39300,39461,64,10
39461,39461,1,1
39589,39461,201,17
39635,39461,315,18
39657,39461,1,1
20075,27063,332,22
20330,27063,482,39
20340,27063,42,14
21161,27063,230,28
21373,30009,10,1
21558,27063,92,15
22279,27063,174,27
23055,27063,61,7
26476,27063,74,11
26520,27063,660,50
26550,27063,108,10
26554,27063,628,35
26583,30009,15,1
27044,27063,205,27
27063,27063,50,7
30087,27063,173,6
30087,30009,173,6
37103,30009,9,3
37105,27063,10,1
39162,30009,5,1
39187,30009,16,2
39190,30009,11,3
39195,30009,4,1
39215,30009,41,7
39242,30009,61,10
39275,30009,35,6
39296,27063,65,4
39296,30009,65,4
39300,27063,10,1
39300,30009,10,1
39589,27063,18,2
39589,30009,18,2
39635,27063,37,3
39635,30009,37,3
39637,30009,5,1
39645,30009,100,8
39659,30009,90,15
20142,37103,2,1
20826,20145,8,1
21377,20145,15,1
21597,20145,28,7
22277,37103,5,1
23055,20145,8,3
26520,20145,1,1
26544,20145,13,2
27063,20145,1,1
30087,37103,182,3
30087,20145,182,3
39115,37103,123,12
39170,37103,11,2
39177,37103,2,1
39180,37103,8,1
39190,37103,10,1
39215,37103,5,1
39242,37103,3,1
39296,37103,9,2
39296,20145,9,2
39635,37103,6,1
39635,20145,6,1
39637,37103,2,1
39659,37103,30,3
20026,20145,1,1
20396,26749,1,1
20396,26749,1,1
21827,26749,6,2
21827,26749,6,2
21829,26749,4,1
21829,26749,4,1
21830,26749,5,2
21830,26749,5,2
26784,26749,2,1
26784,26749,2,1
39115,30017,5,1
26760,30834,1,1
26760,30832,1,1
26763,30834,10,1
26763,30832,10,1
32196,30832,1,1
39273,30832,3,1
155,647,10,4
296,5444,7,3
308,5444,17,5
309,5444,16,3
480,5444,19,4
632,5444,2,1
647,647,71,7
657,5444,11,3
1232,647,60,9
1248,5444,15,3
1250,5444,6,2
1259,5444,28,7
1266,5444,40,13
1321,5444,60,5
1323,5444,40,11
1556,647,163,8
1896,647,11,2
4075,647,6,2
5427,5444,2,1
5435,5444,10,1
5443,647,23,2
5444,5444,24,2
5667,647,16,3
6222,5444,5,3
9949,5444,26,3
20224,21258,3,3
21257,21280,25,4
21280,21280,28,3
26894,21258,1,1
27059,21280,12,2
31738,21280,2,1
31738,21258,2,1
21669,30834,1,1
30399,30832,3,2
30412,30832,6,1
30867,30834,1,1
30867,30832,1,1
39100,30832,3,1
39104,30834,2,1
39104,30832,2,1
407,5435,131,13
608,5435,88,7
609,5435,11,1
610,5435,95,5
611,5435,12,2
659,5435,10,5
1325,5435,8,2
1331,5435,1,1
1450,5435,60,8
3557,5435,17,3
5202,5435,9,1
5346,5435,30,1
5352,34003,10,1
5353,5435,3,2
5432,5435,21,3
5661,5435,9,1
39242,34003,11,3
39291,34003,7,2
39589,34003,82,5
39589,5435,82,5
39659,34003,29,6
39387,34236,2,1
39392,34236,2,1
39406,34236,10,1
674,5432,1,1
1487,2987,2,1
1746,2987,6,1
1747,5432,2,1
1812,2987,2,1
1944,2987,32,3
2982,2987,2,1
2987,2987,4,1
3662,2987,5,1
5960,5432,6,1
60028,2987,4,2
40322,55498,10,4
40322,55498,10,4
42315,55498,4,1
42315,55498,4,1
43898,40668,4,1
52257,55498,1,1
52257,55498,1,1
52656,55498,5,1
52656,55498,5,1
20147,33711,2,1
21161,33711,1,1
26544,33711,25,1
30365,33711,1,1
41971,39374,3,2
43353,39374,16,3
43389,39374,22,5
43391,39374,3,1
46021,39374,1,1
612,5483,27,3
613,5483,16,2
5669,647,100,1
611,5444,10,1
5669,647,22,2
21257,36393,9,1
21257,36393,9,1
21257,36393,9,1
21627,36393,7,2
21627,36393,7,2
21627,36393,7,2
30136,37119,2,2
30136,37119,2,2
33711,36393,5,1
33711,36393,5,1
38160,36393,8,2
38160,36393,8,2
38160,36393,8,2
39237,37119,16,4
39237,37119,16,4
39830,36393,13,3
32266,36472,15,2
32269,36472,9,2
32270,36472,5,1
39274,30341,10,1
20026,20145,79,8
20050,20145,1,1
20051,20145,8,1
20145,20145,1,1
21472,30856,4,1
21669,20145,11,2
30066,30856,24,3
30100,30856,27,8
30108,30856,1,1
39262,30856,2,1
39269,30856,9,2
39271,30856,3,1
39274,30856,3,1
39281,30856,1,1
39283,30856,17,4
39286,30856,5,1
39287,30856,1,1
401,5444,13,2
407,5444,27,3
606,5444,1,1
608,5444,28,6
609,5444,19,5
610,5444,8,1
611,5444,4,2
674,5444,1,1
1306,5444,5,2
1321,5444,11,2
3261,5444,6,2
3557,5444,25,2
5202,5444,5,2
5346,5444,40,6
5353,5444,23,4
5432,5444,12,2
5435,5444,3,1
5444,5444,2,1
6211,5444,3,3
6212,20068,20,2
20068,20068,5,3
21558,20068,10,1
21560,20068,117,17
22276,20068,1,1
22277,20068,1,1
22282,20068,28,7
22942,20068,30,2
22972,20068,59,5
23051,5444,1,1
23053,20068,25,9
23055,20068,79,9
23060,5444,4,1
23064,20068,55,6
26516,20068,46,7
14806,35690,7,1
16179,16179,4,1
16179,16179,4,1
612,5483,11,3
614,5483,2,2
615,5483,5,1
617,5483,5,2
659,5483,77,11
663,5483,3,1
1052,5483,2,1
1064,5483,3,3
1331,5483,28,4
1442,5483,3,3
1447,5483,5,1
1449,5483,10,3
1456,5483,144,11
1459,5483,6,2
1465,5483,23,3
1632,5483,13,4
1695,5483,14,3
1696,5483,3,2
1746,20068,11,2
1747,5483,15,1
5196,5483,17,4
5202,5483,17,3
5343,5483,6,2
20068,20068,20,4
20207,5483,4,1
21258,20068,12,4
22273,20068,10,2
22276,20068,72,8
22277,20068,18,5
22279,20068,50,8
22282,20068,32,2
22942,20068,16,2
22972,20068,45,12
22974,20068,66,13
22975,20068,68,3
26402,20068,5,1
26977,20068,39,6
41821,40846,2,1
42362,40215,4,1
40124,40847,8,2
40124,40018,8,2
40254,40121,1,1
40047,40038,5,2
40047,40038,5,2
1449,618,6,2
1465,618,4,1
26544,20068,1,1
40079,40079,5,1
40079,40079,5,1
40079,40079,5,1
47174,48139,1,1
47174,47962,1,1
47174,48139,1,1
47174,40079,1,1
47174,40079,1,1
47174,40079,1,1
40308,40752,2,1
40172,30200,6,2
40366,30200,2,1
40366,40752,2,1
40402,40752,10,2
46144,30200,2,1
46180,40752,1,1
30136,30200,3,1
30136,30200,3,1
46144,30200,5,1
47962,30200,5,3
47962,30200,5,3
40837,40846,11,2
40837,40846,11,2
42287,40846,1,1
42287,40846,1,1
46216,40847,9,2
46216,40847,9,2
46216,40846,9,2
46216,40846,9,2
40668,40668,10,1
40668,40668,10,1
41205,40322,5,1
41205,40668,5,1
41205,40322,5,1
43112,40322,3,3
43112,40668,3,3
43112,40322,3,3
11681,65409,36,5
11681,11681,36,5
60314,11681,5,2
65409,65409,202,7
34238,46142,4,1
37800,46133,1,1
37800,46133,1,1
40110,46133,11,2
40110,46142,11,2
40110,46133,11,2
52174,46142,21,2
52174,46133,21,2
55366,46142,1,1
20047,40752,15,2
20047,40752,15,2
20145,34202,1,1
20145,34202,1,1
21188,40752,10,1
21188,40752,10,1
23014,34202,1,1
24068,34202,44,4
24068,34202,44,4
25071,40752,20,1
25071,40752,20,1
26749,34202,1,1
26749,34202,1,1
28625,34202,70,2
28625,34202,70,2
34202,34202,105,16
34202,34202,105,16
42350,40752,9,2
42350,40752,9,2
42494,34202,5,1
42494,34202,5,1
46096,40752,12,2
46096,40752,12,2
46132,34202,5,1
46132,34202,5,1
46141,40752,1,1
46141,40752,1,1
52174,40752,64,4
52174,40752,64,4
20118,42932,2,1
20118,42932,2,1
20118,42932,2,1
20118,42932,2,1
23014,42932,6,2
23014,42932,6,2
24068,42932,19,3
24068,42932,19,3
24068,42932,19,3
24068,42932,19,3
28625,42932,9,2
28625,42932,9,2
28625,42932,9,2
28625,42932,9,2
34202,42932,17,3
34202,42932,17,3
34202,42932,17,3
34202,42932,17,3
37105,42932,5,1
37105,42932,5,1
37105,42932,5,1
37105,42932,5,1
42624,42624,5,1
42624,42624,5,1
42624,42624,5,1
42624,42624,5,1
42624,42624,5,1
42624,42624,5,1
42671,42624,5,1
42671,42624,5,1
42671,42624,5,1
42671,42624,5,1
42671,42624,5,1
42671,42624,5,1
51113,42624,1,1
51717,42624,1,1
51717,42624,1,1
51717,42624,1,1
51717,42624,1,1
51717,42624,1,1
51846,42932,5,1
51846,42932,5,1
51846,42932,5,1
51846,42932,5,1
51849,42624,10,1
51849,42624,10,1
51849,42624,10,1
51849,42624,10,1
51849,42624,10,1
52256,42932,1,1
52256,42932,1,1
52256,42932,1,1
52256,42932,1,1
54239,42624,2,1
54239,42624,2,1
54239,42624,2,1
54239,42624,2,1
54239,42624,2,1
55208,42624,1,1
55208,42624,1,1
55208,42624,1,1
55208,42624,1,1
55208,42624,1,1
55439,42624,7,2
55439,42624,7,2
55439,42624,7,2
56736,42624,13,2
56736,42624,13,2
56736,42624,13,2
20059,32569,4,2
20075,32569,67,3
20330,32569,7,1
20340,32569,10,1
21161,32569,10,2
22279,32569,61,6
26550,32569,19,2
26554,32569,11,3
27063,32569,31,3
51057,32569,11,2
51057,51109,11,2
55056,51109,38,4
56477,51109,7,2
56482,51109,29,2
55503,46121,2,1
55503,46121,2,1
23014,42154,5,1
24068,42154,72,16
24068,42154,72,16
34202,42154,26,7
34202,42154,26,7
42154,42154,11,2
42154,42154,11,2
52256,42154,10,2
52256,42154,10,2
54165,55498,1,1
54165,55498,1,1
54165,55498,1,1
54244,55498,9,1
54244,55498,9,1
54244,55498,9,1
55521,42154,1,1
55521,42154,1,1
57001,55498,5,1
57001,55498,5,1
57001,55498,5,1
57120,55498,6,2
57120,55498,6,2
57120,55498,6,2
57121,55498,15,1
57121,55498,15,1
57121,55498,15,1
57123,55498,2,1
57123,55498,2,1
57123,55498,2,1
58119,42154,3,1
58119,42154,3,1
20145,34202,3,1
20145,34202,3,1
23014,34202,15,1
34202,34202,19,4
34202,34202,19,4
41694,34202,2,1
41694,34202,2,1
52152,34202,1,1
52152,40752,1,1
52152,34202,1,1
52152,40752,1,1
52174,34202,21,2
52174,40752,21,2
52174,34202,21,2
52174,40752,21,2
52400,40752,5,1
52400,40752,5,1
54244,40752,7,2
54244,40752,7,2
55048,40752,2,1
55048,40752,2,1
56695,34202,7,3
56695,40752,7,3
56695,34202,7,3
56695,40752,7,3
56947,40752,6,2
56947,40752,6,2
57001,34202,14,4
57001,40752,14,4
57001,34202,14,4
57001,40752,14,4
57121,40752,5,3
57121,40752,5,3
58123,40752,1,1
58123,40752,1,1
23014,46132,8,1
23014,46132,8,1
24068,46132,11,4
24068,46132,11,4
24068,46132,11,4
28625,46132,4,1
28625,46132,4,1
28625,46132,4,1
37105,46132,8,1
37105,46132,8,1
37105,46132,8,1
42350,52678,4,1
42350,52678,4,1
53082,52678,1,1
53082,52678,1,1
53602,52678,3,2
53602,52678,3,2
55054,52678,7,1
55054,52678,7,1
55308,46132,5,2
55308,46132,5,2
55308,46132,5,2
55532,46132,1,1
55532,46132,1,1
55532,46132,1,1
23014,54168,20,1
24068,54168,20,3
24068,54168,20,3
28625,54168,3,1
28625,54168,3,1
34202,54168,3,1
34202,54168,3,1
42154,54168,1,1
42154,54168,1,1
43207,54168,20,1
51440,54168,50,1
51440,54168,50,1
51466,54155,1,1
51466,54155,1,1
53084,54168,1,1
53084,54168,1,1
53408,54155,1,1
53408,54168,1,1
53408,54168,1,1
53408,54155,1,1
53559,54155,1,1
53559,54155,1,1
55499,54168,4,1
55499,54168,4,1
58014,54155,1,1
58014,54155,1,1
58002,42700,6,2
50107,42624,1,1
50107,42624,1,1
54207,42624,4,1
54207,42624,4,1
56380,54133,2,2
57114,54133,5,1
57133,54133,102,6
58106,54133,1,1
20050,34201,5,1
20050,34201,5,1
20050,34201,5,1
21221,34201,6,2
21221,34201,6,2
21472,30856,4,1
21472,30856,4,1
21669,34201,15,1
21669,34201,15,1
23017,34201,1,1
23017,34201,1,1
24068,34201,10,1
24068,34201,10,1
24068,34201,10,1
28625,34201,2,1
28625,34201,2,1
28625,34201,2,1
40180,30856,6,2
40180,30856,6,2
40180,30856,6,2
40397,34201,7,3
40397,34201,7,3
40397,34201,7,3
40504,34201,7,1
40504,34201,7,1
40504,34201,7,1
43466,34201,2,2
43466,34201,2,2
43466,34201,2,2
55003,38525,5,1
55003,53603,5,1
2007,33664,1,1
33664,33664,10,1
34017,33664,20,3
53603,53603,4,2
54244,53603,8,2
54903,53603,28,4
54905,53603,4,1
55047,33664,12,1
55048,53603,16,5
55326,53603,91,8
55356,53603,1,1
55401,53603,125,15
56020,33664,30,2
57001,53603,15,2
57114,53603,45,5
57121,53603,21,3
57126,53603,5,1
57127,53603,6,1
57133,53603,21,2
57134,53603,12,3
58120,33664,10,1
59045,53603,5,2
65134,33664,40,1
65408,53603,22,3
65409,33664,1363,45
32569,32569,1,1
33738,32569,11,3
34004,32569,1,1
35447,32569,3,1
13907,15400,4,1
46121,46142,21,5
52174,46142,30,3
34490,34490,5,1
60223,5483,7,1
11361,60337,1,1
11571,60337,10,1
12284,34290,36,3
12284,34290,36,3
12287,34290,3,1
12287,34290,3,1
12288,34290,120,12
12288,34290,120,12
12289,34290,6,2
12289,34290,6,2
12291,34290,3,1
12291,34290,3,1
12293,34290,6,2
12293,34290,6,2
12295,34290,15,2
12295,34290,15,2
12340,34290,26,5
12340,34290,26,5
13318,34290,2,1
13318,34290,2,1
13324,60337,10,1
13326,34290,5,1
13326,34290,5,1
19180,34290,8,2
19180,34290,8,2
30886,60337,8,3
31078,34290,3,1
31078,34290,3,1
32084,60337,50,1
32142,34290,2,1
32142,34290,2,1
32162,34290,13,3
32162,34290,13,3
32361,60337,12,1
33610,34290,9,4
33610,34290,9,4
33802,34290,468,13
33802,34290,468,13
34208,60337,11,2
34286,34290,1248,46
34286,34290,1248,46
35139,60337,10,2
35290,34290,17,3
35290,34290,17,3
37562,60337,2,1
60213,34290,10,3
60292,60337,28,4
61192,34290,12,1
61192,34290,12,1
65409,60337,506,27
65409,65409,10,1
33602,34490,5,1
34490,34490,12,2
37562,37562,7,1
37706,34490,14,3
37725,34490,30,3
65409,37562,45,3
659,5483,15,4
659,5483,15,4
663,5483,5,2
663,5483,5,2
1331,5483,14,6
1331,5483,14,6
1372,5483,1,1
1372,5483,1,1
1442,5483,6,2
1442,5483,6,2
1447,5483,5,2
1447,5483,5,2
1449,5483,14,3
1449,5483,14,3
1456,5483,7,4
1456,5483,7,4
1465,5483,1,1
1465,5483,1,1
1695,5483,3,1
1695,5483,3,1
1696,5483,15,4
1696,5483,15,4
1746,61349,44,4
1747,5483,10,1
1747,5483,10,1
3557,5483,123,6
3557,5483,123,6
5201,61349,1,1
5202,5483,13,4
5202,5483,13,4
5315,5483,17,2
5315,5483,17,2
5346,5483,188,12
5346,5483,188,12
5353,5483,11,4
5353,5483,11,4
5391,5483,157,15
5391,5483,157,15
5396,61349,3,1
5432,5483,23,4
5432,5483,23,4
5444,5483,211,15
5444,5483,211,15
5456,61349,10,1
5457,5483,12,3
5457,5483,12,3
5483,5483,9,2
5483,5483,9,2
5657,5483,99,9
5657,5483,99,9
30886,61349,2,2
32084,61349,9,3
33739,5483,1,1
33739,5483,1,1
35055,61349,1,1
35056,61349,2,1
35139,61349,14,5
37562,61349,215,21
60213,5483,2,1
60226,5483,20,1
60290,61349,76,7
60292,61349,37,10
60379,5483,50,1
61417,61349,54,8
65299,61349,198,20
65300,61349,42,5
65384,61349,30,3
65388,61349,31,5
34202,41694,1,1
34202,41694,1,1
41478,43008,1,1
41478,43008,1,1
41479,43008,5,1
41479,43008,5,1
43008,43008,5,1
43008,43008,5,1
43008,41694,5,1
43008,41694,5,1
43008,43008,5,1
43008,43008,5,1
20050,42932,2,1
20050,42932,2,1
20050,42932,2,1
20050,42932,2,1
20051,42932,3,1
20051,42932,3,1
20051,42932,3,1
20051,42932,3,1
24068,42932,1,1
24068,42932,1,1
24068,42932,1,1
24068,42932,1,1
34202,42932,3,1
34202,42932,3,1
34202,42932,3,1
34202,42932,3,1
21161,48139,7,1
30359,48139,1,1
30359,48139,1,1
30359,48139,1,1
32269,48139,18,3
32269,48139,18,3
32269,48139,18,3
34238,40847,1,1
34238,40847,1,1
34238,40079,1,1
37269,48139,3,1
37269,48139,3,1
37269,48139,3,1
40110,40846,6,2
40110,48139,6,2
40110,40847,6,2
40110,40847,6,2
40110,48139,6,2
40110,48139,6,2
40110,40079,6,2
40240,40847,4,1
40240,40847,4,1
40757,40847,1,1
40757,40847,1,1
40851,40847,1,1
40851,40847,1,1
40964,40847,10,1
40964,40847,10,1
42658,40847,2,1
42658,40847,2,1
46183,40846,3,1
46183,48139,3,1
46183,48139,3,1
46183,48139,3,1
4170,638,1,1
30254,32734,1,1
4170,638,287,11
4170,638,287,11
42154,42154,22,6
42624,638,1,1
42624,638,1,1
42657,638,5,1
42658,42154,3,1
638,638,4,1
640,46133,1,1
4170,638,116,5
46132,46133,27,3
20746,42684,3,2
20747,42932,2,1
20747,42932,2,1
30136,42684,15,4
30136,42932,15,4
30136,42932,15,4
30136,42932,15,4
34063,42932,3,2
34063,42932,3,2
35377,42932,5,1
35377,42932,5,1
37269,42932,2,2
37269,42932,2,2
37655,42932,6,2
37655,42932,6,2
37861,42684,6,2
40752,42684,3,1
42658,42684,8,2
2566,63691,13,2
2566,63691,13,2
6102,63691,24,2
6102,63691,24,2
60642,63691,2,1
60642,63355,2,1
60642,63691,2,1
63384,63355,2,1
63604,63691,5,1
63604,63355,5,1
63604,63691,5,1
638,5523,10,1
4170,5523,7,2
30136,37785,16,3
31745,37785,14,3
32422,5523,3,1
32422,33711,3,1
35128,37785,1,1
37269,37785,8,1
37269,5523,8,1
37269,33711,8,1
38134,37785,2,1
20207,32569,5,1
27044,32569,2,1
55208,55084,5,1
647,647,2,2
4216,647,15,2
55084,55084,3,1
55099,55084,1,1
55103,55084,6,1
4170,638,220,10
46098,46142,3,1
46121,46142,1,1
46142,46142,5,1
52174,46142,583,23
55043,46142,11,4
55505,46142,5,1
56695,46142,20,1
23055,27063,15,4
26520,27063,5,1
27044,27063,5,1
41781,41782,1,1
42715,41782,7,2
42717,41782,2,2
43060,41782,17,4
51858,46142,3,1
58454,46142,0,1
638,638,12,3
647,638,370,12
50905,53781,147,9
51838,53781,3,1
56245,53781,122,9
56247,53781,36,6
56477,53781,75,7
56481,638,1,1
56483,53781,1,1
58454,53781,2,1
4170,638,156,5
52152,638,2,1
52152,46142,2,1
52152,638,2,1
52174,638,20,3
52174,46142,20,3
52174,638,20,3
55326,46142,15,3
55401,46142,10,1
56020,638,2,2
56020,638,2,2
57001,46142,15,4
57120,46142,14,3
638,638,43,6
640,55498,1,1
4170,638,96,6
40322,55498,23,6
43009,55498,167,13
52257,55498,4,2
55498,55498,20,3
3114,60036,7,3
4170,60036,18,4
52363,60808,14,3
52363,60808,14,3
52590,60808,3,1
52590,60808,3,1
53602,60808,25,6
53602,60808,25,6
55054,60808,1,1
55054,60808,1,1
55579,60808,1,1
56755,60808,1,1
56755,60808,1,1
56760,60036,13,2
57001,60808,7,2
57061,60808,8,5
57062,60808,1,1
57066,60808,12,2
57068,60808,1,1
57069,60808,5,3
57072,60808,1,1
57076,60808,2,1
57085,60808,3,1
57453,60036,0,1
58031,60036,15,1
60009,60808,6,2
60009,60808,6,2
60033,60036,3,1
60034,60808,10,1
60034,60808,10,1
60423,60036,6,2
60424,60808,15,1
60424,60808,15,1
60516,60808,32,4
60516,60808,32,4
60532,60036,40,1
61189,60036,5,1
61189,60808,5,1
61189,60808,5,1
63932,60808,3,1
63932,60808,3,1
638,638,3,2
4170,638,41,5
50200,56202,11,3
51240,56202,32,3
54133,56202,7,2
54134,638,5,1
54135,56202,21,4
54165,56202,1,1
54244,56202,194,9
54245,638,1,1
54248,56202,5,2
54249,56202,30,3
54267,56202,20,1
56202,56202,1,1
57001,56202,117,8
57120,56202,142,10
57121,56202,39,6
57123,56202,39,8
57124,56202,4,1
57126,56202,40,6
51466,56202,7,1
3114,60036,16,3
52790,60808,8,2
52790,60808,8,2
52794,60808,30,1
52794,60808,30,1
52806,60808,4,3
52806,60808,4,3
52937,60808,1,1
52937,60808,1,1
53064,60808,15,1
53184,60036,4,1
53184,60808,4,1
54319,60036,2,1
54319,60808,2,1
57070,60808,3,1
57070,60808,3,1
57076,60808,1,1
57076,60808,1,1
57079,60808,1,1
57079,60808,1,1
60425,60036,3,1
4170,638,17,3
5949,638,24,3
53084,638,1,1
53084,638,1,1
58746,638,1,1
58746,638,1,1
20059,32569,140,14
20075,32569,56,10
20094,54133,2,1
20330,32569,76,7
20340,32569,38,5
21161,32569,301,26
26520,32569,175,15
26554,32569,130,16
27063,32569,20,5
28525,54133,20,1
32569,32569,62,11
52485,32569,2,1
52499,54133,11,3
54133,54133,22,3
54244,54133,12,4
57001,54133,15,3
57114,54133,24,6
57121,54133,19,2
57123,54133,4,1
57125,54133,5,1
57133,54133,1,1
57134,54133,3,2
57143,54133,50,5
57144,54133,1,1
57184,54133,4,2
57185,54133,8,2
57188,54133,2,1
57190,54133,2,2
57192,54133,7,2
58119,32569,1,1
58124,32569,10,1
59045,54133,24,6
20207,34202,56,9
20207,34202,56,9
20330,34202,24,2
20330,34202,24,2
20340,34202,5,1
20340,34202,5,1
21161,34202,22,5
21161,34202,22,5
21370,34202,11,1
21370,34202,11,1
21597,34202,60,8
21597,34202,60,8
22980,34202,11,3
22980,34202,11,3
23055,34202,9,2
23055,34202,9,2
26520,34202,42,5
26520,34202,42,5
27044,34202,26,5
27044,34202,26,5
27063,34202,5,1
27063,34202,5,1
28525,34202,2,1
28525,34202,2,1
28525,41210,2,1
28525,41210,2,1
34202,34202,10,1
34202,34202,10,1
41209,34202,82,14
41209,34202,82,14
41209,41210,82,14
41209,41210,82,14
41210,34202,45,7
41210,34202,45,7
41210,41210,45,7
41210,41210,45,7
41249,34202,21,4
41249,34202,21,4
41249,41210,21,4
41249,41210,21,4
41576,34202,1,1
41576,34202,1,1
41576,41210,1,1
41576,41210,1,1
41704,34202,41,2
41704,41210,41,2
41704,41210,41,2
42137,34202,30,6
42137,34202,30,6
42137,41210,30,6
42138,34202,2,2
42138,34202,2,2
42138,41210,2,2
42499,34202,11,2
42499,34202,11,2
42499,41210,11,2
42499,41210,11,2
42695,34202,37,7
42695,34202,37,7
42695,41210,37,7
42695,41210,37,7
42698,34202,45,8
42698,34202,45,8
42698,41210,45,8
42698,41210,45,8
43684,34202,10,1
43684,34202,10,1
43684,41210,10,1
43684,41210,10,1
47206,34202,6,1
47206,34202,6,1
47206,41210,6,1
47206,41210,6,1
647,647,38,4
647,647,38,4
2007,647,91,2
2007,647,91,2
40322,40322,10,5
40322,40322,10,5
41208,40322,78,14
41208,40322,78,14
41249,40322,5,3
41249,647,5,3
41249,647,5,3
41249,40322,5,3
41575,40322,2,2
41575,647,2,2
41575,647,2,2
41575,40322,2,2
41576,40322,57,5
41576,647,57,5
41576,647,57,5
41576,40322,57,5
41704,40322,8,6
41704,647,8,6
41704,40322,8,6
42137,40322,6,2
42137,647,6,2
42137,647,6,2
42138,40322,1,1
42138,647,1,1
42138,647,1,1
42499,40322,7,2
42499,647,7,2
42499,647,7,2
42499,40322,7,2
42695,40322,133,12
42695,647,133,12
42695,647,133,12
42695,40322,133,12
42698,40322,56,12
42698,647,56,12
42698,647,56,12
42698,40322,56,12
43077,40322,176,25
43077,40322,176,25
43684,40322,33,8
43684,647,33,8
43684,647,33,8
43684,40322,33,8
47206,40322,18,2
47206,647,18,2
47206,647,18,2
47206,40322,18,2
31156,38525,5,1
35550,38525,4,2
35585,38525,20,1
35594,38525,6,1
35627,38525,5,2
35628,38525,5,1
38530,38525,7,1
38597,38525,9,1
41208,41208,5,1
43077,41208,3,1
30100,30851,2,1
39296,30851,18,2
39296,41704,18,2
39300,30851,4,2
39300,41704,4,2
42162,30851,11,2
42162,41704,11,2
42695,30851,5,1
42695,41704,5,1
42698,30851,1,1
42698,41704,1,1
41210,47392,1,1
41210,54146,1,1
42137,47392,15,2
42137,54146,15,2
42695,47392,43,6
42695,54146,43,6
51188,47392,30,1
51188,54146,30,1
56383,54146,31,2
20059,27063,251,9
20075,27063,10,1
20330,27063,17,3
21109,30856,30,2
21109,27063,30,2
21109,42410,30,2
21161,27063,79,9
21631,42410,3,1
26520,27063,29,4
26554,27063,13,4
27063,27063,25,3
30856,30856,14,5
34202,27063,122,19
34202,42410,122,19
40322,30856,12,3
40752,30856,8,2
41464,30856,8,1
41522,27063,11,4
41522,42410,11,4
41694,27063,22,2
41694,42410,22,2
42154,27063,14,3
42154,42410,14,3
42409,30856,39,8
42410,27063,109,19
42410,42410,109,19
42932,27063,3,2
42932,42410,3,2
42933,30856,16,4
50723,30856,1,1
51015,30856,1,1
51044,30856,6,1
51068,30856,1,1
51070,27063,6,2
51070,42410,6,2
51079,30856,1,1
51231,30856,3,1
51231,27063,3,1
51231,42410,3,1
51236,30856,1,1
51236,27063,1,1
51236,42410,1,1
51257,30856,1,1
51257,27063,1,1
51257,42410,1,1
51568,30856,5,2
51663,30856,3,1
51664,30856,78,6
52256,27063,4,1
52256,42410,4,1
52257,30856,12,3
53585,30856,5,1
58002,30856,6,1
58004,30856,30,3
58860,27063,2,1
58860,42410,2,1
20059,47207,455,17
20075,47207,19,7
20330,47207,5,2
21109,53269,5,1
21109,47207,5,1
21161,47207,89,10
26520,47207,100,11
26554,47207,106,8
26583,53269,15,1
27063,47207,42,5
32569,47207,7,2
51012,47207,1,1
51015,53269,11,3
51044,53269,4,1
51068,53269,1,1
51079,53269,32,5
51090,53269,10,2
51129,53269,5,1
51231,53269,6,2
51231,47207,6,2
51257,53269,1,1
51257,47207,1,1
51699,53269,7,6
53168,53269,19,5
53585,53269,20,3
53639,53269,4,2
58004,53269,4,2
58005,53269,7,1
58006,53269,4,3
647,647,100,5
4216,647,27,8
50562,56142,1,1
51015,56142,4,1
51102,56142,5,1
51239,647,4,1
51239,56142,4,1
51664,56142,56,7
53230,647,1,1
53393,56142,3,1
54247,647,4,2
55125,647,5,1
55253,56142,104,4
55326,56142,17,3
55356,56142,10,1
55401,56142,209,11
55510,56142,5,1
56013,647,5,1
56020,647,5,1
56142,647,3,1
56142,56142,3,1
57027,647,5,1
58002,56142,1,1
20059,32569,58,4
20075,32569,31,5
21109,56142,6,2
21109,32569,6,2
21109,56142,6,2
21161,32569,46,10
26520,32569,46,6
26554,32569,12,4
27063,32569,10,1
32569,32569,35,3
52400,56142,3,1
52400,56142,3,1
53585,56142,2,1
53603,56142,5,1
53603,56142,5,1
53663,56142,7,2
53663,32569,7,2
53663,56142,7,2
54229,56142,4,1
54229,32569,4,1
54229,56142,4,1
55253,56142,13,2
55253,56142,13,2
55326,56142,5,2
55326,56142,5,2
55400,32569,2,1
55401,56142,7,2
55401,56142,7,2
12286,19180,2,1
12287,19180,1,1
12289,19180,12,1
12291,19180,54,3
12295,19180,14,2
12296,19180,18,3
19911,19180,10,1
5353,47207,32,3
5430,47207,1,1
51015,53269,6,1
51044,53269,3,1
51068,53269,11,2
51090,53269,5,1
53168,53269,10,1
53498,47207,16,2
53498,53269,16,2
53663,47207,15,1
53663,53269,15,1
58010,53269,1,1
51230,43208,4,2
42658,30136,10,1
11616,19757,2,1
647,647,35,6
1540,40322,30,2
1540,40322,30,2
4216,647,27,7
41523,40322,4,1
41523,40322,4,1
41526,40322,6,2
41526,40322,6,2
41749,647,6,4
41749,40322,6,4
41749,40322,6,4
41844,40322,34,4
41844,40322,34,4
42325,647,31,4
42325,40322,31,4
42325,40322,31,4
42327,40322,136,5
42327,40322,136,5
42628,647,14,3
42628,40322,14,3
42628,40322,14,3
43088,40322,1,1
43088,40322,1,1
43420,40322,13,5
43420,40322,13,5
46207,647,31,5
46207,40322,31,5
46211,40322,37,4
46211,40322,37,4
46213,647,6,2
46213,40322,6,2
46213,40322,6,2
47085,647,3,1
47086,647,4,1
53344,40322,30,3
53344,40322,30,3
53364,40322,18,3
53364,40322,18,3
42715,40322,2,1
20207,41694,27,4
20330,41694,48,7
20340,41694,10,1
21161,41694,103,12
21370,41694,18,2
21597,41694,21,4
22980,41694,4,2
23055,41694,34,4
26520,41694,5,3
27044,41694,26,4
27085,40322,20,1
28525,41694,1,1
28525,40322,1,1
34202,41694,55,9
40322,40322,3,2
41523,40322,76,9
41526,40322,12,4
41545,41694,3,1
41694,41694,7,2
41744,41694,3,1
41749,41694,59,10
41749,40322,59,10
41781,40322,11,2
41844,40322,68,9
42324,41694,19,6
42324,40322,19,6
42325,41694,34,5
42325,40322,34,5
42327,41694,5,1
42327,40322,5,1
42400,40322,2,1
42628,41694,53,7
42628,40322,53,7
42716,40322,10,1
42717,40322,1,1
43060,40322,5,2
43088,40322,30,7
43089,41694,2,1
43420,40322,1,1
46211,40322,63,9
46213,41694,23,6
46213,40322,23,6
46951,41694,2,1
46953,41694,8,3
46954,41694,46,2
46954,40322,46,2
47084,41694,4,1
47086,41694,30,1
53344,41694,36,9
53344,40322,36,9
53364,40322,24,7
53369,41694,0,1
647,647,2,2
4216,647,110,7
41523,42400,6,1
41526,42400,1,1
41782,42400,1,1
41844,42400,10,2
42324,647,10,2
42324,42400,10,2
42400,42400,1,1
42628,647,10,1
42628,42400,10,1
42715,42400,10,5
42716,42400,7,1
42717,42400,5,2
43060,42400,3,1
43088,42400,23,2
53344,647,1,1
53344,42400,1,1
41095,47724,1,1
41698,47724,8,1
41750,42659,10,2
41750,42659,10,2
42338,47724,5,1
42659,42659,1,1
42828,42659,5,1
42866,47724,24,3
43087,47724,1,1
42149,47335,2,1
47912,42755,3,1
41227,41019,5,1
41281,47528,1,1
42866,47528,5,1
42866,47528,5,1
40410,63620,3,1
60777,47426,10,1
60777,63620,10,1
61207,47426,1,1
61207,63620,1,1
50904,58025,5,1
51970,58025,8,3
55137,58025,27,6
57001,57004,1,1
57001,57004,1,1
57002,57004,5,1
57002,57004,5,1
57051,57004,1,1
57051,57004,1,1
58159,58025,1,1
58163,58025,6,2
59054,58025,1,1
57664,59423,2,1
51564,59423,1,1
52688,59423,2,2
52688,59414,2,2
57664,59423,25,3
51567,52114,2,1
51567,52114,2,1
58533,52133,1,1
58533,52720,1,1
41220,41704,4,1
41220,41210,4,1
3230,3114,1,1
5854,3114,1,1
590,5483,20,1
609,5483,1,1
610,5483,6,1
1331,5483,10,2
1450,5483,2,1
2778,5483,18,2
2778,5523,18,2
5200,5523,5,1
20698,22555,1,1
21672,22555,1,1
33220,22555,2,1
34401,21415,2,1
36391,21415,11,2
480,6206,16,2
573,6206,2,1
575,6206,10,1
577,6206,19,2
579,6206,4,1
582,6206,30,2
635,6206,5,1
5199,6206,30,1
5356,6206,12,2
6200,6200,5,1
60075,6200,2,2
60080,6200,1,1
60084,6200,1,1
60086,6200,1,1
60087,6200,4,1
60159,6206,2,1
60162,6206,10,1
15551,15397,1,1
15551,15397,1,1
15552,15397,3,1
15552,15397,3,1
15605,15486,1,1
463,3375,10,1
463,3375,41,3
463,2922,41,3
3375,3375,10,1
3375,3375,10,1
3375,2922,10,1
4171,2922,5,1
60790,4009,10,1
60790,3375,10,1
60790,3375,10,1
60790,2922,10,1
61203,3375,10,1
61203,2922,10,1
61328,4009,12,1
61328,3375,12,1
61328,3375,12,1
61328,2922,12,1
61397,4009,8,1
61397,3375,8,1
161,61466,1,1
1552,61466,17,3
1556,64006,1,1
3142,61466,30,1
4116,61466,2,2
5131,61466,26,3
5668,61466,1,1
60663,64006,10,1
60704,64006,6,1
60709,64006,1,1
463,3375,30,1
3374,3375,4,1
60970,3375,1,1
60970,4009,1,1
61202,4009,15,1
40064,41533,6,2
40064,41533,6,2
41539,47392,1,1
41539,47392,1,1
41539,47392,1,1
41539,47392,1,1
42468,47392,3,1
42468,47392,3,1
42468,47392,3,1
42468,47392,3,1
42571,47392,5,1
42571,47392,5,1
42571,47392,5,1
42571,41533,5,1
42571,41533,5,1
42571,47392,5,1
42571,41533,5,1
42571,41533,5,1
43008,47392,19,2
43008,47392,19,2
43008,47392,19,2
43008,41533,19,2
43008,41533,19,2
43008,47392,19,2
43008,41533,19,2
43008,41533,19,2
43069,41533,3,1
43069,41533,3,1
43069,41533,3,1
43069,41533,3,1
5396,6206,4,1
6203,6206,1,1
9812,6200,5,1
9812,6206,5,1
60102,6200,11,2
60194,6200,3,1
63884,6206,10,1
63888,6200,72,5
60684,3061,1,1
63544,3007,42,3
63544,3061,42,3
6102,3022,7,1
61137,61055,2,1
61316,61055,1,1
61332,3022,1,1
61332,61055,1,1
65273,61055,2,1
1731,3022,2,1
1927,3022,3,1
60921,3022,5,1
60921,60826,5,1
3035,3022,66,5
4216,3022,10,1
5905,60826,4,1
63494,60826,3,1
647,647,20,2
1828,5610,1,1
2473,5610,4,1
2473,5610,4,1
2479,5610,10,2
2479,5610,10,2
3444,647,5,1
3444,5610,5,1
3444,5610,5,1
3457,5610,4,1
3457,5610,4,1
3667,647,3,1
3667,647,3,1
3667,5602,3,1
3667,5602,3,1
5200,647,15,1
5200,647,15,1
1286,5610,1,1
1826,647,1,1
1826,5610,1,1
1828,647,5,1
1828,5610,5,1
2353,5610,2,2
1106,647,1,1
1828,647,1,1
1828,5845,1,1
20058,25439,2,2
20058,21324,2,2
20183,25439,1,1
20183,21324,1,1
21095,25439,20,1
21095,21324,20,1
21560,20139,1,1
21560,25742,1,1
22974,25439,8,1
22974,21324,8,1
23055,20139,3,2
23055,25742,3,2
26127,25439,7,1
26127,21324,7,1
26394,25439,1,1
26394,21324,1,1
26505,20139,5,2
26505,25742,5,2
31434,20139,25,2
31434,25742,25,2
32904,20139,88,7
32904,25742,88,7
21109,36430,21,5
21109,33432,21,5
21109,33432,21,5
21109,33432,21,5
21711,36430,12,1
22942,36430,30,1
25114,36430,60,3
31100,36430,3,3
31219,36430,5,1
31241,33432,7,1
31250,33432,48,3
31250,33432,48,3
32115,33432,1,1
32115,33432,1,1
32277,36430,2,2
33432,33432,6,1
33432,33432,6,1
33432,33432,6,1
34063,36430,1,1
36099,33432,1,1
37136,33432,2,2
37136,33432,2,2
37136,33432,2,2
37506,33432,19,2
37506,33432,19,2
37506,33432,19,2
37792,33432,5,1
37792,33432,5,1
38141,36430,90,2
38144,33432,16,2
38144,33432,16,2
38144,33432,16,2
41477,57343,2,1
41477,54196,2,1
43058,50048,2,1
43066,57343,1,1
43066,54196,1,1
54718,50048,10,2
57850,51850,2,1
57850,51850,2,1
57850,43083,2,1
57850,43083,2,1
31671,21109,1,1
31671,21109,1,1
36634,38128,1,1
42938,52378,4,2
42938,52378,4,2
50261,52378,1,1
50261,52378,1,1
50261,43083,1,1
50261,43083,1,1
52093,52378,3,1
52093,52378,3,1
52093,43083,3,1
52093,43083,3,1
52097,52378,58,5
52097,52378,58,5
52097,43083,58,5
52097,43083,58,5
52098,52378,6,4
52098,52378,6,4
52098,43083,6,4
52098,43083,6,4
58414,52378,5,1
58414,52378,5,1
58414,43083,5,1
58414,43083,5,1
51704,41464,2,1
1122,1415,10,1
3114,1415,1,1
61178,60878,5,1
30168,32011,1,1
39659,39627,8,1
31165,38525,20,1
32279,31745,1,1
32283,31745,4,3
32284,31745,15,5
32446,31745,7,2
32800,31745,3,1
35291,31745,7,1
35552,38525,8,2
35566,38525,1,1
35587,38525,31,2
35594,38525,6,2
38591,38525,10,1
38597,38525,13,3
34075,60688,5,2
34216,60688,8,1
60273,60688,69,4
60290,60688,67,6
60290,60688,67,6
60352,60688,5,1
60573,60688,21,3
60573,60688,21,3
61109,60688,3,1
61109,60688,3,1
61113,60688,5,1
61115,60688,99,5
63655,60688,3,1
32019,38193,2,1
32269,38193,40,1
54199,52620,2,1
54199,59567,2,1
638,647,10,1
647,647,0,1
1106,647,10,1
5200,647,12,3
5531,5602,1,1
5531,5602,1,1
5554,5602,1,1
5554,5602,1,1
5556,5602,19,5
5556,5602,19,5
5603,647,10,1
5626,5602,1,1
5626,5602,1,1
647,647,1,1
647,647,1,1
5520,5524,8,2
5520,5524,8,2
5520,647,8,2
5520,647,8,2
155,647,6,3
638,647,5,1
647,647,29,3
1232,647,10,2
1556,647,17,3
4075,647,42,6
5538,647,6,1
5538,640,6,1
5538,640,6,1
5539,647,1,1
5539,640,1,1
5539,640,1,1
5546,640,29,5
5546,640,29,5
5551,640,10,2
5551,640,10,2
5552,647,1,1
5552,640,1,1
5552,640,1,1
5662,647,20,4
5662,640,20,4
5662,640,20,4
5666,647,51,7
5538,5523,100,6
5538,20068,100,6
5539,5523,77,2
5539,20068,77,2
5540,5523,27,2
5540,20068,27,2
5541,5523,10,1
5541,20068,10,1
5543,5523,20,1
5546,5523,6,2
20055,5523,9,1
21109,5523,5,1
21109,20068,5,1
21258,20068,9,4
21558,20068,16,2
21560,20068,6,1
22277,20068,9,1
22282,20068,2,1
22942,20068,30,5
22972,20068,15,2
23051,5523,5,1
23053,20068,13,2
23055,20068,2,1
23060,5523,10,1
23064,20068,44,6
5552,37562,61,2
5552,5542,61,2
37562,37562,10,1
60290,37562,4,2
65138,37562,23,2
2035,5589,1,1
5459,5589,2,1
5459,5508,2,1
21365,20068,1,1
21560,20068,30,2
22282,20068,3,1
22942,20068,45,2
23055,20068,15,1
26516,20068,3,2
21109,20068,12,1
21258,20068,6,3
22273,20068,40,1
22277,20068,22,3
33664,33740,7,1
34017,33740,1,1
60290,33740,8,1
60292,33740,13,4
60298,33740,1,1
60308,33740,8,1
65156,33740,12,1
65158,33740,1,1
65162,33740,7,1
31494,37785,3,1
34017,34021,2,1
21109,34021,12,3
21109,20068,12,3
22942,20068,3,1
25114,20068,1,1
34004,34021,10,1
34063,20068,4,2
37442,37779,3,1
37506,33286,9,1
20068,20068,11,4
20068,20068,11,4
21109,20068,36,6
21258,20068,14,3
21560,20068,12,4
21560,20068,12,4
22273,20068,40,1
22273,20068,40,1
22276,20068,4,1
22276,20068,4,1
22277,20068,46,8
22277,20068,46,8
22282,20068,37,4
22282,20068,37,4
22942,20068,317,10
22942,20068,317,10
22972,20068,9,5
22972,20068,9,5
23064,20068,51,8
23064,20068,51,8
26402,20068,1,1
26402,20068,1,1
26516,20068,1,1
26516,20068,1,1
27043,20068,25,2
27043,20068,25,2
34017,34021,1,1
34017,34021,1,1
34021,34021,1,1
34021,34021,1,1
35056,34021,7,2
35056,34021,7,2
35079,20068,3,1
35079,20068,3,1
60202,34021,1,1
60202,34021,1,1
60203,34021,6,2
60203,34021,6,2
60210,34021,10,1
60210,34021,10,1
60212,34021,9,2
60212,34021,9,2
60213,20068,10,1
60213,20068,10,1
60214,34021,1,1
60214,34021,1,1
60216,34021,107,4
60216,34021,107,4
60217,34021,10,1
60217,34021,10,1
60261,34021,10,2
60261,34021,10,2
60262,34021,30,3
60262,34021,30,3
60290,34021,40,1
60290,34021,40,1
60292,34021,3,1
60292,34021,3,1
60298,34021,15,2
60298,34021,15,2
60383,34021,20,1
60383,34021,20,1
60388,34021,38,4
60388,34021,38,4
63979,20068,0,1
63979,20068,0,1
65156,34021,40,3
65156,34021,40,3
65161,34021,7,3
65161,34021,7,3
65299,34021,3,1
65299,34021,3,1
65387,20068,0,1
65387,20068,0,1
31503,32221,20,1
6102,428,15,3
60221,428,10,1
60221,61081,10,1
63706,428,11,1
63706,61081,11,1
65323,428,11,2
65323,61081,11,2
427,428,5,1
6101,61081,1,1
6101,61081,1,1
6102,428,26,5
60236,428,1,1
60236,61081,1,1
60236,61081,1,1
61468,428,7,3
61468,61081,7,3
61468,61081,7,3
65332,428,34,3
65332,61081,34,3
65332,61081,34,3
65373,61081,2,1
65373,61081,2,1
184,224,8,1
551,224,1,1
9800,224,1,1
60069,60152,10,1
60074,60152,1,1
60080,60152,1,1
33175,30060,4,1
33189,35803,4,1
33473,30060,1,1
34027,30060,3,2
34028,30060,1,1
34030,30060,4,1
34033,30060,2,1
34034,30060,1,1
34953,30060,1,1
35095,35803,1,1
36077,35803,3,2
36397,30060,1,1
36406,35803,1,1
37134,35803,2,1
37090,36598,1,1
25542,27246,10,1
25564,27246,5,1
845,6071,3,1
3120,5998,20,1
60080,60152,80,3
60083,60152,26,3
60086,60152,5,1
60102,60152,3,1
60152,60152,1,1
63888,60152,5,1
20068,20068,2,1
20068,20068,2,1
21230,33740,10,1
21230,34021,10,1
21560,20068,34,3
21560,20068,34,3
21684,20068,25,1
21684,20068,25,1
22273,20068,7,1
22273,20068,7,1
22276,20068,133,15
22276,20068,133,15
22277,20068,89,8
22277,20068,89,8
22942,20068,217,6
22942,20068,217,6
22972,20068,30,2
22972,20068,30,2
23062,33740,8,1
23062,34021,8,1
23064,20068,73,11
23064,20068,73,11
26402,20068,33,6
26402,20068,33,6
26484,20068,61,6
26484,20068,61,6
26516,20068,5,2
26516,20068,5,2
35056,33740,2,1
35056,34021,2,1
35078,20068,3,1
35078,20068,3,1
60021,33740,12,2
60021,34021,12,2
60256,33740,20,3
60256,34021,20,3
60257,33740,18,2
60257,34021,18,2
60258,33740,10,1
60258,34021,10,1
60266,33740,5,1
60266,34021,5,1
60290,33740,5,1
60290,34021,5,1
60292,33740,18,2
60292,34021,18,2
60312,33740,67,8
60312,34021,67,8
60313,33740,22,3
60313,34021,22,3
60318,20068,10,1
60318,20068,10,1
60327,33740,16,1
60327,34021,16,1
61375,33740,10,1
61375,34021,10,1
61414,33740,5,1
61414,34021,5,1
63480,33740,7,3
63480,34021,7,3
65138,33740,4,1
65138,34021,4,1
65278,33740,2,1
65278,34021,2,1
65279,33740,17,3
65279,34021,17,3
65303,33740,7,1
65303,34021,7,1
65411,20068,5,1
65411,20068,5,1
58593,55505,1,1
58666,55505,24,2
20050,21425,1,1
20050,21425,1,1
20051,21425,9,1
20051,21425,9,1
20348,39751,3,1
20348,39751,3,1
20658,21425,2,1
20658,21425,2,1
21035,21425,6,1
21100,21425,21,2
21303,21425,61,7
21615,21425,5,1
21615,21425,5,1
22935,21425,19,4
22935,21425,19,4
24068,21425,93,6
24068,21425,93,6
25552,21425,1,1
25552,21425,1,1
25564,21425,5,1
25564,21425,5,1
25575,21425,1,1
25575,21425,1,1
25634,21425,22,7
32734,39751,2,2
32734,39751,2,2
34924,39751,8,1
34924,39751,8,1
37205,39751,4,1
37205,39751,4,1
37207,39751,4,1
37207,39751,4,1
11011,11011,9,3
11056,11011,123,4
11060,11011,23,4
11357,11011,3,1
11358,11011,8,1
11359,11011,17,4
11361,11011,5,1
11362,11011,5,1
11363,11011,9,2
11364,11011,14,3
11365,11011,10,1
11571,11011,1,1
11856,11011,44,1
31090,11011,35,5
33602,11011,22,3
34276,11011,18,4
35247,35679,36,2
35249,35679,10,1
35253,35679,15,1
35560,35679,5,1
35594,35679,5,1
37785,35679,10,1
38582,11011,38,2
38908,35679,3,1
11802,15508,50,1
12071,15508,0,1
12071,15508,0,1
12073,15508,3,1
12073,15508,3,1
12838,15647,16,3
12838,15647,16,3
15044,15508,100,9
15199,15647,13,2
15199,15647,13,2
15211,15647,1,1
15211,15647,1,1
15217,15647,12,5
15217,15647,12,5
15218,15647,15,2
15218,15647,15,2
15535,15647,2,1
15535,15647,2,1
18082,15508,1,1
19988,15508,4,1
19988,15508,4,1
13907,60322,31,6
60898,63894,6,1
60899,63894,8,1
850,862,15,1
850,439,15,1
54818,54451,1,1
4156,60572,1,1
11356,15567,2,1
11431,15567,2,1
11625,15567,3,1
12831,15576,1,1
12833,15576,4,1
14849,15576,5,1
14926,15567,47,5
15287,15567,1,1
21357,28607,8,1
26595,28607,6,1
30990,28607,3,1
31458,30988,1,1
32467,30988,5,1
38291,30988,5,1
37027,63111,4,1
39661,63111,1,1
63227,63227,1,1
21472,22028,1,1
33512,31850,20,1
25823,22028,5,2
28596,22028,1,1
31094,38428,2,1
21258,21258,9,2
21258,21258,9,2
21258,21258,9,2
21558,21258,190,13
21558,21258,190,13
21558,21258,190,13
21684,21258,64,13
21684,21258,64,13
22273,21258,1,1
22273,21258,1,1
22276,21258,42,5
22276,21258,42,5
22277,21258,283,33
22277,21258,283,33
22942,21258,306,8
22942,21258,306,8
22942,21258,306,8
22970,21258,15,2
22970,21258,15,2
23053,21258,312,27
23053,21258,312,27
23053,21258,312,27
23055,21258,506,31
23055,21258,506,31
23055,21258,506,31
23064,21258,247,35
23064,21258,247,35
26402,21258,42,6
26402,21258,42,6
26501,21258,9,2
26501,21258,9,2
26501,21258,9,2
26516,21258,124,17
26516,21258,124,17
31152,38525,19,4
31152,38525,19,4
31156,38525,10,2
31156,38525,10,2
31165,38525,78,5
31165,38525,78,5
35540,21258,15,2
35540,21258,15,2
35540,21258,15,2
35552,38525,24,5
35552,38525,24,5
35560,38525,44,6
35560,38525,44,6
35564,21258,20,1
35564,21258,20,1
35564,21258,20,1
35566,38525,2,2
35566,38525,2,2
35568,21258,7,1
35568,21258,7,1
35568,21258,7,1
35569,38525,22,2
35569,38525,22,2
35571,38525,31,4
35571,38525,31,4
35573,21258,5,1
35573,21258,5,1
35573,21258,5,1
35585,38525,26,4
35585,38525,26,4
35587,38525,56,3
35587,38525,56,3
35594,38525,15,3
35594,38525,15,3
35627,38525,36,5
35627,38525,36,5
35628,38525,3,1
35628,38525,3,1
38525,38525,55,2
38525,38525,55,2
38530,38525,4,2
38530,38525,4,2
38591,38525,14,4
38591,38525,14,4
38597,38525,551,18
38597,38525,551,18
11018,11011,5,1
11056,11011,5,2
11057,11011,4,1
11060,11011,30,1
11357,11011,31,3
11358,11011,6,2
11359,11011,37,3
11361,11011,13,2
11363,11011,17,2
11364,11011,1,1
11365,11011,43,5
11571,11011,70,2
12289,35863,6,1
13108,35863,1,1
13318,35863,13,3
13324,11011,5,1
31156,35863,18,4
31165,35863,26,2
32282,35863,23,3
32283,35863,29,6
32284,35863,31,4
35560,35863,4,1
35566,35863,1,1
35569,35863,28,3
35585,35863,8,2
35587,35863,20,1
35625,11011,2,1
35627,35863,24,4
35863,35863,21,5
35863,11011,21,5
38591,35863,1,1
38597,35863,5,2
20902,25953,5,3
25281,25953,5,1
33113,25953,13,5
33757,25953,10,1
55679,53361,1,1
42410,42410,3,1
50345,52382,1,1
50345,52382,1,1
50485,52382,3,1
50485,52382,3,1
59407,52382,1,1
59407,52382,1,1
52378,42410,5,1
52108,52133,2,1
40297,42803,3,1
41508,42803,24,4
51259,53361,1,1
51259,53361,1,1
54028,53361,2,2
54028,53361,2,2
55043,52373,8,3
55345,52373,5,2
55641,52373,5,1
12071,13660,3,2
12073,13660,18,2
12075,13660,20,2
13683,13683,1,1
13683,13683,1,1
13879,13660,1,1
14830,13660,1,1
28624,13683,50,3
28624,13683,50,3
31089,13660,1,1
31094,13660,1,1
31100,13683,8,1
31100,13683,8,1
31896,13660,1,1
34634,13683,4,1
34634,13683,4,1
36408,13683,1,1
36408,13683,1,1
37625,13683,2,2
37625,13683,2,2
37626,13683,1,1
37626,13683,1,1
50893,54243,1,1
51161,55238,10,1
51214,54243,1,1
52183,54243,3,1
52351,55238,1,1
57494,55238,3,1
58416,55238,1,1
154,65135,16,2
3142,65135,20,1
4116,65135,152,6
5130,65135,133,7
5669,65135,20,1
9936,65135,212,8
9949,65135,19,4
34001,34001,1,1
60001,34001,75,3
60202,34001,14,2
60210,34001,1,1
60212,34001,1,1
60214,34001,8,1
60216,34001,12,2
60217,34001,1,1
60237,34001,8,3
60261,34001,2,1
60262,34001,1,1
60290,34001,11,2
60298,34001,6,2
60383,34001,5,1
60523,65135,51,2
60827,34001,30,1
63985,34001,3,1
65159,34001,1,1
65160,34001,7,3
65359,65135,1,1
65386,65135,4,1
11003,31075,15,3
11005,31075,2,2
11006,31075,2,1
22028,37779,1,1
32030,37779,2,1
37632,37779,6,2
37779,37779,2,1
50541,58356,3,1
50541,50517,3,1
31563,38135,7,2
12006,22028,14,1
11001,31075,10,1
11010,31075,16,4
11011,31075,25,4
11271,31075,201,9
37632,37779,2,1
37779,37779,1,1
60374,60292,6,1
60376,60292,13,2
21626,35863,446,10
26776,35863,74,1
11001,31075,50,3
11003,31075,12,2
11005,31075,5,1
11006,31075,1,1
11010,31075,14,3
11011,31075,6,2
11012,31075,5,1
30096,31075,21,2
30096,35679,21,2
32153,35679,8,2
32154,35679,3,1
32158,35679,10,1
33077,35679,5,2
33444,35679,1,1
35679,35679,30,1
15549,12539,1,1
15940,15546,2,1
18518,15546,1,1
18518,12539,1,1
31257,33736,2,1
32254,37785,5,1
32256,37785,1,1
37792,33736,12,3
40270,43137,1,1
41289,43137,3,1
53982,51704,1,1
156,312,30,1
154,65135,23,2
1232,34001,20,1
3142,65135,2,1
4116,65135,170,12
5130,65135,40,7
5131,65135,25,2
5132,65135,2,2
5669,65135,1,1
9936,65135,122,5
9949,65135,7,3
34001,34001,11,2
60023,65135,1,1
60256,34001,2,1
60257,34001,44,8
60258,34001,26,3
60266,34001,5,1
60290,34001,16,2
60312,34001,9,4
60313,34001,31,5
60320,34001,1,1
60327,34001,9,2
60352,65135,2,1
60663,34001,40,2
61375,34001,35,2
63480,34001,35,2
63975,34001,62,3
63977,34001,4,1
65278,34001,14,2
65279,34001,16,3
13896,15545,2,1
13907,15556,4,2
15372,15545,10,1
41480,51850,6,2
51704,41462,2,1
53901,41462,1,1
54748,41462,1,1
1626,65134,15,1
2007,647,4,1
40554,43009,1,1
43009,43009,1,1
55647,40320,2,1
669,15556,1,1
10064,15546,1,1
10856,15556,1,1
12072,15546,10,1
13437,15546,5,3
13566,15546,6,2
13907,15556,90,5
14847,15546,1,1
14855,15556,2,2
14856,15546,26,8
15258,15546,8,2
15260,15546,5,2
15265,15556,1,1
15548,15546,10,1
15556,15556,9,1
15564,15556,1,1
15573,15546,22,4
15575,15546,5,1
15582,15556,2,1
15590,15556,2,1
15591,15546,4,1
15615,15546,2,1
15622,15556,2,2
15657,15546,30,1
16512,15556,6,1
18115,15546,1,1
18116,15556,10,1
19204,15556,11,2
19988,15546,115,3
222,63510,4,1
5200,63510,30,1
60691,60823,2,1
60691,63510,2,1
61027,60823,16,3
61027,63510,16,3
61282,60823,5,1
61282,63510,5,1
63510,63510,1,1
10138,13808,0,1
15359,15539,1,1
31100,13808,18,3
32116,15539,5,1
32148,13808,3,1
32153,13808,5,1
33512,13808,3,1
55137,50474,30,2
13907,15359,24,2
15332,25069,0,1
15333,15359,5,2
15359,15359,4,2
21256,25069,49,5
25069,25069,39,4
4021,1364,3,1
136,65135,1,1
182,65135,10,2
186,65135,14,2
2761,65135,10,1
5131,65135,10,1
31152,34001,5,1
35526,34001,11,2
35585,34001,2,1
35627,34001,2,1
20001,30897,16,6
21161,30897,1,1
21644,30897,11,2
21764,30897,4,3
25903,30897,1,1
30897,30897,1,1
31156,38525,3,2
31366,30897,20,1
32270,30897,1,1
32274,30897,5,2
35560,38525,3,1
38466,30897,2,1
38525,38525,2,1
38591,38525,10,1
15332,20001,1,1
21161,39661,55,3
21377,63227,65,1
21730,39661,5,1
39661,39661,5,1
63294,63227,1,1
20162,39661,1,1
21372,39661,9,1
22276,39661,3,1
22970,39661,11,2
26554,39661,3,1
27043,39661,8,1
27085,39661,2,1
39661,39661,5,1
63286,63227,1,1
63289,63227,5,3
63290,63227,14,2
63294,63227,22,4
63295,63227,2,1
63298,63227,4,2
63300,63227,36,6
63302,63227,13,2
136,5669,100,7
136,5669,100,7
155,22942,3,2
2761,5669,2,1
2761,5669,2,1
2762,5669,82,6
2762,5669,82,6
4170,5669,10,1
5668,5669,408,20
5668,5669,408,20
5669,5669,123,11
5669,5669,123,11
6106,5669,10,1
6106,5669,10,1
9949,5669,47,6
9949,5669,47,6
21666,22942,5,1
21684,22942,2,2
22276,22942,19,4
22277,22942,30,5
22279,22942,25,3
22942,22942,5,1
22970,22942,46,8
22972,22942,13,2
22974,22942,31,5
22975,22942,40,5
23060,5669,15,1
23060,5669,15,1
26402,22942,16,3
26977,22942,5,1
63502,63905,1,1
63502,60152,1,1
52174,55376,12,2
55042,55376,19,1
55196,55376,2,1
55201,55323,1,1
55202,55323,6,2
55443,55323,7,2
55600,55323,1,1
52174,55376,335,16
53602,55323,39,4
54799,55376,2,1
55042,55376,19,1
55054,55323,13,3
55156,55376,32,6
55189,55376,80,2
55198,55376,5,1
55202,55323,3,1
55214,55323,2,1
55236,55323,4,2
55246,55323,1,1
55317,55323,1,1
55323,55323,3,1
55329,55376,7,1
55330,55323,160,10
55370,55323,3,1
55378,55376,8,1
55389,55376,5,1
55443,55323,4,1
55522,55376,2,2
55534,55376,340,7
55535,55323,136,13
55579,55323,94,8
21370,22942,7,1
674,914,5,1
1747,914,10,1
5346,914,7,2
5353,914,2,1
5538,914,31,5
5538,5523,31,5
5539,914,3,1
5539,5523,3,1
5541,914,14,2
5541,5523,14,2
5543,5523,1,1
5546,5523,15,5
5662,914,41,6
5662,5523,41,6
5130,65135,10,1
31138,34001,1,1
31207,34001,7,1
31408,34001,3,1
38135,34001,12,3
50595,54134,2,1
50883,54134,2,1
50884,54134,1,1
51109,54134,1,1
51201,54134,2,2
54016,54134,3,1
54251,54134,1,1
55430,54134,25,1
55632,54134,1,1
57123,54250,5,1
57123,54250,5,1
41296,54168,13,4
41476,54168,10,1
41484,54168,6,2
42667,54168,7,1
43009,54168,48,4
54419,54168,1,1
57120,50200,7,2
57121,50200,5,1
57123,50200,1,1
57124,50200,11,2
22277,22942,4,1
22970,22942,12,1
22972,22942,5,1
31557,22942,2,1
38138,31476,25,1
52430,57997,2,1
52467,52520,2,1
52467,57997,2,1
51662,51662,6,1
55248,51662,2,1
58469,51662,26,3
58469,56459,26,3
11544,15400,8,1
11551,15400,2,1
12116,15400,7,2
12355,15400,1,1
12913,15400,8,2
14855,15400,16,4
14857,60152,103,2
15573,15400,2,1
16512,15400,76,4
18042,15400,11,2
18372,15400,5,1
18375,15400,29,2
18518,60152,1,1
18518,15400,1,1
60051,60152,2,2
60080,60152,100,10
60083,60152,70,6
60086,60152,70,9
60092,60152,14,2
60102,60152,22,4
60194,60152,1,1
63888,60152,37,8
374,1325,3,1
401,1325,2,1
1325,1325,38,7
1640,1325,46,9
5196,1325,19,5
5197,1325,6,1
5202,1325,13,4
5352,1325,69,11
5421,1325,6,1
6188,1325,4,2
11551,15400,3,1
12116,15400,21,6
12355,15400,11,4
14855,15400,4,2
16512,15400,23,5
18161,1325,2,1
18162,15400,7,4
18375,15400,14,2
18518,1325,9,2
18518,15400,9,2
20636,20666,1,1
20636,20666,1,1
20636,20666,1,1
22556,21256,1,1
22556,33122,1,1
31251,20666,1,1
31251,20666,1,1
31251,20666,1,1
31252,20666,1,1
31252,20666,1,1
31252,20666,1,1
33172,20666,15,2
33172,20666,15,2
33172,20666,15,2
33241,20666,10,1
33281,20666,1,1
33281,20666,1,1
33281,20666,1,1
20001,25069,1,1
20728,25069,1,1
21472,25069,3,1
27117,25069,1,1
33446,33736,6,1
33446,33736,6,1
14331,15359,1,1
16065,15359,1,1
20001,25069,2,1
31862,33736,1,1
31862,25069,1,1
33707,33736,6,2
33707,25069,6,2
20728,25069,11,4
20750,25069,4,1
21705,25069,7,2
30930,34024,10,1
30930,34024,10,1
30932,34024,2,1
30932,34024,2,1
30933,34024,5,1
30933,34024,5,1
35096,34024,1,1
35096,34024,1,1
3637,60901,2,1
60209,60901,1,1
60209,63266,1,1
60995,60901,3,1
60995,63266,3,1
61290,60901,2,1
61290,63266,2,1
63529,60901,2,1
63529,63266,2,1
63531,60901,8,2
63531,63266,8,2
65407,60901,1,1
65407,63266,1,1
3637,60901,2,1
6102,60901,10,1
60550,60901,7,1
60550,63266,7,1
61290,60901,4,1
61290,63266,4,1
35252,34024,10,1
60499,60901,4,1
60499,60499,4,1
63358,60499,3,2
63360,60901,58,1
63360,60499,58,1
63369,60499,1,1
63374,60901,2,1
63374,60499,2,1
63378,60901,1,1
63378,60499,1,1
20147,37128,10,1
20155,32011,13,2
22276,37128,3,1
22277,37128,15,2
22282,37128,26,5
22972,37128,20,2
22974,37128,1,1
22975,37128,34,5
26402,37128,7,1
32620,32011,5,1
35366,32011,1,1
36500,37128,1,1
22930,38129,1,1
22930,38129,1,1
22955,38129,1,1
22955,38129,1,1
30180,32011,1,1
30180,32011,1,1
31320,32011,3,1
31320,32011,3,1
32701,32011,10,2
32701,32011,10,2
20001,25069,5,1
20353,25069,8,2
20749,25069,1,1
21472,25069,1,1
23017,5523,10,1
25069,25069,1,1
374,5170,6,2
401,5170,5,2
1323,15400,2,1
1325,5170,13,2
1450,5170,7,3
1640,5170,37,4
5191,5170,10,1
5196,5170,60,3
5197,5170,2,1
5202,5170,9,4
5352,5170,64,7
5421,5170,46,7
5433,5170,5,1
6188,5170,7,1
6217,5170,5,1
10509,15400,2,1
10857,15400,6,2
11414,15400,14,4
11415,15400,2,1
11427,15400,5,1
11434,15400,6,2
11625,15400,10,1
13414,5170,10,1
13414,15400,10,1
13415,15400,2,1
13417,15400,1,1
13418,15400,1,1
14540,15400,4,2
15580,15400,5,1
20353,25069,5,1
20353,25069,5,1
20353,25069,5,1
20353,25069,5,1
27117,25069,1,1
27117,25069,1,1
27117,25069,1,1
27117,25069,1,1
32063,37785,5,1
32063,37785,5,1
33378,37785,1,1
33378,37785,1,1
33378,37785,1,1
33378,37785,1,1
33379,37785,2,1
33379,37785,2,1
33379,37785,2,1
33379,37785,2,1
33381,37785,1,1
33381,37785,1,1
33381,37785,1,1
33381,37785,1,1
20026,26749,4,4
20047,20142,12,1
20047,20142,12,1
20047,20142,12,1
20047,20142,12,1
20047,20142,12,1
20047,20142,12,1
20118,26749,1,1
20118,26749,1,1
21188,20142,6,1
21188,20142,6,1
21188,20142,6,1
21188,20142,6,1
21188,20142,6,1
21188,20142,6,1
21256,26749,7,1
21256,26749,7,1
21615,26749,6,3
21615,26749,6,3
24068,26749,2,1
24068,26749,2,1
26898,26749,5,1
26898,26749,5,1
26912,20142,3,1
26912,20142,3,1
26912,20142,3,1
26912,20142,3,1
37054,26749,40,4
37054,26749,40,4
34098,34098,5,1
34098,34222,5,1
35081,33846,1,1
35081,34222,1,1
31738,37061,50,1
31738,26834,50,1
36621,37061,12,3
3007,3007,3,2
6114,3007,0,1
202,2911,2,2
466,2911,1,1
1418,1539,1,1
2813,3358,1,1
58002,58010,2,1
58003,58010,3,1
58007,58010,1,1
645,1100,1,1
700,1100,34,1
886,1100,2,1
1103,1100,1,1
1487,3035,1,1
3007,3035,2,2
3009,1100,3,1
3010,1100,1,1
3035,3035,1,1
3849,3035,1,1
5200,3035,11,4
5962,3035,1,1
9861,1100,1,1
62000,1100,1,1
31640,21379,3,1
31736,21639,30,3
53010,59414,5,1
59413,59414,1,1
154,638,62,5
155,35517,30,1
638,638,134,11
645,638,22,8
1553,638,203,10
1683,638,40,4
2007,638,15,1
5669,638,35,3
9949,638,17,4
31156,35517,7,2
35552,35517,25,2
35569,35517,4,1
35571,35517,10,1
35585,35517,3,1
35587,35517,5,1
35594,35517,12,1
35627,35517,3,1
35628,35517,1,1
38525,35517,10,1
38527,638,1,1
38591,35517,8,2
38597,35517,5,4
10857,15425,60,1
13416,15425,150,2
11544,12084,5,1
11547,12084,1,1
12073,12084,3,1
12355,12084,2,1
13414,22942,7,1
13414,12084,7,1
14855,12084,8,2
14857,22942,4,1
15265,12084,2,1
15582,12084,1,1
16512,12084,3,2
18042,12084,12,2
18372,12084,1,1
19204,12084,5,2
22276,22942,7,2
22277,22942,12,2
22942,22942,66,4
22972,22942,2,2
23064,22942,9,3
26402,22942,16,2
26501,22942,10,1
27043,22942,15,2
27044,12084,5,1
27085,22942,9,5
30136,34236,1,1
36600,34255,1,1
36612,34236,1,1
37052,34236,6,1
37675,34255,1,1
39220,34236,5,1
647,5523,2,1
3103,640,1,1
571,640,1,1
638,5523,5,3
640,640,1,1
647,5523,76,7
1052,640,1,1
1064,640,17,5
1134,640,2,1
4170,5523,78,7
5275,640,5,1
5280,640,1,1
5307,640,6,1
5311,640,18,2
5334,640,23,2
5376,640,8,4
5387,640,5,1
5391,640,21,3
5425,640,6,4
5444,640,5,1
5523,5523,19,5
102,638,17,5
562,638,3,1
618,5444,1,1
638,638,79,8
647,638,36,4
1298,5444,10,1
1323,5444,1,1
1448,5444,40,5
1456,5444,74,10
1459,5444,17,4
1631,5444,4,3
1685,638,256,32
1692,5444,49,9
1693,5444,25,2
1697,5444,56,7
5308,5444,20,1
5443,638,16,7
5444,5444,12,2
6218,5444,8,2
155,647,47,6
588,5483,18,1
589,5483,3,1
591,5483,6,4
593,5483,2,1
602,5483,9,1
603,5483,1,1
612,5483,87,8
612,5483,87,8
613,5483,26,4
613,5483,26,4
614,5483,80,13
614,5483,80,13
615,5483,130,7
615,5483,130,7
617,5483,10,3
617,5483,10,3
645,5483,50,1
645,5483,50,1
647,647,33,6
1052,5483,5,4
1052,5483,5,4
1232,647,128,14
1456,5483,29,6
1509,647,1,1
1556,647,23,2
1896,647,8,3
4075,647,4,2
5315,5483,9,1
5343,5483,28,5
5343,5483,28,5
5482,647,1,1
5483,5483,4,2
5483,5483,4,2
5657,5483,19,4
5667,647,1,1
155,647,193,14
407,5444,8,4
606,5444,53,8
607,5444,52,7
608,5444,125,11
609,5444,6,3
610,5444,74,15
611,5444,48,4
647,647,54,4
674,5444,68,4
1232,647,245,17
1556,647,99,12
1896,647,16,2
3557,5444,349,20
3557,5444,349,20
4075,647,17,4
5197,5444,106,5
5202,5444,1,1
5302,5444,77,7
5346,5444,121,10
5352,647,5,1
5353,5444,151,22
5353,5444,151,22
5430,5444,20,6
5430,5444,20,6
5432,5444,97,10
5432,5444,97,10
5435,5444,1,1
5435,5444,1,1
5443,647,3,2
5444,5444,3,1
5444,5444,3,1
5634,5444,42,7
5634,5444,42,7
5661,5444,150,22
5661,5444,150,22
5667,647,30,6
6211,5444,40,1
6211,5444,40,1
9949,5444,16,2
9949,5444,16,2
612,5444,6,2
638,638,1,1
1434,638,2,1
2987,638,1,1
5432,5444,1,1
20334,20145,5,1
20334,20145,5,1
20334,20145,5,1
24068,20145,10,1
24068,20145,10,1
24068,20145,10,1
30178,20145,2,1
30178,20145,2,1
30178,20145,2,1
34202,20145,14,4
34202,20145,14,4
34202,20145,14,4
41694,20145,12,1
41694,20145,12,1
41694,20145,12,1
43898,30832,4,1
43898,30832,4,1
13907,15539,40,6
15333,15539,26,5
15359,15539,73,9
15635,15539,1,1
20068,20068,6,1
21109,15539,16,4
21109,20068,16,4
21258,20068,1,1
21711,20068,10,3
22942,20068,15,6
25114,20068,52,7
33079,20068,10,4
33432,15539,1,1
401,5444,35,1
407,5444,1,1
590,5444,23,2
606,5444,3,1
608,5444,70,1
610,5444,50,2
611,5444,25,2
1305,20068,5,1
1306,5444,11,3
1321,5444,10,1
1322,20068,1,1
3261,5444,30,4
3510,5444,86,4
3511,5444,63,5
3557,5444,20,4
5346,5444,562,19
5352,5444,111,8
5359,5444,120,8
5432,5444,23,5
5634,5444,45,3
6211,5444,90,5
20068,20068,10,1
21560,20068,15,4
21684,20068,5,1
22273,20068,3,1
22276,20068,1,1
22282,20068,57,7
23053,20068,1,1
23055,20068,4,1
23062,5444,6,1
23064,20068,9,1
26402,20068,3,1
10857,15400,12,2
11414,15400,6,1
11418,15400,50,1
11430,15400,5,1
13414,15400,17,3
13414,65409,17,3
13415,15400,80,1
13417,15400,1,1
14541,15400,8,1
14541,65409,8,1
15289,15400,22,2
15289,65409,22,2
15299,15400,35,5
15299,65409,35,5
15580,15400,3,1
65409,65409,282,11
309,5483,7,2
612,5483,105,8
614,5483,179,7
615,5483,2,1
617,5483,9,2
657,5483,1,1
659,5483,10,2
674,5483,189,10
1298,5483,11,2
1323,5483,5,1
1442,5483,20,3
1456,5483,81,3
1457,20068,2,1
1465,5483,13,2
1692,20068,2,1
5196,5483,4,1
5202,5483,104,7
5343,5483,30,1
21258,20068,2,1
22273,20068,16,2
22277,20068,12,1
22279,20068,3,1
22282,20068,31,2
22942,20068,9,1
22974,20068,10,1
22975,20068,3,1
26402,20068,5,2
26977,20068,5,1
30823,30769,1,1
30823,30769,1,1
39733,30769,4,1
39733,30769,4,1
41781,41782,5,1
42715,41782,6,2
34202,43207,2,1
21613,41694,1,1
26312,41694,6,1
34202,41694,5,2
55045,46142,8,5
56241,46142,1,1
56241,41694,1,1
56248,46142,109,8
54244,54244,2,1
57133,54244,1,1
53603,53603,16,2
55003,65409,11,2
55003,53603,11,2
60374,60290,13,2
32974,35109,45,5
34017,34017,2,1
34022,34017,7,1
35247,34017,2,1
35250,35109,241,16
35251,35109,56,6
60292,34017,15,2
65409,34017,526,35
1331,5430,2,1
5346,5430,1,1
5353,5430,20,1
55253,43208,5,1
55401,43208,7,2
60022,60290,20,1
60256,60290,6,1
60312,60290,10,1
60392,60290,9,2
60392,61349,2,1
3114,60042,5,1
4170,60042,21,2
56755,60346,2,2
60326,60042,1,1
60326,60346,1,1
60359,60042,12,1
60359,60346,12,1
60574,60346,49,2
1289,4009,1,1
28525,40322,3,1
41749,40322,38,5
42324,40322,13,1
42327,40322,1,1
42628,40322,3,1
43088,40322,4,2
43420,40322,1,1
46207,40322,42,6
46215,40322,1,1
53344,40322,8,1
53364,40322,6,1
63243,63269,15,1
56383,56383,60,1
60080,60152,183,14
60083,60152,55,2
60086,60152,47,4
60152,60152,40,2
60194,60152,35,1
22980,27063,1,1
53368,27063,5,1
39274,55521,34,3
58002,55730,1,1
51664,52400,7,2
56003,52400,1,1
56003,53234,1,1
638,47207,81,11
647,47207,225,11
2007,47207,7,1
4216,47207,185,22
51015,53269,10,1
51068,53269,1,1
51079,53269,5,1
51188,47207,2,2
51188,53269,2,2
51238,47207,1,1
51238,53269,1,1
51257,47207,3,1
51257,53269,3,1
51653,53269,33,2
51663,53269,8,1
51664,53269,276,13
52691,47207,3,1
53393,53269,6,2
53655,47207,35,1
57027,47207,40,2
58002,53269,6,1
58004,53269,7,2
20037,53603,15,1
20059,27063,15,1
20075,27063,15,2
20330,27063,62,4
20340,27063,16,2
21161,27063,39,6
22279,27063,38,4
26520,27063,2,1
26554,27063,42,7
27063,27063,1,1
53603,53603,1,1
55001,53603,11,2
55001,27063,11,2
55002,53603,6,1
55002,27063,6,1
55003,53603,114,4
55003,27063,114,4
55006,53603,6,2
55006,27063,6,2
55040,53603,4,1
55040,27063,4,1
55048,53603,70,6
55079,53603,5,1
55121,53603,2,1
55121,27063,2,1
55141,53603,42,3
55143,53603,20,1
55144,53603,12,2
55188,53603,2,2
55253,53603,10,2
55326,53603,5,2
55432,53603,18,2
55432,27063,18,2
55477,53603,0,1
55477,27063,0,1
55480,53603,20,1
55480,27063,20,1
55554,53603,1,1
55554,27063,1,1
55557,53603,2,1
56003,53603,5,1
56679,53603,9,2
56732,53603,4,2
56732,27063,4,2
57345,53603,40,3
58666,53603,31,2
52602,53054,1,1
56990,53054,3,1
41452,40489,3,1
41452,40533,3,1
41452,47131,3,1
41452,40489,3,1
41452,40489,3,1
46052,40489,5,1
46052,40533,5,1
46052,47131,5,1
46052,40489,5,1
46052,40489,5,1
58494,55137,1,1
42324,46215,2,2
42324,46215,2,2
43089,46215,6,2
43581,46215,10,2
46207,46215,12,4
46207,46215,12,4
46211,46215,2,1
47086,46215,1,1
59892,46215,1,1
40232,47351,15,1
903,3637,4,1
2624,3637,4,2
2708,3637,5,1
3607,2803,1,1
3678,3637,1,1
463,3637,1,1
463,3637,1,1
623,3637,10,2
623,3637,10,2
1150,3061,2,2
1150,3061,2,2
1799,3061,5,1
1799,3061,5,1
1810,3637,1,1
1810,3637,1,1
1927,3637,5,1
1927,3637,5,1
2004,3061,10,1
2004,3061,10,1
2855,3637,4,1
2855,3637,4,1
3012,3061,5,1
3012,3061,5,1
5948,3061,5,1
5948,3061,5,1
40528,40521,20,2
40528,40521,20,2
40528,40521,10,1
47941,40521,4,2
47941,40521,4,2
47941,40521,2,1
3220,5853,10,1
9983,5853,2,1
365,1540,2,1
367,1540,7,4
369,9895,12,2
369,9895,12,2
1171,9895,13,2
1171,9895,13,2
1335,9895,9,2
1344,1540,10,1
1376,1540,2,1
1428,1540,9,3
1492,9895,5,1
1492,9895,5,1
1493,9895,7,1
1493,9895,7,1
1540,1540,32,5
1589,9895,5,1
1589,9895,5,1
2000,9895,20,1
2000,9895,20,1
2001,1540,3,2
2006,9895,6,1
2006,9895,6,1
2830,1540,3,1
3008,1540,1,1
3632,9895,1,1
3632,9895,1,1
3633,9895,12,3
3633,9895,12,3
4037,9895,5,1
4037,9895,5,1
4115,1540,10,1
5100,1540,6,2
5949,1540,14,1
6238,1540,1,1
5929,5200,2,2
5929,5200,2,2
1369,3114,5,1
1369,3114,5,1
1445,2803,5,1
1445,2803,5,1
227,2803,15,3
227,2803,15,3
276,3637,1,1
993,3637,13,1
1232,2803,14,2
1232,2803,14,2
1232,2803,14,2
1352,3637,8,1
1352,3637,8,1
1540,2803,8,1
1540,2803,8,1
1540,2803,8,1
1553,3637,4,1
1553,3637,4,1
1592,3637,0,1
1592,3637,0,1
1625,3637,14,2
1625,3637,14,2
1741,3637,5,1
1741,3637,5,1
1784,2803,3,1
1784,2803,3,1
1784,2803,3,1
2524,3637,2,1
2524,3637,2,1
2538,3637,2,1
2538,3637,2,1
2539,3637,7,2
2539,3637,7,2
2572,2803,10,2
2572,2803,10,2
2620,3637,8,1
2620,3637,8,1
2621,2803,5,2
2621,2803,5,2
2623,2803,12,2
2623,2803,12,2
2706,2803,6,2
2706,2803,6,2
3014,2803,47,5
3014,2803,47,5
3661,2803,3,2
3661,2803,3,2
4216,3637,2,1
4216,3637,2,1
5058,3637,19,2
5058,3637,19,2
5060,3637,5,1
5060,3637,5,1
6005,2803,20,1
6005,2803,20,1
6005,2803,20,1
78,3035,4,2
102,3035,10,1
163,2987,4,1
163,4009,4,1
173,3035,3,1
176,3035,2,1
295,2987,1,1
295,4009,1,1
993,3035,6,2
995,3035,80,1
1704,2987,1,1
1704,4009,1,1
1932,3035,3,1
2524,3035,7,2
3035,3035,2,1
4014,2987,5,1
4169,3035,9,3
6271,3035,1,1
176,1927,12,3
277,1927,32,2
992,1927,8,1
1375,1487,1,1
1488,1487,1,1
1497,1487,14,3
1553,1927,39,6
1592,1927,5,1
2524,1927,6,2
2983,1487,4,1
3654,1487,2,1
4013,1487,10,1
5058,1927,22,2
60028,1487,1,1
20013,34021,2,1
20013,34021,2,1
20750,25069,34,3
20750,25069,34,3
20750,25069,34,3
21472,25069,2,2
21472,25069,2,2
21472,25069,2,2
25141,25069,42,7
25141,25069,42,7
25141,25069,42,7
25141,25069,42,7
31654,34021,1,1
31654,34021,1,1
34020,34021,1,1
34020,34021,1,1
34020,34021,1,1
34219,25069,1,1
34219,25069,1,1
34219,25069,1,1
35081,25069,3,2
35081,25069,3,2
35081,25069,3,2
35081,25069,3,2
20750,21342,2,1
20750,21342,2,1
35081,21342,2,2
35081,21342,2,2
31377,25637,3,1
33432,25637,4,3
53434,53245,1,1
63263,63227,2,1
20001,21425,3,1
20459,21617,1,1
20700,21617,5,1
21188,20807,3,1
25211,21617,1,1
36227,21617,2,1
36248,21617,1,1
36267,20807,6,1
22277,20068,20,2
23055,20068,7,1
60068,914,2,1
60083,914,3,1
60083,914,3,1
60086,914,58,5
60086,914,58,5
31156,35526,1,1
35558,5444,40,1
60080,5444,4,1
60194,5444,5,1
63888,5444,5,1
5130,61466,2,1
5131,61466,10,1
60568,61466,4,1
63907,64006,52,8
63911,64006,3,1
63913,64006,6,1
65133,61466,5,1
65444,64006,4,1
5131,60827,2,1
60411,60827,5,1
31912,34850,1,1
31940,34850,4,1
36650,34850,1,1
38261,34850,3,1
20842,25218,2,1
20842,20152,2,1
21140,25218,18,5
21140,20152,18,5
21376,21666,7,1
21376,21068,7,1
21390,21666,2,1
21390,21068,2,1
21732,25218,3,1
21732,20152,3,1
26255,21666,1,1
26255,21068,1,1
26807,25218,10,1
26807,20152,10,1
28665,25218,1,1
28665,20152,1,1
33109,21666,10,1
33109,21068,10,1
35797,25218,1,1
35797,20152,1,1
31124,31124,14,2
31816,37779,3,1
35397,31124,1,1
35488,37779,5,1
36419,37779,6,1
38129,37779,7,1
16021,13817,52,2
37019,32019,1,1
39791,39791,5,1
39791,39791,5,1
480,6206,2,2
573,6206,5,1
574,6206,1,1
576,6206,18,4
635,6206,5,1
5347,6206,1,1
5433,6206,1,1
5498,6200,10,1
5659,6206,11,2
6200,6200,3,1
60052,6200,18,2
60055,6200,1,1
60057,6200,1,1
60058,6200,15,2
60061,6200,5,2
60062,6200,9,2
60063,6200,5,1
60152,6200,24,2
60185,6200,4,1
60186,6200,5,2
60198,6206,20,1
60199,6200,7,1
60341,6200,15,1
60343,6200,9,2
63884,6200,3,2
20013,36393,3,1
20013,36393,3,1
20731,36393,1,1
20731,36393,1,1
20731,36393,1,1
21100,36393,3,2
21100,36393,3,2
25604,36393,4,1
25604,36393,4,1
25604,36393,4,1
26811,36393,2,1
26811,36393,2,1
26811,36393,2,1
36064,37119,5,1
36064,37119,5,1
37030,37119,4,1
37030,37119,4,1
37085,37119,1,1
37085,37119,1,1
31654,34017,1,1
34017,34017,10,1
34017,34017,10,1
34018,34017,1,1
34018,34017,1,1
35084,35081,2,1
35084,35081,2,1
35084,35081,2,1
35084,35081,2,1
35088,35081,5,2
35088,35081,5,2
35088,35081,5,2
35093,35081,10,1
35093,35081,10,1
35093,35081,10,1
35094,35081,5,2
35094,35081,5,2
35094,35081,5,2
35095,35081,2,1
35095,35081,2,1
35095,35081,2,1
35103,35081,2,1
35103,35081,2,1
35103,35081,2,1
35103,35081,2,1
35108,35081,1,1
35108,35081,1,1
35108,35081,1,1
35108,35081,1,1
33486,32487,2,1
33486,33307,2,1
33486,33285,2,1
647,647,5,1
2454,5610,1,1
2454,5610,1,1
2455,5610,2,1
2455,5610,2,1
2479,5610,5,1
2479,5610,5,1
3667,5610,5,1
3667,5610,5,1
5836,5610,0,1
20001,20001,5,1
37663,33736,5,1
37663,33736,5,1
21256,21256,1,1
21256,21256,1,1
33115,21256,2,1
33115,21256,2,1
33119,21256,1,1
33119,21256,1,1
33737,21256,1,1
33737,21256,1,1
34231,35191,3,1
20183,26277,11,2
20200,26277,5,4
20207,20801,1,2
20340,20801,41,2
20654,26277,6,6
20655,26277,49,5
20826,20801,12,3
20846,26277,5,1
22277,26277,6,2
23055,20801,3,1
25767,20801,1,1
25786,26277,5,1
25820,26277,40,2
25875,20801,4,1
26260,20801,10,2
26273,26277,1,1
26326,20801,12,3
26487,20801,1,1
26490,20801,10,1
26504,20801,15,2
27044,20801,18,2
27085,26277,1,1
28665,26277,1,1
22557,37779,3,1
34331,34332,1,1
38905,34332,3,1
20726,22028,10,1
20749,22028,8,1
21564,25274,12,6
21564,25636,12,6
36184,25274,4,1
36184,25636,4,1
22998,25261,2,1
25261,25261,1,1
25265,36405,2,1
25778,25261,10,1
25787,25261,2,1
36402,36405,1,1
26595,21718,18,1
33344,36278,1,1
35892,36278,10,1
36278,36278,1,1
36283,36278,2,2
20037,21258,120,15
20094,21258,49,8
20147,21258,17,3
20162,21258,68,11
20163,21258,2,2
21258,21258,6,1
21452,21258,5,1
22282,21258,162,16
22942,21258,276,5
22974,21258,91,8
22975,21258,91,10
26544,21258,24,6
26977,21258,111,4
27058,21258,99,13
31152,38525,9,2
31165,38525,23,4
35551,21258,5,1
35552,38525,4,2
35569,38525,6,2
35571,38525,24,5
35585,38525,28,6
35587,38525,75,3
35594,38525,16,3
35627,38525,131,8
35628,38525,0,1
37996,21258,864,9
38525,38525,89,4
38530,38525,10,1
38591,38525,24,5
38597,38525,27,5
547,5589,1,1
3375,5589,3,1
32399,39661,5,1
21161,63111,3,1
21161,63111,3,1
21161,63111,3,1
21161,63111,3,1
21221,63111,16,3
21221,63111,16,3
21221,63111,16,3
21221,63111,16,3
23014,63111,7,1
23014,63111,7,1
23014,63111,7,1
23014,63111,7,1
23017,63111,1,1
23017,63111,1,1
23017,63111,1,1
23017,63111,1,1
26544,63111,1,1
26544,63111,1,1
26544,63111,1,1
26544,63111,1,1
37545,63111,1,1
37545,63111,1,1
37545,63111,1,1
37545,63111,1,1
647,647,6,1
5200,647,5,1
5602,5602,2,1
5602,2894,2,1
5618,5602,5,1
5618,2894,5,1
21161,63170,7,2
26416,63170,4,3
26544,63170,1,1
26583,63587,0,1
37662,63170,3,1
63192,63587,16,3
63289,63587,5,1
63291,63587,2,1
63298,63587,1,1
63302,63587,3,2
63436,63170,3,1
63587,63587,5,2
222,224,10,1
800,224,9,1
3375,224,5,1
5507,224,2,1
5507,5506,2,1
5200,647,1,1
5555,5602,1,1
5555,5602,1,1
5602,5602,5,1
5602,5602,5,1
3523,428,15,1
6007,428,8,2
61468,428,1,1
20037,22942,186,20
20094,22942,109,13
20147,22942,63,8
20155,60290,1,1
20162,22942,5,1
20163,22942,0,1
21452,22942,30,3
22282,22942,10,2
22942,22942,7,3
22974,22942,85,4
26544,22942,69,9
27058,22942,155,7
60298,60290,10,1
60308,60290,10,1
60310,60290,1,1
60320,60290,24,2
60327,60290,7,7
61417,60290,40,4
61493,60290,10,1
65158,60290,6,2
65159,60290,8,4
65160,60290,7,2
65162,60290,4,1
65231,60290,1,1
65388,60290,50,1
20068,20068,5,1
20068,20068,5,1
20092,20068,8,5
20092,20068,8,5
20147,20068,14,2
20147,20068,14,2
20162,20068,5,1
20162,20068,5,1
21109,20068,35,5
21109,20068,35,5
21109,34021,35,5
21258,20068,10,4
21258,20068,10,4
21560,20068,31,5
21560,20068,31,5
22282,20068,12,1
22282,20068,12,1
22942,20068,272,9
22942,20068,272,9
23064,20068,53,8
23064,20068,53,8
26484,20068,15,3
26484,20068,15,3
26516,20068,9,4
26516,20068,9,4
26518,20068,5,2
26518,20068,5,2
26538,20068,15,3
26538,20068,15,3
27043,20068,10,3
27043,20068,10,3
30078,20068,3,1
30078,20068,3,1
34017,34021,41,2
34017,34021,41,2
34017,34021,41,2
35056,34021,2,1
35056,34021,2,1
35056,34021,2,1
35078,20068,5,1
35078,20068,5,1
35081,20068,5,1
35081,20068,5,1
60222,34021,5,1
60222,34021,5,1
60222,34021,5,1
60245,34021,36,4
60245,34021,36,4
60245,34021,36,4
60290,34021,5,1
60290,34021,5,1
60290,34021,5,1
60292,34021,15,1
60292,34021,15,1
60292,34021,15,1
60298,34021,22,3
60298,34021,22,3
60298,34021,22,3
60354,34021,11,2
60354,34021,11,2
60354,34021,11,2
60374,34021,16,2
60374,34021,16,2
60374,34021,16,2
60376,34021,8,1
60376,34021,8,1
60376,34021,8,1
60381,20068,4,1
60381,20068,4,1
63984,34021,12,4
63984,34021,12,4
63984,34021,12,4
65156,34021,2,1
65156,34021,2,1
65156,34021,2,1
65299,34021,4,1
65299,34021,4,1
65299,34021,4,1
65300,34021,6,1
65300,34021,6,1
65300,34021,6,1
65384,34021,5,1
65384,34021,5,1
65384,34021,5,1
20059,33740,40,1
20059,33740,40,1
20092,22942,79,6
20092,22942,79,6
20147,22942,14,2
20147,22942,14,2
20150,33740,15,2
20150,33740,15,2
20155,33740,1,1
20162,22942,4,1
20162,22942,4,1
21558,22942,25,2
21558,22942,25,2
21560,22942,80,5
21560,22942,80,5
22942,22942,308,8
22942,22942,308,8
23053,22942,110,12
23053,22942,110,12
23055,22942,174,16
23055,22942,174,16
23064,22942,90,16
23064,22942,90,16
26516,22942,10,2
26516,22942,10,2
26518,22942,36,11
26518,22942,36,11
26538,22942,64,5
26538,22942,64,5
60272,33740,11,2
60272,33740,11,2
60276,33740,31,8
60276,33740,31,8
60278,33740,16,3
60278,33740,16,3
60281,22942,0,1
60281,22942,0,1
60285,33740,29,5
60285,33740,29,5
60290,33740,18,2
60290,33740,18,2
60303,33740,5,1
60303,33740,5,1
60308,33740,5,1
60308,33740,5,1
60309,33740,7,3
60309,33740,7,3
60356,33740,12,3
60356,33740,12,3
60358,33740,1,1
60358,33740,1,1
61314,33740,3,1
61314,33740,3,1
63458,33740,17,3
63458,33740,17,3
30136,30800,20,1
30136,30800,20,1
30601,30800,1,1
30601,30800,1,1
40697,41738,1,1
40697,41738,1,1
40726,41738,2,1
42102,41738,6,2
42102,30800,6,2
42102,41738,6,2
42102,30800,6,2
4009,6270,72,7
9855,6270,2,1
60051,60152,6,1
60060,6270,2,1
60080,60152,20,2
60086,60152,55,5
60092,60152,7,1
60095,60152,25,3
60102,60152,5,1
60152,60152,23,4
60827,6270,3,1
63699,6270,12,3
63699,60152,12,3
63888,60152,10,1
20727,28607,1,1
21747,28607,6,3
21747,20152,6,3
25608,28607,2,1
25608,20152,2,1
30992,30988,3,1
30992,21139,3,1
32303,28607,5,3
32303,20152,5,3
32371,28607,2,1
32371,20152,2,1
32437,30988,4,1
32437,21139,4,1
32445,30988,10,2
32445,21139,10,2
32447,30988,25,2
32447,21139,25,2
32448,30988,1,1
32448,21139,1,1
32450,30988,9,3
32450,21139,9,3
32481,30988,24,4
32481,21139,24,4
35378,28607,10,1
35378,20152,10,1
38244,30988,1,1
38244,21139,1,1
38283,30988,2,1
38283,21139,2,1
21372,60290,3,1
10076,15368,14,1
10076,15368,14,1
13701,15368,19,1
13701,15368,19,1
15463,15355,1,1
15537,15355,1,1
60198,4009,15,1
294,60152,5,1
40679,52373,4,1
40679,43266,4,1
40868,52373,4,1
55381,52373,1,1
15857,19906,5,1
15857,19333,5,1
15861,19333,1,1
12403,60639,2,1
60639,60672,4,1
60639,60639,4,1
60893,60672,4,1
60893,60639,4,1
60899,60672,3,1
60900,60672,1,1
60900,60639,1,1
63472,60672,1,1
63472,60639,1,1
20142,21425,2,1
32612,39705,1,1
32647,39705,3,2
32727,39705,5,1
21161,36430,10,1
21356,36430,20,1
26806,36430,8,2
32869,34332,5,1
35712,34332,1,1
36008,34332,2,1
36026,34332,1,1
63516,1364,1,1
63516,60812,1,1
30087,38525,396,12
30087,39645,396,12
30858,39645,5,1
31152,38525,9,1
31156,38525,11,2
31165,38525,10,3
31857,39645,3,1
35560,38525,10,2
35569,38525,4,2
35586,39645,10,1
35587,38525,1,1
35594,38525,24,3
35627,38525,31,6
35628,38525,11,2
38525,38525,4,1
38597,38525,6,3
39161,39645,45,5
39190,39645,1,1
39223,39645,6,2
39243,39645,2,1
39296,38525,40,2
39296,39645,40,2
39300,38525,1,1
39300,39645,1,1
39589,38525,80,5
39589,39645,80,5
39635,38525,22,3
39635,39645,22,3
39645,39645,68,6
20137,22028,1,1
20137,27997,1,1
20353,22028,3,1
20353,27997,3,1
21472,22028,11,3
33767,25274,36,6
33767,25636,36,6
36344,22028,5,1
36344,27997,5,1
36380,25274,1,1
36380,25636,1,1
37442,25274,0,1
37442,25636,0,1
63262,63418,1,1
63262,63227,1,1
11002,31075,40,2
11002,31075,40,2
11009,31075,22,3
11009,31075,22,3
11010,31075,12,2
11010,31075,12,2
11011,31075,35,4
11011,31075,35,4
13203,31075,31,3
13203,31075,31,3
13219,31075,5,1
13219,31075,5,1
20001,21378,79,9
20001,20001,79,9
21378,21378,25,2
21705,21378,2,1
31074,31075,3,1
31074,31075,3,1
31152,35526,7,1
31156,35526,2,1
34017,35518,15,1
34069,35518,40,1
35552,35526,11,2
35560,35526,18,3
35571,35526,2,1
35587,35526,129,8
38525,35526,40,5
38530,35526,3,2
60290,35518,49,10
60292,35518,6,2
60298,35518,40,5
60307,35518,22,2
60308,35518,32,4
60310,35518,27,5
60314,35526,24,4
60320,35518,40,2
60817,35526,5,1
60817,35518,5,1
61314,35518,77,6
63975,35518,4,4
65157,35526,1,1
65303,35518,2,1
65304,35526,6,1
11001,31075,18,4
11010,31075,3,2
11012,31075,5,1
11015,31075,1,1
11270,31657,1,1
11271,31075,2,1
31074,31075,3,1
31208,31657,6,2
31380,31657,3,1
32062,31657,5,1
34782,31657,5,1
38172,31657,1,1
21195,39661,1,1
21195,63111,1,1
21195,39685,1,1
439,426,5,1
23014,63111,25,3
23016,63111,3,1
23017,63111,2,2
27010,63111,22,2
39661,63111,7,1
34934,63111,1,1
155,1540,7,2
1232,1540,25,2
1553,60152,5,1
1556,1540,10,1
5667,1540,9,2
60085,60152,7,1
155,1540,11,2
1556,1540,10,1
4075,1540,7,2
60053,60152,1,1
60054,60152,5,1
60057,60152,2,1
60058,60152,10,1
60060,60152,1,1
60061,60152,154,9
60062,60152,15,1
60199,60152,5,1
61423,60152,9,1
63884,60152,2,1
155,1540,5,1
1232,1540,3,1
1540,1540,20,1
1556,1540,10,1
1685,1540,40,2
4075,1540,5,1
60061,60152,7,1
60147,60152,1,2
60149,60152,5,1
60151,60152,3,2
61143,60152,3,1
61144,60152,15,1
61303,60152,21,3
61440,60152,1,1
1540,1540,11,2
1556,1540,20,2
5667,1540,1,1
60152,60152,6,2
60197,60152,3,1
61244,60152,8,2
61247,1540,1,1
63881,60152,10,1
63887,60152,1,1
5132,65135,1,1
9936,65135,83,2
60217,34001,1,1
65156,34001,20,2
65303,34001,5,2
40322,43009,6,3
40322,43009,6,3
40322,43009,6,3
43009,43009,32,5
43009,43009,32,5
43009,43009,32,5
43029,43009,6,3
43029,43009,6,3
43029,43009,6,3
51590,43134,2,1
51590,43134,2,1
51591,43134,12,2
51591,43134,12,2
52174,43134,5,4
52174,43134,5,4
55115,43134,7,4
55115,43134,7,4
55253,43134,8,2
55253,43134,8,2
55362,43134,1,1
55362,43134,1,1
55525,43009,1,1
55525,43009,1,1
55525,43009,1,1
56877,43009,14,2
56877,43009,14,2
56877,43009,14,2
172,60001,5,1
174,1540,6,1
175,60001,4,1
176,1540,50,6
180,1540,82,7
181,1540,5,1
182,1540,9,6
184,1540,6,1
186,1540,3,2
195,1540,7,1
277,1540,181,12
645,1540,22,4
992,1540,2,1
1540,1540,200,23
2524,1540,57,7
34001,60001,1,1
35055,60001,5,1
60237,60001,9,3
60271,60001,3,1
60290,60001,2,1
60292,60001,3,1
60310,60001,10,2
60314,1540,15,1
60327,60001,9,2
60352,1540,1,1
61314,60001,21,3
65156,60001,15,1
65159,60001,11,2
65231,60001,1,1
65388,60001,10,1
1626,65134,5,1
2006,65134,10,1
2831,65134,20,1
5130,65134,10,1
5830,65134,10,1
9810,65134,34,4
60237,60290,10,1
60314,65134,2,1
65160,60290,4,2
65278,60290,7,1
21711,20068,1,1
22942,20068,1,1
25114,20068,5,1
33607,31280,1,1
11045,31075,2,1
11045,31075,2,1
22028,37779,4,1
32030,37779,6,1
15551,12539,7,1
11858,32142,5,1
22028,22028,20,1
40293,51718,20,1
40293,43137,20,1
40293,43137,20,1
43269,43094,12,3
43269,43094,12,3
43269,43094,12,3
43269,52154,12,3
2006,65134,5,1
60278,60290,5,1
3035,3022,34,3
4216,3022,10,2
60912,60826,3,1
60922,60826,10,1
10099,15400,4,2
10137,15400,3,1
11001,13777,49,10
11010,13777,16,3
11011,13777,3,1
11013,13777,5,1
11015,13777,7,4
11270,15400,3,1
11271,13777,1,1
11328,15400,31,2
12132,15400,5,1
13907,15400,11,6
15209,13777,3,1
15211,15400,24,3
15333,15400,5,1
15359,15400,22,3
15640,15400,11,2
54558,55509,7,2
54558,56768,7,2
54558,56768,7,2
54558,56768,7,2
54558,56768,7,2
54558,55509,7,2
55010,56768,1,1
55010,56768,1,1
55010,56768,1,1
55010,56768,1,1
55047,55509,7,2
55047,55509,7,2
55047,55509,7,2
55047,55509,7,2
55048,56768,8,2
55048,56768,8,2
55048,56768,8,2
55048,56768,8,2
55210,55509,1,1
55210,55509,1,1
55210,55509,1,1
55210,55509,1,1
55240,55509,5,1
55240,55509,5,1
55240,55509,5,1
55240,55509,5,1
56770,56768,2,1
56770,56768,2,1
56770,56768,2,1
56770,56768,2,1
56772,55509,9,5
56772,55509,9,5
56772,55509,9,5
56772,56768,9,5
56772,56768,9,5
56772,56768,9,5
56772,56768,9,5
56772,55509,9,5
56776,55509,3,1
56776,55509,3,1
56776,55509,3,1
56776,55509,3,1
56802,56768,3,3
56802,56768,3,3
56802,56768,3,3
56802,56768,3,3
56947,56768,10,1
56947,56768,10,1
56947,56768,10,1
56947,56768,10,1
52174,56819,41,5
52174,56819,41,5
55071,56795,10,1
55071,56795,10,1
55115,56819,23,2
55115,56819,23,2
55253,56819,10,2
55253,56819,10,2
55256,56819,5,1
55256,56819,5,1
56245,56795,1,1
56245,56795,1,1
56247,56795,3,1
56247,56795,3,1
56477,56795,8,1
56477,56795,8,1
56876,56819,0,1
56876,56819,0,1
10137,32362,46,2
12092,32362,10,1
12571,32362,3,1
14590,32362,1,1
15891,32362,5,2
15894,32362,40,1
15906,37996,1,1
21165,32362,20,1
21165,35690,20,1
21230,32362,5,1
21230,35690,5,1
21377,32362,30,1
21377,35690,30,1
21558,37996,73,6
22276,37996,31,5
22277,37996,90,12
22972,37996,230,20
22975,37996,136,15
23051,32362,10,1
23051,35690,10,1
23053,37996,128,13
23055,37996,47,9
26402,37996,19,4
26516,37996,48,9
26520,32362,2,1
26520,35690,2,1
26946,37996,4,1
30057,32362,7,2
30059,32362,313,18
30775,37996,33,1
30806,32362,3,1
32362,37996,3,1
32362,32362,3,1
32909,32362,3,1
32909,35690,3,1
33605,37996,90,2
33606,37996,100,1
33609,32362,1124,39
34286,32362,52,7
34426,37996,60,2
35290,32362,2,1
35690,37996,290,22
35690,32362,290,22
35690,35690,290,22
35691,37996,1,1
36500,37996,4,1
36534,37996,10,1
37996,37996,39,4
38394,37996,1,1
669,15349,3,1
10066,15343,5,1
14856,15343,16,2
15615,15343,3,1
16512,15349,2,1
222,6229,10,1
1650,6229,27,3
4171,6229,1,1
5200,6229,2,1
6198,6198,1,1
51664,51665,7,2
55137,50961,3,1
58006,51665,3,1
58007,51665,2,2
58008,51665,13,2
61277,61362,3,1
61277,60501,3,1
3093,1364,1,1
5937,1364,9,1
60444,1364,1,1
60444,60444,1,1
60812,1364,2,1
60812,60444,2,1
13992,14429,1,1
14381,14429,9,1
10313,14183,1,1
10313,14183,1,1
10313,19239,1,1
13602,19239,1,1
14183,14183,1,1
14183,14183,1,1
16486,19239,1,1
647,638,91,15
647,638,91,15
4170,638,139,8
5949,638,23,3
32974,35108,18,4
33095,35108,18,8
35083,638,20,1
35083,638,20,1
35095,35108,2,1
35099,35108,10,2
35250,35108,16,4
35251,35108,27,6
35252,35108,30,4
202,647,45,7
559,647,404,32
647,647,303,16
1222,647,93,16
1540,21258,14,1
1589,647,10,6
1744,647,42,6
2070,647,9,1
2071,647,10,4
2595,647,2,1
4216,647,99,6
5853,647,4,1
21258,21258,6,2
21371,647,2,1
22273,21258,2,2
22276,21258,19,4
22277,21258,37,3
22279,21258,48,9
22282,21258,57,9
22942,21258,90,3
22970,21258,38,8
22972,21258,8,2
22974,21258,86,16
26402,21258,84,8
26946,21258,17,3
26946,647,17,3
26977,21258,106,11
1074,22942,12,1
1074,1487,12,1
1078,1487,43,5
1084,1487,31,4
1240,22942,18,3
1240,1487,18,3
1485,1487,72,9
1486,1487,10,2
1488,1487,47,7
1497,1487,16,4
1812,1487,30,3
1944,1487,206,10
2981,1487,26,3
2982,1487,156,16
2983,1487,28,5
3087,1487,9,2
5821,1487,17,2
5825,1487,26,3
5855,1487,55,4
20092,22942,15,1
22282,22942,24,4
23053,22942,12,1
23055,22942,25,3
26516,22942,23,2
26520,1487,2,1
26525,22942,5,1
26538,22942,3,1
60028,1487,13,3
38466,30897,1,1
30059,33802,2,1
37528,37528,2,2
38121,38865,3,1
57001,57022,69,7
57002,57022,69,7
57003,57022,6,1
57004,57022,15,1
57007,57022,1,1
57022,57022,5,1
58002,57022,11,2
58002,58010,11,2
58004,58010,26,6
58006,58010,57,6
58007,58010,4,2
58008,58010,66,5
58009,58010,36,4
575,12442,1,1
581,12442,11,3
1325,12442,4,1
1640,12442,17,4
5196,12442,6,1
5331,12442,3,1
5341,12442,3,1
10347,15359,9,1
11286,15359,5,1
13107,15359,34,6
14094,15359,5,1
14125,15359,41,5
14330,15359,10,1
15359,15359,10,1
19379,15359,3,2
19532,15359,1,1
4170,32362,65,3
6109,15533,20,1
15180,15533,4,1
60337,32362,3,1
10856,12075,3,1
11152,11153,84,6
11161,11153,3,1
11162,11153,10,1
11356,12075,10,1
11411,12075,1,1
11434,12075,1,1
11436,12075,2,1
11547,11153,1,1
11548,12075,6,2
11551,12075,6,5
11571,12075,11,2
12139,12075,3,1
12284,11153,27,3
12287,11153,3,1
12288,11153,303,12
12289,11153,5,1
12292,11153,21,6
12295,11153,14,3
12340,11153,18,3
12355,11153,5,1
12833,11153,2,1
13108,11153,189,19
13179,11153,30,8
13326,11153,6,2
13332,11153,79,8
13475,11153,6,5
14540,12075,9,2
14838,12075,13,3
14847,11153,20,1
14855,12075,5,3
14910,12075,4,2
14926,12075,3,2
14931,12075,2,1
15287,12075,2,2
15300,11153,1,1
15514,11153,21,2
15572,12075,18,3
15573,11153,5,1
15593,11153,1,1
15596,12075,1,1
15607,11153,3,1
15622,12075,1,1
15693,12075,10,4
16505,12075,1,1
19180,11153,20,7
19735,12075,139,12
6102,60901,2,1
15001,15597,3,1
21257,26834,1,1
21627,26834,5,1
30530,26834,2,1
30819,37119,5,1
20001,37785,10,1
407,1064,103,13
606,1064,3,1
608,1064,11,4
609,1064,10,2
610,1064,14,6
611,1064,33,6
659,1064,61,7
663,1064,7,3
674,1064,15,4
1064,1064,9,1
1323,1064,29,6
1331,1064,3,2
1450,1064,47,6
1451,33802,10,1
1747,1064,58,3
3557,1064,58,6
5202,1064,1,1
5346,1064,48,9
5353,1064,144,15
5432,1064,33,6
5634,1064,37,6
5660,33802,6,2
5661,1064,96,9
6211,1064,5,1
11057,1064,1,1
11357,1064,1,1
11363,1064,1,1
11858,33802,41,5
12284,33802,22,4
12286,33802,5,1
12287,33802,28,3
12288,33802,18,1
12289,33802,51,3
12291,33802,16,2
12293,33802,49,5
12295,33802,34,5
12296,33802,78,10
13108,33802,109,15
13175,33802,22,3
13452,33802,19,3
13475,33802,35,4
31078,33802,13,3
33802,33802,75,4
11356,12236,6,1
11433,12236,112,7
11625,12236,3,1
12118,11153,2,1
12284,11153,2,1
13318,11153,5,1
14540,12236,1,1
14926,12236,5,1
14928,11153,1,1
15287,12236,20,1
15290,11153,20,1
15290,12236,20,1
15514,11153,5,1
15582,12236,3,1
15590,12236,1,1
15693,12236,1,1
558,5543,8,1
3220,5543,5,1
35569,35526,11,2
38597,35526,10,1
43009,42667,10,1
43009,42667,10,1
50835,51565,1,1
50835,51565,1,1
53182,51565,3,2
53182,42667,3,2
53182,42667,3,2
53182,51565,3,2
202,221,23,3
4216,221,1,1
51410,58010,1,1
52928,58010,1,1
11152,22942,2,1
11162,22942,2,1
11544,12084,14,3
11547,12084,4,4
12073,12084,5,2
12116,12084,4,2
12355,12084,10,3
14855,12084,26,5
14857,22942,10,1
15265,12084,1,1
16512,12084,3,2
18161,22942,17,2
18162,12084,2,2
18372,12084,21,3
19204,12084,6,2
19355,12084,30,1
22273,22942,6,1
22276,22942,44,3
22277,22942,69,8
22942,22942,112,9
22970,22942,9,2
22972,22942,52,8
23064,22942,118,18
26402,22942,52,7
26501,22942,77,8
26946,12084,16,1
26946,22942,16,1
27043,22942,47,10
27085,22942,46,3
10049,12084,10,1
10509,12084,10,1
10509,22942,10,1
10510,12084,30,4
11152,22942,12,2
11415,12084,27,5
11418,12084,1,1
11427,12084,1,1
11430,12084,2,1
12073,12084,9,3
12074,12084,3,1
13426,12084,41,5
13426,22942,41,5
14541,12084,7,2
14541,22942,7,2
14542,12084,7,3
14542,22942,7,3
15296,12084,18,6
15296,22942,18,6
15299,12084,11,1
15299,22942,11,1
15514,22942,9,2
15572,12084,7,1
15590,12084,82,2
15591,22942,6,1
15602,22942,1,1
15603,12084,9,1
15693,12084,12,4
19395,12084,5,1
19395,22942,5,1
19980,12084,4,2
19980,22942,4,2
19982,12084,36,5
19982,22942,36,5
19985,12084,3,2
19985,22942,3,2
19986,12084,21,4
19986,22942,21,4
20330,12084,5,1
22276,22942,43,4
22277,22942,89,17
22942,22942,56,13
22970,22942,34,5
22972,22942,25,3
23064,22942,68,14
26402,22942,27,6
26501,22942,68,12
27043,22942,89,14
27085,22942,48,10
634,1558,32,2
635,1558,11,3
647,647,77,9
1106,647,94,10
1323,1558,5,1
1356,1558,25,5
1443,1558,1,1
1448,1558,16,3
1558,1558,40,7
1631,1558,17,5
1692,1558,28,5
1693,1558,24,4
1697,1558,67,9
5200,647,1725,32
5201,1558,26,4
20328,30834,2,1
26838,30834,1,1
647,638,46,2
4170,638,1,1
5334,5391,20,1
5387,5391,2,1
5391,5391,30,1
202,638,152,14
227,638,35,4
548,638,63,10
635,1052,10,1
638,638,2,1
640,1052,2,1
1323,1052,13,2
1356,1052,5,3
2760,638,37,7
2782,638,28,4
3228,1052,70,9
5193,1052,1,1
5308,1052,3,3
5334,1052,1,1
5391,1052,11,2
5393,638,2,1
5853,638,4,2
6218,1052,14,2
604,1498,4,1
612,1498,11,4
614,1498,1,1
800,5589,2,1
5358,1498,2,1
5589,5589,26,7
5644,5589,14,2
5661,1498,10,3
5837,1498,1,1
20001,20145,3,1
25937,30212,0,1
40053,30212,1,1
40110,30212,5,1
40110,20145,5,1
46096,46142,6,1
47907,40668,2,1
47976,40668,2,1
56795,46142,1,1
40012,40752,2,1
40012,40752,2,1
40024,40752,6,2
40024,40752,6,2
40180,40752,1,1
40180,40752,1,1
40447,40752,2,1
40447,40752,2,1
41382,40752,1,1
41382,40752,1,1
47962,40752,7,1
47962,40752,7,1
40874,55532,5,1
46136,55532,1,1
43009,43009,3,1
58120,65409,10,1
12287,19180,8,1
12291,19180,2,1
12293,19180,11,2
12295,19180,10,1
12296,19180,1,1
19180,19180,8,1
19911,19180,1,1
638,638,2,1
638,638,2,1
4170,638,220,14
5949,638,51,4
50200,56202,5,1
52499,56202,10,1
54133,56202,2,1
54249,56202,15,2
54267,56202,2,1
56202,56202,1,1
57001,56202,1,1
57114,56202,49,5
57120,56202,9,4
57121,56202,9,2
57123,56202,9,3
57131,56202,25,2
57133,56202,17,5
57134,56202,10,1
59045,56202,30,2
35550,38525,2,2
35569,38525,3,1
38525,38525,2,2
41521,38525,1,1
41521,46953,1,1
53344,38525,13,2
53344,46953,13,2
407,6211,1,1
1451,53364,10,1
5353,6211,30,2
41764,53364,10,2
41764,6211,10,2
41781,53364,5,1
41844,53364,21,3
41844,6211,21,3
53344,53364,3,1
53344,6211,3,1
53368,53364,1,1
53368,6211,1,1
638,47207,5,1
647,47207,219,9
2007,47207,3,1
47207,47207,1,2
51015,51699,1,1
51015,51699,1,1
51068,51699,18,4
51068,51699,18,4
53168,51699,9,2
53168,51699,9,2
53585,51699,2,1
53585,51699,2,1
53639,51699,10,3
53639,51699,10,3
58004,51699,10,1
58006,51699,11,3
58010,51699,1,1
58010,51699,1,1
40691,40053,6,1
36062,38437,8,2
36063,31690,1,1
40772,43461,5,1
42220,43461,1,1
42220,42220,1,1
43220,43461,15,1
46187,43461,1,1
102,102,1,1
102,102,1,1
105,2001,2,1
105,2001,2,1
112,2001,2,1
112,2001,2,1
123,2001,5,1
123,2001,5,1
124,102,3,1
124,102,3,1
366,2001,10,1
366,2001,10,1
367,2001,4,2
367,2001,4,2
1171,102,2,2
1171,102,2,2
1428,2001,1,1
1428,2001,1,1
1819,102,9,1
1819,102,9,1
2006,102,5,1
2006,102,5,1
2781,2001,1,1
2781,2001,1,1
3859,2001,1,1
3859,2001,1,1
4075,2001,3,1
6057,102,2,1
6057,102,2,1
6238,2001,11,1
6238,2001,11,1
9893,102,3,1
9893,102,3,1
34718,39246,8,2
39289,39246,10,2
39299,39426,5,2
39426,39246,15,1
39426,39426,15,1
32145,33655,2,1
32145,33655,2,1
32145,34425,2,1
32145,32821,2,1
5645,5591,15,1
5645,2323,15,1
5645,4024,15,1
5645,2306,15,1
6048,4024,3,1
6048,4024,3,1
6048,2306,3,1
38839,32313,1,1
107,548,17,2
107,548,17,2
107,548,17,2
191,2901,6,2
191,2911,6,2
191,2911,6,2
558,548,13,2
558,548,13,2
558,548,13,2
558,548,13,2
2612,548,5,1
2612,548,5,1
2612,548,5,1
2612,548,5,1
2834,548,10,1
2834,548,10,1
2834,548,10,1
2834,548,10,1
2901,2901,15,1
2911,2901,1,1
2911,2911,1,1
2911,2911,1,1
3559,548,4,1
3559,548,4,1
3559,548,4,1
6272,548,80,3
102,9855,6,2
102,5130,6,2
140,9855,12,4
140,9855,12,4
140,9855,6,2
140,5130,6,2
144,9855,10,6
144,9855,10,6
144,9855,5,3
144,5130,5,3
145,9855,5,1
145,9855,5,1
151,9855,4,1
151,9855,4,1
316,9855,20,4
316,5130,20,4
1202,9855,3,3
1202,5130,3,3
3634,9855,3,1
3634,9855,3,1
6271,9855,1,1
6271,5130,1,1
9855,9855,1,1
9855,9855,1,1
20335,28659,2,1
21531,28659,6,2
26174,26166,1,1
26465,26166,1,1
26472,26166,7,1
26472,28659,7,1
623,3637,32,3
903,3637,1,1
1078,9968,55,7
1078,9968,55,7
1084,9968,6,1
1084,9968,6,1
1347,9968,1,1
1347,9968,1,1
1485,9968,5,1
1485,9968,5,1
1497,9968,47,3
1497,9968,47,3
2024,3637,20,1
2982,9968,2,2
2982,9968,2,2
3654,9968,2,1
3654,9968,2,1
3658,3637,2,1
5886,3637,32,3
6134,3637,10,1
3062,2893,1,1
3062,5904,1,1
120,6136,5,1
120,6136,5,1
129,462,8,2
129,462,8,2
176,6136,2,2
176,6136,2,2
182,462,2,1
182,462,2,1
192,462,1,1
192,462,1,1
277,6136,20,1
366,462,20,2
366,462,20,2
367,462,3,1
367,462,3,1
993,6136,5,1
1428,6136,5,1
1428,6136,5,1
2524,6136,3,1
2524,6136,3,1
2524,462,3,1
2524,462,3,1
2612,6136,5,1
2612,6136,5,1
2615,6136,10,2
2615,6136,10,2
2831,462,3,1
2831,462,3,1
2834,462,10,1
3634,462,7,3
3634,462,7,3
5830,462,3,2
5830,462,3,2
6135,462,5,1
6135,462,5,1
9810,462,50,1
9810,462,50,1
9903,462,2,1
9903,462,2,1
78,102,2,2
155,2001,156,14
172,2001,11,2
173,102,8,1
174,102,50,1
175,2001,3,1
176,102,19,3
177,2001,2,1
1088,2001,5,2
1093,2001,5,1
1095,2001,6,2
1749,2001,1,1
2001,2001,97,9
2758,102,13,2
2759,102,3,1
2775,2001,4,1
2776,102,21,4
4075,2001,66,2
4133,2001,28,4
5666,2001,258,9
5667,2001,81,3
5668,102,65,2
6023,2001,445,10
6023,102,445,10
9951,102,1,1
543,1487,10,1
1488,1487,2,1
1497,1487,1,1
2982,1487,2,1
3087,1487,4,1
3607,1487,2,1
5886,1487,10,5
73,2722,17,2
73,4009,17,2
102,102,2,1
102,102,2,1
137,2722,1,1
137,4009,1,1
138,2722,20,1
138,4009,20,1
149,2722,6,1
149,4009,6,1
151,2722,5,1
151,4009,5,1
153,2722,3,1
153,4009,3,1
175,2722,9,1
175,4009,9,1
229,2722,3,1
229,4009,3,1
276,102,1,1
329,2722,10,1
329,4009,10,1
330,2722,10,1
330,4009,10,1
332,2722,15,2
332,4009,15,2
543,2722,1,1
993,102,10,1
1553,102,2,2
1553,102,2,2
1592,102,4,1
1592,102,4,1
1616,2722,6,2
1749,2722,13,1
1749,4009,13,1
1932,102,20,1
1932,102,20,1
2190,2722,11,2
2190,4009,11,2
2524,102,17,3
2524,102,17,3
2562,102,2,1
2562,102,2,1
3018,2722,5,1
3018,4009,5,1
3634,2722,2,1
3820,102,2,1
3820,102,2,1
4009,2722,5,3
4009,4009,5,3
5058,102,70,5
5058,102,70,5
5059,102,5,1
5059,102,5,1
5130,102,80,1
5130,102,80,1
6271,102,5,1
6271,102,5,1
26151,26356,90,4
26167,26356,4,1
78,1371,2,1
543,1365,8,1
1352,1371,3,1
1431,1365,5,1
1592,1371,2,1
1731,1371,5,1
4216,1371,6,2
5058,1371,107,3
5100,1365,51,3
5100,1302,51,3
6131,1365,4,1
32052,63227,10,1
32052,63111,10,1
63946,63227,3,2
21001,21109,0,1
21001,21109,0,1
21109,38130,1,1
21109,38130,1,1
21109,21109,1,1
21109,21109,1,1
21457,38130,20,2
21457,38130,20,2
25642,21109,7,1
25642,21109,7,1
25682,38130,10,2
25682,38130,10,2
31124,21109,3,2
31124,21109,3,2
31377,38130,3,1
31377,38130,3,1
31377,21109,3,1
20001,21342,4,1
41139,43713,9,2
41743,42409,8,1
43728,43713,4,1
46953,42409,2,1
47110,42409,6,1
47491,43713,38,4
47528,43713,4,1
53344,42409,3,1
53344,43713,3,1
42659,47403,5,1
42659,47403,5,1
47884,43623,2,2
47884,43623,2,2
47884,43623,2,2
21188,21109,8,1
21188,21109,8,1
21472,21109,2,1
26635,21109,4,2
26635,21109,4,2
12368,14082,3,1
13106,14082,1,1
13107,14082,5,1
13907,14082,20,1
342,5498,50,1
12441,6206,1,1
13482,6206,1,1
14788,5498,1,1
14806,6206,212,10
15204,6206,7,3
15211,6206,45,4
15220,6206,2,1
15222,6206,1,1
15225,6206,2,1
60083,5498,21,2
60092,5498,20,1
60102,5498,2,1
60060,60290,20,1
60080,60152,42,5
60083,60152,10,1
60086,60152,3,1
60102,60152,19,3
60152,60152,2,1
60287,60290,43,6
60290,60290,36,2
60298,60290,20,2
60307,60290,93,8
60313,60290,19,4
60320,60290,43,6
63888,60152,9,2
21173,32231,12,1
21730,32366,1,1
21770,32231,13,3
32172,32366,3,3
38325,32366,1,1
39570,32366,1,1
31159,31635,20,3
31338,31635,1,1
31408,31635,5,1
31610,31647,1,1
31635,31635,1,1
36023,31647,3,1
37623,31647,3,1
38110,31635,4,2
38121,31635,10,1
38160,31635,16,2
38174,31647,4,2
11168,11208,3,1
11168,12092,3,1
11837,11208,1,1
12088,12092,2,1
12089,12092,1,1
15061,12092,15,1
4216,3007,2,1
61152,3007,1,1
61152,3061,1,1
31922,32740,2,1
37269,32740,1,1
21258,21258,2,1
21371,33432,1,1
21373,33432,4,1
21684,21258,2,1
21817,21258,2,1
22273,21258,11,2
22276,21258,30,1
22277,21258,104,9
22282,21258,21,2
22942,21258,24,4
22970,21258,15,3
22972,21258,13,4
22974,21258,26,3
22975,21258,10,1
26402,21258,48,4
26946,33432,4,1
26946,21258,4,1
26977,21258,11,2
33390,33432,6,2
33768,33432,1,1
34447,33432,1,1
34448,33432,493,19
34450,21258,40,1
34732,33432,1,1
35892,33432,6,1
36288,33432,3,1
36290,33432,2,2
36342,21258,60,1
36343,33432,596,20
36350,33432,4,2
36352,33432,95,11
36358,33432,16,4
36419,33432,6,1
36430,21258,4,2
37598,33432,3,1
37779,33432,6,2
39737,33432,3,1
21560,20068,60,2
21730,20068,11,1
22942,20068,5,2
23053,20068,3,1
26402,20068,50,3
60060,914,5,1
60060,914,5,1
60060,914,5,1
61359,20068,60,1
11001,12479,30,2
11016,12479,6,1
11018,12479,2,1
11019,12479,9,3
11020,12479,3,1
11021,12479,13,3
11022,12479,1,1
11161,12479,1,1
12072,12236,6,2
19988,12236,37,4
10057,11155,1,1
10057,19924,1,1
11001,11155,21,2
12073,19924,1,1
20751,22028,1,1
36960,22028,1,1
36960,35233,1,1
40461,40668,2,1
46132,43435,1,1
46196,40668,1,1
46196,43435,1,1
63229,63344,4,3
63229,63344,4,3
63229,63344,4,3
63229,63344,4,3
63229,63344,4,3
63349,63344,5,2
63349,63344,5,2
63349,63344,5,2
63349,63344,5,2
63349,63349,5,2
63349,63344,5,2
63349,63349,5,2
63349,63349,5,2
63349,63349,5,2
31654,30369,12,2
31705,30369,1,1
31854,31854,6,2
36023,31854,1,1
36040,31854,6,1
38765,30369,17,3
38765,31854,17,3
21033,38129,1,1
21625,38129,6,1
25735,38129,7,3
32446,38129,4,1
32446,37995,4,1
6102,428,40,2
60868,60878,11,1
63497,60878,6,1
40882,41482,2,1
40882,41482,2,1
41296,41482,2,1
41296,41482,2,1
52358,43083,1,1
52358,43083,1,1
22555,34795,1,1
25263,34795,2,1
31850,31850,5,1
33512,31850,5,1
36395,31850,2,2
60194,60152,5,1
40320,52373,5,1
40320,52373,5,1
43269,52373,30,1
43269,52373,30,1
51243,52373,1,1
51243,52373,1,1
52258,52373,2,1
52258,52373,2,1
52626,52373,3,1
52626,52373,3,1
53432,52373,5,1
53432,52373,5,1
53502,52373,1,1
53502,52373,1,1
31208,31657,5,1
31274,31280,1,1
31657,31657,7,2
31748,31280,1,1
31750,31280,62,4
32135,31280,2,1
32531,31280,2,1
34062,31280,1,1
38064,31280,1,1
38071,31280,10,1
60290,65445,84,5
60290,65445,84,5
60290,63657,84,5
32266,39661,1,1
37662,63170,4,2
27117,27117,1,1
31855,33736,1,1
33588,33736,3,1
34310,33736,3,1
60202,60290,1,1
60290,60290,40,1
11010,32524,2,1
11011,32524,6,2
11016,32524,5,1
32117,32123,1,1
37679,37430,2,2
37679,37785,2,2
47140,40668,2,1
47140,40668,2,1
50702,55332,3,1
52152,55332,10,1
54208,51671,3,1
55137,55332,9,2
58874,51671,1,1
184,224,9,2
197,224,4,1
227,60152,4,1
277,224,13,2
4256,224,2,1
60062,60152,1,1
60152,60152,1,1
60186,60152,75,4
60343,60152,9,3
61141,224,3,1
63884,60152,5,3
30993,32083,2,1
32083,32083,3,3
33128,33512,1,1
33143,32083,1,1
33143,33512,1,1
33157,32083,5,1
33170,33512,5,1
33177,32083,1,1
33183,32083,2,1
33313,32083,1,1
33315,32083,8,2
33484,32083,4,2
33611,32083,40,3
33611,33512,40,3
34029,32083,27,3
34044,32083,16,3
34046,32083,4,1
37626,33512,42,2
12071,15613,1,1
15222,15535,5,1
15507,15535,2,1
19988,15613,34,2
43007,59704,1,1
52562,59704,2,1
31599,30897,10,1
38530,30897,1,1
38530,35538,1,1
60922,60826,1,1
155,1540,5,1
1232,1540,20,1
1540,1540,50,1
1556,1540,23,3
5667,1540,3,1
60065,60152,10,1
60070,60152,2,1
60074,60152,1,1
60075,60152,14,2
60080,60152,1,1
60083,60152,1,1
46103,42840,1,1
46103,42840,1,1
46103,46142,1,1
46103,46142,1,1
48091,42840,1,1
48091,42840,1,1
48091,46142,1,1
48091,46142,1,1
20050,32569,21,3
20050,32569,21,3
20050,32569,21,3
20051,32569,5,1
20051,32569,5,1
20051,32569,5,1
23014,32569,4,2
23014,32569,4,2
24068,32569,3,2
24068,32569,3,2
24068,32569,3,2
32569,32569,1,1
32569,32569,1,1
32569,32569,1,1
52688,59414,1,1
52688,59423,1,1
53629,59414,1,1
1373,13486,2,1
1457,13486,4,1
1661,13486,13,3
5352,13486,25,4
5396,13486,13,2
5433,13486,3,2
6203,13486,16,2
15857,13486,1,1
15857,12441,1,1
50222,43134,4,2
53752,43134,1,1
57431,43134,2,1
11002,31075,5,1
9903,60292,1,1
9903,173,1,1
32030,37779,7,1
58002,53781,7,2
58004,53781,2,2
58008,53781,1,1
202,60501,0,1
6229,222,2,2
61257,60501,10,1
61257,222,10,1
10099,15400,4,1
13777,13808,2,1
13777,13808,2,1
13783,13808,1,1
13783,13808,1,1
13907,15400,9,3
15158,15400,4,1
15496,13808,4,2
15496,13808,4,2
15538,15400,5,1
15551,15400,25,1
15552,15400,8,1
15640,15400,8,3
32154,13808,3,1
37626,13808,1,1
32011,63282,5,2
32013,63282,16,2
34719,63282,6,2
638,638,22,2
640,20068,4,1
647,638,282,7
4170,638,314,7
6109,20068,20,1
20068,20068,69,11
21109,20068,196,15
21109,638,196,15
21161,20068,73,17
21258,20068,32,5
21370,20068,33,5
21711,20068,23,6
22980,20068,16,4
25114,20068,11,4
26416,20068,9,4
26544,20068,25,5
52256,53437,1,1
60061,63615,4,1
60062,63615,6,1
63615,60823,4,1
63615,63615,4,1
992,2760,10,1
3513,2760,26,3
22276,22942,8,3
22277,22942,104,5
22279,22942,17,4
22970,22942,20,1
22972,22942,20,1
22974,22942,10,2
26977,22942,6,2
647,647,398,24
1507,647,40,1
3374,647,11,3
4216,647,274,26
20092,22942,15,3
20162,22942,3,1
21558,22942,1,1
22282,22942,20,4
22942,22942,12,2
23051,647,1,1
23053,22942,83,9
23055,22942,114,8
23064,22942,36,6
26516,22942,41,3
26518,22942,10,2
26525,22942,28,4
26538,22942,4,2
26946,22942,11,2
26946,647,11,2
16254,10640,5,1
52511,56202,1,1
52511,56202,1,1
55396,56202,1,1
55396,56202,1,1
647,638,236,25
3374,638,20,1
4216,638,21,2
20728,25069,1,1
37528,37785,1,1
37528,37785,1,1
647,647,10,2
2000,33802,20,1
2007,647,102,11
13318,33802,1,1
4216,33664,2,2
5130,33664,25,2
63192,33664,1,1
63192,63107,1,1
63199,33664,2,1
63199,63107,2,1
63317,33664,20,1
63317,63107,20,1
65135,33664,11,2
37996,37996,1,1
54295,54250,60,1
54295,54158,60,1
640,21378,4,4
1512,21378,7,1
4181,638,3,1
21472,21378,1,1
23014,638,5,1
277,202,20,1
1691,202,5,1
3323,202,2,2
4017,202,1,1
5823,202,2,2
5823,202,2,2
5852,202,45,3
23014,39661,3,1
23017,39661,1,1
27010,39661,6,1
28665,39661,10,1
60396,39661,3,2
60396,63227,3,2
63097,39661,8,3
63097,63227,8,3
63267,39661,3,1
63267,63227,3,1
20697,26749,16,4
20697,26749,16,4
30017,30017,2,1
30017,39606,2,1
39115,30017,18,3
39115,39606,18,3
39681,30017,2,1
39681,39606,2,1
21256,20145,15,1
24068,20145,30,1
39659,31412,3,1
40401,40421,5,1
40437,40300,1,1
43003,40421,1,1
43011,40300,1,1
4170,60787,28,2
4170,60488,28,2
60424,60775,2,1
60805,60775,4,1
60805,60787,4,1
60805,60488,4,1
61428,60775,5,1
61428,60787,5,1
63386,60775,2,1
63386,60787,2,1
63386,60488,2,1
50836,55137,6,1
50836,55137,6,1
53354,55137,2,1
53354,55137,2,1
53355,55137,4,1
53355,55137,4,1
53359,55137,5,1
53359,55137,5,1
53611,55137,3,1
53611,55137,3,1
53647,55137,2,2
53647,55137,2,2
59990,55137,1,1
59990,55137,1,1
53479,55137,5,1
1343,1539,15,1
2403,1539,1,1
2761,202,2,1
2839,1539,3,1
2839,202,3,1
3242,1539,4,1
3352,1539,2,1
3820,202,2,1
4106,1539,12,2
5886,202,6,1
9840,1539,1,1
9841,1539,1,1
1732,970,2,1
34579,39002,1,1
36062,39002,1,1
199,5593,3,1
199,5593,3,1
387,5593,82,4
387,5593,82,4
470,5593,25,3
470,5593,25,3
946,5593,4,1
946,5593,4,1
1070,943,1,1
1070,5593,2,2
1070,5593,2,2
1070,5593,1,1
5645,5645,35,2
5645,5641,35,2
5645,5641,35,2
21729,34795,1,1
25632,34795,1,1
36172,36258,1,1
36245,36258,4,1
36391,34795,1,1
10138,13683,5,1
12088,13683,1,1
12089,13683,5,1
12386,13660,1,1
19988,13660,2,1
11162,15339,10,1
52224,54250,1,1
54248,54250,25,1
59004,54134,10,1
59006,54250,5,1
1089,5669,8,1
9942,6116,4,1
9942,5669,4,1
20345,21109,5,1
21109,21109,6,4
21265,21109,1,1
21379,33432,1,1
25373,21109,1,1
25426,21109,1,1
31124,21109,6,1
31138,21109,1,1
32263,21109,1,1
34063,21109,1,1
35488,33432,5,1
38120,33432,8,1
21188,21188,1,1
21216,26257,1,1
21700,21188,1,1
21756,26257,1,1
25071,21188,25,2
26269,26257,6,2
14973,15634,3,1
14973,15359,3,1
16036,10230,7,1
10745,10662,5,1
10745,10232,5,1
11961,10662,1,1
1328,5956,1,1
3818,1879,1,1
3667,640,1,1
26326,20832,8,2
26326,20832,8,2
20036,33550,10,1
20277,21258,18,3
21188,21258,104,5
21197,21258,7,2
21257,33550,17,2
21280,33550,3,1
21365,33550,2,1
21415,33550,1,1
21500,33550,12,2
21684,21258,2,1
21711,21258,1,1
21730,33550,1,1
22942,21258,15,2
23026,21258,2,1
25071,21258,20,3
25114,21258,15,1
26271,21258,1,1
31017,33550,1,1
31473,33550,2,1
31620,33550,5,1
38920,36925,6,2
34138,27117,2,1
34154,34021,1,1
19653,19878,11,3
73,2897,5,1
210,2897,10,1
213,2778,78,7
214,2778,7,2
215,2778,8,2
541,2897,5,1
666,2778,93,6
1202,2778,86,10
1616,2897,73,3
2795,2897,53,4
3230,2778,37,3
5130,2778,57,6
5131,2778,15,1
6271,2778,214,9
60847,2897,280,4
60848,2778,25,1
41440,43776,1,1
41445,43776,1,1
41446,43776,1,1
42922,43776,1,1
47392,47392,5,1
47392,43776,5,1
47679,43776,5,1
5241,914,103,2
5453,20068,45,6
20068,20068,3,1
21558,20068,1,1
21560,20068,35,4
21730,20068,2,2
22277,20068,128,11
22282,20068,4,2
22942,20068,33,2
22970,20068,20,1
22972,20068,119,6
23053,20068,45,2
23055,20068,93,6
23064,20068,116,10
26402,20068,21,3
26516,20068,39,6
60051,914,270,3
60080,914,127,8
60083,914,28,7
60086,914,1,1
60095,914,45,3
60102,914,2,1
60152,914,100,8
63888,914,15,2
11196,11208,1,1
11196,12101,1,1
12946,11208,2,1
12946,12101,2,1
63189,63174,1,1
33440,30369,1,1
51531,55498,1,1
51531,55498,1,1
52174,55498,21,4
52174,55498,21,4
52257,55498,5,1
52257,55498,5,1
40433,45501,1,1
40433,45501,1,1
12038,14418,251,5
16464,14418,2,1
18520,14418,8,1
18520,13989,8,1
1952,878,3,1
20001,22028,1,1
20725,22028,1,1
21472,27117,20,2
33117,27117,3,3
35285,33736,3,1
39002,33736,7,2
36,5998,4,2
3083,6071,5,1
6071,6071,10,1
41209,47392,10,1
213,224,6,2
664,224,10,1
666,224,9,3
1202,224,2,1
6271,224,7,1
60068,60152,10,1
60072,60152,20,1
60075,60152,55,3
60077,60152,5,1
60078,60152,3,1
60085,60152,52,1
60086,60152,5,1
60152,60152,5,1
34644,34644,1,1
23014,26811,2,2
20001,21109,16,6
20725,21109,5,1
21004,21109,6,2
21109,21109,2,1
21324,21109,7,1
36639,21109,4,1
20314,26180,2,1
20314,21139,2,1
21196,26462,10,1
21196,26462,10,1
26171,26180,4,2
26171,21139,4,2
26174,26462,2,1
26174,26462,2,1
26193,26462,2,1
26193,26462,2,1
26207,26180,10,1
26207,21139,10,1
26257,26462,1,1
26257,26462,1,1
26277,26180,15,1
26277,21139,15,1
26326,26462,7,2
26326,26462,7,2
28567,26180,16,2
28567,21139,16,2
20001,22028,1,1
21472,22028,10,1
32310,35827,1,1
33602,34490,3,1
35560,34065,42,3
37725,34490,1,1
38525,34065,1,1
647,5523,9,2
647,5523,9,2
5200,5523,96,7
5200,5523,96,7
63273,39662,3,1
161,60152,12,1
30777,30740,6,1
669,15556,3,1
11434,15546,7,4
11436,15546,3,1
12139,15546,20,1
13907,15556,1,1
14540,15546,17,2
14918,15546,1,1
14921,15546,2,1
14931,15546,1,1
14934,15546,3,1
15287,15546,1,1
15549,15556,1,1
15552,15556,3,2
15556,15556,1,1
15580,15546,4,1
15581,15556,10,1
15583,15546,1,1
54903,54903,1,1
55231,51588,2,1
55401,54903,1,1
61017,63905,4,1
61320,63905,7,1
25721,21109,5,1
32468,38128,2,1
33599,38128,5,1
38129,21109,4,1
38244,21109,1,1
38266,38128,6,1
38298,38128,5,1
5200,63510,90,2
63510,63510,13,1
1540,63936,6,2
63478,63936,5,1
63478,60501,5,1
20037,20068,65,10
20068,20068,88,9
20094,20068,65,8
20147,20068,16,7
21258,20068,1,1
22282,20068,122,13
22942,20068,24,6
22974,20068,66,5
22975,20068,118,12
23060,37430,10,1
26544,20068,56,15
26554,37430,15,1
26977,20068,39,5
27058,20068,33,4
30931,37430,21,5
31031,37430,9,3
32974,37430,49,7
34025,20068,5,1
34026,20068,17,3
35084,37430,2,1
35250,37430,114,8
35251,37430,16,4
36460,37430,11,2
22980,39660,1,1
22980,39660,1,1
22980,39660,1,1
63273,63227,5,1
32613,38865,1,1
32762,38865,1,1
34609,38865,4,2
34609,37528,4,2
34719,38865,1,1
35526,38865,38,5
35538,37528,40,6
37015,38865,5,2
37015,37528,5,2
37035,38865,3,1
37135,38865,8,2
37528,37528,20,2
37661,37528,1,1
5171,6200,4,2
5241,6200,1,1
5245,6206,7,1
5246,6200,1,1
11858,6206,1,1
12008,6200,9,1
12284,6206,17,2
12291,6206,3,1
12293,6206,16,3
12295,6206,123,9
12296,6206,54,5
13108,6206,14,2
13175,6206,14,4
31078,6206,6,2
31896,6200,5,1
32162,6206,2,1
38505,6200,3,1
60080,6200,195,10
60083,6200,28,3
60086,6200,31,4
60092,6200,18,1
60095,6200,74,4
60102,6200,232,10
60152,6200,50,1
63888,6200,133,11
10856,12075,1,1
13108,11153,1,1
15572,12075,2,1
15596,12075,10,1
16505,12075,1,1
18162,12075,2,1
19377,12075,1,1
102,102,37,2
510,102,2,1
1616,202,1,1
4009,102,105,13
5823,202,10,1
5852,202,14,2
5894,202,5,1
4013,4009,3,1
14806,15211,3,3
15204,15211,5,1
18456,15211,10,1
35547,38525,4,1
35560,38525,10,1
32569,32569,5,1
3135,664,5,1
3398,1080,10,2
3398,664,10,2
480,54244,184,11
480,6211,184,11
5427,6211,32,9
5435,6211,20,3
6211,6211,2,2
52499,54244,6,1
57001,54244,91,2
57114,54244,18,2
57121,54244,0,1
57124,54244,8,1
57143,54244,5,1
59045,54244,10,1
3114,60036,1,1
3114,60036,1,1
4170,60036,33,2
4170,60036,33,2
60424,60808,6,2
20059,40401,46,4
20059,27063,46,4
20059,40401,46,4
20059,27063,46,4
20059,27063,46,4
20075,40401,63,6
20075,27063,63,6
20075,40401,63,6
20075,27063,63,6
20075,27063,63,6
20330,40401,10,1
20330,27063,10,1
20330,40401,10,1
20330,27063,10,1
20330,27063,10,1
21161,40401,30,6
21161,27063,30,6
21161,40401,30,6
21161,27063,30,6
21161,27063,30,6
22279,40401,47,9
22279,27063,47,9
22279,40401,47,9
22279,27063,47,9
22279,27063,47,9
26554,40401,14,3
26554,27063,14,3
26554,40401,14,3
26554,27063,14,3
26554,27063,14,3
27063,40401,1,1
27063,27063,1,1
27063,40401,1,1
27063,27063,1,1
27063,27063,1,1
34202,40401,1,1
34202,27063,1,1
40450,40401,68,7
40450,27063,68,7
40450,42078,68,7
40450,51568,68,7
40450,30856,68,7
40450,40401,68,7
40450,27063,68,7
40450,51568,68,7
40451,40401,5,1
40451,27063,5,1
40451,42078,5,1
40451,51568,5,1
40451,30856,5,1
40451,40401,5,1
40451,27063,5,1
40451,51568,5,1
40752,51568,35,2
40752,30856,35,2
41694,40401,10,1
41694,27063,10,1
42005,40401,10,1
42005,27063,10,1
42005,42078,10,1
42005,51568,10,1
42005,30856,10,1
42005,40401,10,1
42005,27063,10,1
42005,51568,10,1
42078,40401,31,4
42078,27063,31,4
42078,42078,31,4
42078,51568,31,4
47172,40401,6,1
47172,27063,6,1
47172,42078,6,1
47172,51568,6,1
47172,30856,6,1
47172,40401,6,1
47172,27063,6,1
47172,51568,6,1
47173,40401,29,4
47173,27063,29,4
47173,42078,29,4
47173,51568,29,4
47173,30856,29,4
47173,40401,29,4
47173,27063,29,4
47173,51568,29,4
53052,51568,8,3
53052,51568,8,3
53052,51568,8,3
20037,51663,6,2
20059,47207,226,14
20075,47207,54,5
20340,47207,35,7
21109,51663,6,2
21109,47207,6,2
21161,47207,65,8
26520,47207,64,6
26554,47207,146,6
27063,47207,8,3
32569,47207,50,1
47207,47207,1,1
51664,51663,291,10
53742,51663,5,1
40397,40360,1,1
40798,43896,1,1
46196,43896,1,1
46196,40360,1,1
11007,11856,11,4
11007,11856,11,4
12017,13097,7,1
12017,13097,7,1
12945,11856,10,2
12945,11856,10,2
13324,11856,23,3
13324,11856,23,3
11036,13351,3,1
19357,13351,7,2
19363,13351,0,1
31100,38867,24,6
31100,38867,24,6
32115,38867,21,2
34277,38867,1,1
34277,36310,1,1
38945,38867,2,1
463,2791,8,1
2261,2791,2,2
10871,10321,13,3
19321,10321,1,1
19613,10321,13,2
30056,30056,1,1
30056,30056,1,1
32119,30056,3,1
32137,30056,14,2
36668,30056,1,1
36668,31249,1,1
38426,30056,2,1
33292,36146,2,1
33292,35705,2,1
37506,36146,0,1
2815,5591,1,1
2815,978,1,1
9863,5591,1,1
11022,14707,4,1
11038,11034,9,3
12025,11034,3,1
12026,11034,20,1
20342,25071,10,4
20459,21235,40,2
20785,21235,1,1
21227,25071,1,1
21672,25071,10,1
25244,21235,10,1
25374,25071,2,1
25592,25071,7,1
25995,25071,5,4
33719,21235,3,1
33754,21235,10,1
38452,21235,5,1
558,5645,15,1
558,2901,15,1
2425,5645,2,2
2425,5645,2,2
3220,5645,30,1
3220,2901,30,1
5645,5645,12,2
5645,2901,12,2
9976,5645,16,2
9976,2901,16,2
11433,15397,15,1
19822,15397,2,1
19822,15486,2,1
138,221,12,4
800,221,40,2
1006,2922,12,3
1006,1539,12,3
1115,221,23,3
2922,2922,30,1
3007,2922,11,1
3007,1539,11,1
9884,2922,5,1
21140,30018,9,3
21376,20832,1,1
21472,20832,10,1
21502,30018,1,1
21666,20832,20,1
25206,30018,5,1
25374,20832,20,4
26450,20832,2,2
33719,30018,6,1
1485,2803,3,1
1926,3637,5,1
2003,2803,1,1
2798,2803,2,1
3824,3637,11,1
21684,22955,15,1
21684,20152,15,1
22955,22955,3,2
22955,20152,3,2
32460,20139,1,1
32460,21139,1,1
36780,20139,6,1
36780,21139,6,1
20335,25439,2,2
21666,21274,2,1
22934,25439,1,1
28500,21274,2,1
13933,10662,6,1
13933,10662,6,1
12828,16147,1,1
12828,16146,1,1
16037,16136,5,1
16037,16136,5,1
16149,16136,1,1
16149,16136,1,1
16161,16147,80,4
16161,16146,80,4
20022,21402,3,2
20022,26369,3,2
20272,26369,1,1
26195,20139,1,1
26195,25742,1,1
26465,20139,3,1
26465,25742,3,1
20658,25939,2359,1
20699,26257,3,1
21197,25939,2,1
25552,25939,11,3
25564,25939,10,1
25575,25939,10,2
25835,25939,3,1
25898,25939,4,1
25939,25939,2,1
32263,26257,3,3
36760,26257,13,2
37655,26257,1,1
20001,21711,10,2
21257,21280,30,1
21280,21280,5,1
21500,21280,2,1
21540,21711,2,1
21644,21711,36,3
25114,21711,3,1
27059,21280,6,2
32902,21711,2,1
32906,21280,3,1
32909,21280,6,1
35430,21280,2,1
1854,34021,5,1
2987,34021,1,1
35078,36633,9,2
11176,19404,1,1
40857,43780,2,1
14364,14043,1,1
14381,14033,1,1
57002,53161,49,3
58124,53161,50,3
41210,43775,10,1
42717,40329,4,2
42998,43775,6,1
43058,40329,8,1
47392,43775,5,1
36358,33432,6,2
36419,33432,6,1
2806,3022,1,1
2806,3022,1,1
63491,65403,3,1
63491,65403,3,1
14966,15538,11,4
14966,13404,11,4
15909,15538,30,1
15909,13404,30,1
18455,13404,1,1
6102,428,20,1
31165,35526,5,1
31207,32058,5,1
31408,32058,1,1
31410,32058,2,1
33567,35526,2,1
35438,35526,1,1
35438,32058,1,1
35569,35526,5,1
35571,35526,1,1
35594,35526,3,1
35627,35526,1,1
36576,32058,2,1
38160,32058,3,1
38530,35526,6,1
38597,35526,16,3
39782,35526,1,1
39782,32058,1,1
33487,31647,6,1
35552,31636,3,1
35627,31636,2,1
38597,31636,4,2
20001,21378,84,4
21472,21378,6,1
31756,31280,1,1
34966,30011,1,1
34966,31266,1,1
27148,33869,13,1
32072,32740,2,1
39907,33869,3,1
13351,31075,1,1
21472,22028,5,1
439,731,11,2
41511,43266,10,2
22942,21258,1,1
23064,21258,4,2
33588,34942,13,1
15372,15546,4,3
15542,15556,10,1
15566,15546,2,1
15573,15546,16,2
202,60899,20,1
1540,63651,3,1
60428,63651,27,3
60428,60899,27,3
60599,63651,5,1
60599,60899,5,1
60898,60899,9,3
60899,60899,35,1
61484,60899,5,1
540,5444,3,1
60083,5444,1,1
2007,65135,91,10
5131,65135,10,1
5132,65135,2,1
20037,22942,1,1
20094,22942,23,6
20800,22942,4,2
22974,22942,23,2
22975,22942,1,1
26544,22942,16,2
26977,22942,30,1
669,15556,4,1
12072,15514,7,1
13907,15556,4,2
15514,15514,3,1
15542,15556,10,1
32620,34022,11,2
202,221,1,1
221,221,14,5
1117,221,2,1
5871,221,30,3
9980,221,50,1
1450,38910,8,1
3557,38910,1,1
5196,38910,55,1
5346,38910,2,1
5432,38910,7,2
5454,38910,4,1
32145,35074,23,2
33579,35074,10,1
36849,35074,3,1
30781,30832,1,1
10070,14728,7,1
10070,14728,7,1
11805,14728,5,1
11805,14728,5,1
14733,15102,11,2
14733,15102,11,2
14735,15102,1,1
14735,15129,1,1
14735,15102,1,1
15002,14728,3,1
15002,14728,3,1
15102,15102,5,3
15102,15102,5,3
15705,14728,5,1
15705,14728,5,1
33512,34781,2,1
35284,34781,3,3
36494,34781,10,1
31097,30761,15,3
31097,30761,15,3
31100,30761,18,1
31100,30761,36,2
31100,30761,36,2
32115,30761,1,1
33985,30761,1,1
33985,30761,1,1
33993,30761,8,1
33993,30761,8,1
36099,30761,2,1
37702,30761,1,1
37702,30761,1,1
40761,42920,1,1
20300,21415,2,1
20300,21415,2,1
20307,25071,3,1
20307,25071,3,1
20700,21415,3,1
20700,21415,3,1
21613,21415,12,3
21613,21415,12,3
26712,21415,7,1
26712,21415,7,1
26847,25071,2,1
26847,25071,2,1
26856,25071,2,2
26856,25071,2,2
26858,25071,3,1
26858,25071,3,1
26876,25071,1,1
26876,25071,1,1
52437,52121,5,1
2035,2338,1,1
2035,2338,1,1
2035,2338,1,1
5872,971,3,1
5872,971,3,1
5872,971,3,1
5872,971,3,1
10030,11013,5,1
10030,11013,5,1
10112,32004,1,1
10112,13147,1,1
11011,11013,8,2
11011,11013,8,2
12008,32004,2,1
12008,13147,2,1
13386,11013,1,1
13386,11013,1,1
13386,32004,1,1
13386,13147,1,1
13385,35302,2,1
13385,32004,2,1
27148,39717,1,1
28654,38655,2,1
20349,20047,5,1
24068,30018,1,1
25403,30018,12,2
25403,20152,12,2
26632,20047,10,1
26632,25903,10,1
26987,20047,6,1
26987,25903,6,1
50093,59151,0,1
50093,59151,0,1
58235,50474,1,1
58235,59151,1,1
58235,59151,1,1
58235,50474,1,1
50093,59151,1,1
50638,59151,3,1
50638,59151,3,1
50638,59151,3,1
59500,50474,2,1
59500,50474,2,1
59500,59151,2,1
59500,59151,2,1
21228,21450,1,1
21518,26595,3,1
21666,26595,1,1
21728,26595,4,1
22273,26595,200,5
25358,21450,4,1
25637,21450,4,1
26333,26595,5,1
156,3035,5,2
156,2987,5,2
162,3035,2,2
162,2987,2,2
163,3035,1,1
163,2987,1,1
166,3035,3,1
166,2987,3,1
170,3035,10,1
170,2987,10,1
171,3035,5,1
171,2987,5,1
284,3035,11,1
284,2987,11,1
293,3035,4,1
293,3035,4,1
294,3035,1,1
294,3035,1,1
300,3035,1,1
300,3035,1,1
1330,3035,10,1
1330,2987,10,1
1932,3035,11,2
1932,3035,11,2
3352,3035,7,2
3352,3035,7,2
3634,3035,2,1
3634,2987,2,1
4009,3035,30,1
4009,2987,30,1
6271,3035,1,2
6271,3035,1,2
105,3007,15,2
111,6270,5,1
119,3007,1,1
123,3007,15,1
127,3007,5,1
129,3007,2,1
160,6270,4,1
163,6270,7,1
164,6270,9,2
166,6270,5,1
168,6270,1,1
284,6270,1,1
295,6270,11,2
306,3007,7,1
307,3007,1,1
350,6270,2,1
645,6270,1,1
1089,3007,2,1
1160,3007,2,1
1161,6270,2,2
1163,6270,5,1
1232,3007,14,3
1246,3007,1,1
1330,6270,3,1
1551,3007,3,1
1553,6270,4,2
1556,3007,42,5
1603,6270,1,1
1608,3007,5,1
2762,3007,30,3
3007,3007,21,2
3035,3007,18,1
4009,6270,33,6
4052,6270,5,1
4075,3007,1,1
6106,3007,23,2
6126,6270,10,1
6190,3007,10,1
6191,6270,21,3
6270,6270,11,1
9944,3007,3,1
52319,51942,1,1
13907,13907,2,1
14145,13907,31,1
14145,19975,31,1
25364,21140,8,1
25364,21140,8,1
25564,21140,5,1
25564,21140,5,1
25903,20801,2,1
25903,20801,2,1
26140,21140,1,1
26140,21140,1,1
50531,50590,1,1
50531,50590,1,1
50588,50590,5,1
50588,50590,5,1
55137,50578,1,1
55137,50578,1,1
55137,50590,1,1
55137,50590,1,1
40161,40757,10,1
40161,40757,10,1
40243,40757,10,1
40243,40757,10,1
47962,40757,5,1
47962,40757,5,1
47962,40174,5,1
47962,40174,5,1
20726,20807,10,1
20726,20807,10,1
25273,20807,5,1
25273,20807,5,1
25273,27997,5,1
31461,25274,2,1
31461,25636,2,1
33895,25274,1,1
33895,25636,1,1
36375,20807,1,1
36375,20807,1,1
36375,27997,1,1
52355,52358,1,1
21595,38128,1,1
31740,38128,10,1
33550,38128,1,1
203,5200,35,3
800,61430,35,2
5200,5200,30,2
6138,5200,13,3
31654,61430,5,1
34001,61430,1,1
34148,61430,5,2
35137,5200,0,1
61430,61430,1,1
227,5523,7,1
548,5523,2,1
638,5523,5,1
1735,5523,1,1
2028,5523,1,1
31654,61349,49,5
32084,61349,1,1
36539,61349,11,1
52458,54134,1,1
3142,61368,1,1
61328,63909,9,2
61328,61368,9,2
63907,63909,10,1
51041,57022,5,1
51041,57022,5,1
51041,58010,5,1
51707,57022,1,1
51707,57022,1,1
54430,57022,2,1
54430,57022,2,1
58002,58010,20,1
58003,58010,1,1
58004,58010,2,1
58006,58010,3,1
31853,38428,5,1
31862,38428,5,1
33157,38428,1,1
33446,38428,12,3
36023,31854,2,1
36870,31854,4,2
37928,31854,5,1
38428,38428,51,4
38765,31854,20,1
38765,38428,20,1
39081,38428,1,1
39932,38428,4,1
2424,428,38,2
6102,428,579,11
60553,60878,15,1
60868,60878,4,1
60879,428,38,5
60884,428,3,2
60885,428,21,2
61085,428,3,1
61085,60878,3,1
61510,60878,19,3
61512,60878,362,12
61514,60878,3,1
63593,60878,10,1
63595,428,10,1
63603,60878,1,1
63925,60878,30,2
65412,428,9,1
36332,36270,5,1
647,647,23,2
5597,5610,5,1
5597,647,5,1
34235,35679,6,2
1310,224,52,5
3121,224,4,3
60152,60152,2,1
63888,60152,1,1
40007,46047,5,1
31263,31265,2,1
34396,31265,3,1
11197,15556,1,1
11436,15546,2,1
53394,51850,1,1
58359,41462,2,1
58359,51850,2,1
59419,51850,1,1
51565,59414,1,1
52744,59704,1,1
53509,59414,1,1
31187,31622,5,1
31187,32029,5,1
639,32362,105,2
645,15400,10,1
647,32362,52,2
2007,32362,12,1
4216,32362,16,2
10857,15400,1,1
10857,32362,1,1
13414,15400,1,1
13414,32362,1,1
15580,15400,0,1
15693,15400,2,2
19395,15400,1,1
19395,32362,1,1
19980,15400,3,1
19980,32362,3,1
19985,15400,3,1
19985,32362,3,1
19986,15400,0,1
19986,32362,0,1
32362,32362,3,1
21161,21161,1,1
21372,21161,25,4
22970,21161,2,1
26554,21161,4,3
27092,21161,1,1
63294,61043,1,1
63295,61043,4,1
63298,61043,10,1
63300,61043,3,2
38049,38048,20,1
32798,38048,1,1
33815,38048,10,1
11620,10095,4,1
11620,15156,4,1
18132,10095,2,1
18132,10068,2,1
18132,12586,2,1
18132,15156,2,1
20273,20807,2,1
20273,20807,2,1
20725,20807,11,1
20725,20807,11,1
20736,20807,1,1
20736,20807,1,1
20737,21617,5,1
20737,25631,5,1
20804,20807,5,1
20804,20807,5,1
21238,21617,4,2
21277,21617,10,1
21277,25631,10,1
22951,20807,1,1
22951,20807,1,1
25823,20807,3,2
25823,20807,3,2
26620,20807,1,1
26620,20807,1,1
39267,39275,40,2
39267,39275,40,2
39270,39275,128,6
39270,39275,128,6
33323,39246,1,1
39270,39246,10,2
39462,39246,10,1
39462,39426,10,1
31444,34798,1,1
31760,34798,4,1
34686,36111,2,1
35908,36111,2,1
36111,36111,1,2
37506,36111,3,1
37626,34798,1,1
38432,36111,2,1
38432,34798,2,1
39943,36111,20,2
999,2747,1,1
1791,2747,1,1
2035,2747,0,1
2814,2747,5,1
25346,20324,6,2
25346,20725,6,2
25747,21487,8,1
25747,26158,8,1
26123,21487,2,2
26123,26158,2,2
21133,28659,5,1
21133,28659,5,1
21134,26162,2,1
21134,28659,2,1
21134,26158,2,1
21264,26162,3,1
21264,28659,3,1
21264,26158,3,1
21320,26162,2,1
21320,28659,2,1
21339,26162,1,1
21339,28659,1,1
21434,28659,1,1
21434,28659,1,1
22934,28659,6,2
22934,28659,6,2
26151,28659,40,2
26151,28659,40,2
26237,26162,51,12
26237,28659,51,12
26476,26162,32,5
26476,28659,32,5
26476,28659,32,5
27117,28659,1,1
27117,28659,1,1
28659,28659,2,1
28659,28659,2,1
20643,21165,53,4
21165,21165,10,1
21231,26166,34,3
21450,21165,5,1
21715,21165,2,1
25868,26166,2,1
25869,21165,2,1
25963,26166,20,1
26014,21165,0,1
26014,26166,0,1
26064,21165,5,1
26150,21165,23,2
26165,21165,10,1
26189,21165,10,1
26230,21165,8,1
26374,26166,1,1
26375,26166,35,7
26631,26166,2,2
26709,21165,15,1
20340,21609,12,2
20353,38334,8,1
20902,21609,6,2
21001,38334,1,1
21190,21609,35,5
21274,38334,10,1
21285,21609,5,1
21496,21609,1,1
21602,38334,2,2
22556,21609,1,1
22934,21609,20,1
23064,38334,4,4
25265,21609,2,1
25277,21609,3,2
26188,38334,1,1
26516,38334,66,6
26518,38334,5,1
26524,21609,10,1
26538,38334,5,1
26583,38334,3,1
27059,38334,6,2
32174,38334,3,2
32231,21609,4,1
35615,38334,21,4
35619,38334,10,1
36580,21609,5,2
13107,14033,1,1
13107,14381,1,1
13107,14033,1,1
13907,14033,5,1
13907,14381,5,1
13907,14033,5,1
14044,14033,1,1
14044,14381,1,1
14044,14033,1,1
14045,14033,2,1
14045,14381,2,1
14045,14033,2,1
14376,14033,1,1
14376,14381,1,1
14376,14033,1,1
39426,30417,1,1
39426,33014,1,1
50449,50419,4,2
21030,38128,6,2
21042,38128,1,1
25273,38128,8,3
25287,21109,3,1
25673,38128,3,3
26031,38128,1,1
32567,21109,2,2
33754,21109,1,1
36274,21109,1,1
36368,21109,20,2
36375,38128,10,1
37660,21109,5,1
38128,38128,6,2
36474,39561,1,1
39115,30856,2,1
39400,30856,5,1
39400,39561,5,1
51820,51204,5,1
51820,50991,5,1
56220,50991,2,1
56222,50991,2,1
58002,51204,4,2
59987,51204,5,1
59987,50991,5,1
40017,46133,1,1
40227,46133,5,1
50142,50285,2,1
50371,52999,1,1
58458,52999,5,1
21219,21632,2,1
21394,27084,1,1
21632,21632,1,1
21632,21632,1,1
25071,21632,7,1
27083,27084,6,1
32263,21632,3,1
32263,21632,3,1
32451,27084,5,1
32451,21632,5,1
32451,21632,5,1
34063,21632,5,1
34063,21632,5,1
35425,27084,2,1
38331,21632,5,1
38331,21632,5,1
46070,40253,6,2
46176,40253,1,1
46181,40241,2,1
172,1556,16,2
172,173,16,2
173,173,4,1
173,173,4,1
176,173,2,1
176,173,2,1
177,1556,5,1
177,173,5,1
180,1556,5,1
180,173,5,1
182,1556,5,3
182,173,5,3
186,1556,2,1
186,173,2,1
187,1556,1,1
187,173,1,1
189,1556,2,1
189,173,2,1
195,1556,4,2
195,173,4,2
213,173,222,19
213,1556,222,19
213,173,222,19
214,1556,47,7
214,173,47,7
215,1556,23,10
215,173,23,10
230,173,1,1
230,173,1,1
232,173,8,4
232,173,8,4
234,173,7,3
234,173,7,3
235,173,6,1
235,173,6,1
276,173,15,2
276,173,15,2
277,173,2,1
277,173,2,1
992,173,3,3
992,173,3,3
1150,1556,30,2
1150,173,30,2
1232,1556,13,2
1232,173,13,2
1318,1556,5,1
1318,173,5,1
1551,1556,22,4
1551,173,22,4
1552,173,31,4
1552,173,31,4
1553,173,35,7
1553,173,35,7
1727,173,6,2
1727,173,6,2
1749,1556,59,5
1749,173,59,5
1917,173,10,5
1917,173,10,5
2524,173,7,2
2524,1556,7,2
2524,173,14,4
2524,173,14,4
2612,173,9,4
2612,173,9,4
2614,1556,7,1
2614,173,7,1
2615,173,20,4
2615,173,20,4
3008,1556,29,4
3008,173,29,4
3632,173,30,2
3632,173,30,2
3831,173,45,6
3831,173,45,6
4037,173,3,1
4037,173,3,1
4115,1556,26,3
4115,173,26,3
6012,1556,10,1
6012,173,10,1
6029,173,2,1
6029,173,2,1
60213,60402,0,1
60213,60266,0,1
51829,51671,1,1
51829,51671,1,1
51829,51671,1,1
54154,51671,9,2
54154,51671,9,2
54154,51671,9,2
20657,21041,11,2
20657,20725,11,2
20659,20832,1,1
20659,21487,1,1
21002,21041,3,1
21002,20725,3,1
21109,20832,36,6
21109,21041,36,6
21109,21487,36,6
21109,20725,36,6
21472,20832,1,1
25565,21041,12,1
25565,20725,12,1
25607,20832,4,1
25607,21487,4,1
26135,21041,1,1
26135,20725,1,1
30800,30802,10,1
30800,30802,10,1
40147,41738,20,2
40147,41738,20,2
40181,41738,10,3
40181,41738,10,3
40207,41738,5,3
40582,41738,1,1
40582,41738,1,1
40701,30802,4,2
40701,30802,4,2
40726,30802,9,2
40726,41738,9,2
40730,30802,6,2
40730,30802,6,2
40735,30802,4,1
40735,30802,4,1
40856,30802,3,2
40856,30802,3,2
41739,30802,1,1
41739,30802,1,1
42102,30802,11,6
42102,30802,11,6
42102,41738,11,6
42102,41738,11,6
47907,30802,4,1
47907,30802,4,1
47142,40619,8,2
47142,40617,8,2
47714,40619,14,2
47714,40617,14,2
59218,50879,1,1
59218,54150,1,1
40411,40424,7,1
43804,40424,10,1
43804,40424,10,1
46042,40424,10,1
46042,40424,10,1
329,2722,2,1
336,510,4,1
515,510,10,1
1150,2722,2,1
1202,510,6,2
2190,2722,13,2
2721,2722,20,1
3315,2722,2,1
3607,2722,2,1
138,5937,20,2
153,5937,2,1
666,510,20,1
1083,5937,5,1
1202,510,1,1
2157,5937,1,1
2217,5937,1,1
2262,5937,30,1
3594,510,1,1
3855,5937,6,1
4009,5937,1,1
5130,510,1,1
6238,5937,3,1
6271,510,8,1
31334,31626,5,1
31343,31464,1,1
31344,31626,1,1
31409,31626,1,1
31432,31626,2,1
31458,31464,11,2
31459,31626,2,1
31661,31626,2,1
31745,31464,3,2
32479,31464,7,2
32800,31464,1,1
35315,31626,2,1
38104,31626,2,1
38126,31626,11,2
38163,31464,1,1
30768,32740,2,1
30777,33869,2,1
34892,33869,1,1
39733,33869,6,2
40732,32740,11,3
47841,32740,1,1
5506,5494,5,1
5506,6245,5,1
60152,5494,30,1
12088,12092,1,1
12091,12092,3,1
12092,12092,1,1
12946,12148,1,1
12946,12092,1,1
41210,47392,1,1
6102,428,20,1
63488,60878,1,1
63488,428,1,1
46042,40241,2,1
46042,40253,2,1
50163,50163,3,1
213,224,17,2
224,224,10,1
664,224,6,3
666,224,5,1
9808,224,1,1
60059,60152,30,1
60061,60152,67,2
60063,60152,10,1
60152,60152,4,2
60177,60152,12,3
60199,60152,4,1
63884,60152,2,1
41477,59704,1,1
59407,59414,2,1
39662,39662,2,2
4116,5669,100,1
5668,5669,15,1
9936,5669,3,1
21373,5669,30,1
22276,22942,4,1
25114,22942,3,1
33469,25069,1,1
605,5414,57,3
610,5414,3,1
611,5414,15,1
1323,5414,13,3
1325,33802,3,1
5353,5414,79,6
5430,5414,90,2
5435,5414,9,2
5634,5414,1,1
5661,5414,10,1
12284,33802,3,2
12286,33802,10,1
12287,33802,3,1
12289,33802,6,4
12291,33802,5,2
12293,33802,5,2
12295,33802,22,3
12829,33802,2,1
13452,33802,11,2
13475,33802,5,1
33802,33802,1,1
34286,33802,1,1
35290,33802,7,3
38505,5414,3,1
39659,39218,10,1
19323,10288,6,1
19323,10288,6,1
19323,19122,6,1
19614,10288,2,2
19614,10288,2,2
19614,19122,2,2
19797,10288,2,1
19797,10288,2,1
19797,19122,2,1
5846,6010,1,1
5846,6235,1,1
23000,25953,5,1
25203,25953,3,1
28539,25071,20,4
36100,25953,2,2
36189,25953,3,1
36217,25071,1,1
520,4173,8,1
1009,4173,0,1
1018,1738,2,1
1040,4173,3,1
3352,1738,3,2
2364,3350,2,1
9999,3561,3,1
1019,970,3,1
4156,970,7,2
25354,34795,2,1
25380,34795,1,1
36173,34795,1,1
36178,36258,5,1
36248,36258,5,1
36249,34795,9,6
36298,36258,10,2
38453,34795,5,1
19143,11038,1,1
20172,27145,1,1
26852,26756,2,2
26863,27145,1,1
26863,26756,1,1
51605,54267,4,2
51605,54267,4,2
51605,54267,4,2
51605,54267,4,2
51605,54267,4,2
50615,50474,3,1
50615,59151,3,1
50615,50474,3,1
30136,30490,5,1
30136,30441,5,1
30447,30490,6,2
30447,30604,6,2
30447,30441,6,2
30447,30604,6,2
39426,30490,20,1
39426,30604,20,1
39426,30441,20,1
39426,30604,20,1
30136,30341,4,2
30324,30345,1,1
30331,30345,3,1
30361,30341,1,1
38967,30345,1,1
38967,30341,1,1
39274,30341,1,1
39385,30345,1,1
39389,30345,2,1
39396,30341,0,1
39411,30345,7,1
39413,30341,1,1
39656,30345,6,1
42220,32088,17,1
42220,39594,17,1
40728,43780,5,1
40728,43780,5,1
40730,43780,1,1
40730,43780,1,1
42102,43780,11,1
42102,43780,11,1
42220,40079,1,1
42220,40079,1,1
42220,43780,1,1
42220,43780,1,1
43461,40079,10,2
43461,40079,10,2
46144,40079,16,2
46144,40079,16,2
46144,43780,16,2
46144,43780,16,2
20036,26313,4,1
21717,26313,33,2
22273,26313,120,3
23074,21165,1,1
26014,26313,2,2
26014,21165,2,2
26140,21165,1,1
26148,21165,5,1
26149,21165,40,1
26150,21165,3,1
26302,26313,6,2
26428,21165,2,1
26429,26313,8,2
53408,57004,2,1
53408,58025,2,1
13907,13866,45,2
13907,13866,45,2
13931,13867,3,2
13931,13866,3,2
13931,13867,3,2
13931,13866,3,2
13937,13867,2,1
13937,13867,2,1
13944,13867,4,1
13944,13867,4,1
13948,13867,4,2
13948,13866,4,2
13948,13867,4,2
13948,13866,4,2
13949,13866,2,1
16436,13866,25,1
16436,13866,25,1
180,3357,9,2
186,3357,2,1
188,3357,1,1
191,3357,83,7
192,3357,20,1
277,3357,8,4
1540,3822,20,1
1846,3822,1,1
2524,3357,1,1
2524,3822,1,1
2538,3357,9,2
3327,3357,3,1
5100,3822,1,1
5850,3822,2,1
34015,36098,8,1
34015,36098,8,1
36200,36098,2,1
36200,36098,2,1
36420,36157,7,2
57120,54250,2,1
222,60878,1,1
15551,15379,4,1
3251,458,1,1
60152,458,20,2
60152,458,20,2
36995,37800,1,1
36995,37800,1,1
52790,52792,1,1
52790,52792,1,1
53265,52791,6,1
53265,52792,6,1
53265,52792,6,1
12571,35690,3,1
30059,35690,148,9
35690,60152,55,2
35690,35690,55,2
60083,60152,10,1
63888,60152,5,1
451,3377,1,1
11546,13777,5,1
12913,15400,1,1
15220,13777,1,1
15223,13777,2,1
1497,1487,1,1
2983,1487,4,1
13103,22942,4,1
20147,22942,2,2
27058,22942,10,1
14893,15441,6,2
26089,38129,1,1
5170,5170,3,1
13414,15400,8,3
13414,5170,8,3
13415,15400,3,1
13420,15400,2,2
60086,5170,24,2
60102,5170,6,2
60152,5170,13,1
14686,15010,6,1
14686,12114,6,1
15726,15755,19,2
15726,12114,19,2
15741,15010,1,1
15741,12114,1,1
11052,11868,5,1
11570,11868,2,1
12013,12829,1,1
12945,11868,17,2
13212,12829,15,2
13216,12829,2,1
2930,5591,1,1
3027,2323,1,1
11726,11724,3,2
11726,11724,3,2
11726,10040,3,2
14558,10040,1,1
14649,10040,4,2
25637,21041,8,1
25678,21041,2,1
26009,21041,1,1
31124,21218,2,1
12058,14730,8,3
12058,12235,8,3
14573,12235,13,2
14730,14730,8,1
15087,12235,10,3
15118,12235,7,1
15726,14730,7,2
15726,12235,7,2
19547,14730,1,1
54180,52175,5,1
54180,51164,5,1
10313,14183,0,1
11352,16045,4,3
16076,16045,4,1
58324,57299,1,1
58324,57299,1,1
26751,37064,20,1
26756,37064,20,1
26761,37088,1,1
36561,37064,6,1
36561,37064,6,1
37018,37064,10,1
37018,37064,10,1
37034,37064,3,1
37034,37064,3,1
37086,37064,7,1
37086,37064,7,1
37089,37064,2,2
37089,37064,2,2
59006,54250,1,1
50639,59398,3,1
50639,59398,3,1
53304,57483,1,1
53304,57483,1,1
57664,57483,1,1
57664,57483,1,1
59156,57483,1,1
59156,57483,1,1
59163,59398,3,1
59163,59398,3,1
59206,57483,1,1
59206,57483,1,1
59208,57483,1,1
59208,57483,1,1
59392,59398,3,1
59392,59398,3,1
59420,57483,1,1
59420,57483,1,1
11139,31310,1,1
31133,31310,1,1
57123,57118,1,1
46175,46138,2,1
56205,58090,1,1
56205,59034,1,1
56205,58090,1,1
56205,57118,1,1
56205,57118,1,1
56205,59046,1,1
56206,58090,2,1
56206,59034,2,1
56206,58090,2,1
56206,57118,2,1
56206,57118,2,1
56206,59046,2,1
57053,58090,50,1
57053,59034,50,1
57053,58090,50,1
57053,57118,50,1
57053,57118,50,1
57053,59046,50,1
57114,57118,6,2
57114,57118,6,2
57114,59046,6,2
57123,57118,0,1
57123,57118,0,1
57123,59046,0,1
57125,57118,6,2
57125,57118,6,2
57125,59046,6,2
57133,57118,6,2
57133,57118,6,2
57133,59046,6,2
57144,57118,2,1
57144,57118,2,1
57144,59046,2,1
58101,58090,2,1
58101,59034,2,1
58101,58090,2,1
58103,58090,8,2
58103,59034,8,2
58103,58090,8,2
58108,58090,3,1
58108,59034,3,1
58108,58090,3,1
58173,58090,1,1
58173,59034,1,1
58173,58090,1,1
59023,59034,1,1
59023,58090,1,1
59023,57118,1,1
59023,59046,1,1
59045,57118,2,1
59045,57118,2,1
59045,59046,2,1
59046,59034,3,3
59046,59046,3,3
52152,55323,3,1
52174,55376,21,3
55156,55376,3,1
57001,58152,2,2
58170,57056,1,1
13504,16456,1,1
13504,13709,1,1
16422,13709,1,1
55341,55341,1,1
55341,55341,1,1
20224,21718,1,1
21564,21256,1,1
21717,21256,9,2
24068,21256,35,3
26323,21256,5,1
26908,21718,1,1
37054,21256,7,1
39961,21718,29,5
40826,46165,5,1
46099,55692,2,2
11273,19239,7,1
13933,19239,10,1
16491,19239,1,1
19257,19256,6,1
19257,13106,6,1
19258,19256,1,1
19258,13106,1,1
19266,19256,6,1
19266,13106,6,1
13972,14070,2,1
14078,14070,1,1
60281,63458,3,1
60281,60304,3,1
43289,40555,1,1
43289,40555,1,1
43289,40420,1,1
43289,40420,1,1
38968,39246,3,1
39177,39246,3,1
39426,39246,0,1
39426,39645,0,1
20784,26313,115,7
20784,25903,115,7
25587,26313,2,2
25587,25903,2,2
34067,25964,6,2
34067,21815,6,2
36184,25964,2,1
36184,21815,2,1
173,3357,5,1
1570,3822,7,1
1601,3357,1,1
2524,3357,15,1
3596,3357,5,1
4156,3357,20,1
5850,3822,3,1
5850,3822,3,1
5894,3822,4,1
5894,3822,4,1
6296,3357,5,1
47962,42350,7,1
33382,32060,1,1
34408,34408,12,3
34408,35780,12,3
34451,34408,2,1
36323,34408,6,1
30136,30254,8,2
39274,30254,5,1
41023,47392,25,1
42605,47528,19,2
47222,47392,20,1
47528,47528,4,1
36265,36146,1,1
20147,31138,1,1
20162,31138,7,1
21161,31138,12,4
21627,31604,10,1
26544,31138,2,1
26806,31138,11,4
27059,31604,1,1
31072,31604,6,2
31144,31604,2,2
31343,31604,3,1
31350,31604,11,3
31671,31604,8,2
35388,31138,6,2
36577,31604,1,1
38127,31604,1,1
30858,32011,10,1
31152,38525,4,2
31156,38525,7,3
31157,32011,1,1
31165,38525,3,1
32011,32011,2,1
32016,32011,8,3
32269,32011,99,8
32340,32011,3,1
32376,32011,1,1
32398,32011,5,1
32400,32011,11,4
32401,32011,5,1
32427,32011,10,1
32436,32011,1,1
32494,32011,5,1
33553,32011,15,1
34063,38525,10,1
35552,38525,25,5
35560,38525,15,5
35566,38525,11,2
35569,38525,15,1
35571,38525,12,4
35585,38525,6,2
35587,38525,24,3
35594,38525,8,2
35627,38525,1,1
35628,38525,6,2
36764,32011,6,2
38315,32011,4,2
38336,32011,1,1
38525,38525,13,4
38529,32011,5,1
38530,38525,7,4
38563,32011,5,1
38591,38525,7,2
38597,38525,10,2
55992,51577,1,1
55992,51577,1,1
55992,52950,1,1
55992,52950,1,1
53770,43134,1,1
22277,22942,1,1
26402,22942,3,1
30858,22942,5,1
407,6211,30,4
606,6211,11,2
609,6211,20,2
610,6211,59,7
611,6211,87,6
659,6211,4,1
1325,6211,15,1
1450,6211,52,5
1451,41208,9,1
1747,6211,24,2
3557,6211,7,3
5202,6211,6,1
5346,6211,10,1
5353,6211,10,2
5435,6211,10,1
5661,6211,10,3
41208,41208,6,3
41249,6211,1,1
41249,41208,1,1
41575,6211,23,4
41575,41208,23,4
42499,6211,4,1
42499,41208,4,1
42695,6211,80,4
42695,41208,80,4
42698,6211,31,3
42698,41208,31,3
43077,41208,3,3
43684,6211,20,1
43684,41208,20,1
47206,6211,10,1
47206,41208,10,1
36011,37663,1,1
37506,35297,18,1
37623,35297,1,1
37658,37663,3,1
40927,48006,1,1
40927,48006,1,1
12085,14555,3,1
12085,14555,3,1
54180,52175,5,1
53925,54059,2,2
53925,54266,2,2
53925,51164,2,2
32558,38137,2,1
32558,33599,2,1
32800,33599,3,1
32800,33599,3,1
38268,38137,2,1
38268,33599,2,1
38291,38137,3,1
38291,33599,3,1
10561,61372,1,1
10561,14108,1,1
11959,61372,3,1
11959,14108,3,1
13907,14108,2,2
16014,61372,2,1
16014,14108,2,1
60321,61372,3,1
60334,61372,3,1
13555,11893,10,1
14331,11229,1,1
19466,11893,4,1
21486,21379,1,1
21486,21379,1,1
25823,21379,14,3
25823,21379,14,3
25832,21639,8,1
25832,21639,8,1
31312,21379,2,1
31312,21639,2,1
31312,21379,2,1
31312,21639,2,1
31313,21639,4,2
31313,21639,4,2
31640,21379,3,1
31640,21379,3,1
31676,21379,2,1
31676,21639,2,1
31676,21379,2,1
31676,21639,2,1
36816,21639,2,1
36816,21639,2,1
38138,21639,9,3
38138,21639,9,3
38159,21639,33,5
38159,21639,33,5
31089,31087,10,1
31103,31087,6,2
32162,32155,1,1
32301,31087,2,2
35386,32155,1,1
36867,31087,1,1
1869,6232,100,12
1869,6232,100,12
1957,6232,13,1
5897,6232,2,1
9974,6232,3,1
56020,55221,180,7
20308,25978,1,1
20329,25953,20,1
20658,25953,9,2
20698,25978,1,1
22919,25978,2,2
25349,25978,18,7
25349,25953,18,7
25552,25953,9,3
25564,25953,4,1
25953,25953,5,1
26899,25978,2,1
40019,46142,1,1
47759,46133,1,1
47759,46142,1,1
52843,53161,2,1
52843,53161,2,1
52875,53485,125,10
52875,53485,125,10
52875,57875,125,10
52877,53485,1,1
52877,53485,1,1
52877,57875,1,1
53082,53485,3,1
53082,53485,3,1
53160,53485,6,2
53160,53485,6,2
53160,57875,6,2
53182,53485,5,1
53182,53485,5,1
53182,57875,5,1
53182,53161,5,1
53182,53161,5,1
53391,53485,6,2
53391,53485,6,2
53391,57875,6,2
53391,53161,6,2
53391,53161,6,2
53485,53485,20,1
53485,53485,20,1
53496,53485,5,1
53496,53485,5,1
53496,57875,5,1
53496,53161,5,1
53496,53161,5,1
53572,53485,3,1
53572,53485,3,1
53572,57875,3,1
53575,53161,20,3
53575,53161,20,3
56509,53485,2,2
56509,53485,2,2
56509,57875,2,2
57001,53161,5,1
57001,53161,5,1
57061,53161,17,3
57061,53161,17,3
10769,16473,5,1
10769,16473,5,1
13107,14047,22,4
13107,14047,22,4
16055,16473,15,1
16055,16473,15,1
15861,15538,11,1
20741,21258,2,2
21257,21627,5,1
22980,21258,4,1
38160,21627,15,3
47052,40916,3,1
31654,30369,7,1
31705,30369,1,1
13504,16456,2,1
13504,16456,2,1
13504,13529,2,1
13504,13709,2,1
13504,13709,2,1
13907,13709,16,3
13907,13709,16,3
51566,52076,7,2
51573,52076,11,3
52107,59414,1,1
53467,59414,1,1
13907,14069,1,1
14071,14415,1,1
14098,14415,2,1
14125,14415,1,1
54150,58186,2,1
58190,56668,1,1
12615,13952,3,1
12905,12539,4,1
12906,13952,2,2
13907,12539,25,3
13954,13952,1,1
14925,13952,2,1
14926,13952,2,1
15289,13952,2,1
15296,13952,3,1
15549,12539,5,1
19395,13952,3,1
1540,222,35,2
4170,222,15,1
60428,222,45,2
60428,60899,45,2
60599,222,9,1
60599,60899,9,1
60893,222,20,1
60893,60899,20,1
3007,33664,5,1
4216,33664,69,9
5130,33664,7,2
5131,33664,6,2
34017,33664,3,1
63300,63282,13,3
105,1879,40,5
105,3375,40,5
105,3375,40,5
105,9855,40,5
105,1879,40,5
106,1879,12,1
106,3375,12,1
106,3375,12,1
106,3375,12,1
108,1879,24,4
108,3375,24,4
108,3375,24,4
108,3375,24,4
110,1879,77,12
110,3375,77,12
110,3375,77,12
110,3375,77,12
111,1879,28,6
111,3375,28,6
111,3375,28,6
111,3375,28,6
113,1879,35,6
113,3375,35,6
113,3375,35,6
113,3375,35,6
120,1879,56,7
120,3375,56,7
120,3375,56,7
120,3375,56,7
122,1879,7,1
122,3375,7,1
122,3375,7,1
122,3375,7,1
123,1879,17,2
123,3375,17,2
123,3375,17,2
123,9855,17,2
123,1879,17,2
124,1879,150,3
124,3375,150,3
124,3375,150,3
124,3375,150,3
126,1879,5,1
126,3375,5,1
126,3375,5,1
126,3375,5,1
130,1879,15,2
130,3375,15,2
130,3375,15,2
130,3375,15,2
132,1879,26,3
132,3375,26,3
132,3375,26,3
132,3375,26,3
138,9855,40,2
140,9855,15,1
210,1879,70,10
210,3375,70,10
210,3375,70,10
210,3375,70,10
210,9855,70,10
211,1879,74,8
211,3375,74,8
211,3375,74,8
211,3375,74,8
211,9855,74,8
213,1879,105,12
213,3375,105,12
213,3375,105,12
213,9855,105,12
213,1879,105,12
214,1879,27,5
214,3375,27,5
214,3375,27,5
214,9855,27,5
214,1879,27,5
215,1879,5,1
215,3375,5,1
215,3375,5,1
215,9855,5,1
215,1879,5,1
350,1879,6,2
350,3375,6,2
350,3375,6,2
350,3375,6,2
352,1879,5,1
352,3375,5,1
352,3375,5,1
352,3375,5,1
388,1879,33,3
388,3375,33,3
388,3375,33,3
388,9855,33,3
388,1879,33,3
434,1879,4,1
434,3375,4,1
434,3375,4,1
434,3375,4,1
434,9855,4,1
541,1879,1602,42
541,3375,1602,42
541,3375,1602,42
541,3375,1602,42
541,9855,1602,42
666,1879,45,7
666,3375,45,7
666,3375,45,7
666,1879,45,7
1141,3375,7,5
1141,3375,7,5
1141,3375,7,5
1202,1879,1,1
1202,3375,1,1
1202,3375,1,1
1202,9855,1,1
1202,1879,1,1
1247,1879,47,4
1247,3375,47,4
1247,3375,47,4
1247,3375,47,4
1310,1879,50,2
1310,3375,50,2
1310,3375,50,2
1310,3375,50,2
1310,9855,50,2
1328,1879,68,5
1328,3375,68,5
1328,3375,68,5
1328,3375,68,5
1328,9855,68,5
1862,1879,573,17
1862,3375,573,17
1862,3375,573,17
1862,9855,573,17
1879,1879,300,1
1879,3375,300,1
1879,3375,300,1
1879,9855,300,1
1879,1879,300,1
1956,1879,365,13
1956,3375,365,13
1956,3375,365,13
1956,3375,365,13
1956,9855,365,13
2246,1879,6,1
2246,3375,6,1
2246,3375,6,1
2246,3375,6,1
2246,9855,6,1
2551,1879,1095,16
2551,3375,1095,16
2551,3375,1095,16
2551,3375,1095,16
2551,9855,1095,16
2792,9855,8,1
2899,1879,51,3
2899,3375,51,3
2899,3375,51,3
2899,9855,51,3
2899,1879,51,3
3375,3375,58,2
3375,3375,58,2
3375,3375,58,2
3634,1879,526,17
3634,3375,526,17
3634,3375,526,17
3634,3375,526,17
4011,1879,25,9
4011,3375,25,9
4011,3375,25,9
4011,3375,25,9
5998,1879,101,2
5998,3375,101,2
5998,3375,101,2
5998,9855,101,2
5998,1879,101,2
9823,1879,650,21
9823,3375,650,21
9823,3375,650,21
9823,3375,650,21
9823,9855,650,21
33817,36361,2,1
37609,36379,1,1
33397,36331,1,1
34016,36331,1,1
35724,36331,2,1
36290,35854,2,1
36323,35854,2,1
36332,36331,0,1
37659,36331,3,2
20902,36305,1,1
20902,21415,1,1
20902,21415,1,1
21199,21415,27,3
21199,21415,27,3
25071,26313,5,1
25071,26313,5,1
25245,36305,4,1
25245,21415,4,1
25245,21415,4,1
25258,36305,2,1
25258,21415,2,1
25258,21415,2,1
25643,26313,2,2
25643,26313,2,2
25660,26313,9,5
25660,26313,9,5
25662,26313,10,1
25662,26313,10,1
25682,36305,4,1
25682,21415,4,1
25682,21415,4,1
25888,26313,5,2
25888,26313,5,2
26635,26313,6,1
26635,26313,6,1
27065,21415,4,1
27065,21415,4,1
36305,36305,18,2
36305,21415,18,2
36305,21415,18,2
20075,28588,10,1
20077,28588,10,1
23055,28588,43,2
26410,28588,2,1
26413,28588,7,1
26414,28588,18,3
26418,28588,2,1
26469,28588,16,4
26469,28588,16,4
26490,28588,1,1
26504,28588,12,3
26518,28588,16,5
26525,28588,10,1
26536,28588,15,1
26538,28588,1,1
26540,28588,20,2
26564,28588,8,1
26569,28588,2,1
26570,28588,8,2
26571,28588,1,1
26572,28588,2,2
26573,28588,1,1
26580,28588,37,4
27058,28588,80,6
28588,28588,5,1
58009,58010,6,1
11020,13097,4,1
11040,13097,1,1
12344,11856,6,1
13004,11856,0,1
13284,13097,8,2
20776,25261,2,1
20785,25302,5,1
25486,25302,3,3
25556,25261,5,1
25897,25261,30,1
25948,25261,5,1
25973,25261,1,1
53716,53436,2,1
59696,53436,10,1
20902,22556,1,1
28663,36394,33,2
36305,22556,28,4
36395,22556,5,1
39832,31966,3,1
10977,12766,8,1
10992,12766,10,2
11000,12766,2,1
11061,12766,50,1
11601,10928,4,1
13201,10928,5,1
13295,12766,10,1
13527,10928,3,1
14379,10928,6,2
15241,12766,5,1
16065,10928,5,1
32639,38188,11,3
32688,38188,2,2
32727,38188,1,1
41781,42014,57,3
41782,42014,2,1
42717,42014,5,1
43089,42014,2,1
43578,42014,5,1
53291,42014,8,1
16064,16064,2,1
16064,16473,2,1
33027,30781,18,1
33027,33027,18,1
34531,37821,2,1
34531,37821,2,1
34531,30781,2,1
34531,33027,2,1
20001,21379,32,3
21209,21379,1,1
21281,21379,12,2
21318,21379,6,1
21486,21379,5,1
31432,21639,5,1
31459,21639,3,1
31736,21639,3,3
34052,21639,6,1
38104,21639,1,1
39409,37913,1,1
39656,37913,2,1
58100,50298,8,2
13907,16424,11,2
16502,13889,1,1
52174,58848,2,1
52174,56818,2,1
52174,56818,2,1
52174,56818,2,1
55019,58848,4,1
55019,58848,4,1
55019,58848,4,1
55019,56818,4,1
55019,56818,4,1
55019,56818,4,1
55263,56818,2,1
55263,56818,2,1
55263,56818,2,1
31280,31236,2,1
57004,57004,1,1
57053,57004,1,1
52774,58025,8,1
57298,57004,2,1
58158,58025,186,10
41187,40863,1,1
41187,40863,1,1
42065,40863,1,1
42065,40863,1,1
42917,46203,20,2
42917,46203,20,2
43009,46203,1,1
43009,46203,1,1
51571,51562,2,1
20001,21379,26,5
21173,21379,5,1
21303,21379,8,2
21318,21379,8,2
21402,21379,1,1
21454,21379,1,1
21728,21379,4,1
21770,21379,5,2
25683,21379,6,1
25903,21379,2,1
34228,21379,3,1
34228,21639,3,1
34442,21379,5,1
34442,21639,5,1
36816,21639,5,3
61249,63360,1,1
61249,63339,1,1
61374,63360,11,2
63339,63360,3,1
63339,63339,3,1
63345,63360,5,3
63345,63339,5,3
63360,63360,10,1
63360,63339,10,1
63374,63360,5,1
63374,63339,5,1
40180,40424,1,1
40180,40424,1,1
40180,40424,1,1
40181,47129,14,3
40181,47129,14,3
40181,47129,14,3
40181,47129,14,3
40401,40424,6,1
40401,40424,6,1
40401,40424,6,1
40457,47129,9,2
40457,47129,9,2
40457,47129,9,2
40457,47129,9,2
42752,40424,7,1
38079,39897,1,1
40322,43009,1,1
40322,43009,1,1
43008,43134,2,1
43008,43134,2,1
43009,43009,10,3
43009,43009,10,3
52376,43134,2,1
463,463,5,4
4216,463,21,5
40053,40117,4,2
43462,40117,1,1
43839,40161,6,1
47971,40161,5,3
31585,38169,1,1
31683,38169,10,1
32173,38437,2,2
34318,38169,20,1
34803,38437,30,1
36097,38437,2,1
36121,38169,1,1
36122,38437,6,1
36214,38437,2,1
36243,38437,1,1
38432,38169,1,1
38432,38437,1,1
38458,38437,5,1
20343,36367,1,1
20798,36367,6,2
34643,20455,3,1
60080,60152,60,2
15271,15596,1,1
15602,15618,1,1
18351,15596,2,2
53982,51704,2,2
10185,19571,5,1
19580,19571,4,1
19580,19571,4,1
11304,15002,46,3
11304,15801,46,3
14669,14988,3,1
14669,12028,3,1
14681,14988,10,1
14681,12028,10,1
14683,14988,1,1
14683,12028,1,1
14688,14988,1,1
14688,12028,1,1
14984,15002,2,1
14984,15801,2,1
15010,14988,6,1
15010,12028,6,1
15010,15801,6,1
15025,14988,7,3
15025,12028,7,3
15145,14988,5,1
15145,12028,5,1
15743,12028,10,1
15743,15002,10,1
15743,15801,10,1
15758,15801,6,1
15815,15801,4,1
12071,15726,12,2
14682,15726,2,1
14728,11303,18,3
15113,15726,1,1
15124,15726,6,2
15745,11303,3,1
21761,20396,3,1
21761,20104,3,1
26313,20396,1,1
26313,26621,1,1
26313,20104,1,1
26313,26621,1,1
26688,26621,1,1
26688,26621,1,1
26695,26621,1,1
26695,26621,1,1
20058,31903,6,2
20058,31903,6,2
21449,31902,5,1
21449,38132,5,1
21500,31902,1,1
21500,38132,1,1
21684,31903,5,1
21684,31903,5,1
21817,31903,50,1
21817,31903,50,1
22276,31903,15,4
22276,31903,15,4
22970,31903,5,1
22970,31903,5,1
26469,31903,2,1
26469,31903,2,1
26481,31903,2,1
26481,31903,2,1
26493,31902,7,2
26493,38132,7,2
26499,31902,7,2
26499,38132,7,2
26506,31903,5,1
26506,31903,5,1
26516,31903,11,2
26516,31903,11,2
26802,31902,3,2
26802,38132,3,2
26802,31903,3,2
26802,31903,3,2
31010,31902,8,3
31202,31902,2,2
31377,31902,79,14
31377,38132,79,14
31377,31903,79,14
31377,31903,79,14
31491,38132,8,2
31491,31903,8,2
31594,31902,5,5
31900,31902,2,1
31900,38132,2,1
35334,31903,11,2
35334,31903,11,2
36446,31902,4,1
36500,31903,9,2
36500,31903,9,2
38156,38132,22,11
38156,31903,22,11
38164,38132,3,1
38164,31903,3,1
38166,31902,17,7
38630,31902,1,1
38630,38132,1,1
40211,46042,2,1
40211,47118,2,1
40211,40001,2,1
40211,43535,2,1
46043,47118,11,1
46043,40001,11,1
47117,46042,1,1
47117,43535,1,1
50840,53826,9,2
51333,58468,1,1
51333,52206,1,1
53950,53826,1,1
58466,58468,2,2
58466,52206,2,2
51217,51214,2,2
20659,20659,1,1
20659,20741,1,1
20741,20659,16,2
20741,20741,16,2
21366,20659,8,6
21366,20741,8,6
25204,20659,5,1
25204,20741,5,1
25291,21303,1,1
25291,21815,1,1
25354,20659,6,1
25354,20741,6,1
25364,21303,1,1
25364,21815,1,1
25732,20659,6,1
36174,21303,1,1
36174,21815,1,1
36212,21303,1,1
36212,21815,1,1
36227,21303,3,1
36227,21815,3,1
32754,39791,2,1
34924,39791,4,1
52505,54841,3,1
52413,58180,1,1
58047,57315,10,1
58047,58180,10,1
58052,57315,14,2
58052,58180,14,2
64196,39086,3,1
64196,39086,3,1
64196,39086,3,1
64196,39086,3,1
13488,14082,3,3
13488,16064,3,3
13488,14082,3,3
13488,16064,3,3
14384,14082,2,1
14384,16064,2,1
14384,14082,2,1
14384,16064,2,1
16014,16064,2,1
16014,16064,2,1
10030,13300,54,2
11056,13300,4,1
11057,13300,60,4
11422,13300,193,7
11516,12945,20,3
11517,13300,40,2
12287,12945,135,7
12288,12945,10,1
12337,12945,10,1
12338,12945,9,1
12784,12945,1,1
12941,12945,6,1
12945,12945,7,2
13161,13300,10,2
13184,13300,10,1
13258,12945,3,1
19191,13300,96,7
32391,38328,1,1
32543,35264,1,1
32543,38328,1,1
38328,38328,1,1
56832,57098,1,1
56832,58071,1,1
57119,57098,1,1
57121,57098,4,1
58073,58071,3,1
59039,58071,2,1
25638,25638,7,2
26544,37604,6,2
26583,25638,10,1
32174,25638,1,1
32231,37604,0,1
33437,25638,5,1
35883,37604,15,2
36419,37604,6,1
36728,25638,2,1
37442,37604,2,1
38143,37604,0,1
30136,39744,1,1
30337,39744,2,1
31914,32818,0,1
32824,32818,1,1
52197,56026,1,1
52234,56026,3,1
52496,56026,3,1
31100,32125,10,1
31230,31236,2,1
31280,31236,1,1
31515,31236,22,5
31548,31236,1,1
32115,32125,2,1
32138,31236,4,1
32139,31236,9,3
55069,57890,2,1
52791,52791,20,5
52791,52791,20,5
52800,52792,6,2
52800,52792,6,2
52937,52792,5,2
52937,52792,5,2
53265,52792,3,1
53265,52792,3,1
53265,52791,3,1
53265,52791,3,1
56867,52792,20,1
56867,52792,20,1
57001,52791,35,7
57001,52791,35,7
39514,48139,3,1
52998,50556,32,3
53001,50556,1,1
53003,50556,1,1
53413,50556,1,1
56161,50556,5,1
57323,50556,1,1
57323,59754,1,1
57634,50556,8,1
58479,50556,8,2
51437,54357,7,1
51437,54357,7,1
54436,54451,1,1
31582,32465,4,1
31687,31345,10,1
32442,32465,1,1
38265,32465,12,4
38265,32420,12,4
38310,32465,1,1
38310,32420,1,1
10156,13867,3,1
10156,13867,3,1
13868,13866,2,1
13868,13867,2,1
13868,13867,2,1
13907,13866,5,1
13930,13867,4,1
13930,13867,4,1
13933,13866,10,1
16009,13867,5,1
16009,13867,5,1
1540,2803,15,2
1540,2803,15,2
1540,2803,15,2
1540,2803,15,2
1570,2803,5,1
1570,2803,5,1
2836,2803,3,1
2836,2803,3,1
2836,2803,3,1
2836,2803,3,1
2899,3637,1,1
2899,3637,1,1
2961,2803,10,1
2961,2803,10,1
2961,2803,10,1
2961,2803,10,1
2978,2803,5,1
2978,2803,5,1
3379,3637,10,2
3379,3637,10,2
3523,3637,18,2
3523,3637,18,2
4169,3637,31,2
4169,3637,31,2
4216,3637,100,5
4216,3637,100,5
5925,3637,10,1
5925,3637,10,1
6007,3637,3,1
6007,3637,3,1
30136,61299,52,5
30601,61299,1,1
30696,61299,1,1
63380,65280,2,1
63380,61299,2,1
33512,21669,3,1
33512,28616,3,1
36217,36108,7,2
36217,20001,7,2
21238,25274,4,2
21544,22028,30,2
21815,25274,1,1
21815,25625,1,1
25886,22028,10,1
25886,21068,10,1
26457,22028,15,2
26457,21068,15,2
26709,22028,5,1
26709,21068,5,1
31461,25274,3,1
31461,25625,3,1
34016,25274,8,1
34016,25625,8,1
35852,25274,1,1
35852,25625,1,1
36343,25274,15,1
36343,25625,15,1
36383,22028,2,2
36383,21068,2,2
33171,30515,2,1
33228,30515,1,1
36795,30515,2,1
36996,30515,8,1
31052,31647,2,1
31335,33286,1,1
31492,33286,2,1
31581,33286,4,1
31634,31647,7,1
31635,33286,20,1
31638,33286,2,2
33440,33286,1,1
34058,33286,3,1
35883,31647,2,1
36227,33286,11,2
36243,31647,2,1
36327,31647,1,1
36332,33286,4,2
50275,50285,2,1
56116,50297,1,1
56116,50285,1,1
10313,10204,8,1
10313,14153,8,1
10313,10609,8,1
16355,10204,1,1
11866,11038,10,1
19693,19624,2,2
11304,11802,61,4
11319,11802,1,1
11794,14988,1,1
11802,14988,3,1
11802,11802,3,1
14989,11802,1,1
15000,14988,6,1
15148,14988,3,1
15703,14988,2,1
19847,14988,2,1
11033,10123,7,2
11035,10123,5,1
11571,13097,7,1
12344,10123,50,1
20037,22975,78,6
20037,22975,78,6
20075,20155,4,1
20075,22975,4,1
20080,22975,5,3
20080,22975,5,3
20081,22975,19,1
20081,22975,19,1
20084,22975,10,1
20084,22975,10,1
20162,22975,12,3
20162,22975,12,3
20163,22975,5,1
20163,22975,5,1
21371,20155,27,4
21371,22975,27,4
21372,20155,1,1
21372,22975,1,1
23051,22975,11,2
23060,20155,10,1
23060,22975,10,1
26476,20155,30,3
26476,22975,30,3
26492,20155,9,2
26492,22975,9,2
26501,20155,22,2
26501,22975,22,2
26506,20155,6,3
26506,22975,6,3
26554,20155,179,7
26554,22975,179,7
26564,22975,7,2
26564,22975,7,2
26566,20155,1,1
26566,22975,1,1
26569,20155,22,3
26569,22975,22,3
26590,20155,1,1
26590,22975,1,1
26590,22975,2,2
26590,22975,2,2
26591,20155,15,4
26591,22975,15,4
26591,22975,15,4
26593,22975,130,3
26593,22975,130,3
26615,22975,9,2
26615,22975,9,2
27058,22975,131,5
27058,22975,131,5
54187,56357,2,1
50216,56518,1,1
50220,50285,3,1
40188,47129,3,1
40188,47129,3,1
40230,47129,5,1
40230,47129,5,1
40757,47129,3,1
40757,47129,3,1
12006,11866,3,1
17910,11866,5,1
20284,21617,8,3
20284,21617,8,3
21618,21750,8,2
21618,26662,8,2
21830,21750,3,1
21830,26662,3,1
26646,21750,1,1
26646,26662,1,1
26675,21617,1,1
26675,21617,1,1
26806,21617,2,2
26806,21617,2,2
52264,59615,1,1
59606,59615,6,1
21371,34228,1,1
21684,31429,15,1
22273,31429,4,2
22277,31429,9,3
22970,31429,14,2
22972,31429,11,2
22974,31429,4,2
22975,31429,3,2
26402,31429,9,4
26945,31429,7,2
26945,34228,7,2
31171,34228,19,3
31409,34228,19,5
32904,31429,1,1
32906,34228,3,1
34228,34228,1,1
34340,31429,15,5
34340,34228,15,5
35315,34228,9,5
36560,31429,5,1
36560,34228,5,1
296,585,1,1
296,1871,1,1
298,585,2,1
298,1871,2,1
298,1693,2,1
480,1693,1,1
602,1693,3,2
632,585,4,2
632,1871,4,2
1224,1693,4,1
1306,1693,10,1
1357,1693,8,1
1358,585,15,1
1442,585,33,5
1442,1871,33,5
1447,585,6,2
1447,1871,6,2
1449,585,58,7
1449,1871,58,7
1619,585,11,1
1619,1871,11,1
1619,1693,11,1
1632,585,4,1
1632,1871,4,1
1672,585,21,2
1672,1871,21,2
1672,1693,21,2
1842,585,5,1
1842,1871,5,1
1868,585,6,2
1868,1871,6,2
1871,585,3,1
1871,1871,3,1
1872,1693,5,1
1878,585,31,6
1878,1871,31,6
1882,1693,11,2
13462,11749,2,1
13462,11939,2,1
14330,11939,5,1
10162,19208,12,2
1150,1365,1,1
1335,6024,4,1
2946,1365,15,5
4173,6024,3,1
9921,6024,8,1
9999,6024,1,1
31076,30991,1,1
31458,35447,1,1
52417,56818,3,3
53850,56818,5,1
53901,56818,12,4
54770,58848,2,1
54774,56818,14,7
54774,58848,14,7
55486,58848,3,1
55571,56818,1,1
58809,56818,1,1
58809,58848,1,1
58848,58848,3,3
10536,19878,12,2
16036,19878,2,1
16145,19878,3,1
16161,19878,12,2
19561,19878,5,1
19880,11353,5,1
19901,11353,1,1
59931,51412,1,1
59931,50474,1,1
53244,55405,6,2
53244,55405,6,2
54905,55405,1,1
54905,55405,1,1
54953,57890,1,1
54953,55405,1,1
54954,57890,2,1
54954,55405,2,1
54955,57890,4,1
54955,55405,4,1
55069,57890,5,1
55069,57890,5,1
58908,55405,10,4
58908,55405,10,4
52174,58887,4,1
58916,58888,2,2
21002,21109,3,1
21002,21109,3,1
21002,21109,3,1
21100,21109,7,2
21100,21109,7,2
25852,21109,1,1
25852,21109,1,1
25852,21109,1,1
27005,21109,2,2
27005,21109,2,2
31052,38128,35,4
31052,38128,35,4
31052,38128,35,4
31070,38128,6,2
31070,38128,6,2
31070,38128,6,2
31129,38128,2,1
31129,38128,2,1
31129,38128,2,1
31336,38128,8,2
31336,38128,8,2
31336,38128,8,2
36593,38128,10,1
36593,38128,10,1
38127,38128,2,2
38127,38128,2,2
38127,38128,2,2
38129,21109,4,1
38129,21109,4,1
38129,21109,4,1
63360,63360,2,1
63360,63339,2,1
13907,13740,36,2
13907,13740,36,2
13930,13681,12,1
13930,13681,12,1
14755,14594,6,2
14788,14594,20,1
30607,31429,3,1
31053,31604,9,1
31171,31604,6,1
31409,31604,7,1
31496,31429,5,1
31612,31429,6,2
31692,31429,8,4
33599,31429,3,1
35315,31604,22,2
35328,31604,8,3
36635,31604,4,1
38154,31604,8,2
38162,31429,8,2
21472,36408,5,1
33936,21254,1,1
33937,21254,1,1
34551,30515,2,1
14125,14415,1,1
14402,14415,22,5
14402,14069,22,5
14410,14415,5,1
16422,14069,2,2
54154,51671,4,1
20145,36924,2,1
20145,36924,2,1
26632,36924,5,1
26632,36924,5,1
30007,36924,2,1
30007,36924,2,1
30223,36924,2,1
30223,36924,2,1
30838,36924,1,1
30838,36924,1,1
32784,43780,1,1
32784,43780,1,1
34202,36924,1,1
34202,36924,1,1
40713,43780,5,1
40713,43780,5,1
42102,36924,3,1
42102,43780,3,1
42102,36924,3,1
42102,43780,3,1
43780,43780,1,1
43780,43780,1,1
31165,31156,17,2
31173,35594,5,1
35547,31156,2,1
35550,31156,1,1
35551,35594,2,1
35566,31156,1,1
35589,31156,8,1
35599,31156,12,2
35625,35594,5,1
35627,31156,9,2
35628,31156,3,1
38589,35594,6,1
25215,36157,14,8
25215,36157,14,8
34795,36157,1,1
34795,36157,1,1
36126,36157,3,2
36126,36157,3,2
36244,32173,1,1
36259,32173,5,3
36260,36157,1,1
36260,36157,1,1
36262,36157,14,7
36262,36157,14,7
36263,36157,25,6
36264,32173,12,3
36279,36157,7,2
36280,36157,9,2
36294,36157,2,1
36294,36157,2,1
37487,36157,10,1
37487,36157,10,1
38455,36157,1,1
38455,36157,1,1
38456,36157,2,1
38456,36157,2,1
54220,51109,1,1
35781,39908,3,1
52153,51654,10,1
51439,58918,3,1
51439,58918,3,1
55069,58918,13,1
55069,58918,13,1
58666,58918,5,1
58666,58918,5,1
13907,16071,2,1
16042,14151,10,1
16043,14151,1,1
16063,14151,1,1
43470,59643,1,1
32296,37443,3,1
32296,31567,3,1
32401,37443,1,1
32401,31567,1,1
52815,52815,2,1
53170,52815,2,1
53170,54163,2,1
61085,61505,4,2
61085,60415,4,2
61085,60417,4,2
52659,58030,6,1
57062,57083,7,3
57064,57083,1,1
57076,57083,2,1
57080,57083,1,1
57081,57083,1,1
57315,57083,2,1
58032,58030,10,2
58056,58030,3,1
58065,58030,1,1
58179,58030,10,1
47166,40429,1,1
30057,11709,5,1
31400,11709,1,1
50883,53891,1,1
51038,55642,3,1
54175,55642,1,1
55012,53891,4,1
39406,30856,3,1
39406,39178,3,1
40635,40668,9,2
40635,40668,9,2
40654,40668,4,1
40654,40668,4,1
40732,46142,5,2
40732,46142,5,2
40732,40668,5,2
40732,40668,5,2
40735,40668,1,1
40735,40668,1,1
42102,40668,1,1
42102,40668,1,1
46139,40668,2,1
46139,40668,2,1
46140,46142,18,9
46140,46142,18,9
47140,40668,4,1
47140,40668,4,1
47831,46142,5,1
47831,46142,5,1
10537,19348,1,1
10537,13740,1,1
13868,16133,6,1
13868,16133,6,1
13868,13681,6,1
13868,19348,6,1
13868,13740,6,1
13942,16133,4,2
13942,16133,4,2
13942,13681,4,2
13942,19348,4,2
13942,13740,4,2
14410,19348,6,1
14410,13740,6,1
16336,15359,2,1
52174,55263,1,1
14013,16033,3,1
19245,19244,6,2
19246,19244,5,1
20057,21165,1,1
20330,21165,8,3
20330,21165,8,3
21161,21161,3,1
21161,21161,3,1
21372,21161,15,2
21372,21161,15,2
21558,21161,35,9
21558,21161,35,9
21560,21161,6,2
22276,21161,10,1
22276,21161,10,1
22277,21161,22,6
22277,21161,22,6
22970,21161,3,3
22970,21161,3,3
23051,21165,1,1
23051,21165,1,1
23053,21161,32,3
23053,21161,32,3
23055,21161,14,4
26402,21161,1,1
26402,21161,1,1
26516,21161,1,1
26516,21161,1,1
26550,21161,36,5
26550,21161,36,5
26554,21161,13,2
26554,21161,13,2
26583,21165,10,2
26583,21165,10,2
26946,21161,58,10
26946,21161,58,10
26946,21165,58,10
26946,21165,58,10
28525,21161,1,1
28525,21161,1,1
31458,21165,45,3
31458,21165,45,3
32238,21165,2,1
32238,21165,2,1
32241,21161,3,3
32241,21161,3,3
32245,21165,1,1
32245,21165,1,1
32259,21165,12,3
32259,21165,12,3
32277,21165,10,1
32277,21165,10,1
32371,21165,21,6
32371,21165,21,6
32391,21165,5,3
32391,21165,5,3
32495,21165,7,1
32495,21165,7,1
34063,21165,38,7
34063,21165,38,7
36553,21161,5,1
36553,21161,5,1
38247,21165,4,1
38247,21165,4,1
38277,21161,10,1
38277,21161,10,1
38310,21165,15,5
38310,21165,15,5
38311,21165,1,1
38311,21165,1,1
38316,21161,5,1
38316,21161,5,1
4216,638,10,1
6133,638,2,2
36633,36633,320,7
26906,63111,3,2
10030,10123,104,4
10030,10123,104,4
10115,10123,3,1
10115,10123,3,1
11005,10123,51,2
11005,10123,51,2
11007,10123,5,1
11007,10123,5,1
11056,11856,35,2
11056,11856,35,2
11059,11856,54,5
11059,11856,54,5
11060,11856,10,1
11060,11856,10,1
11357,11856,11,2
11357,11856,11,2
11358,11856,1,1
11358,11856,1,1
11359,11856,1,1
11359,11856,1,1
11365,11856,2,1
11365,11856,2,1
11424,11856,3,3
11424,11856,3,3
11425,11856,165,6
11425,11856,165,6
11960,10123,9,2
11960,11856,9,2
11960,10123,9,2
11960,11856,9,2
12299,10123,26,2
12299,10123,26,2
12340,11856,10,3
12340,11856,10,3
12348,10123,565,20
12348,10123,565,20
12945,11856,8,4
12945,11856,8,4
13131,10123,751,21
13131,10123,751,21
13132,10123,443,18
13132,10123,443,18
13133,11856,31,2
13133,11856,31,2
13142,10123,10,1
13142,10123,10,1
13143,11856,6,2
13143,11856,6,2
13144,11856,10,1
13144,11856,10,1
13147,10123,112,7
13147,10123,112,7
13167,11856,60,1
13167,11856,60,1
13169,11856,12,6
13169,11856,12,6
13203,10123,5,2
13207,10123,1,1
13252,10123,5,1
13252,10123,5,1
13326,10123,3,1
13326,10123,3,1
13389,11856,7,2
13389,11856,7,2
20364,25070,2,1
21482,25070,14,4
21554,25070,5,1
25429,25070,1,1
25565,25263,3,1
25833,25263,5,2
25836,25263,2,1
25847,25070,15,3
25898,25263,2,1
53758,58338,1,1
53758,58431,1,1
11342,11939,1,1
13115,12744,5,1
13462,11939,10,2
18534,12744,1,1
19443,12744,3,2
19466,12744,5,1
10654,61229,1,1
10654,18461,1,1
63610,61229,5,1
63610,18461,5,1
40512,41296,1,1
40518,43037,1,1
41298,41296,3,1
46203,40865,10,1
46203,40865,10,1
32973,31887,1,1
57087,57083,1,1
18503,15417,1,1
18503,15418,1,1
21161,32572,17,3
21161,32572,17,3
21370,32572,1,1
21370,32572,1,1
21616,32572,6,1
21616,32572,6,1
22980,32572,36,5
22980,32572,36,5
30842,32572,2,1
30842,32572,2,1
32262,32572,5,1
32262,32572,5,1
32269,32572,2,1
32269,32572,2,1
32340,32572,1,1
32340,32572,1,1
32397,32605,3,2
32403,32572,1,1
32403,32572,1,1
32616,32605,12,1
32619,32605,5,1
32648,32605,6,2
32675,32605,10,1
32677,32605,41,3
33022,32605,9,2
35861,32572,2,1
35861,32572,2,1
36553,32572,2,1
36553,32572,2,1
39650,32605,5,1
41734,41155,1,1
42578,41155,1,1
42809,41155,5,1
42809,43035,5,1
42828,41155,5,1
47532,41155,5,1
54333,53485,8,1
54411,53485,1,1
54411,53161,1,1
54411,53161,1,1
57001,53161,4,1
57001,53161,4,1
53391,51464,1,1
53391,52682,1,1
11458,14861,1,1
11458,18215,1,1
14861,14861,3,1
40144,40458,4,1
40197,40555,4,1
40197,40458,4,1
40461,40555,2,1
40473,40555,1,1
40492,40555,2,1
40558,40555,5,3
43328,40555,5,2
43328,40458,5,2
43485,40555,1,1
43490,40555,10,1
43513,40555,2,1
43899,40555,3,1
43899,40458,3,1
46133,40458,3,1
47962,40555,5,1
47962,40458,5,1
37035,63173,3,1
20550,26749,10,1
20550,20142,10,1
21532,26749,1,1
21615,26749,1,1
25564,26749,10,1
25877,26749,1,1
27150,20142,10,1
41504,59704,9,1
42990,59414,1,1
43009,59704,7,1
43053,59704,5,1
53411,59704,1,1
53411,59414,1,1
57324,59704,3,1
57324,59414,3,1
57630,59414,42,6
20056,21666,5,1
20057,21666,11,2
20080,26590,13,1
20082,21666,2,1
20084,21666,2,1
20090,21666,86,7
20091,21666,1,1
20092,21666,16,4
20644,21666,11,3
20645,26590,1,1
20646,21666,10,1
20648,21666,10,2
21373,26590,6,1
21374,26590,19,2
21560,26590,14,4
21666,21666,2,2
22279,21666,27,3
22974,21666,1,1
23055,21666,42,2
26489,26590,3,1
26493,26590,6,2
26499,26590,12,5
26501,21666,6,1
26502,26590,1,1
26504,26590,2,1
26524,26590,10,2
26525,26590,74,6
26566,26590,16,2
26568,21666,25,2
26569,26590,1,1
26581,21666,5,1
26591,26590,3,1
26593,21666,80,1
26615,21666,3,3
28525,21666,1,1
28525,26590,1,1
35135,37064,6,1
37084,37064,2,1
39856,37064,1,1
39856,37088,1,1
39905,37064,1,1
59913,59754,5,1
36454,30512,3,1
36454,33415,3,1
32296,35592,12,2
32447,32174,3,1
32448,32174,5,1
32555,35592,5,1
52174,58071,21,2
52174,58071,21,2
52408,57105,1,1
52408,56848,1,1
52408,58071,1,1
52408,58071,1,1
52408,58071,1,1
52730,58071,3,1
52730,58071,3,1
52730,58071,3,1
55041,58071,17,3
55041,58071,17,3
55041,58071,17,3
55047,58071,12,2
55047,58071,12,2
55049,58071,15,1
55049,58071,15,1
55240,58071,1,1
55240,58071,1,1
55355,58071,1,1
55355,58071,1,1
55400,58071,194,13
55400,58071,194,13
55401,57105,20,1
55401,57105,20,1
55401,56848,20,1
55625,57105,15,6
55625,57105,15,6
55625,56848,15,6
55625,58071,15,6
55625,58071,15,6
55625,58071,15,6
56020,58071,30,2
56020,58071,30,2
56824,58071,23,6
56824,58071,23,6
56824,58071,23,6
56825,57105,29,7
56825,57105,29,7
56825,56848,29,7
56827,57105,7,4
56827,57105,7,4
56827,56848,7,4
56832,57105,89,16
56832,57105,89,16
56832,56848,89,16
56832,58071,89,16
56832,58071,89,16
56832,58071,89,16
56833,57105,6,2
56833,57105,6,2
56833,56848,6,2
56833,58071,6,2
56833,58071,6,2
56833,58071,6,2
56839,57105,14,2
56839,57105,14,2
56839,56848,14,2
56839,58071,14,2
56839,58071,14,2
56839,58071,14,2
56847,57105,1,1
56847,57105,1,1
56848,57105,2,1
56848,57105,2,1
56848,56848,2,1
56948,58071,7,1
56948,58071,7,1
57001,57105,1,1
57001,56848,1,1
57053,57105,16,3
57053,56848,16,3
57057,57105,1,1
57057,56848,1,1
57060,57105,1,1
57060,56848,1,1
57061,57105,19,2
57061,56848,19,2
57062,57105,73,3
57062,56848,73,3
57102,57105,25,4
57102,57105,25,4
57102,56848,25,4
57181,57105,1,1
57181,56848,1,1
57311,57105,2,2
57311,57105,2,2
57311,58071,2,2
57311,58071,2,2
57315,57105,10,1
57315,56848,10,1
57316,57105,9,1
57316,56848,9,1
58065,58071,1,1
58065,58071,1,1
58065,58071,1,1
58067,58071,2,1
58067,58071,2,1
58067,58071,2,1
58071,58071,87,13
58071,58071,87,13
58071,58071,87,13
58073,58071,11,3
58073,58071,11,3
58073,58071,11,3
58178,58071,15,1
58178,58071,15,1
58178,58071,15,1
59031,57105,20,1
59031,57105,20,1
59031,58071,20,1
59031,58071,20,1
59040,58071,1,1
54180,55648,5,1
54180,55648,5,1
11059,19142,1,1
11059,11023,1,1
11358,12945,10,1
11358,12084,10,1
11359,19142,1,1
11359,11023,1,1
11816,19142,23,2
11816,11023,23,2
11831,19142,10,1
11831,11023,10,1
12287,19142,16,2
12287,11023,16,2
12945,12945,1,1
13274,12945,2,1
13274,12084,2,1
13300,19142,4,1
13300,11023,4,1
13369,19142,2,1
13369,11023,2,1
13907,14041,15,2
13907,14041,15,2
11510,15664,5,1
11510,14606,5,1
32466,37254,3,1
32466,37254,3,1
37030,37254,10,1
37030,37254,10,1
37040,37254,1,1
37040,37254,1,1
37207,37254,1,1
37207,37254,1,1
51096,52175,1,1
51096,52175,1,1
51096,52175,1,1
51096,52175,1,1
54689,51021,1,1
52167,50517,1,1
52167,50556,1,1
55137,50517,1,1
59160,59151,1,1
59160,50474,1,1
58279,53463,3,2
30886,33712,2,1
35051,33712,1,1
21134,21109,1,1
32328,38128,1,1
32328,21438,1,1
32330,21109,2,1
32330,21109,2,1
32492,38128,1,1
32492,21438,1,1
61348,63227,1,1
61348,63118,1,1
61348,63118,1,1
61291,63118,1,1
61291,63111,1,1
32884,30991,3,1
35621,31345,8,1
35621,31191,8,1
33532,39761,3,1
33532,39761,3,1
39324,39761,9,1
39324,39761,9,1
39326,39761,3,1
39326,39761,3,1
39330,39761,3,1
39330,39761,3,1
31906,36556,4,1
36556,32806,4,2
36556,36556,4,2
20656,20659,20,1
20660,20659,40,1
20844,20659,3,1
21486,20659,7,2
21486,25638,7,2
21574,25638,135,9
25638,25638,4,2
25661,25638,1,1
52189,50932,1,1
57120,57126,3,1
57121,57126,1,1
58103,58113,5,2
58107,58113,2,1
58107,57126,2,1
15356,19219,1,1
30763,32740,1,1
30763,32740,1,1
31929,32740,2,1
31929,32740,2,1
31937,32740,1,1
31937,32740,1,1
31942,32740,2,1
31942,32740,2,1
37040,33869,27,4
37040,33869,27,4
37120,32740,1,1
37120,32740,1,1
37121,33869,2,1
37121,33869,2,1
588,1456,2,1
616,1456,1,1
1133,1466,6,1
5312,1466,20,1
5356,1466,9,2
5393,1466,20,1
12946,32207,1,1
12946,32207,1,1
12946,12946,1,1
12946,12946,1,1
31120,12946,2,2
31120,12946,2,2
31123,32207,1,1
31123,32207,1,1
3228,5425,1,1
5312,5425,2,1
5393,1640,2,1
34924,39717,3,2
35736,39717,2,1
35736,34850,2,1
10983,11621,1,1
11062,11589,4,1
11070,11589,25,6
11198,11589,3,2
11947,11589,2,1
19437,11589,5,1
31916,32740,7,1
31932,32740,1,1
43058,40130,10,1
10076,18288,7,1
11478,18288,2,1
11478,15622,2,1
11480,18288,9,2
11480,15622,9,2
15274,18288,1,1
62,33395,1,1
33077,33395,1,1
5645,5645,5,2
5645,5641,5,2
10510,15412,12,2
10857,15411,8,3
10857,15412,8,3
11356,15412,1,1
11414,15412,3,1
11415,15412,2,2
11418,15412,1,1
11427,15412,9,2
13412,15411,7,2
13412,15412,7,2
13413,15411,2,1
13413,15412,2,1
13414,15411,5,3
13414,15412,5,3
13416,15411,7,2
13416,15412,7,2
13417,15411,2,1
13417,15412,2,1
13418,15411,3,1
14928,15411,3,1
15287,15412,14,3
15364,15411,30,1
15410,15411,10,1
15578,15411,3,3
19395,15412,2,1
55012,52175,2,2
36561,32010,3,1
36561,32010,3,1
37363,32010,1,1
37363,32010,1,1
37364,39791,9,1
37364,39791,9,1
37364,32010,9,1
37364,32010,9,1
38191,39791,5,2
38191,39791,5,2
38191,32010,5,2
38191,32010,5,2
39599,40096,1,1
39599,42250,1,1
39599,40096,1,1
39601,40096,4,2
39601,42250,4,2
39601,40096,4,2
40207,42250,1,1
51377,58025,3,1
51394,57004,1,1
51823,58025,2,1
54164,58025,6,3
58067,57004,1,1
58123,58025,3,2
58160,58025,3,1
58163,58025,1,1
58563,58025,6,1
59054,57004,2,1
59054,58025,2,1
59057,57004,2,1
137,1455,1,1
330,1455,4,2
1371,1455,3,1
4009,1455,10,1
9855,2948,2,1
39217,39540,1,1
39239,39540,4,1
39242,39540,6,2
39243,39540,2,2
39364,31411,2,1
39376,31411,5,1
39378,31411,2,2
39462,39540,26,3
39541,31411,2,1
39659,39540,7,1
39676,31411,10,1
33759,36098,2,1
35144,36157,1,1
35881,36098,8,3
36194,36157,1,1
36244,36157,2,1
36266,36157,1,1
36269,36098,1,1
38633,36098,4,1
26760,21448,4,1
37064,37119,1,1
37064,21448,1,1
19531,19753,5,1
19531,19753,5,1
12997,18132,6,1
12997,18132,6,1
13570,11797,6,1
13570,11797,6,1
14672,11797,1,1
14672,11797,1,1
15731,11797,2,1
15731,11797,2,1
19550,11797,1,1
19550,11797,1,1
20079,20849,16,4
20147,20800,30,1
20155,20849,22,3
20162,20800,70,8
20207,20849,33,7
20800,20800,762,34
20848,20800,3,3
20850,20800,7,1
20851,20849,4,1
21597,20849,20,6
22276,20800,60,3
22277,20800,2,1
22970,20800,6,2
22980,20849,12,5
26491,20849,5,3
26493,20849,36,4
26499,20849,29,4
26501,20800,18,1
26502,20849,18,3
26504,20849,22,2
26520,20849,100,2
27044,20849,5,3
27085,20800,1,1
33562,33562,2,1
35845,33562,1,1
37028,33562,2,2
37031,33562,2,1
38929,39791,5,1
20167,20441,16,4
20167,20441,16,4
20167,20441,24,6
20167,20441,24,6
20167,20441,24,6
27166,20441,1,1
27166,20441,1,1
27177,20441,2,1
27177,20441,2,1
407,605,5,1
1321,605,4,1
5219,605,1,1
41602,42734,1,1
41602,42734,1,1
42140,47469,6,1
42140,47469,6,1
43054,47469,2,1
43054,47469,2,1
34328,36146,29,3
36155,36146,1,1
36158,36146,4,3
36209,36146,16,2
38048,36146,12,2
38048,38048,12,2
39776,38048,4,2
60879,60878,5,1
13437,18204,2,1
14847,18204,1,1
18193,15448,1,1
20277,38130,5,1
20277,38130,5,1
20277,21402,5,1
21043,33550,1,1
21043,33550,1,1
21043,33550,1,1
21093,33550,2,2
21093,33550,2,2
21093,33550,2,2
21140,38130,6,1
21140,38130,6,1
21140,21402,6,1
25801,38130,105,5
25801,38130,105,5
25801,21402,105,5
25803,38130,22,2
25803,38130,22,2
25803,21402,22,2
25819,33550,2,2
25819,33550,2,2
25823,38130,1,1
25823,38130,1,1
25823,21402,1,1
25831,38130,10,1
25831,38130,10,1
25831,21402,10,1
31049,38130,5,1
31049,38130,5,1
31049,21402,5,1
38107,38130,2,1
38107,21402,2,1
52187,54266,4,1
40469,47129,1,1
40545,47129,3,1
40558,47129,7,2
40571,40424,1,1
42427,40424,1,1
43292,40424,4,2
46133,40424,2,2
32022,32022,1,1
32022,38237,1,1
33599,32011,1,1
33599,32011,1,1
10272,19624,5,1
10272,10466,5,1
19641,19624,1,1
19641,10466,1,1
55297,52221,9,1
55297,51145,9,1
39951,32233,3,1
35781,37061,6,1
37269,37061,10,2
37269,37061,10,2
39950,37061,1,1
1640,1640,5,2
5278,1640,1,1
5329,1640,1,1
5398,1640,2,1
37528,37528,4,2
37661,37528,3,1
32031,32427,1,1
32607,38188,1,1
32655,38188,2,1
32673,38188,2,1
32695,32427,2,1
32695,38188,2,1
32705,38188,4,1
30431,35267,1,1
30431,35267,1,1
30528,35267,3,1
30528,35267,3,1
35928,35267,3,1
35928,35267,3,1
39426,32088,8,2
39426,32088,8,2
39426,32088,8,2
39426,32088,8,2
11001,12946,2,1
11021,12946,2,1
11269,12946,8,1
12014,32171,8,1
12946,32171,1,1
12946,12946,1,1
31310,12946,1,1
32164,32171,2,1
32203,32171,4,1
58014,51402,2,1
58014,51402,2,1
54009,51164,8,1
31516,30028,7,2
31516,31791,7,2
54186,53881,3,1
54286,53881,2,1
60571,60899,2,1
60571,60572,2,1
63648,60572,9,1
31631,31631,1,1
34099,34099,4,1
34099,31631,4,1
36865,31631,2,2
63317,63346,1,1
63317,63317,1,1
63378,63346,4,1
63378,63317,4,1
31407,31412,3,1
39183,39561,6,3
39207,30869,2,1
39207,39561,2,1
39508,31412,7,1
20036,20036,6,2
20036,21068,6,2
21139,21068,6,1
21161,21161,3,1
21161,25818,3,1
21540,21161,2,1
21540,25818,2,1
23038,21161,3,1
23038,25818,3,1
25346,21161,36,6
25346,25818,36,6
25722,21161,4,4
28665,21161,1,1
28665,25818,1,1
31496,21161,4,1
31496,25818,4,1
31658,20036,1,1
31658,21068,1,1
31674,20036,5,1
31674,21068,5,1
32269,21161,10,1
32269,25818,10,1
32373,20036,8,2
32373,21068,8,2
32494,21161,3,1
32494,25818,3,1
32556,20036,3,3
32556,21068,3,3
36667,20036,23,5
36667,21161,23,5
36667,21068,23,5
36667,25818,23,5
37655,20036,4,2
37655,21068,4,2
41749,47103,3,1
55056,54231,4,1
55056,54231,4,1
56501,56501,1,1
56502,57235,2,1
57001,57235,1,1
57122,57235,1,1
57273,57235,7,1
57277,57235,1,1
11063,13459,5,1
11063,11083,5,1
11126,11126,2,1
11145,11126,1,1
11145,11300,1,1
13271,13459,2,1
13271,11083,2,1
19422,11126,30,3
55425,55371,1,1
56704,56704,11,3
56704,55371,11,3
11255,13962,1,1
51189,51220,1,1
51189,57588,1,1
40518,43037,1,1
40518,43037,1,1
41995,43037,4,1
41995,43037,4,1
43059,43037,1,1
43059,43037,1,1
47453,43053,2,1
47453,43053,2,1
47671,43053,1,1
47671,43053,1,1
43479,43821,4,2
43479,46119,4,2
10139,15337,4,1
10139,10139,4,1
41353,42968,1,1
41353,42967,1,1
41522,41522,21,2
43094,42968,2,2
43094,42967,2,2
36079,33699,9,1
36079,33699,9,1
36969,33699,2,1
36969,33699,2,1
36024,31657,3,1
36281,31657,2,2
36288,31657,2,1
36323,31657,2,1
60469,60899,2,1
60469,65354,2,1
138,3007,10,1
145,3007,2,1
148,3007,5,1
153,3007,12,1
645,3007,10,1
1106,3007,1,1
1467,3007,10,1
2245,3007,1,1
2262,3007,12,3
3594,3007,0,1
5132,3007,6,2
31428,39561,5,1
35237,39561,1,1
39170,39204,1,1
39545,39204,1,1
10222,15538,1,1
40159,40757,1,1
40159,40757,1,1
40159,40757,1,1
40159,40757,1,1
31291,30991,6,1
31291,30992,6,1
32282,30991,2,1
32282,30991,2,1
32340,30991,1,1
32340,30991,1,1
33582,30991,5,1
33582,30991,5,1
57298,58161,4,2
58684,58161,3,3
31597,38310,8,1
31597,38310,8,1
31597,38310,8,1
32169,38310,5,1
32169,38310,5,1
32169,38310,5,1
32239,38310,4,1
32239,38310,4,1
32239,38310,4,1
11176,14340,0,1
11176,13543,0,1
14330,13146,4,2
31036,33744,1,1
31036,33744,1,1
31659,33744,6,1
31659,33744,6,1
32880,33744,4,1
32880,33744,4,1
33738,33744,2,1
33738,33744,2,1
33738,33744,2,1
33738,33744,2,1
35447,33744,5,2
35447,33744,5,2
38222,33744,1,1
38222,33744,1,1
38222,33744,1,1
38222,33744,1,1
32760,33692,2,1
35419,33692,5,1
14601,15664,2,2
14601,14606,2,2
11011,31075,3,1
11013,31075,5,1
11017,31075,2,1
11018,31075,15,1
11059,31075,8,2
11060,31075,17,3
11359,31075,4,4
11361,31075,31,6
11362,31075,18,3
11363,31075,5,1
11364,31075,20,2
13324,31075,45,10
30057,32362,11,3
30057,31075,11,3
30059,31075,2,2
30775,32362,15,2
30775,31075,15,2
30779,32362,5,2
30779,31075,5,2
30814,32362,8,3
32362,32362,13,2
33574,31075,1,1
33606,32362,18,5
35690,32362,11,2
35690,31075,11,2
35691,32362,1,1
38505,32362,40,1
3847,5925,0,1
5854,1329,4,4
31014,35679,4,1
31796,31280,3,1
31798,35679,8,1
31798,31280,8,1
60894,60899,4,1
60894,60639,4,1
31194,38468,3,1
35255,31195,8,2
1260,202,3,1
1260,202,3,1
1344,1539,20,1
1344,1539,20,1
1347,1539,1,1
1347,1539,1,1
2365,1539,2,2
2365,1539,2,2
3008,1539,10,1
3008,1539,10,1
3858,202,1,1
3858,202,1,1
6131,1539,2,1
6131,1539,2,1
39375,34837,3,1
39375,34837,3,1
39419,37860,1,1
39419,37860,1,1
39422,37860,2,1
39422,37860,2,1
60021,61414,5,1
60256,60402,10,1
60257,60402,24,5
60279,61414,1,1
60312,60402,7,1
60403,61414,20,1
63480,60402,16,4
63974,61414,10,1
63974,65155,10,1
63975,60402,4,1
63981,60402,1,1
65387,60402,1,1
65387,60402,1,1
30326,30326,5,1
33077,30326,4,1
33275,30326,5,1
35249,30326,60,4
35249,30326,60,4
55002,58867,1,1
55002,55481,1,1
55006,58867,11,2
55006,55481,11,2
55040,58867,5,1
55040,55481,5,1
55079,55049,2,1
55079,55049,2,1
55089,55049,4,1
55089,55049,4,1
55121,58867,0,1
55121,55481,0,1
55144,55049,3,1
55144,55049,3,1
55228,58867,10,1
55228,55481,10,1
55324,58867,3,1
55324,55481,3,1
55432,58867,8,2
55432,55481,8,2
55552,55049,3,1
55552,55049,3,1
56150,55049,5,1
56150,55049,5,1
56163,55481,1,1
56720,58867,8,1
56720,55481,8,1
56724,55049,2,1
56728,55049,1,1
58923,55049,1,1
58933,55049,4,1
58936,55049,4,1
58937,55481,2,1
58945,55049,2,1
59560,55049,8,1
59564,55049,4,3
52174,58863,1,1
55037,55481,4,1
55122,55481,4,1
55122,58863,4,1
55480,58863,1,1
58866,55481,6,2
10021,13536,12,2
10972,11274,1,1
10986,11274,2,1
11116,11274,6,1
13527,13536,1,1
19429,13536,2,1
54180,55648,5,1
54180,55648,5,1
54003,55571,1,1
31291,30548,8,2
32325,30548,1,1
31982,31825,1,1
31982,38096,1,1
35050,31660,1,1
30087,39110,5,1
30087,39110,5,1
39107,39107,1,1
39107,39107,1,1
39287,39110,1,1
39287,39110,1,1
31366,63111,3,1
31366,63111,3,1
31366,63111,3,1
31366,63111,3,1
31366,63111,3,1
32399,63111,1,1
32399,63111,1,1
32399,63111,1,1
32399,63111,1,1
32399,63111,1,1
32399,63111,1,1
38243,63111,2,1
38243,63111,2,1
38243,63111,2,1
38243,63111,2,1
38243,63111,2,1
38243,63111,2,1
39684,63227,6,1
39684,63418,6,1
39684,63126,6,1
63410,63227,6,1
63410,63418,6,1
63424,63227,2,1
63424,63418,2,1
35621,32112,8,1
36764,32112,5,1
38002,34398,2,1
38002,38894,2,1
38885,34398,5,1
38885,38894,5,1
11028,11034,5,1
11028,13984,5,1
11040,14707,1,1
11040,10111,1,1
12017,11034,1,1
12017,13984,1,1
13216,14707,1,1
13216,10111,1,1
51233,59062,1701,2
55817,59062,5,1
57001,59062,23,3
57053,59062,8,4
57053,59062,8,4
57119,59062,1,1
57165,59062,7,4
57166,59062,12,3
57167,59062,7,3
57168,59062,3,1
57171,59062,4,2
57173,59062,8,2
57174,59062,28,2
57181,59062,6,2
57206,59062,3,1
57208,59062,25,1
57231,59062,14,3
58124,59062,43,8
30946,31035,3,1
30946,31549,3,1
1,579,4,1
139,5427,20,1
580,579,3,1
581,579,40,1
1050,5427,12,3
1050,579,12,3
1291,5427,3,1
1291,579,3,1
3228,579,12,2
5193,5427,6,2
5196,579,11,2
5427,5427,6,1
5661,579,8,3
6188,5427,20,1
10977,10928,1,1
11300,10928,5,2
11885,12766,1,1
12033,10928,3,1
10976,11348,1,1
10976,19404,1,1
11602,11274,1,1
11602,11075,1,1
42563,43353,4,2
42563,40571,4,2
43498,43353,2,1
43498,40571,4,2
43498,40571,4,2
30131,30144,10,1
51305,51332,3,1
51378,51332,1,1
51378,51323,1,1
51381,51332,2,1
51381,51323,2,1
51415,51332,1,1
51415,51323,1,1
52279,51332,3,1
52279,51323,3,1
53408,51332,5,1
57307,51332,4,1
26760,37861,4,1
26759,27143,20,1
26921,27143,3,1
26923,27143,8,1
27107,27143,20,1
27173,27143,1,1
50905,51074,50,1
51120,51074,1,1
54009,51164,2,1
56245,51074,1,1
50908,54964,10,1
52189,54231,1,1
53840,54964,10,1
53840,54231,10,1
54965,54964,5,1
54965,54231,5,1
50736,52540,2,1
50736,50517,2,1
53413,50517,6,1
58479,50517,1,1
20662,21109,10,1
21093,21132,8,1
26130,21109,1,1
31065,31604,3,1
31159,31429,2,1
31313,31604,9,2
31454,31604,4,1
31454,31429,4,1
33505,31429,1,1
38120,31604,3,1
647,647,1,1
1948,647,4,2
2776,2776,2,2
3103,2776,3,1
1142,1539,1,1
3828,1539,4,1
78,1879,8,4
78,434,8,4
78,1879,8,4
84,1879,247,12
84,434,247,12
84,1879,247,12
157,1166,10,1
192,1879,5,1
242,5837,15,2
554,5837,1,1
557,5837,6,1
1002,5837,20,1
1317,1879,16,5
1317,434,16,5
1317,1879,16,5
1318,1879,82,3
1318,5837,82,3
1318,1487,82,3
1318,1166,82,3
1318,1879,82,3
1318,1879,82,3
1492,5837,20,1
1507,1879,7,1
1507,434,7,1
1862,1879,846,11
1862,5837,846,11
1862,1487,846,11
1862,1166,846,11
1862,1879,846,11
1862,1879,846,11
1879,1879,8,1
1879,5837,8,1
1879,1487,8,1
1879,1166,8,1
1879,1879,8,1
1879,1879,8,1
1933,1879,0,1
1933,5837,0,1
1933,1166,0,1
1933,1879,0,1
1933,1879,0,1
2246,1879,20,1
2246,434,20,1
2246,5837,20,1
2246,1879,20,1
2551,1879,1183,19
2551,434,1183,19
2551,5837,1183,19
2551,1487,1183,19
2551,1166,1183,19
2551,1879,1183,19
2778,1879,25,3
2778,5837,25,3
2778,1487,25,3
2778,1166,25,3
2778,1879,25,3
2778,1879,25,3
2836,1879,70,1
2836,5837,70,1
2836,1487,70,1
2836,1166,70,1
2836,1879,70,1
2836,1879,70,1
2896,1879,2,1
2896,5837,2,1
2896,1487,2,1
2896,1166,2,1
2896,1879,2,1
2896,1879,2,1
3292,5837,10,1
3379,1879,10,1
3379,434,10,1
3379,1879,10,1
3632,1879,117,6
3632,434,117,6
3632,1879,117,6
3633,1879,8,2
3633,434,8,2
3633,1879,8,2
3858,1879,18,5
3858,5837,18,5
3858,1487,18,5
3858,1166,18,5
3858,1879,18,5
3858,1879,18,5
4115,1879,22,2
4115,5837,22,2
4115,1487,22,2
4115,1166,22,2
4115,1879,22,2
4115,1879,22,2
4169,1879,483,26
4169,434,483,26
4169,1879,483,26
4216,1879,55,2
4216,434,55,2
4218,1879,1,1
4218,5837,1,1
4218,1487,1,1
4218,1166,1,1
4218,1879,1,1
4218,1879,1,1
5949,1879,10,2
5949,5837,10,2
5949,1487,10,2
5949,1166,10,2
5949,1879,10,2
5949,1879,10,2
9823,1879,721,15
9823,434,721,15
9823,5837,721,15
9823,1487,721,15
9823,1166,721,15
9823,1879,721,15
61157,1487,2,1
56670,58113,1,1
57122,57268,1,1
57125,57268,1,1
57127,57268,4,1
57269,58113,3,1
58067,57268,4,1
58096,58113,8,1
58120,58113,1,1
58138,58113,10,2
52174,55240,1,1
55141,58666,8,2
58217,58666,1,1
31138,31429,1,1
31171,34742,3,1
31470,34742,10,1
31470,31429,10,1
31676,34742,15,2
34742,34742,9,2
36526,31429,6,1
38129,34742,10,1
12385,12385,21,3
13646,13663,1,1
13650,12385,1,1
14735,13663,7,1
14737,13663,7,1
14984,13663,4,1
15001,12385,4,1
15151,13663,7,3
15726,13663,20,1
15726,12385,20,1
54835,54835,10,2
54835,54835,10,2
54835,54868,5,1
11361,11363,3,1
11363,11363,2,1
13118,11363,3,1
17903,11363,1,1
52685,52682,2,1
52685,52682,2,1
20235,21401,5,1
20419,21401,7,2
20443,22555,2,1
21139,22555,1,1
21518,22555,5,1
21551,21401,2,1
21728,22555,4,1
25203,21401,1,1
25937,21401,10,1
36164,21401,3,3
36168,21401,12,3
36208,21401,10,2
36237,22555,36,3
36238,21401,6,1
37571,21401,4,1
21139,21139,1,1
21161,21254,1,2
21161,20152,1,2
21254,21254,1,1
21254,20152,1,1
21370,21254,50,1
21370,20152,50,1
21500,22028,31,2
21500,21139,31,2
21684,21254,5,1
21684,20152,5,1
22556,21254,2,1
22556,20152,2,1
27059,22028,3,1
27059,21139,3,1
35021,34219,2,2
35146,31660,2,1
640,640,15,1
39222,39204,1,1
39222,30399,1,1
39271,39204,2,1
39271,30399,2,1
39281,39204,5,1
39281,30399,5,1
39287,39204,5,1
39287,30399,5,1
32152,38212,3,2
32152,31757,3,2
38216,38212,2,1
38216,38235,2,1
38216,31757,2,1
20037,26590,42,8
20057,26590,2,2
20061,20162,9,4
20079,26590,55,6
20080,26590,25,2
20081,26590,40,2
20082,20162,7,2
20084,20162,17,2
20085,26590,16,4
20086,26590,20,1
20089,20162,10,6
20090,20162,16,3
20091,20162,80,5
20094,26590,6,2
20155,26590,3,1
20162,20162,20,4
20200,26590,55,10
20330,26590,11,3
20647,26590,1,1
21377,26590,5,1
21597,26590,66,9
22276,20162,20,1
22970,20162,5,1
22974,26590,184,4
23039,20162,83,12
26239,20162,28,3
26240,26590,114,16
26379,26590,55,8
26388,26590,23,3
26389,26590,10,3
26391,20162,1,1
26416,26590,1,1
26484,20162,18,7
26485,26590,48,7
26564,26590,38,5
26566,20162,1,1
26568,26590,8,3
26569,20162,8,1
26581,20162,14,2
26582,26590,13,3
26593,20162,271,7
26615,20162,34,3
27043,20162,5,1
27044,26590,5,1
27058,26590,29,6
27085,20162,1,1
27088,26590,7,2
27089,26590,4,1
27092,20162,31,6
28588,20162,11,2
28588,26590,11,2
50178,59087,2,1
50178,52570,2,1
51015,51015,4,1
51158,51015,1,1
51158,51328,1,1
51190,51015,3,1
51190,51328,3,1
51230,51015,2,1
51230,51328,2,1
51239,51015,2,1
51239,51328,2,1
51327,51015,8,2
51327,51328,8,2
11156,10928,10,1
13462,12766,13,3
37861,30300,2,1
39987,30300,6,2
57120,57180,1,1
57181,57180,1,1
57216,57241,3,1
57218,57180,8,4
57221,57180,4,1
57233,57180,3,1
58120,57241,1,1
58129,57241,4,1
58169,57241,4,1
40465,40659,5,1
43317,40659,2,1
43320,40659,8,4
43348,43484,3,1
41749,42410,10,2
41844,42410,2,1
42324,42410,40,1
42400,42410,4,1
42995,42410,2,1
43088,42410,5,3
43578,42410,16,5
43579,42410,5,1
43580,42410,5,2
46213,42410,10,1
46215,42410,1,1
46953,42410,5,3
53364,42410,3,2
39109,39645,1,1
39109,39246,1,1
39252,39645,10,1
11482,14349,0,1
13437,14349,1,1
18406,14349,1,1
12287,19180,3,1
12295,19180,5,1
41988,40863,1,1
42065,40863,1,1
42840,46203,2,1
50956,50961,4,2
35202,39426,2,1
39187,39426,1,1
113,102,2,1
120,102,1,1
123,2001,34,2
126,102,3,1
129,2001,1,1
130,102,2,1
350,102,13,2
543,2001,2,2
1223,2001,4,1
1247,102,9,3
1616,2001,1,1
2000,102,5,1
2001,2001,99,12
3008,2001,14,3
3374,102,2,2
3632,102,0,1
3634,2001,51,2
3820,102,5,1
4115,2001,11,2
4216,102,17,7
4218,2001,1,1
6012,2001,10,1
6238,2001,7,2
9841,2001,4,2
800,1522,6,1
800,1957,6,1
3374,1522,10,1
3374,1957,10,1
14663,15726,1,1
14663,15726,1,1
14722,15726,1,1
14722,15129,1,1
14722,15129,1,1
14740,15726,16,2
14740,15726,16,2
15097,15726,10,2
15097,15129,10,2
15097,15129,10,2
15716,15726,5,3
15716,15726,5,3
15743,15726,4,1
15743,15129,4,1
15743,15129,4,1
55249,53979,1,1
30975,31022,6,1
33480,31039,2,1
30993,33210,3,3
30993,30953,3,3
30993,35093,3,3
30993,33210,3,3
31004,33210,1,1
31004,30953,1,1
31004,33210,1,1
33169,35093,1,1
33169,35093,1,1
33203,33210,1,1
33203,30953,1,1
33203,35093,1,1
33203,35093,1,1
33203,33210,1,1
33204,33210,3,1
33204,30953,3,1
33204,35093,3,1
33204,35093,3,1
33204,33210,3,1
33205,33210,5,2
33205,30953,5,2
33205,35093,5,2
33205,35093,5,2
33205,33210,5,2
35252,33210,1,1
35252,30953,1,1
35252,35093,1,1
35252,35093,1,1
35252,33210,1,1
37547,33210,5,2
37547,30953,5,2
37547,35093,5,2
37547,35093,5,2
37547,33210,5,2
37924,33210,3,1
37924,30953,3,1
37924,35093,3,1
37924,35093,3,1
37924,33210,3,1
20298,25638,2,1
25253,25638,1,1
25669,22556,1,1
34795,22556,1,1
47911,47831,7,3
41352,43070,4,1
42236,40273,8,1
47634,43070,1,1
19750,14579,12,1
20168,36408,2,1
21231,36408,20,3
21436,36408,8,2
21530,21254,7,1
21817,36408,6,3
22936,36408,3,2
26053,21254,1,1
26070,21254,7,2
26158,21254,2,2
26198,36408,2,1
26945,36408,3,1
26945,21254,3,1
34954,21254,1,1
35848,21254,9,2
30814,37501,2,1
30818,37501,2,2
31660,31602,1,1
31660,31602,1,1
35257,31602,15,1
35257,31602,15,1
36806,31602,3,1
36806,31602,3,1
31690,31850,3,1
31696,36176,10,2
34451,36176,12,2
36345,36176,2,1
38170,31850,4,1
137,3035,12,2
168,2987,3,1
284,2987,5,1
1166,2987,2,1
4009,3035,26,3
60207,60402,0,1
60237,60402,6,1
60302,61414,1,1
60312,60402,1,1
60314,60402,1,1
60315,61414,15,1
60318,61414,2,1
61378,60402,5,1
63988,61414,10,1
65383,61414,2,1
65390,60402,2,1
31055,36481,322,2
31195,36481,1,1
31197,36481,2,1
31345,36481,8,2
31463,36481,1,1
32902,36481,1,1
32940,36481,8,1
34063,36481,21,2
34063,36075,21,2
38129,36481,15,1
573,5295,2,1
573,579,2,1
1306,605,2,2
1306,605,2,2
5294,605,6,1
5350,605,1,1
5350,605,1,1
5660,5295,2,1
5660,579,2,1
30945,33210,11,1
31044,35093,2,1
31862,35093,10,1
33154,35093,1,1
34029,33210,10,1
38062,35093,40,1
42203,41593,1,1
43686,41593,3,1
43686,41593,3,1
47974,41593,2,1
47974,41593,2,1
11051,12289,5,1
11052,12289,21,2
12289,12289,10,1
12339,13199,1,1
13368,13199,2,1
33280,33736,3,1
35088,33736,10,1
40964,42388,10,1
43403,43402,1,1
30087,39559,3,1
30108,39559,1,1
39291,39559,2,1
39361,39183,1,1
39366,39183,10,2
39471,39183,1,1
39471,39559,1,1
39559,39559,2,1
32603,34719,5,1
32612,35836,1,1
32614,34719,1,1
31871,32015,2,1
31871,32015,2,1
31291,32055,7,1
31291,39998,7,1
31645,32055,4,1
31645,39998,4,1
32262,31622,3,1
32262,31622,3,1
32263,32055,1,1
32263,39998,1,1
32269,31622,6,2
32269,31622,6,2
32458,31622,6,1
32458,31622,6,1
32770,32055,1,1
32770,39998,1,1
35344,31622,3,1
35344,31622,3,1
35379,31622,5,1
35379,31622,5,1
11173,10977,40,2
11225,10977,6,1
11738,10977,28,7
12675,10977,60,3
13255,15333,2,1
13543,15333,1,1
15334,10977,10,1
19403,15333,2,1
56380,59049,8,3
57001,57180,1,1
57053,57180,12,2
57053,59049,12,2
57149,57180,2,1
57180,57180,6,2
57180,59049,6,2
57181,57180,20,1
57188,57180,3,1
57190,57180,5,1
57233,57180,3,1
58101,59049,6,1
58140,59049,1,1
59045,57180,5,1
1269,1577,1,1
1325,1577,6,1
1450,1693,10,1
1538,1577,1,1
1578,1577,5,1
1811,1693,52,1
51236,51332,2,1
51329,51332,1,1
21109,21109,4,1
21356,21109,10,1
21357,21109,1,1
21390,21109,1,1
21568,38128,10,1
21666,21109,10,1
26373,38128,1,1
31427,38128,1,1
39884,39954,2,1
33324,39110,4,1
33324,39110,4,1
39119,39110,1,1
39119,39110,1,1
39180,39110,2,1
39180,39110,2,1
39516,39107,3,1
39676,39107,10,1
51648,51650,5,2
51648,51650,5,2
55012,52207,4,1
55012,51164,4,1
31816,38129,17,3
31816,38129,17,3
32397,35397,3,1
32397,35397,3,1
32404,35397,8,2
32404,35397,8,2
37545,38129,3,1
37545,38129,3,1
38129,38129,2,1
38129,38129,2,1
38244,38129,1,1
38244,38129,1,1
38313,35397,3,1
30141,39645,1,1
30141,39761,1,1
39372,39645,3,1
39654,39645,5,1
39654,39761,5,1
46970,47026,2,1
51180,59049,3,1
51180,59049,3,1
51240,58066,12,1
57053,58066,16,5
57053,59049,16,5
57053,59049,16,5
57059,59049,5,1
57059,59049,5,1
57075,58066,2,1
57183,59049,29,6
57183,59049,29,6
57185,58066,4,3
57186,59049,17,4
57186,59049,17,4
57188,58066,16,3
57189,59049,189,24
57189,59049,189,24
57190,58066,1,1
57191,59049,18,4
57191,59049,18,4
57192,58066,1,1
57193,58066,2,1
57195,58066,12,2
57198,58066,2,2
57313,58066,4,1
58065,58066,21,2
58066,58066,16,2
58105,59049,4,1
58105,59049,4,1
58120,59049,40,4
58170,58066,56,5
58170,59049,56,5
58170,59049,56,5
59049,58066,1,1
59049,59049,1,1
59049,59049,1,1
11136,14340,10,1
11172,14340,1,1
11294,14340,10,1
13544,14340,20,2
14330,11126,1,1
11000,11589,3,1
11000,11589,3,1
20092,31435,7,2
20147,31435,3,1
20155,30548,3,1
20162,31435,10,2
21357,31435,2,1
21371,30548,5,1
22975,31435,2,1
23060,30548,1,1
26485,30548,1,1
26520,30548,2,1
26595,31435,4,1
26790,31435,19,4
26790,30548,19,4
26797,31435,3,1
26797,30548,3,1
26806,31435,67,10
26807,30548,5,1
26808,31435,118,12
26808,30548,118,12
27043,31435,10,1
27044,30548,2,2
32902,30548,20,1
32903,30548,13,1
32910,30548,2,1
32911,30548,33,3
56623,59897,1,1
56625,59897,2,1
56625,50063,2,1
34718,39246,3,1
35644,39246,1,1
39269,39246,1,1
39270,39524,5,1
30069,31412,2,1
30069,31412,2,1
36020,31412,7,1
36020,31412,7,1
36022,31412,9,1
36022,31412,9,1
36828,31412,2,1
36828,31412,2,1
39174,39561,1,1
39174,39561,1,1
39212,39561,5,1
39212,39561,5,1
1512,9801,8,1
1849,9801,1,1
2360,9801,1,1
3322,9801,6,2
3857,9801,4,1
4175,9801,1,1
9863,9801,12,1
37056,30013,1,1
37058,30013,1,1
37059,30013,6,1
39883,30013,4,1
39884,30013,2,1
39900,30013,1,1
39928,30013,5,1
53392,57875,6,2
53392,57875,6,2
53392,57875,6,2
53392,54347,6,2
53392,54347,6,2
53392,57875,6,2
54345,57875,8,1
54345,57875,8,1
54345,57875,8,1
54345,57875,8,1
12949,13663,2,1
14730,14730,21,2
41613,41887,30,1
41870,47636,4,1
42117,41887,2,1
42262,41887,2,2
47913,47636,2,1
47914,41887,6,2
33829,36108,5,1
36278,36108,3,1
20200,31429,10,1
20207,33550,5,2
20789,31429,1,1
21173,33550,1,1
21238,31429,3,2
21371,33550,4,2
21654,33550,3,1
21815,31429,65,14
22277,31429,7,1
22975,31429,20,2
25882,31429,4,2
26264,31429,4,1
26277,31429,3,1
26381,31429,1,1
26389,31429,2,1
28665,31429,2,2
31017,33550,3,1
31036,33550,1,1
31054,33550,17,2
31057,33550,29,4
31065,33550,1,1
31129,33550,3,2
32906,33550,13,2
32940,31429,5,1
36500,31429,1,1
37130,33550,1,1
38106,33550,37,8
38111,33550,5,1
38121,31429,5,1
38129,31429,1,1
20116,26595,1,1
20116,25903,1,1
20283,26595,1,1
20283,25964,1,1
20283,25903,1,1
20283,20152,1,1
20284,26595,3,1
20284,25964,3,1
20284,25903,3,1
20284,20152,3,1
20725,26595,4,1
20725,25903,4,1
20727,25964,10,1
21356,26595,215,1
21356,25903,215,1
21376,26595,14,2
21376,25903,14,2
21534,26595,2,2
21534,25903,2,2
21669,25964,1,1
21675,26595,5,1
24068,25964,2,2
25203,25964,7,2
25203,20152,7,2
26434,25964,1,1
26434,20152,1,1
26806,26595,0,1
26806,25903,0,1
28594,25964,12,2
28594,20152,12,2
41406,43053,5,1
47453,43053,5,1
43728,54909,8,1
47585,54909,3,1
47585,47586,3,1
52780,54909,8,1
56193,54909,2,1
56193,47586,2,1
20373,20105,7,1
26761,26749,10,1
26761,20105,10,1
26763,26749,2,1
26763,20105,2,1
54818,56866,2,1
54818,56866,2,1
50645,56301,2,1
50645,56301,2,1
59081,56301,2,1
59081,56301,2,1
59325,56301,1,1
59325,56301,1,1
33157,33077,1,1
51141,51288,1,1
51296,51288,9,2
56944,51288,1,1
57026,51288,1,1
1064,1064,5,1
5450,5443,1,1
5452,1064,31,2
34184,34186,6,1
34184,35169,6,1
34184,34094,6,1
34184,34094,6,1
39222,39426,3,1
39228,39426,6,1
63110,63587,5,1
63199,63587,5,1
63203,63170,2,1
63203,63587,2,1
63589,63587,5,1
21337,26908,2,1
26666,26908,1,1
36598,26908,10,3
10003,12013,10,1
11060,12013,2,2
11513,11856,17,1
11568,12013,2,2
11569,12013,2,1
12296,11856,2,1
12337,11856,1,1
12339,11856,5,1
13172,11856,1,1
13173,12013,8,2
13212,11856,36,2
14705,11856,6,1
56158,50085,1,1
56158,52999,1,1
33660,33662,6,1
33660,33689,6,1
35095,33662,1,1
57059,57315,10,1
57316,57315,1,1
10976,12766,3,1
11296,12766,3,1
12916,12766,6,1
12916,10928,6,1
13235,10928,9,4
19405,12766,8,2
20727,25439,1,1
21195,25439,2,1
21195,20152,2,1
22970,25439,1,1
22970,20152,1,1
23051,20139,5,2
23051,21139,5,2
25439,25439,6,2
25439,20152,6,2
26402,25439,6,1
26402,20152,6,1
26487,20139,10,1
26487,21139,10,1
26490,20139,9,2
26490,21139,9,2
53828,51013,2,1
53828,51013,2,1
53865,51013,3,1
53865,51013,3,1
31342,33440,1,1
31342,33440,1,1
37634,37632,4,2
60079,60194,1,1
60079,60194,1,1
60330,60194,3,1
60330,60194,3,1
61245,60194,3,1
61442,60194,1,1
61442,60194,1,1
61444,60194,4,1
63727,60194,10,1
63727,60194,10,1
60281,60352,3,1
60290,60290,20,1
60301,60352,2,1
60320,60290,1,1
61431,60352,10,1
61431,60290,10,1
63948,60290,2,1
64202,60352,2,1
65156,60290,2,1
65160,60290,2,1
65231,60290,2,1
65304,60352,5,1
65385,60352,1,1
65385,60290,1,1
65387,60352,6,2
10313,16026,10,1
10313,16026,10,1
10313,16026,10,1
14251,16026,4,1
14251,16026,4,1
14251,16026,4,1
16028,16026,1,1
16028,16026,1,1
16028,16026,1,1
16029,16026,1,1
16029,16026,1,1
16029,16026,1,1
16102,16026,1,1
16102,16026,1,1
16102,16026,1,1
309,324,2,1
579,579,10,1
3557,324,2,1
6188,579,9,3
50290,51557,3,1
50290,52093,3,1
37041,39791,4,1
39794,39791,2,1
39794,31764,2,1
11447,14647,1,1
11447,14955,1,1
31863,35679,5,2
36202,35679,1,1
37415,35679,3,1
37423,35679,1,1
60229,60272,2,1
60286,60286,1,1
60372,60272,10,1
60377,60272,6,2
63989,60286,14,1
65387,60286,1,1
32397,32664,2,1
32397,32664,2,1
32397,32664,2,1
32398,39685,10,1
32398,39685,10,1
32398,39685,10,1
38409,32664,1,1
38409,32664,1,1
38409,32664,1,1
39684,32664,6,1
39684,32664,6,1
39684,32664,6,1
60089,60194,16,2
60089,60194,16,2
60198,60283,5,1
60198,60283,5,1
60335,60194,1,1
60335,60194,1,1
61442,60283,5,1
61442,60283,5,1
63727,60283,3,1
63727,60283,3,1
11619,10068,5,1
11619,10068,5,1
11921,10068,3,2
11921,10068,3,2
11283,14433,2,1
11685,14433,4,1
14248,14433,1,1
14324,14433,3,1
16028,14433,3,1
18477,14433,1,1
19947,14433,5,1
19947,14433,5,1
50488,51557,1,1
56458,51557,1,1
32763,37430,1,1
32769,37785,1,1
33188,37430,1,1
34041,37430,6,2
35084,37430,10,1
37679,37785,1,1
37679,37430,1,1
51027,52175,1,1
51027,52175,1,1
37018,63195,4,1
37020,39717,6,1
39690,39717,10,1
63436,39717,5,1
63436,63195,5,1
141,9968,10,1
141,3114,10,1
142,9968,15,6
142,3114,15,6
144,9968,6,2
144,3114,6,2
149,3114,5,1
315,3114,2,2
1190,3114,17,2
1485,9968,11,2
2002,3114,5,1
2003,9968,10,2
2004,9968,9,2
2982,9968,3,1
2983,9968,8,3
3010,9968,10,1
3012,9968,1,1
3089,3114,15,1
3654,9968,4,1
4009,3114,5,2
5130,9968,10,1
5824,3114,6,1
5825,9968,5,2
6233,9968,4,1
9948,3114,5,1
37027,63156,2,1
37032,63156,2,1
37035,63156,1,1
63160,65446,1,1
37058,37061,16,2
39886,37061,1,1
39921,37061,1,1
51240,58067,1,1
57053,58067,4,2
57053,58067,4,2
57058,58067,9,2
57177,58067,8,1
57222,58067,3,1
57223,58067,2,1
57224,58067,4,1
57229,58067,10,1
57256,58067,4,1
10976,12766,10,1
11246,10928,10,1
11300,10928,1,1
11789,12766,1,1
13450,12766,6,1
14330,12766,10,2
16067,10928,1,1
16067,12766,1,1
31548,36427,5,1
31548,36427,5,1
32551,36426,2,1
32551,36551,2,1
32551,36426,2,1
10095,12235,7,1
10095,10095,7,1
12133,12235,1,1
12133,10095,1,1
14730,14730,29,3
14730,14730,29,3
15063,12235,5,1
15063,10095,5,1
15953,12235,4,2
15953,10095,4,2
15963,12235,11,2
15963,10095,11,2
18133,12235,10,1
18133,10095,10,1
18135,14730,10,1
18135,14730,10,1
50132,54724,1,1
50142,56559,1,1
47774,47761,5,2
11300,14449,5,1
11300,15542,5,1
11300,15542,5,1
15548,14449,2,1
15548,14449,2,1
53809,53810,1,1
53951,53810,1,1
53961,53810,10,1
39832,38655,3,1
60202,65388,1,1
60203,65388,10,2
60210,65301,3,1
60213,65388,20,1
60217,65388,5,1
60307,65301,1,1
60308,65301,1,1
60383,65301,1,1
463,954,10,1
947,954,8,5
952,954,7,1
4171,954,3,1
12831,11697,2,1
12831,11697,2,1
13437,11697,3,1
16506,12144,8,1
31785,30173,1,1
31785,30173,1,1
31785,31786,1,1
32614,30173,4,2
32614,31786,4,2
50044,56034,1,1
56034,56034,2,2
59405,56034,1,1
33819,37442,3,3
35061,37442,2,1
35852,33723,1,1
36246,37442,6,1
36350,33723,3,1
36857,33723,1,1
31660,38349,1,1
31660,35181,1,1
31660,31436,1,1
31660,36485,1,1
35015,38349,2,1
35015,36485,2,1
35181,35181,1,1
35181,31436,1,1
26901,20722,5,1
26901,20722,5,1
26905,20722,5,1
26905,20722,5,1
27103,20722,4,1
27103,20722,4,1
27103,26900,4,1
31543,37471,4,1
32550,31521,17,1
32550,31521,17,1
32551,31521,2,1
32551,31521,2,1
30846,30861,3,3
30863,30888,6,3
30890,30888,9,1
31139,30888,1,1
31173,30888,2,1
33559,30888,1,1
33559,30861,1,1
35539,30861,4,1
35573,30888,2,1
35585,30888,2,2
35636,30861,3,1
38520,30861,3,1
38588,30861,1,1
38603,30861,10,1
31516,36427,3,2
31516,36427,3,2
20150,26632,1,1
26583,26632,1,1
26620,26595,1,1
26621,26632,5,1
26790,26595,1,1
36553,26595,2,1
37655,26632,5,1
38287,26632,2,1
20197,20197,1,1
30087,31412,7,4
159,3114,1,1
160,3114,5,1
162,3114,13,2
164,3114,1,1
166,3114,9,2
168,3114,10,1
169,3114,11,3
170,3114,11,2
290,3114,2,1
1166,3114,20,2
1167,3114,4,1
1167,9968,4,1
1170,3114,14,3
1170,9968,14,3
1485,9968,6,2
1487,9968,7,2
1488,9968,12,2
2948,9968,9,3
2983,9968,14,1
2990,9968,1,1
3092,3114,10,1
3662,9968,7,1
5821,9968,19,2
5825,9968,10,1
1523,4181,10,1
2703,4181,2,1
2776,5834,12,2
3486,5834,1,1
10842,10842,2,1
14218,10842,12,2
36425,36427,0,1
36443,36426,1,1
51209,59927,1,1
51209,51190,1,1
57679,59927,2,1
57679,51190,2,1
58009,51190,4,1
59921,59927,2,1
59921,51190,2,1
20220,20205,3,1
20220,27102,3,1
26904,20205,6,1
26904,27102,6,1
27102,20205,10,1
27102,27102,10,1
27207,20205,2,1
27207,27102,2,1
27214,20205,5,1
27214,27102,5,1
139,5197,2,1
660,5197,5,1
1312,5191,2,1
1350,5191,1,1
1350,5197,1,1
1374,5191,3,1
5194,5191,1,1
5194,5197,1,1
5195,5191,1,1
5195,5197,1,1
5648,5191,4,1
5657,5191,3,2
138,9855,13,6
877,9855,1,1
9855,9855,15,2
1057,672,2,1
1057,672,2,1
1057,1989,2,1
1057,5677,2,1
1863,672,5,1
1863,672,5,1
1863,1989,5,1
1863,5677,5,1
1869,672,5,1
1869,672,5,1
1869,1989,5,1
1869,5677,5,1
2551,672,18,4
2551,672,18,4
2551,672,9,2
2551,1989,18,4
2551,1989,18,4
2551,5677,9,2
2787,672,2,1
2787,672,2,1
2787,1989,2,1
2787,5677,2,1
6232,672,43,4
6232,672,43,4
6232,1989,43,4
6232,5677,43,4
9823,672,10,1
9823,672,10,1
9823,1989,10,1
9823,5677,10,1
5603,5603,2,2
32138,37471,6,3
32505,32524,10,1
32524,32524,1,1
32525,32524,6,1
32553,32524,5,4
37471,37471,5,1
37471,32524,5,1
948,3822,4,1
5987,1539,10,1
5987,1539,10,1
42556,56263,1,1
56259,56263,1,1
60235,60236,1,1
60235,60417,1,1
32310,33523,1,1
33523,33523,7,3
55241,55132,2,2
55241,58836,2,2
5260,1456,1,1
20282,36597,0,1
20282,36597,0,1
27219,36597,1,1
27219,36597,1,1
36598,36597,1,1
36598,36597,1,1
40216,40424,5,1
40216,40424,5,1
40305,40424,1,1
40489,40424,4,2
40489,40424,4,2
40504,40424,3,1
40504,40424,3,1
40528,40424,2,1
40528,40424,2,1
43425,40424,4,1
31729,32691,1,1
33556,32691,1,1
33556,39660,1,1
31406,32599,1,1
40237,43206,6,1
42220,43206,11,2
42220,42220,11,2
43377,43206,1,1
43379,42220,1,1
160,1455,9,2
162,1455,5,1
164,1455,2,1
170,1455,10,1
295,1455,1,1
312,1455,1,1
2948,1455,49,5
6131,1455,5,1
6132,1455,14,2
30907,33445,2,1
30907,33445,2,1
30997,31039,2,2
30997,33445,2,2
30997,33445,2,2
30997,31039,2,2
31004,31039,5,2
31004,31039,5,2
31007,31039,2,2
31007,31039,2,2
33445,31039,0,1
33445,33445,0,1
33445,33445,0,1
33445,31039,0,1
35095,33445,5,1
35095,33445,5,1
37924,31039,2,2
37924,33445,2,2
37924,33445,2,2
37924,31039,2,2
60057,60062,6,1
60136,60062,1,1
60142,60100,8,1
60155,60100,10,2
61301,60100,5,1
61439,60062,4,1
63888,60100,1,1
60160,60283,6,2
60160,60283,6,2
31366,38336,5,1
32913,38336,1,1
34004,38336,1,1
35447,38336,6,2
37446,38336,2,2
38261,38188,3,1
5247,11736,5,1
5247,11279,5,1
42659,46203,8,1
42659,46203,8,1
42996,46203,1,1
55001,58666,5,1
55065,55240,5,1
55210,55240,5,1
55432,58666,6,2
18612,11621,12,3
43719,43711,40,3
43719,43711,40,3
43728,43713,5,1
43728,43711,5,1
47491,43713,6,1
47491,43711,6,1
47528,43711,10,2
14796,14741,1,1
15212,14741,10,1
31363,34771,5,1
31363,34771,5,1
31991,31987,10,1
31991,34771,10,1
31991,31987,10,1
31991,34771,10,1
37040,31987,1,1
37040,31987,1,1
39835,34771,1,1
39835,34771,1,1
39855,31987,2,1
39855,31987,2,1
52255,53501,3,1
52255,59677,3,1
53445,53501,1,1
59696,59585,1,1
59696,59585,1,1
59696,52257,1,1
42084,47763,1,1
46097,47763,1,1
47762,47761,2,1
33094,33094,4,2
35095,33094,7,2
35251,35252,1,1
38568,33094,5,1
39947,33094,3,1
33602,35917,15,1
33992,38775,2,1
33992,38775,2,1
34233,38775,21,3
34233,38775,21,3
34490,35917,11,2
38945,38775,2,1
38945,38775,2,1
31100,31250,7,3
31100,38711,7,3
33356,38711,3,1
33552,31250,6,2
33601,31250,1,1
34696,31250,1,1
38427,31250,1,1
36478,36470,1,1
25372,25372,5,4
36288,25372,2,1
36352,25372,3,1
36389,25372,10,2
37923,37784,12,2
40007,40175,95,5
40007,40175,95,5
46035,40276,1,1
46035,40175,1,1
46035,40175,1,1
46035,40276,1,1
47160,40276,40,2
47160,40276,40,2
60135,60089,15,1
60140,60063,1,1
61144,60063,3,1
61246,60063,67,7
61444,60089,2,1
33602,33996,1,1
31247,31100,1,1
33000,31100,3,1
33000,38779,3,1
33000,38779,3,1
34978,31100,2,1
11319,14730,4,2
14730,14730,8,1
14740,12235,10,1
15000,12235,5,1
15137,12235,1,1
15137,14730,1,1
15702,14730,1,1
43881,40053,2,1
1091,1120,5,1
6102,1120,5,1
10988,12715,1,1
11095,13459,2,1
11104,13459,2,1
11126,12715,2,1
11300,12715,7,1
13273,13459,2,1
13462,13459,3,1
21287,25869,10,1
21287,20725,10,1
21318,25869,9,3
21318,20725,9,3
21389,25869,6,2
21389,20725,6,2
21437,27246,5,1
21437,27246,5,1
21457,27246,1,1
21457,27246,1,1
25565,25869,1,1
25565,20725,1,1
25951,25869,5,5
25951,20725,5,5
25960,27246,2,1
25960,27246,2,1
26019,25869,1,1
26019,20725,1,1
20075,21450,3,1
20092,21666,18,3
20463,21666,2,1
20463,21450,2,1
21365,21450,5,1
21370,21666,3,1
21373,21666,6,1
21666,21666,1,1
21684,21666,19,2
21817,21666,1,1
22273,21666,10,1
23051,21450,5,1
23055,21666,40,1
26469,21666,1,1
26469,21450,1,1
26499,21450,10,2
26502,21450,11,2
26504,21450,25,1
26845,26767,1,1
26870,26767,12,1
31502,37471,1,1
32044,37471,3,1
32044,37471,3,1
32131,32515,15,1
32131,32221,15,1
32217,37471,2,2
32217,37471,2,2
32502,32515,12,1
32502,32221,12,1
32505,32515,10,1
32505,32221,10,1
32508,32515,1,1
32508,32221,1,1
16307,16123,7,1
16307,16123,7,1
19499,16123,1,1
19499,16123,1,1
19285,19286,20,1
407,605,30,2
575,579,3,1
613,605,1,1
657,605,4,1
659,605,77,3
660,579,2,1
5389,579,1,1
37047,39717,10,1
63189,63587,1,1
63203,39717,2,1
63203,63587,2,1
36611,37061,2,1
36615,37061,1,1
37057,37061,3,1
37059,37061,1,1
39837,32078,4,1
39846,32078,3,1
52174,55240,9,1
52174,55240,9,1
54775,55240,1,1
54775,58666,1,1
54775,58666,1,1
55006,58666,1,1
55006,58666,1,1
55324,55240,10,2
55324,55240,10,2
40450,47895,5,1
40450,40267,5,1
40450,47895,5,1
40450,40267,5,1
40806,40267,3,1
12167,12220,2,1
12167,12220,2,1
11068,12202,20,2
12302,12202,1,1
12304,12204,3,1
12304,16493,3,1
12305,12202,1,1
12719,12204,3,1
12719,16493,3,1
38118,38649,10,2
40679,46111,2,2
40679,46111,2,2
40180,40156,15,1
40202,40156,1,1
41788,40156,2,1
1255,2258,1,1
3304,2258,5,1
4216,2258,5,1
6229,2258,5,1
6299,2258,40,1
20316,26732,1,1
20316,26257,1,1
21666,26257,1,1
25346,26732,5,1
25349,26732,1,1
25349,26257,1,1
26287,26257,1,1
26734,26732,1,1
26805,26732,19,5
26819,26257,20,1
26863,26732,10,1
26863,26257,10,1
28555,26257,1,1
32734,37209,8,1
32734,37184,8,1
32734,39795,8,1
32734,37182,8,1
32734,33072,8,1
32734,37254,8,1
37193,37184,3,1
37193,39795,3,1
37193,37182,3,1
37193,33072,3,1
37193,37254,3,1
37251,37184,1,1
37251,39795,1,1
37251,37182,1,1
37251,33072,1,1
37251,37254,1,1
39995,37209,2,1
39995,37184,4,2
39995,37184,4,2
39995,39795,4,2
39995,39795,4,2
39995,37182,4,2
39995,37182,4,2
39995,33072,4,2
39995,33072,4,2
39995,37254,4,2
39995,37254,4,2
60053,60088,1,1
60122,60088,1,1
60167,60063,2,1
61246,60063,13,2
61307,60063,4,1
61480,60063,26,2
51041,51213,3,1
51041,58002,3,1
34906,36146,1,1
35886,38048,1,1
38719,36146,1,1
11283,14324,10,1
14213,16198,1,1
14484,16198,15,1
18477,16198,6,1
11125,12136,1,1
11125,12136,1,1
11131,11348,4,2
11131,14454,4,2
11942,12136,5,1
11942,12136,5,1
13235,12136,6,1
13235,12136,6,1
13462,11348,4,1
13462,14454,4,1
14330,11348,1,1
14330,14454,1,1
19419,12136,10,1
19419,12136,10,1
19725,12136,1,1
19725,12136,1,1
19819,12136,4,1
19819,12136,4,1
11399,11697,1,1
11697,11697,1,1
12833,11697,10,1
15931,11697,1,1
15947,11697,3,1
16201,12660,2,1
39371,35114,2,1
14730,14730,20,1
15833,12235,10,1
21317,28544,3,2
21525,26740,3,1
25877,28544,4,1
26028,28544,1,1
26302,28544,1,1
47462,41935,20,1
1448,1456,17,4
1465,1456,1,1
1661,1466,10,1
1692,1456,1,1
1693,1456,6,1
1696,1466,5,1
1697,1456,78,6
3228,1466,1,1
5361,1466,15,2
5374,1466,9,3
6188,1466,12,1
31363,36450,1,1
33899,36450,6,1
35913,36450,10,1
37203,36450,1,1
37210,31362,19,1
37223,31362,2,1
37227,31362,2,1
38796,36450,4,1
56670,58067,1,1
56670,58067,1,1
57120,58067,3,1
57120,58067,3,1
57155,58067,3,1
57155,58067,3,1
57158,58067,1,1
57160,58067,1,1
57160,58067,1,1
57203,58067,3,1
57203,58067,3,1
57205,58067,4,2
57205,58067,4,2
57238,58067,8,1
57238,58067,8,1
57270,58067,2,1
57270,58067,2,1
58103,58067,5,1
58103,58067,5,1
58121,58067,6,2
58121,58067,6,2
58124,58067,2,2
58124,58067,2,2
50970,51665,13,4
50970,50961,13,4
51005,50961,1,1
51015,51665,5,2
51044,51665,23,4
51045,50961,12,1
51051,50961,20,1
51068,51665,21,2
51079,51665,7,1
51188,51665,1,1
51188,50961,1,1
53585,51665,4,1
53639,51665,3,1
53655,51665,10,1
53655,50961,10,1
54994,51665,27,3
54994,50961,27,3
58002,51665,11,3
31441,36146,1,1
38802,36146,5,1
60210,60402,14,3
60278,60402,30,2
60392,60402,5,1
50811,50586,1,1
52710,50586,1,1
52716,52046,1,1
58416,50586,1,1
32217,37471,1,1
43250,43250,9,2
43250,47541,9,2
47505,43250,10,1
47505,47541,10,1
42866,47491,24,3
42866,47491,24,3
47513,47491,6,1
47513,47491,6,1
47535,47491,1,1
47535,47491,1,1
34581,35917,2,1
10968,11621,1,1
11621,11621,3,1
14330,11106,3,1
19510,11621,1,1
33076,39076,9,1
33076,30079,9,1
33077,33077,5,1
33077,39081,5,1
33160,39076,15,1
33160,30079,15,1
33235,39076,16,3
33235,30079,16,3
33236,39076,6,2
33236,30079,6,2
33237,33077,3,1
33237,39081,3,1
33454,33077,1,1
33454,39081,1,1
35090,33077,1,1
35090,39081,1,1
39079,39076,8,2
39079,30079,8,2
30807,34046,1,1
32974,34046,23,2
33450,30930,3,1
33455,30930,7,1
35250,34046,19,3
35251,34046,2,2
35253,30930,10,1
39040,34046,6,2
39043,30930,20,1
39044,30930,6,1
30884,35624,2,1
30901,35624,2,1
31173,35624,5,1
35540,35624,2,1
35576,35624,5,3
35626,35624,6,1
38527,35624,5,1
43842,40100,1,1
37064,37064,5,1
37064,37150,5,1
39830,37064,3,2
39832,37064,2,1
39856,37064,1,1
39856,37150,1,1
39857,37064,1,1
39857,37150,1,1
39913,37150,7,2
31268,31138,1,1
31268,31138,1,1
31377,31138,27,3
31377,31138,27,3
31653,31604,2,1
31653,31604,2,1
31662,31604,6,2
31662,31604,6,2
31898,31604,10,1
31898,31604,10,1
35389,31604,4,1
35389,31604,4,1
36596,31604,7,2
36596,31604,7,2
36740,31138,4,1
36740,31138,4,1
37780,31138,3,3
38132,31138,1,1
38147,31604,1,1
38147,31604,1,1
38156,31138,2,1
38160,31138,2,1
38164,31138,1,1
13437,19354,3,1
15922,19354,6,1
1248,579,15,3
1250,579,0,1
1269,605,1,1
1640,579,2,1
3228,579,7,2
5396,579,2,1
5433,579,5,1
34490,31250,1,1
37705,31250,1,1
38582,31250,5,2
60057,60063,5,1
61359,60063,5,1
61359,60336,5,1
573,6217,5,2
1323,6218,1,1
1447,6217,2,1
1573,6218,20,3
1631,6218,1,1
1637,6218,10,1
1697,6218,49,7
5196,6217,2,1
5309,6217,3,1
5311,6218,1,1
5388,6217,1,1
5389,6217,1,1
5393,6217,5,1
13437,19354,3,1
14838,12144,30,1
14851,19354,5,1
16505,12144,3,1
10836,18058,14,3
10837,18058,2,2
11414,11690,7,1
11415,11690,13,2
11418,11690,0,1
11781,18058,2,1
12139,11690,10,1
14540,11690,1,1
15294,18058,20,1
15300,18058,1,1
19228,19219,2,1
50897,55137,3,1
55137,55137,1,1
55849,55137,5,3
52952,54428,4,1
52952,54424,4,1
52952,54428,4,1
52952,54424,4,1
52952,54424,4,1
52952,54424,4,1
52952,54428,4,1
12859,16123,3,1
12859,19959,3,1
12453,18056,13,1
18334,18056,2,1
60105,60283,4,1
61369,61246,4,1
55095,55623,2,1
55241,55623,1,1
19120,11168,6,1
31218,34798,6,2
31218,36122,6,2
34800,36122,1,1
34911,36122,2,1
35744,34798,5,2
18127,11499,5,1
38899,36677,1,1
34144,37206,3,1
12449,12471,12,1
10842,10842,20,2
10842,10842,20,2
11282,10842,1,1
11282,10842,1,1
14281,10842,1,1
14281,16026,1,1
14281,10842,1,1
14281,16026,1,1
14424,10842,12,2
14424,10842,12,2
14426,10842,4,3
14426,10842,4,3
14495,16026,6,1
14495,16026,6,1
16026,16026,4,2
16026,16026,4,2
16084,10842,15,1
16084,16026,15,1
16084,10842,15,1
16084,16026,15,1
16086,10842,1,1
16086,16026,1,1
16086,10842,1,1
16086,16026,1,1
16092,10842,6,2
16092,10842,6,2
18477,16026,1,1
18477,16026,1,1
53695,56382,4,2
56379,56542,22,3
56537,56542,3,3
56539,56542,14,1
56542,56542,62,12
57053,56542,4,1
57075,58067,5,1
57120,58067,2,1
57124,58067,2,1
57136,56542,6,2
57137,56542,5,1
57142,56542,15,1
57149,56542,1,1
57351,58067,89,5
58065,58067,3,1
58066,58067,13,2
58096,58067,3,1
58106,58067,2,2
58120,56542,9,3
58121,56542,10,1
58178,58067,9,1
59049,58067,5,1
59049,56542,5,1
11544,19354,1,1
13438,12144,3,1
15938,19354,1,1
18518,12144,1,1
18518,19354,1,1
12817,14926,11,2
14926,14926,2,1
14928,12683,1,1
15294,12683,1,1
52531,55073,7,3
55100,55073,2,2
55153,55073,1,1
56749,55073,2,1
20444,30018,1,1
20444,20152,1,1
20750,20832,9,1
20750,21139,9,1
21500,20832,3,3
21500,21139,3,3
23014,30018,6,1
26544,30018,3,1
26544,20152,3,1
31291,20832,20,1
31291,21139,20,1
32259,20832,7,1
32259,21139,7,1
32260,20832,1,1
32260,21139,1,1
36103,30018,3,1
36103,20152,3,1
12113,12703,6,2
55131,55577,1,1
1,546,1,1
480,604,5,1
627,546,3,1
1266,604,11,1
1323,604,15,2
1559,546,2,1
5396,546,5,3
5661,546,14,2
6204,546,6,2
60257,60402,7,1
60301,61414,3,1
65279,61414,2,1
65410,60402,10,1
600,546,3,1
600,546,3,1
5196,546,0,1
5196,546,0,1
6212,546,2,1
21389,21402,3,1
21486,21402,2,1
21486,26100,2,1
21672,21402,7,3
28574,21402,1,1
14830,14830,1,1
19276,11761,5,1
19276,19276,5,1
54849,55195,12,1
54855,54850,2,1
54842,56370,4,2
55157,55172,6,1
55202,55172,2,1
55257,55172,2,1
55814,56370,14,3
55814,55172,14,3
56370,56370,14,1
56370,55172,14,1
58818,56370,4,1
11415,12615,1,1
11415,14533,1,1
11625,12615,7,3
11625,14533,7,3
12615,12615,4,2
12615,14533,4,2
12618,12615,2,1
12618,14533,2,1
12906,12615,7,1
12906,14533,7,1
14540,12615,20,2
14540,14533,20,2
14906,14933,63,3
14906,14933,63,3
14933,14933,5,1
14933,14933,5,1
31660,33739,135,5
31660,33739,135,5
35139,65409,1,1
35139,60292,1,1
60217,60292,4,1
60290,60292,1,1
60298,60292,2,1
60307,60292,4,1
60320,60292,1,1
61314,60292,6,2
61417,60292,46,6
61492,60292,10,1
63975,60292,6,1
65156,60292,4,1
65159,60292,1,1
65160,60292,8,2
65408,33739,8,1
65409,65409,64,6
33611,36963,2,1
33611,36963,2,1
33611,36963,2,1
33611,36963,2,1
11360,12545,30,1
12831,12545,1,1
15922,18318,2,1
18046,12545,80,1
61290,63269,5,1
63097,63271,3,1
63267,63271,1,1
401,1456,1,1
635,1466,3,1
1617,1456,1,1
1677,1456,3,2
1908,1456,1,1
55797,55797,5,1
55797,55797,5,1
10863,19530,3,1
10863,12131,3,1
10863,19530,3,1
12963,19530,10,1
12963,12131,10,1
12963,19530,10,1
52347,55825,2,1
52377,55825,5,1
57358,55825,1,1
59742,56986,6,1
35886,35886,10,1
35886,35886,10,1
39015,33316,2,1
39015,33316,2,1
55210,55240,2,2
55240,55240,0,1
56074,58666,1,1
56725,58666,2,1
51153,58292,3,2
54202,58292,3,2
54202,58292,3,2
57447,58292,2,2
57850,58292,6,3
57850,58292,6,3
54194,56130,4,1
54194,53576,4,1
59464,53576,4,1
2551,1879,42,5
2778,1879,54,12
6232,1879,364,16
6232,1879,364,16
31336,31604,9,1
31377,31429,6,1
32272,31604,3,1
32463,31604,1,1
20037,20800,39,3
20075,20849,9,1
20081,20800,20,3
20084,20800,11,2
20085,20849,2,1
20089,20849,16,4
20094,20800,5,1
20155,20849,20,1
20330,20849,10,1
20340,20849,10,1
20800,20800,354,20
20848,20800,11,2
20850,20800,1,1
21450,20849,1,1
23055,20849,90,6
23064,20800,1,1
26485,20849,3,3
26487,20849,10,2
26490,20849,20,2
26504,20849,2,1
26520,20849,5,1
26550,20849,3,1
26554,20849,98,7
26593,20800,90,3
26615,20800,2,1
27044,20849,3,1
27085,20800,1,1
12355,19354,2,1
19875,12144,4,1
10086,19373,5,1
14766,19373,1,1
11625,14931,9,3
14533,18061,5,1
14533,14931,5,1
14540,14931,5,1
14541,18061,1,1
14542,18061,1,1
14913,14931,4,1
15290,14931,3,1
15299,18061,2,1
15303,14931,4,1
18060,18061,5,1
19980,18061,4,1
19985,18061,12,2
12707,15220,1,1
12940,15211,2,1
12940,15220,2,1
20725,21718,10,1
20725,21718,10,1
21356,21718,61,4
21356,21718,61,4
23023,25953,1,1
23023,25953,1,1
25141,21718,6,1
25141,21718,6,1
25645,25953,1,1
25645,25953,1,1
25662,21718,30,1
25662,21718,30,1
26605,21718,1,1
26605,21718,1,1
26802,25953,6,1
26802,21718,6,1
26802,21718,6,1
26802,25953,6,1
27005,21718,2,1
27246,25953,6,1
27246,25953,6,1
52174,55224,1,1
56073,56690,9,1
56680,56690,2,1
56685,55224,9,5
56693,56690,1,1
56725,56690,10,2
57344,56690,7,3
57345,55224,1,1
58567,55224,1,1
58573,55224,48,3
58601,55224,6,1
