Id,Label
1,Yosef Caro/Ben Ish Hay
2,Swimming Pool
3,Hare Yehuda Yeshiva
4,Ya'ar-HaNassi
5,Ben Ish Hay
6,K'salon V
8,K'salon T
9,K'salon Y
15,A-Zeituna/Al-Ihtiram
19,Talmud Yerushalmi/Rav Mari
27,Al-Madinah al-Munawwarah/Zakuka
28,Al-Madinah al-Munawwarah/Zakuka
29,Al-Madinah al-Munawwarah/Bir A-Zahluk
30,Al-Madinah al-Munawwarah/Bir A-Zahluk
31,Kupat Holim/Al-Madinah al-Munawwarah
32,Kupat Holim/Al-Madinah al-Munawwarah
33,Al-Madinah al-Munawwarah/Bir al-Akaba
34,Al-Madinah al-Munawwarah/Bir al-Akaba
35,Al-Madinah al-Munawwarah/Ben Ami Intersection
36,Kupat Holim/Al-Madinah al-Munawwarah
37,Kupat Holim/Al-Madinah al-Munawwarah
40,Al-Mashahid D
41,Al-Mashahid D
42,Al-Mashahid C
45,Al-Mashahid A
46,Al-Mashahid A
48,Umm Tuba 3
49,Umm Tuba 4
50,Umm Tuba 6
51,Umm Tuba 7
52,Umm Tuba 9
53,Sur Baher 1
54,Sur Baher Road
55,Abu Bakr alSiddiq School/al Madina alMunawra
57,Al-Majad School/Al-Ihtiram
58,Al-Ihtiram A
59,Al-Ihtiram B
60,Coll?ge des Fr?res/Taha Hussein
61,Neve Ya'akov Boulevard/Moshe Sne
62,Nahshon Junction
63,Beko'a H
64,Beko'a A
65,Beko'a B
66,Beko'a G
67,Beko'a D
68,Beko'a
69,Sur Baher Girls School/Al-Madinah al-Munawwarah
70,Swimming Pool
71,Beko'a Interchange
72,Nahshon Junction
73,Golda Meir Boulevard/HaMeshorer Atsag
76,Sur Baher Girls School/Al-Madinah al-Munawwarah
77,Ibn Rushd School/Al-Madinah al-Munawwarah
78,Sare Israel/Yafo
79,School/Rosary al-Mamun
80,Hizma Junction/A-Zahur
83,Batn Al-Hawa/Hush Al Maraj
84,Malkhe Israel/HaTurim
85,Boys School/Al-Madaris
86,Football Field/Al-Madaris
88,Girls School/Batn Al-Hawa
89,Old Bethlehem Road/Wadi Qadum
91,Old Bethlehem Road/Wadi Qadum
93,Hush Salima 1
94,Old Bethlehem Road B
95,Old Bethlehem Road A
97,Bazbaz Quarter 2
102,Golda/Shlomo HaLevi
104,Al-Jadud/A-Samah
105,Giv'at Moshe
106,Giv'at Moshe
107,Technological Garden/HaPoel S.C.
108,Ezrat Torah/Eli HaChohen
109,Ezrat Torah/Doresh Tov
110,Ezrat Torah/Doresh Tov
111,Yacobson/Ezrat Torah
112,Yacobson/Ezrat Torah
113,Zayit Ra'anan/Ohel Yehoshua
114,Mount of Olives Cemetery/Jericho Road
115,Zayit Ra'anan/Torat Hessed
116,Zayit Ra'anan/Torat Hessed
117,Kiryat Hayeled/Sorotzkin
119,Sorotzkin/Schenirer
120,Sorotzkin/Schenirer
121,Sulam Center/Sorotzkin
122,Sulam Center/Sorotzkin
123,Ohel David/Sorotzkin
124,Ohel David/Sorotzkin
125,Neve Simcha/Sorotzkin
126,Neve Simcha/Sorotzkin
127,Panim Me'irot
128,Al-Mirwaha/Alley 9
129,HaMem Gimel/Panim Me'irot
130,HaMem Gimel/Panim Me'irot
131,HaMem Gimel/Zikhron Y'akov
132,HaMem Gimel/Rishon LeTsiyon
134,7 Almaroucha Alley
135,Rabbi Jakob Edelstein
136,HaMem Gimel/Yirmiyahu
137,HaRo'e/Valenstein
138,Mirsky/Mintz
139,Beit Midrash Satmar/Rabbi Yisrael Grossman
140,Shabtai Hizkiya/Va'ad Arba Ha'Aratsot
141,Shabtai Hizkiya/HaRo'e
142,Valenstein/HaRo'e
143,Valenstein/Va'ad Arba Ha'Aratsot
144,Valenstein/Kehilat Ungvar
145,Mintz/Mirsky
146,Mintz/Mirsky
147,Mintz/Shif East
148,Mintz/Shif East
149,Mintz/Rubin
150,Mintz/Rubin
151,Reccanati/HaMeshorer Atsag
152,Reccanati/Idelzon
153,Reccanati/Ben Ze'ev
154,Shefa Hayyim/Doresh Tov
155,Ohel Yehoshua/Zayit Raanan
156,Igrot Moshe/Kahaneman
157,Igrot Moshe/HaRav Uzi Kalchheim
158,Meir Hadash/Igrot Moshe
159,Meir Hadash/Hazon Ish
160,Birkat Avraham
161,Shamgar/Ohel Yehoshua
162,Druck/Kehilot Ya'akov
163,Druck/Pata'el
164,Rabbi Shlomo Zalman Druk/HaRav Bezalel Zolti
165,HaRav Bezalel Zolti/Rabbi Shlomo Zalman Druk
166,HaRav Bezalel Zolti
167,HaRav Herzog Boulevard/Road 3855
168,Hazon Ish/HaRav Bezalel Zolti
169,Hazon Ish/HaAdmor MiLubawitch
170,HaAdmor MiLubawitch/Hazon Ish
171,Ha'Admor MiLubavitch/Lapian
172,Giv'at Sha'ul/Ktav Sofer
173,Giv'at Sha'ul/Ktav Sofer
174,Givat Shaul/HaRav Aharon Kotler
175,Givat Shaul/HaRav Aharon Kotler
176,Givat Shaul/Rabbi Israel Nejara
177,Rabbi Israel Nejara/Givat Shaul
179,Rabbi Israel Nejara/Yonathan Ben Uziel
180,Kfar Shaul/Katzenelbogen
181,Katzenelbogen/HaPla'a
182,Vizhnitz Yeshiva/Katzenelbogen
183,Talmud Bavli/Talmud Yerushalmi
184,Katzenelbogen/HaKablan
186,Katzenelbogen/Ma'alot Boston
187,Sha'ulson/Mishklov
188,Sha'ulson/Ma'alot Boston
189,Sha'ulson/Rozin
190,Sha'ulson/Zerah Barnett
191,Hay Tayeb/Sha'ulson
192,Hay Tayeb/Ibn Danan
193,Hay Tayeb/Brand
194,Hay Tayeb/Rosenthal
195,Rosenthal/Sha'ulson
196,Al Qasar/Al Merkaz
197,HaPisga/Herzl Blvd
198,Odem/Turkiz
199,HaPisga/HaRashdam
200,HaRozmarin/Tunnels Road
201,Dov Yosef/Ye'ari
202,Teddy Stadium/Beitar Sports Club
203,HaLe'om Parking
207,Bazbaz Quarter 3
210,Shmu'el HaNavi/Tidhar
211,Shmu'el HaNavi/Yakim
213,Zachs
214,Shmu'el HaNavi/Yakim
215,Shmu'el HaNavi/Tidhar
220,Alar/Yanovsky
221,Ministry of Foreign Affairs/Rabin Blvd
222,Teddy Stadium/Beitar Sports Club
223,Rozmarin/Levona
224,Road 60/HaRozmarin
227,Engel/Kanfe Nesharim
228,Shatner Center/Kanfe Nesharim
229,Beit Inbar/Kanfe Nesharim
230,Rosenthal/Kanfe Nesharim
232,Katzenelbogen/Ma'alot Boston
234,Dvar Yerushalayim/Katzenelbogen
235,Vizhnitz Yeshiva/Katzenelbogen
236,Katzenelbogen/HaPla'a
237,Kfar Shaul/Katzenelbogen
239,Volcan College/Jericho Road
241,Oz Police
242,HaPisga/Torah Ve'Avoda
244,Jericho Road/Al-Waffa
246,Omar Ben El'as Junction
253,T. Adin/P.Dalman
254,Ministry of Justice/Salah al Din
255,Ministry of Justice/Salah al Din
256,Derekh Schem/Louis Vincent
257,Derekh Schem/Louis Vincent
258,Tedi – East Parking
260,Al-Mashahid/Al-Shifa
261,Al-Muqaffa/Halima al-Sa'diya
263,Derekh Schem/Tobler
264,Derekh Schem/Tobler
265,A-Sakakini School
266,Gazil Junction
268,Abu Rabia/Barazani
272,Al-Muqaffa/Deir al-Amud
273,Sha'ulson/Rosenthal
274,Al-Halifa A-Rashidi/Al-Muntar
275,Abu Hamd Jazali School
276,Beit Inbar/Kanfe Nesharim
277,Shatner Center/Kanfe Nesharim
278,Engel/Kanfe Nesharim
279,Farbstein/Beit Hadfus
280,Ha'Admor MiLubavitch/Druck
282,Hazon Ish/HaAdmor MiLubawitch
283,Al-Rahman Mosque/Abu Ubaidah
284,Kehilot Ya'akov
285,Umm Lisun Road A
286,Umm Lisun Road C
287,Mt.-Zion Parking
289,Muntar
290,HaRav Bezalel Zolti/Hazon Ish
291,Meir Hadash/Hazon Ish
292,Meir Hadash/Igrot Moshe
293,Igrot Moshe/HaRav Uzi Kalchheim
294,Igrot Moshe/Hazon Ish
295,Igrot Moshe/Hazon Ish
296,Neriya HaNavi/Ahiya HaShiloni
297,Shopping Center/Yirmiyahu HaNavi
298,Baby Care/Yirmiyahu HaNavi
299,Yehezkel HaNavi/Ahiya HaShiloni
300,HaRav Bezalel Zolti/Hazon Ish
301,HaRav Bezalel Zolti
302,HaRav Bezalel Zolti/Rabbi Shlomo Zalman Druk
304,Druck
305,Druck/Kehilot Ya'akov
306,Kehilot Ya'akov
307,Birkat Avraham
308,Yehezk'el HaNavi/Yirmiyahu
309,Yehezkel HaNavi/Havakuk HaNavi
310,Yehezkel HaNavi/Yona Ben Amitay
311,Hayarden River/Hayarkon River
312,Ha'Admor MiLubavitch/Druck
313,Saint John Hospital
314,Saint John Hospital
315,HaCongress HaTzioni/Reccanati
316,Reccanati/Ben Ze'ev
317,Reccanati/Idelzon
318,Reccanati/HaMeshorer Atsag
321,Hayarden River/Nahal Refa'im
322,Nehar HaYarden/HaNatsiv
323,Hayarden River/Nahal Shimshon
324,Hayarden River/Nahal Shimshon
326,Yehuda Ben Ze'ev Boulevard/HaShuk Square
327,HaHida/HaHafetz Haim
328,HaHida/Ben Zion Abba Shaul
329,Ramot/Sulam Ya'akov
330,Ramot/Ma'oz
331,Shivat Zion/Louis Lipski
332,Shivat Zion/Tlalim
333,Shivat Zion/Tlalim
334,Shivat Zion/Shirat HaYam
335,Ramot/Ma'oz
336,Ramot/Sulam Ya'akov
337,HaHida/Levi Eshkol Blvd
338,HaHida/Ben Zion Abba Shaul
339,Ben Ish Hay/Hefets Hayim
342,Road 375/3855
343,Oren/Dolev
344,Lotem
345,HaCongress HaTzioni/Golda
346,Gas Station/Lohme HaGeta'ot
347,Gas Station/Lohme HaGeta'ot
348,Lotem
349,Hare Yehuda Blvd/Mt. Kitron
350,HaMem Gimel/Zikhron Y'akov
351,Mt. Kitron/Dror
352,Panim Me'irot
353,Hare Yehuda Blvd/Shalmon
354,Hare Yehuda Blvd/Shalmon
356,Rekhassim/Ha'Ela
358,Eliyahu Hakim/Meir Feinstein
359,Eliyahu Hakim/Meir Feinstein
360,Eliyahu Hakim/Eli'ezer Kashani
361,Eliyahu Hakim/Gershon Avner
362,HaZikaron/Herzl Boulevard
363,Ma'agale Harim Levin/Mevo Petaya
365,Ma'agale Harim Levin/Ma'alot Dushinsky
366,Ma'agale Harim Levin/Mevo HaShalom VeHa'Ahdut
367,Ma'agale Harim Levin/Ha'Admorim MiGur
368,Ma'agale Harim Levin/Ha'Admorim MiGur
369,Ma'agale Harim Levin/Mevo HaShalom VeHa'Ahdut
370,Ma'agale Harim Levin/Ma'alot Dushinsky
371,Ma'agale Harim Levin/Ha'Admor MiSanz
372,Ma'agale Harim Levin/Mevo Petaya
373,HaMefaked
374,Levi Eshkol Boulevard/Yehuda Ben Ze'ev Boulevard
375,National Police Academy
378,Neve Ya'akov Junction/Bait Hanina Road
380,Bait Hanina Road/Hizme Road
381,Lions Gate/Jericho Road
382,Terminal/Sultan Suleiman Street C
383,HaNevi'im Terminal/HaNevi'im
386,Amiram Sivan/Ya'akov Schreiboim
387,Ringelblum A
388,HaMem Gimel/Yirmiyahu
391,Ha'Etzel/Dakar
392,Lehi/HaHitnadvuyot
394,Katzir/Churchill Blvd
399,Ringelblum A
400,Dekalim School/Bar Kokhba
401,Hayarkon River/Hayarden River
402,Har'el Interchange/Exit
403,Road 3985/Ha'Ela
404,Abd al-Rahman/HaShalom Road
405,Abd al-Rahman/Daud Abdallah
406,Abd al-Rahman/Daud Abdallah
407,Nahal Hakishon/Nahal Sorek
408,Abd al-Rahman/HaWadi
409,Abd al-Rahman/HaWadi
410,Abd al-Rahman 49
411,Abd al-Rahman 48
412,Bet Arabesk
413,Abd al-Rahman 28
414,Abd al-Rahman 29
415,Abd al-Rahman/Haj Othman
417,Hazon Ish/Or Hayim
418,Abd al-Rahman/Haj Othman
419,HaShalom Pais School
420,HaShalom Pais School
422,Bne Omyah
423,Abd al-Rahman/Bet Habad
424,Abd al-Rahman/HaShoshan
425,Al Mukadsi/Al-Mutanabi
426,704
427,Katzir/Clermont Ganneau
428,Yitshak HaNadaiv/Wadi Joz
429,Ministry of Interior Affairs/Wadi Al Joz
430,Bne Omyah/Ministry of Interior Affairs Junction
431,Ministry of Interior Affairs/Wadi Al Joz
432,Wadi Al Joz
433,Wadi Al Joz/Uthman Ibn Affan
434,Jericho Road/HaOfel Road
435,Rockefeller Muesum/Al-Muqadasi
436,Wadi Al Joz/Al-Muqadasi
437,Al-Muqadasi/Wadi Al Joz
438,Tomb of Sheikh Ahmed
439,Rashida School/Sultan Suleiman
440,Football Field/Al-Basatin
442,Middle School/Tariq Almadaras
443,Middle School/Tariq Almadaras
444,Primary School/Sayarat Al-Haja
445,Primary School/Sayarat Al-Haja
446,Kasila/Mahjarat Atma
447,Kasila/Mahjarat Atma
448,Kasila/Um Al-Assafir
449,Kasila/Um Al-Assafir
450,Arba'in Mosque/Kasila
451,Arba'in Mosque/Kasila
452,Al-Amal School for Special Education/Ras Al-Jamia
453,Kupat Holim/Ras Al-Jamia
454,Tomb of Sheikh Ahmed
455,Zahara A Intersection
456,Zahara B Intersection
457,Issawiya Western Entry
458,Mevo Betar Intersection
459,Arab-Jewish Center
460,HaRav Avraham David Rosenthal
462,HaRav Avraham David Rosenthal
463,Shazar Avenue/International Convention Center
464,Hazon Ish/Birkat Avraham
465,Nof Tsiyon/Haim Kovarski
466,Rav HaHovel/Adam
467,Nahal Refa'im/Yitshak Moda'i
468,En Ya'el
469,Shopping Center/Neve Ya'akov Blvd
470,Ringelblum B
471,Central Station/Yafo
474,Center/Harel
480,Nehar HaYarkon Blvd/Eliyahu HaNavi
481,Issawiya Western Entry
482,Anata Checkpoint/Anatot Road
483,Al Asma'i V
484,Al Asma'i H
485,Al-Asma'i/Al-Zubayr Ibn al-A'wam
486,Al-Asma'i/Al-Zubayr Ibn al-A'wam
491,Rockefeller Muesum/Sultan Suleiman
492,Tsahal Tunnel/HaTsanhanim
495,Al-Tawal/Sharafat
496,Al-Tawal/Sharafat
499,Al Butma
500,Al-Butma/Sharafat Street
501,Al-Tawahid/Al-Butma
503,Bet Safafa High School/A-Nahada
504,Bet Safafa High School/A-Nahada
506,Village Unification Bypass
510,HaRozmarin/Tunnels Road
511,Hevron Road/Asher Viner
513,Hevron Road/HaTnufa
514,HaBankim Junction/Hevron Road
515,Hevron Road/Dani'el Yanovski
516,Hevron Road/Esther HaMalka
517,Hevron Road/Nomi
518,Cinematheque/Hebron Road
520,Mamila/Agron
522,Hativat Yerushalayim/Yitshak Kariv
523,Cinematheque/Hebron Road
524,Hevron Road/Hanoch Albeck
525,Hevron Road/Esther HaMalka
526,Hevron Road/Yanovsky
527,HaBankim Junction/Hevron Road
531,Al Butma
534,A Saffa Al Butma
536,Oren/Brosh
537,Oren/Havatselet
538,Oren/Vered
539,Herzog/HaShoshan
540,Zano'ah Intersection
541,Shmu'el HaNavi/Fishel
543,Bar Ilan/Rabenu Gershom
544,Zilberg/Kadish Luz
545,Zilberg/Kadish Luz
546,Zano'ah Intersection
547,Herzl Boulevard/Har Herzl
548,Yefe Nof/Herzl Boulevard
549,Bet Safafa/Al-Madrasa Al-Jadida
551,HaPisga/HaRashdam
554,HaRav Frank/HaPisga
555,Kiryat No'ar/HaRav Frank
557,Bayit VaGan/HaRav Alfiyeh
558,HaPisga/Tsvi LaZadik
559,HaPisga/Torah Ve'Avoda
560,Kibbutz Nahshon
562,Ben Ze'ev/38
563,Ben Gurion Blvd/HaDekel Blvd
564,Ben Ze'ev/Rashi
565,Bet Israel/Sfat Emet
566,Sfat Emet/Chaim HaLevi
567,Sfat Emet/Bet Ya'akov
568,Hazon Ish/Sfat Emet
569,Hazon Ish/Avraham
570,Moshe Baram Junction
571,Rashi/Hazon Ish
572,Ma'apile Egoz/Rashi
573,Nahar HaYarden Blvd/HaRav Rerzog Blvd
574,Nehar HaYarden Blvd/Kdushat Aharon
575,Nehar HaYarden Blvd/HaAdmor MeBelz
576,Nahar HaYarden Blvd/Rabbi Yehuda HaNasi
577,Nahar HaYarden Blvd/Rabbi Levitas
578,Talmud Torah Magen Avot/Hayarden River
579,Nehar HaYarden Blvd/Rival
580,Nahal Kishon Blvd B
581,Nahal Hakishon/Nahal Sorek
582,Nahal Sorek/Nahal Hakishon
583,Nahal Sorek/Mishmar Creek
584,Nahal Sorek/Nachshon Creek
585,Nahal Sorek/Lakhish
586,Nahal Ayalon/Nahal Sorek
588,Nahal Luz/HaYarkon
589,Nahal Luz/Achziv Creek
590,Nahal Luz/Nahal Refa'im
591,Nahal Ayalon/Nahal Dolev
592,Nahal Dolev/Elon
593,Nahal Dolev/HaBsor Creek
594,Nahal Dolev/Nahal Mata
595,Nahal Dolev  A
596,Nahal Dolev/Nahal Katlab
597,Matnas/Nahal Dolev
598,Nahal Dolev/Katlav
599,Nahal Dolev/Timn'a Creek
600,Nahal Dolev/Maor Creek
601,Nahal Sorek/Nahal Lakhish
602,Nahal Sorek/Nachshon Creek
603,Nahal Sorek/Nahal Uriya
604,Zanuah Quarries
605,Nahal Kishon Blvd A
606,Nahar HaYarden Blvd/Rabbi Yohanan Ben Zakay
607,Hayarden River/Rabbi Me'ir Ba'al HaNes
608,Nahar HaYarden Blvd/Rabbi Yehuda HaNasi
609,Nahar HaYarden Blvd/Rabbi Yehosha
610,Nehar HaYarden Blvd/HaAdmor MeBelz
611,Nahar HaYarden Boulevard/Rabbi Pinhas Ben Ya'ir
612,Ma'apile Egoz/HaRav Herzog
613,Ma'apile Egoz/Rashi
614,Rashi/Hazon Ish
615,Ben Ze'ev/Rabin
616,Yehuda Ben Ze'ev Blvd/David Razi'el
617,Ben Ze'ev/HaDekel
618,Ben Ze'ev/38
623,Ben Zvi Blvd/HaRav Shmuel Barukh
624,HaTsayar Ludwig Blum
625,Ma'ale HaShalom/Bate Mahase
626,HaMuze'onim Boulevard/Eliezer Kaplan
627,Yona Ben Amitay/Elisha HaNavi
630,Yona Ben Amitay 19
631,Yona Ben Amitay 16
632,Yona Ben Amitay/Yehezkel HaNavi
634,Nahar HaYarkon Boulevard/Yesha'yahu HaNavi
635,Nahar HaYarkon Boulevard/Nahal Luz
636,Nehusha Intersection
638,Hemed Interchange
639,Nahshon Junction
640,Hemed Interchange
643,Har'el Interchange/HaHotsvim Blvd
644,HaHayil/Nehage HaPredot Passage
645,Weizmann/Giv'at Sha'ul
646,Al-Jam'iya/Al-Tafatif
647,Ben Gurion/She'are Yerushalayim
648,Yig'al Allon Blvd/3855
649,Yig'al Allon Blvd/3855
651,Yig'al Allon Blvd/Ben Ish Hay
652,Bet Safafa Primary School/Al-Bara'am
653,Yig'al Allon Blvd/Levi Eshkol Blvd
654,Yig'al Allon Blvd/Levi Eshkol Blvd
657,Yona Ben Amitay/Elisha HaNavi
658,Yona Ben Amitay/Yish'ayahu HaNavi
659,Yeshayahu HaNavi/Dvora HaNevia
660,Yeshayahu HaNavi/Shmuel HaNavi
661,Har Hotzvim Terminal/HaMarpeh
663,Yeshayahu HaNavi/Shmuel HaNavi
664,Horev Yeshiva/Golda Meir Boulevard
665,Yeshayahu HaNavi/Tiferet Naftali
666,Shmu'el HaNavi/Bar Ilan
669,David Tuviyahu BLVD./Sokolov
670,HaRav Herzog Blvd/Rabi Yossi Ben Kisma
672,Mount of Olives
673,Mount of Olives
674,Nahal HaKishon Blvd/Nahal HaYarkon Blvd
680,Checkpoint 300/Bethlehem Road
681,Hevron Road/HaRozmarin
682,HaRozmarin/A Safa
684,Jabel Mukaber 2
693,Neve Ya'akov Junction/Ramallah Road
699,Atarot/Exit
700,Road 45/Atarot Airport Road
702,Al-Quds Newspaper/Airport Road
703,Al-Quds Newspaper/Airport Road
704,Airport Road/Ramallah Road
705,Atarot Industrial Zone Southren Entry
707,Iman School/Marj Ibn Amar
712,Jisr a-Natif/Al-Hadabiya
720,Yits'hak Mirski/Binyamin Mintz
721,Iskandar Huri Street
731,HaZetim Junction
732,HaZetim Junction
733,Inbar/Al-Kilya
734,Sheikh Anbar
735,Sheikh Inbar
736,Sheikh Anbar
737,A-Tur Primary School/Sheikh Anbar
738,Sheik Inbar-Sahal Intersection
739,Beit Fadj
740,Chapel of the Ascension/Rabi'a Al-Adawiya
741,Kupat Holim/Rabi'a Al-Adawiya
742,A-Tur Junction/Rabi'a Al-Adawiya
743,Augusta Victoria Hospital/Martin Buber
744,A-Tur Junction/A Tur Road
745,A-Tur Junction/A Tur Road
746,Cemetery/Jabel Mukaber Road
747,Zala'a School/Jabel Mukaber Road
748,Jabel Mukaber
749,Zala'a 1
750,Kupat Holim/Jabel Mukaber
751,Ein a-Luza Junction/Jabel Mukaber Road
752,Volcan College/Jericho Road
753,Ma'alot Ir David
755,Yevus Center/Ein a-Luza
760,Bir Ayub/A-Thuri
761,Girls Prepatory School/A-Thuri
762,Ahmad Samih Khalid School/A-Thuri
764,A-Thuri/Abu Tor Road
767,Abu Tor/Na'omi
768,Jabel Mukaber
769,Sheikh Sa'd G
770,Sheikh Sa'd B
771,Al-Rahman Mosque/A-Zala'a
772,Qunbar/American Road
773,Hai Al-Madaris/Jam'a a-Zawia
774,Jabel Mukaber 1
775,Schools/Abu Rabia
777,Schools/Abu Rabia
778,A-Nawars/A-Nadi
780,Al-Majad School/Al-Ihtiram
799,Ein a-Luza Junction/A-Zala'a
800,ICC Jerusalem/HaNassi HaShishi
801,Abu Tor B
802,HaMefaked/Abu Tor
803,Ein Karem Agricultural School
804,A-Thuri
805,Beko'a Interchange
806,Girls School/Al-Thawri
809,Jabel Mukaber
812,A-Thuri/Al-Hara A-Sharkiya
813,Ha'Erez/HaBrosh
814,Ha'Erez/Tiltan
815,Yevus Center/Ein a-Luza
816,Jericho Road/Al-Sheikh
817,Ma'alot Ir David/HaShiloah Road
819,Ma'alot Ir David
821,37
822,Jabel Mukaber Road
823,Cemetery/Jabel Mukaber Road
824,Ha'Erez/HaDekel
825,Al-Bara'a Medical Center/A-Zala'a
826,A-Zala'a Mosque
828,Yits'hak Mirski/Binyamin Mintz
829,Ein a-Luza Junction/Ein Luza
831,Chapel of the Ascension/Rabi'a Al-Adawiya
832,Muqassed Hospital/Rabaa Al-Adawiya
833,Makassed Hospital Main Entry/Rabi'a Al-Adawiya
834,Al-Shuyyakh A
835,Al-Shuyyakh A
836,Al-Shuyyakh B
837,A-Sheikh/Beit Fadj
838,A-Sheikh/Beit Fadj
839,Pagi House/Al Harduv Intersection
840,Ha'Erez/Ha'Alon
841,Makassed Hospital Northern Entry/Rabi'a Al-Adawiya
842,Comprehensive Boys School/Rabi'a Al-Adawiya
843,A-Tur Junction/Sheikh Anbar
844,Tipat Halav/A-Sahl Al-Jadid
845,Al-Safa/Al-Salam
846,Sheikh Anbar/Al-Kala
847,Beit Fadj
848,A-Sahl Aljadid/Al-Hardub
849,A-Sahl Aljadid/Al-Hardub
850,Tipat Halav/A-Sahl Al-Jadid
851,Kupat Holim Clalit/A-Sahl Al-Jadid
852,Kupat Holim Clalit/A-Sahl Al-Jadid
853,Sheikh Anbar Junction/A-Sahl AL-Jadid
854,Sahal 4
857,A-Zaytuna/Al-Akaba
858,A-Zaytuna/Al-Akaba
859,Al-Zaytuna/Al-Mirwaha
860,Iman School/Marj Ibn Amar
862,Fire Station/A Tur Road
863,A Tur Road/Al-Qais
864,Hilal Hospital/Abrahamya College
865,Hilal Hospital/Abrahamya College
866,The Open University/A Tur Road
867,Mormon University/A Tur Road
868,Mormon University/A Tur Road
869,Agusta Victoria Hospital/Alight
870,Ma'ale Ha'Erez/HaShaked
874,Bait Hanina Road/Al Abbas
875,Gan Eden Square/Bait Hanina Road
877,Yits'hak Mirski/Elimelech MeLizhensk
878,Coll?ge des Fr?res/Taha Hussein
879,Bet Hanina Road/Dajani
880,Iskandar Huri Street
881,Taha Hussein/Al-Buhturi
882,Neve Ya'akov Junction/Ramallah Road
883,Helen Keller School/Ramallah Road
885,Yits'hak Mirski/Elimelech MeLizhensk
886,Dahiat al-Barid/Ramallah Road
887,Dahiat al-Barid/Ramallah Road
891,Al-Bara'a Medical Center/A-Zala'a
893,Zala'a/American Road
894,Costa Rica C
896,Zala'a/American Road
897,American Rd.7/Mecca
898,Costa Rica G
899,Hai Al-Madaris/Srur
900,Jabel Mukaber 3
901,American Rd. 8
902,Sheikh Sa'ad/American Road
903,Eretz Hefetz/Shim'on HaTsadik
904,Yits'hak Mirski/Golda Meir Blvd
905,Shmu'el HaNavi/Zachs
906,Yits'hak Mirski/Golda Meir Blvd
909,Costa Rica B
910,HaShalom Road/HaOzrad
911,HaShalom Road/HaMashtela
913,Shimshon Interchange West
914,Shimshon Interchange North
915,Costa Rica D
916,Costa Rica A
917,HaRakefet/HaSavyon
918,Granit/Yahalom
919,HaRakefet
921,HaRakefet/Harepublica Hadominikanit
922,Harepublica Hadominikanit/Rakefet
923,HaSayfan
924,Dahomey/HaSayfan
926,Yoram Pichi Ben Meir
927,Dahomey/Harepublica Hadominikanit
929,Nicaragua/Hahartsit
930,Yitshak Sade
931,Sold/Mexico
932,Golomb/Bolivia
933,Fishman Park/Golomb
937,Hevroni/Brazil
938,Philip Leon Center/Sold
939,Tahon/Borochov
940,Borochov/Kleinman
941,Chile/Sereni
942,Fishman Park/Golomb
943,Hevroni/Brazil
944,Olsvanger/Hevroni
945,Olsvanger B
946,Olsvanger A
947,Shahal/Herzog
948,Shahal B
949,Herzog/Nayot
950,Shahal B
951,Shahal/Herzog
952,Shahal/HaRav Gold
953,Shahal A
954,Shahal/Heller
955,Borochov/Kleinman
956,Levona/HaTsuf
957,Colombia
958,Szold Institute/Colombia
959,Kana'e HaGalil/Yehuda HaNassi
960,Kana'e HaGalil/Ben Ya'ir
962,Yehuda HaNassi/Bne Btera
964,Olsvanger A
965,Olsvanger B
966,Olsvanger/Hevroni
967,Alin Hospital/Olsvanger
968,Alin Hospital/Olsvanger
969,San Martin/Bar Yohay
970,San Martin/Golomb
971,En Kerem/Berkeley
972,Hakfar Hashvedi/Sold
973,Commercial Center/Shahal
975,Shahal A
976,Uziel/Mihlin
977,Uziel/Mevo Uri
978,Herzog/Nayot
979,En Kerem/Herzl Blvd
980,En Kerem/Berkeley
981,Israel Museum/Wise
982,Haft Square/Herzl Boulevard
986,Herzl Boulevard/Yitshak Rabin Boulevard
988,Kiryat Moshe/Herzl Boulevard
989,Kiryat Moshe/Herzl Boulevard
990,Kiryat Moshe/HaMe'iri Blvd
991,Kiryat Moshe/HaMe'iri Blvd
992,Rabbi Israel Nejara/Yonathan Ben Uziel
993,Beit Hadfus/Becky
995,Bet HaShenhav/Beit Hadfus
996,Yemin Avot
999,Uziel/Mevo Frenkel
1001,Uziel/Mihlin
1002,Bayit VaGan/Herzl Boulevard
1003,HaRav Center/HaRav Tsvi Yehuda
1004,Bet HaShenhav/Beit Hadfus
1005,Sapir Center/Beit Hadfus
1006,Afarsemon/Mevo Ktora
1007,Leib Yoffe/Revadim
1008,Ben Yo'ezer/Kana'e HaGalil
1009,Ben Yo'ezer/Ben Baba
1010,En Gedi/Efrata
1011,Kore HaDorot/Bet Ha'Arava
1012,Yehuda HaNassi/Bne Btera
1013,Ben Zakai/Ben Baba
1014,Bne Btera/Ben Zakai
1015,Ben Zakai/Ben Baba
1016,Bne Btera/Ben Zakai
1017,Ben Zakai/Dostai
1018,Ben Yo'ezer/Antigonus
1019,Ben Yo'ezer/Eli'ezer HaGadol
1020,Ben Yo'ezer/Ben Baba
1021,Ben Zakai/Ben Gamla
1022,Ben Zakai/Pierre Koenig
1024,Ben Zakai/Pierre Koenig
1025,Ben Zakai/Ben Gamla
1026,El'azar Hamoda'i/Reish Lakish
1027,Bethlehem Road/Esther HaMalka
1028,Pierre Koenig/Helets
1029,Leib Yoffe/Revadim
1030,Leib Yoffe/Moses
1031,Afarsemon/Mevo Ktsi'a
1032,Afarsemon/Mevo Ktora
1033,Afarsemon/Mevo Ktsi'a
1037,Tsor'a Intersection
1038,HaPalmach/HaTayasim
1039,Tchernichovsky/Herzog
1040,Mivtsa Kadesh/HaPalmach
1041,Rachel Imenu/Ruth
1042,Emek Refa'im/Uzya
1043,Rachel Imenu/Ruth
1044,Emek Refa'im/Hatsfira
1045,HaPalmach/Kovshe Katamon
1046,Kovshe Katamon
1047,Emek Refa'im/Hatsfira
1048,Emek Refaim/Lloyd George
1049,HaLamed He/Rachel Imenu
1050,Rabbi Yisrael Grossman/Rabbi Jakob Edelstein
1051,Emek Refaim/Lloyd George
1052,Tsor'a Intersection
1053,Tchernichovsky/Fichman
1054,Herzog/Tchernichovsky
1055,Islamic Art Museum/HaNassi
1056,HaPa'amon Garden/Bethlehem Road
1057,David Remez/Hahan
1058,HaPa'amon Garden/Bethlehem Road
1059,Hahan/David Remez
1060,MiTudela
1061,Rd 3855/Rd 38
1062,Sa'adia Ga'on
1063,Jabotinsky - Bet HaNassi
1064,Rd 38/Rd 3855
1065,Jabotinsky/Shalom Alekhem
1066,Dolmit/Rd 38
1067,Rd 38/Dolmit
1068,Rd 3855
1070,Karmit Rd
1071,Jabotinsky/Ahad Ha'Am
1072,MiTudela
1073,Aza/HaRav Berlin
1074,Ravitz/Vinograd
1075,Jabotinsky/Shalom Alekhem
1076,David HaMelekh/Mapu
1077,Aza/Radak
1078,Ravitz/Sh.Ezra
1079,Aza/Balfour
1080,Ramban/Ibn Ezra
1081,Arlozorov
1082,Ravitz/Sh.Ezra
1083,Keren HaYesod/Shalom Alekhem
1084,Avraham Ravitz
1085,Avraham Ravitz
1086,Israel Aquarium
1087,Israel Aquarium
1088,Kiryat HaMada/Zeev Lev
1089,HaMarpe
1090,Har HaTsofim Tunnel/Martin Buber
1091,Har HaZetim Lookout/Seven Arches Hotel
1092,Panama/Dahomey
1093,Science Campus A
1094,Science Campus B
1095,Hartom
1097,Shalva Ctr/Shalva Rd
1098,Keren HaYesod/Ahad Ha'Am
1099,David HaMelekh/Hess
1100,Abd Alhamid Shuman / Al Ayam
1103,Abd Al-Hamid Shuman/Beit Hanina Road
1105,Al-Zuhur/Hizma Road
1106,Hekhal HaMishpat/Abba Eban
1107,Shalom Aleichem/Keren HaYesod
1108,Jabotinsky/David HaMelech
1111,Bezalel Bezek/Zalmanr Shneor
1113,Chaim E. Kolitz Road
1114,Chaim E. Kolitz Road/HaAvivit
1115,Zvia veYitzhak/Yefe Rom
1116,Shopping Center/Zvia veYitzhak
1117,Road 60/HaRozmarin
1118,Asher Weiner/Leib Yaffe
1119,Asher Weiner/Hebron
1120,Har HaTsofim Tunnel/Martin Buber
1122,Hekhal HaMishpat/HaNassi HaShishi Blvd
1123,Goldberg Sports Center/Kulitz
1124,Yehuda Leo Picard/HaMamtsi
1125,Nehar HaYarkon/3855
1126,al Towell/Sharafat
1127,al Towell/Sharafat
1128,al Towell/Road 2
1129,al Towell/Road 2
1130,al Towell/al Mazar
1131,al Towell/al Mazar
1132,Al-Tahara/Al-Tawhid
1133,Ben Gurion Blvd/HaGefen
1134,Ben Gurion Blvd/HaGefen
1135,Light Rail Station/Yekutiel Adam
1136,Emanuel Zisman
1137,Emanuel Zisman
1138,Emanuel Zisman/Aharon Cohen
1139,Emanuel Zisman/Aharon Cohen
1140,David HaMelekh/Mapu
1141,Haturim Light Rail Station/Yafo
1142,Aharon Cohen/Emanuel Zisman
1143,HaRav Rahamim Hai Hayuta Cohen//HaRav Min HaHar
1144,HaRav Rahamim Hai Hayuta Cohen//HaRav Min HaHar
1150,Yehezkel/Rabenu Gershom
1154,Dubnow/Yitzhak Elhanan
1155,Yitzhak Elhanan/Dubnow
1160,Rabbi Raphael Baruch Toledano
1161,Rabbi Raphael Baruch Toledano A
1162,Rabbi Raphael Baruch Toledano B
1163,Rabbi Raphael Baruch Toledano/Rabbi Shlomo Zalman Druck
1164,Hazon Ish/HaRav Raphael Barukh Toledano
1166,Rabbi Shlomo Zalman Druck
1171,Yehezkel/Rabenu Gershom
1187,Yaakov Elazar A
1188,Ya'akov El'azar
1189,Yaakov Elazar B
1190,Ya'akov El'azar Bet/Country Ramot
1191,Yaakov Elazar C
1193,Harry Truman/Abba Hillel Silver
1195,Harry Truman/Abba Hillel Silver
1199,Rivka/Hevron Road
1200,Yehuda/Isaschar
1201,Yehuda/Hebron road
1202,Shmu'el HaNavi/Fishel
1204,El'azar Hamoda'i/Reish Lakish
1205,Hizkiyah HaMelekh/Rachel Imenu
1206,Tal-Shahar Center
1207,Motsa Ilit/Ma'ale Ha'Erez
1210,Costa Rica H
1211,Shlomo Momo HaLevi Bet
1212,Asher Weiner/Leib Yaffe
1220,Rashi/HaDekel Blvd
1221,HaRav Kook/Ben Zion Brouk
1222,Herzl Boulevard/Har Herzl
1223,HaMem Gimel/Rishon LeTsiyon
1224,HaRav Kook/Ben Zion Brouk
1225,HaRav Kook/HaAderet
1226,HaRav Kook/HaAderet
1227,HaRav Kook/HaRav Avraham Shapira
1228,HaRav Kook/HaRav Avraham Shapira
1229,HaRav Kook/HaRav Mordekhay Eliyahu
1230,HaRav Kook/HaRav Mordekhay Eliyahu
1232,Yirmiyahu/Shamgar Ben Anat
1233,HaNatsiv/Nehar HaYarden Blvd
1234,HaNatsiv/Nehar HaYarden Blvd
1235,HaNatsiv/HaRav Kook
1240,HaRav Avraham Ravitz/Mazal Tale
1242,Al-Mirwaha/Alley 7
1243,Petah Tikva/Zikhron Y'akov
1245,Zikhron Y'akov/HaMem Gimel
1246,Zikhron Y'akov/Rishon LeTsiyon
1247,Kiryat Hayeled/Sorotzkin
1248,Dvora HaNevi'a/Yishayahu HaNavi
1249,Dvora HaNevi'a/Hulda HaNevi'a
1250,Dvora HaNevi'a/HaNavi Ovadya
1255,Hadar Mall/Pierre Koenig
1256,Dvora HaNevi'a/Miryam HaNevi'a
1257,Miryam HaNevi'a/Dvora HaNevi'a
1258,Pierre Koenig/Helets
1259,Shopping Center/Dvora HaNevi'a
1260,Emek Refa'im/Uzya
1264,Dvora HaNevi'a
1265,Miryam HaNevi'a
1266,Dvora HaNevi'a/Miryam HaNevi'a
1269,Dvora HaNevia/Eliyahu HaNavi
1270,Miryam HaNevi'a/Tamar
1271,Miryam HaNevi'a/Tamar
1272,Miryam HaNevi'a/Yokheved
1273,Miryam HaNevi'a/Yokheved
1275,Yarmuth Park/Eliyahu HaNavi
1276,Bus Parking/HaAluf David Shaltiel
1278,Stern Park/Hayim A. Kulitz
1279,HaNasi HaShishi/Hekhal HaMishpat
1280,Erets Israel Park/Moshe Rachmilevitch
1281,Hayim Yaski/Churchill
1282,Nahli'eli/Snunit
1283,Dukhifat/Nahli'eli
1284,Dukhifat/Shahaf
1285,Dukhifat/Dekel
1286,HaHotsvim Blvd
1287,En Hemed
1289,Abba Hillel Silver/Harry Truman
1290,Ba'al HaSulam/Nehar HaDan Blvd
1291,Ba'al HaSulam/HaRav Israel Grossman
1292,HaRav Israel Grossman/Ba'al HaSulam
1293,HaRav Israel Grossman/HaRav Ya'akov Eidelstein
1294,Rabbi Yisrael Grossman
1295,HaRav Ya'akov Eidelstein/HaRav Israel Grossman
1296,HaRav Ya'akov Eidelstein
1297,Nahal Tse'elim Blvd/Zekharya HaNavi
1298,Nehar HaDan Blvd/Nahal Tse'elim Blvd
1299,Nehar HaDan Blvd/Ba'al HaSulam
1300,Nahlieli/Dukhifat
1301,Nahlieli/Rekhasim
1302,Safra Campus/Zweig Dormitories
1303,Rockefeller Muesum/Al-Muqadasi
1304,Elisha HaNavi/Yona Ben Amitay
1305,Eliyahu HaNavi/HaRav Shlomo Zalman Auerbach
1306,Eliyahu Hanavi/Aharonson
1307,Eliyahu HaNavi/Devora HaNevi'a
1308,Shmuel HaNavi
1309,Rockefeller Muesum/Sultan Suleiman
1310,Shivte Israel/HaNevi'im
1312,Shmuel HaNavi
1313,Tif'eret Naftali/Yish'ayahu HaNavi
1314,Tif'eret Naftali/Yish'ayahu HaNavi
1315,Tif'eret Naftali/Imre Noam
1317,Yesha'yahu/David Yellin
1318,Malkhe Israel/Ben Matityahu
1319,Elisha HaNavi/Imre Noam
1321,Eliyahu HaNavi/HaRav Shlomo Zalman Auerbach
1322,Eliyahu HaNavi/Nehar HaYarkon Blvd
1323,Zekharya HaNavi/HaAmora'im Blvd
1325,Zekharya HaNavi/Neriya HaNavi
1327,Haturim/Rashi
1328,Shmu'el HaNavi/Re'em
1329,Zalman Tsoref/Yuval Ne'eman
1330,Hazon Ish/Ramat Shlomo Terminal
1331,Eliyahu HaNavi/Yehezkel HaNavi
1332,Nehemya/Tsfanya
1333,Hana
1335,Shim'on HaTsadik/Eretz Hefetz
1336,Hana
1337,Eliyahu HaNavi/Yeshayahu HaNavi
1338,Eliyahu HaNavi/Yeshayahu HaNavi
1339,Yeshayahu HaNavi/Eliyahu HaNavi
1340,Yish'ayahu Hanavi/Yona Ben Amitay
1341,HaNavi Ovadya
1342,HaNavi Ovadya
1343,Eli HaChohen/Bar Ilan
1344,Pituche Hotam
1345,Hulda HaNevi'a
1346,HaRav Blau/Uri'el
1347,Eretz Hefetz/Hativat Har'el
1348,Hulda HaNevi'a
1349,Shmuel HaNavi/Yeshayahu HaNavi
1350,Shmuel HaNavi/Natan HaNavi
1351,Hativat Har'el/Eretz Hefetz
1352,Eshkol Blvd/Mishmar HaGvul
1354,HaRav Menahem Porush/Nahal Kishon Blvd
1355,HaRav Menahem Porush/Yeshayahu HaNavi
1356,Nahal HaKishon Blvd/Nahal Ayalon
1357,HaRav Menahem Porush/HaRav Yosef Azran
1358,HaRav Menahem Porush/HaRav Yosef Azran
1359,HaRav Menahem Porush/Rabi Shlomo Lorentz
1360,HaRav Menahem Porush/Nahal Tse'elim Blvd
1361,HaRav Menahem Porush/Nahal Tse'elim Blvd
1362,Natan HaNavi/Shmuel HaNavi
1363,Hayim Barlev Blvd/Shekhem Road
1364,Road 398/Shmu'el Me'ir Blvd
1365,School of Education/Binyamin Mazar
1366,Mount Scopus Terminal/Binyamin Mazar
1367,Bezalel Academy/Martin Buber
1368,Ofarit/Martin Buber
1369,Hebrew University Mount Scopus/Martin Buber
1370,Mount Scopus Terminal/Martin Buber
1371,Hebrew University Mount Scopus/Martin Buber
1372,Levi Eshkol Blvd/HaHida
1373,Levi Eshkol Blvd/Yigal Alon Blvd
1374,Rabbi Yisrael Grossman
1375,Levi Eshkol Boulevard/Mishmar HaGvul
1376,HaMitle Passage/Paran
1379,Theater/Frederic Chopin
1380,Theater/Dubnow
1381,Sheshet HaYamim/Paran
1382,Sheshet HaYamim
1392,Yad Haruzim/Rivka
1398,Asher Viner/Khava Artsieli
1399,Khava Artsieli/Al Madina Al Munawara
1400,Moshe Barazani/Khava Artiseli
1401,Khava Artisieli/Eliyahu Hakim
1403,HaRav Min HaHar/HaKatzin Yehiel Langer
1404,HaRav Min HaHar/HaBaba Sali
1407,Rivka/Bet Lehem Road
1412,Commercial Center/HaHagana
1415,Adoumin Fort
1417,Ya'akov El'azar/Harry Truman
1418,Tsarfat Square/Ben Maimon  Blvd
1419,Al Huda Alley 3
1420,Shamuan/Altin
1421,Hilat Alley 10
1422,Bar Kokhba/HaNahal
1423,Commercial Center/HaHagana
1424,Bar Kokhba/HaNahal
1426,Sheshet HaYamim/Paran
1427,Al Huda Alley 8
1428,Yam Suf/Sha'ul HaMelekh
1429,Mishmar HaGvul/Timna
1430,Yam Suf/Zalmona
1431,The Hebrew University/Churchill Blvd
1433,Shayeret Atarot/Al Farabi
1434,Hadassah Mt. Scopus/Churchill Blvd
1435,Churchill Blvd/Katzir
1437,Abaye/Rav Ami
1438,Abaye/Rav Ashi
1439,Abaye/Rav Papa
1440,Abaye/Rav Papa
1441,Abaye/Rav Zera
1442,HaAmoraim Boulevard/Rav Hanan
1443,HaAmora'im Blvd/Rav Ola
1444,Hadassah Mt. Scopus/Churchill Blvd
1445,The Hebrew University/Churchill Blvd
1446,Stern A
1447,HaAmoraim Boulevard/Rav Ashi
1448,HaAmora'im Blvd/Ravina
1449,HaAmora'im Blvd/Zekharya HaNavi
1450,Zekharya HaNavi/HaAmora'im Blvd
1451,Zekharya HaNavi/Eliyahu HaNavi
1452,Moshe Dayan Blvd/Ma'ale Adumim Road
1453,Stern B
1454,Stern C
1455,Yigal Yadin/Rabi Shlomo Zalman Druk
1456,Nehar HaDan Blvd/Nahal Arugot
1457,Nehar HaDan Blvd/Nahal Arugot
1458,Nahal Arugot/Nehar HaDan Blvd
1459,Nehar HaDan Blvd/Ba'al HaSulam
1460,Nehar HaDan Blvd
1461,Nehar HaDan Blvd
1462,Nehar HaDan Blvd/Nofe HaShemesh
1463,Nehar HaDan Blvd/Nofe HaShemesh
1464,Nehar HaDan Blvd/Nahal Yish'i
1465,Nehar HaDan Blvd/Kdushat Aharon
1466,Nehar HaDan Blvd/Sitvanit
1467,Sha'are Tsedek Street/Yafo
1468,Yafo/Gesher HaHayim
1469,Stern D
1470,Mexico/Sold
1471,Shlomo Momo HaLevi Alef
1472,Mexico/HaHalamit
1473,Commercial Center/Uruguay
1474,Uruguay/Marco Baruch
1475,Uruguay/Stern
1476,Mexico/Colombia
1477,Brazil/Olsvanger
1478,Brazil
1479,Brazil/Shmaryahu Levin
1480,Brazil/Olsvanger
1481,Mexico/HaHalamit
1482,Mexico/Sold
1483,Mexico/Colombia
1484,Aza/Radak
1485,Neve Ya'akov Boulevard/HaRav Pardes
1486,Community Center/Neve Ya'akov Blvd
1487,700 Terminal/Neve Ya'akov Blvd
1488,HaRav Pardes/Astorre
1489,Nahal Tzeelim Boulevard/Nahal HaKishon Boulevard
1490,Rav Pardes/Asher Gulack
1491,Brazil
1492,Bayit VaGan/HaRav Shag
1493,Bayit VaGan/Uziel
1494,Kiriyat Yovel/Shmaryahu Levin
1497,HaRav Shay Zevin/HaRav Vinograd
1498,Nes Harim Junction
1499,HaRav Herzog/Sova
1500,Avner Hai Shaki Gimel
1501,Avner Hai Shaki Gimel
1502,Avner Hai Shaki Bet
1503,Avner Hai Shaki Bet
1504,Rahamim Nahouri/Shofet Binyamin
1505,Rahamim Nahouri/Torah VeAvoda
1506,Kadish Loz/Daskal
1507,Operating Station/Bituah Leumi
1509,Operating Station Parking Lot 9/4
1510,Korczak/Ringelblum
1511,Tahon/Golomb
1512,HaRav Herzog/Shahal
1513,Oren/Ela
1514,Peretz Bernstein/Nezer David
1515,Tabaliya/Al-Bara'im
1516,Tabaliya/Al-Bara'im
1517,Bi'r Ayub/Zayd Ibn Haritha
1518,Peretz Bernstein/Nezer David
1519,Ma'aleh Zeytim/Old Bethlehem Road
1520,Old Bethlehem Road/Al-Sahel Al-Akhdar
1521,Rabia Al-Adawiya/Al-Idha'a
1522,Israel Museum/Ruppin
1523,Herzog/Tchernichovsky
1524,Ruppin/Hazaz Blvd
1525,Pat Junction/HaRav Herzog
1526,HaRav Herzog/Shahal
1528,Costa Rica D
1529,Costa Rica A
1530,Harepublica Hadominikanit/Dahomey
1531,Al-Maqdisi/Al-Mutanabbi
1532,Bne Omyah
1533,Beit Hanina Road/Al-Ata
1534,Al-Nahda/Village Unification Bypass
1535,Village Unification Bypass/Mosque Square
1536,Haggai HaNavi/Eliyahu HaNavi
1537,Haggai HaNavi/Neriah HaNavi
1538,Yehezkel HaNavi/Eliyahu HaNavi
1539,Pat Junction/Golomb
1540,Gesher Hameitarim/Herzl Blvd
1541,Mevo HaShemesh Archeological Park
1542,Batn Al-Hawa/Al-Suwayh
1543,Radak
1544,KKL/Ussishkin
1545,Ussishkin/Ramban
1546,Ussishkin/Narkis
1547,Al-Jam'iya/Al-Tafatif
1548,Al-Zuhur/Musa Peled
1549,HaRav Menahem Basri/Golda Meir Boulevard
1550,Argaman/Yirmiyahu
1551,Yirmiyahu/Argaman
1552,Yirmiyahu/Argaman
1553,Yirmiyahu/HaTsvi
1554,Ussishkin/Narkis
1555,Ussishkin/Bezalel
1556,Yirmiyahu/HaTsvi
1557,Eliyahu HaNavi/Nehar HaYarkon Blvd
1558,Nahar HaYarkon Boulevard/Rav Kook
1559,Nahar HaYarkon Boulevard/Klein
1560,Botanical Garden
1561,Al-Safa/Abu Khashba
1562,Al-Safa/Abu Khashba
1563,Al-Safa/Al-Jamiya al-Tahta
1564,Al-Safa/Al-Jamiya al-Tahta
1565,A Saffa Al Butma
1566,Reish Lakish
1567,Reish Lakish
1568,Rav Hamnuna/Abaye
1569,Rav Hamnuna/Abaye
1570,Bezalel/Trumpeldor
1571,Rav Hamnuna/Reish Lakish
1572,Rav Hamnuna/Reish Lakish
1573,Rav Hannan
1574,Ussishkin/Bezalel
1575,Aza/HaRav Berlin
1576,Rav Hannan
1577,Rav Hannan/Mar Ukva
1578,Abaye/Rav Hamnuna
1579,Abaye/Mar Ukva
1580,Mar Ukva/Rav Mansi
1581,Mar Ukva/Rav Mansi
1582,Rav Hannan/Mar Ukva
1584,Al-Khulafa al-Rashidun/Abu Ubayda
1585,Szold Institute/Colombia
1586,Golomb/San Martin
1587,The American Road/Al-Khulafa al-Rashidun
1588,HaNurit A
1589,Yeffeh Nof Light Rail Station
1590,At-Tur Road Shmuel Ben Adiya/Imru'l Qays
1591,Issawiya School/Siraj al-Hijja
1592,Yirmiyahu/Shamgar Ben Anat
1595,Polinsky School/Dr Ringelblum
1596,Ringelblum B
1598,Polinsky School/Dr Ringelblum
1601,HaDavidka Square/HaNevi'im
1602,Rabbi Raphael Baruch Toledano/Rabbi Shlomo Zalman Druck
1603,Rabbi Raphael Baruch Toledano/Hazon Ish
1604,Sapir Center/Beit Hadfus
1606,Migdal Dona/Beit Hadfus
1607,En Kerem/Madregot Hakfar
1608,Rabbi Raphael Baruch Toledano A
1609,Uruguay/Marco Baruch
1610,Commercial Center/Uruguay
1611,Zangvill/Torah Ve'Avoda
1612,Bolivia/Golomb
1614,Al-Tahwid/Dov Yosef
1615,Bolivia
1616,Golda Meir/Shlomo Halevi
1617,Klein/HaAhim
1618,Klein/HaShlosha
1619,Klein/Nehar HaYarkon Boulevard
1620,Ben Zakai/Dostai
1621,Misgav-ladach/Hizkiyah HaMelekh
1622,HaDavidka Square/HaNevi'im
1625,Hativat Har'el/Shmu'el HaNavi
1626,Yam Suf/Ma'agale Harim Levin
1628,San Martin/Rabbi Tsadok
1629,Yehuda HaNassi/Ben Ya'ir
1630,Tchernichovsky A
1631,HaAmoraim Boulevard/Talmud Bavli
1632,HaAmoraim Boulevard/Talmud Yerushalmi
1633,Bir Naballah Road
1634,Bir Naballah Road
1635,Corner of Bir Naballah Road
1636,Big Center/Yigal Allon Boulevard
1637,Railway terminal/Alight
1638,Pat/Ba'em
1639,Berl Locker/Erst
1640,Train Terminus/Pick Up
1641,Talmud Yerushalmi/HaAmoraim Boulevard
1642,Talmud Bavli/Talmud Yerushalmi
1643,Talmud Bavli/Shira
1644,Rav Mari/Nehardea
1645,Rav Mari/Nehardea
1646,Shchem Road/Clermont Ganneau
1647,Aharon Katzir/Har HaZeitim Road
1648,HaHaganah/Lohamei HaGetaot
1649,HaHaganah/Lohamei HaGetaot
1650,Ein Haniya/Nahal Refaim
1651,Midreshet Nishmat/Berl Locker
1653,Yishi B
1654,Yishi D
1655,Shai Agnon/Katznelson
1656,Yishi E
1657,Yishi H
1658,Ramat Bet Shemesh Intersection
1659,Nahal Tzeelim/Road 38
1660,Paran/HaMitle Passage
1661,HaRav Herzog Boulevard/Maapilei Egoz
1662,Yam Suf/Ma'agale Harim Levin
1663,HaShayish/Yehuda Unterman
1664,HaShayish/Ha'Ahot Yehudit
1665,Teddy Stadium/David Ayalon
1666,Gershon Avner C
1667,Gershon Avner B
1668,Gershon Avner A
1669,Eliyahu Hakim/Gershon Avner
1670,HeMeiri Boulevard/Kiryat Moshe
1671,Hagoel
1672,Hagoel/Yonathan
1673,Yonathan/Hagoel
1674,Yonathan/Frank
1675,Pat/Berl Locker
1676,Tchernichovsky A
1677,Klein/Yonathan
1679,Yefe Nof/Megadim
1680,Beit HaKerem/Herzl
1681,Herzl Boulevard/Kiryat Moshe
1682,Rachel Imenu/Tel Hai
1683,Yirmiyahu/Shamgar Ben Anat
1684,Hartum Parking
1685,Hartum/Golda Meir
1686,HaPalmach/Kovshe Katamon
1687,HaPalmach/HaGdud Ha'Ivri
1689,Kiryat Moshe/Gat
1690,Dukhifat/Harei Yehuda Boulevard
1691,Givat Mordechai Interchange/Exit to Begin South
1692,HaAmoraim Boulevard/Rav Hanan
1693,HaAmoraim Boulevard/Rav Mari
1694,Bet HaNassi/Jabotinsky
1695,HaAmoraim Boulevard/West
1696,Amoraim Boulevard/Pumbedita
1697,Amoraim Boulevard/Pumbedita
1698,Beit HaNoar Ha-Ivri/HaRav Herzog
1699,Safra Campus/Life Sciences Institute
1700,Ikea
1701,Operational Station/East Talpiyot Parking
1702,Operational Station/Exit from Homat Shmuel Parking
1704,Beit HaDfus/Farbstein
1705,Ya'akov El'azar/Harry Truman
1706,Abd Alhamid Shuman / Umm Kulthum
1707,En Gedi
1708,Kissan Alley 4
1709,Al Bir Al Sharki
1710,Al Bir Al Sharki Alley 4
1711,Operational Staion/Malcha
1712,Gizo
1713,Derech Shimshon/Maale Moriah
1714,HaHaruv/HaDekel
1715,HaMaayan/HaHar
1716,Commercial Center/Paran
1717,HaHagana/Etzel
1720,Hulda Junction
1722,Stern/Uruguay
1723,Stern E
1724,Borochov/Gordon
1725,Borochov/Kremnitzki
1726,Zangvill/Torah Ve'Avoda
1727,Yirmiyahu/Shamgar Ben Anat
1728,HaPalmach/HaTayasim
1729,Gan Havradim/Zussman
1731,Levi Eshkol Boulevard/Carl Netter
1732,Uruguay/Guatemala
1733,HaHaluts/Rabbi Binyamin
1734,HaHaluts
1735,Farbstein/Beit Hadfus
1736,Kana'e HaGalil
1737,Kana'e HaGalil/Yehuda HaNassi
1738,Ben Yo'ezer/Kana'e HaGalil
1739,Ha'Erez/HaRimon
1740,Entrance/Trom
1741,Bar Ilan/Tzfania
1742,Carl Netter/Shlomo Zalman
1743,Carl Netter/Shlomo Zalman
1744,Rahamim Nahouri/Torah VeAvoda
1746,Eliyahu HaNavi/Yehezkel HaNavi
1747,Eliyahu HaNavi/Haggay HaNavi
1748,Ora Junction
1749,Har Nof Terminal/Kanfei Nesharim
1750,Road 375/Zechariah HaNavi West
1751,Road 375/Zechariah HaNavi East
1752,Zechariah Hanavi/Road 375 South
1753,Zechariah  Hanavi/Road 375 North
1754,Hadar Mall/Pierre Koenig
1764,Carl Netter/Shim'on HaTsadik
1765,David HaMelekh/Hess
1768,Carl Netter/Mahal
1783,Eshkol Blvd/Sheshet HaYamim
1784,Levi Eshkol Boulevard/Carl Netter
1785,Mehalke HaMayim
1786,Science Museum/Ruppin
1787,Sa'adia Ga'on
1788,Uziel/Mitnadvim
1790,Shalom Hotel/Uziel
1791,Bayit VaGan/Herzl Blvd
1796,Shaked/Hayetzira
1797,Shaked/HaHotzvim Avenue
1798,Talmud Yerushalmi/Rav Mari
1799,Eshkol Blvd/Barlev
1801,Talmud Yerushalmi/HaAmoraim Boulevard
1802,Oren/Ela
1803,Naharda
1804,Function hall/Oren
1805,Naharda
1807,En Kerem/Madregot Hakfar
1808,Neve Ya'akov Blvd/Moshe Sne
1809,Community Center/Neve Ya'akov Blvd
1810,HaRav Pardes/Charles Lutz
1811,Naharda/Talmud Yerushalmi
1812,HaRav Pardes/HaRav Panijel
1813,Naharda/Rav Mari
1814,Talmud Bavli/Naharda
1816,Bar Kafra
1817,Carl Netter/Mahal
1818,Talmud Bavli/Bar Kafra
1819,Ramat Sharet Terminal/Kadish Loz
1820,HaPalmach/HaGdud Ha'Ivri
1821,Talmud Yerushalmi
1822,Shira
1823,Rav Mari
1824,Talmud Bavli/Rav Mari
1825,Sha'ul HaMelekh
1826,Palmah/Mevo Sapir
1827,Palmah/Mivtsa Nahshon
1828,Palmah/Mevo Ye'arim
1829,Talmud Yerushalmi
1830,Palmah/Mevo Hadas
1831,Palmach/Shivte Israel
1832,Palmah/Mevo Sayarim
1833,Talmud Yerushalmi
1834,Rav Amram
1835,Rav Amram
1836,Safra Campus/University Entry Terminal
1837,Rav Avdimi
1838,Rav Avdimi
1839,Talmud Bavli/Ilfa
1840,Talmud Bavli/Ilfa
1841,HaAmoraim Boulevard/Rav Mari
1842,Rav Hanina/Rav Kahana
1843,Rav Hanina/Rav Kahana
1844,Talmud Bavli/Shira
1845,Hativat Har'el/Shmu'el HaNavi
1846,Hebron Road/Baram
1847,Hebron Road/Baram
1848,Arye Ben Eliezer/Justman
1849,Arye Ben Eliezer/Vardinon
1850,Arye Ben Eliezer
1851,HaAmoraim Boulevard/Talmud Yerushalmi
1852,Arye Ben Eliezer/Justman
1853,Arye Ben Eliezer
1854,Hebrew University Boulevard/Katzir
1855,Hebrew University Blvd/Katzir
1856,Oranim Junction/Pierre Koenig
1857,HaAmoraim Boulevard/Rav Mari
1858,Oranim Junction/Pierre Koenig
1859,Naharda/Pompadita
1861,Betar/Lenkin
1862,Dung gate/Ma'ale HaShalom
1863,Zion Gate/Habad
1864,Rabbi Hezakiah/Rabbi Yitzhak Nafcha
1865,Rabbi Hananiah/Rabbi Chalbo
1866,Rabbi Berchiah
1867,Rabbi Berchiah
1868,Rabbi Yitzhak Nafcha/Bar Tovi
1869,The Jewish Quarter/Habad
1870,Rabbi Yitzhak Nafcha/Rabbi Berchiah
1871,Rabbi Yitzhak Nafcha
1872,Rabbi Yitzhak Nafcha
1873,Rabbi Yitzhak Nafcha/Rabbi Chikiah Bar Tovi
1874,reabbi Yitzhak Nafcha/Mar Yanukah
1875,reabbi Yitzhak Nafcha/Mar Yanukah
1876,Rabbi Hezekiah/Rabbi Haninah
1877,Rabbi Chilkiyah Bar Tovi/Rabbi Yitzhak Nafcha
1878,Rabbi Chilkiyah Bar Tovi
1879,Har Tsiyon/Ma'ale HaShalom
1880,Paran/HaMitle Passage
1881,Rabbi Chilkiyah Bar Tovi
1882,Rabbi Chilkiyah Bar Tovi/Rabbi Yitzhak Nafcha
1883,Rabbi Chaninah/Rabbi Chelbo
1884,Rabbi Haninah/Zairi
1885,Rabbi Haninah/Zairi
1886,Rav Haninah/Mar Yanukah
1887,Rabbi Helbo/Haninah
1888,Ilfa/Rabbi Yibah Sabba
1889,Rabbi Yibah Sabba
1890,Rabbi Yibah Sabba
1891,Zekharya HaNavi/HaAmora'im Blvd
1892,HaHotzvim Ave./HaMagresot
1893,Eliyahu HaNavi Terminal
1894,Eliyahu HaNavi Terminal/Collection
1895,Light Rail Beit Hanina
1896,Ramat Tamir/Shefa Hayim
1897,Pierre Koenig/Moshe Bar'am Road
1898,Ha'Achim
1899,Ha'Achim
1900,Klein/Yonathan
1901,Klein/Aharon Shemi
1902,Klein/Aharon Shemi
1903,Aharon Shemi/Klein
1904,Commercial Center/Paran
1905,HaNoar HaTsiyoni Farm/Shay Ag'non
1906,Frank/Aharon Shemii
1907,Frank
1908,A. Shemi/Aharonson
1909,Aharonson/A.Shemi
1910,Trumpledor
1911,Kaplan/Ruppin
1912,Klein/Yair
1913,HaKnesset/Kaplan
1914,Islamic Art Museum/HaNassi
1915,Klein/Yair
1916,Klein/Aharonson
1917,Malkhe Israel/Tahkemoni
1918,HaAchim/Moshe Arens
1919,HaAchim/Moshe Arens
1920,Klein/Aharonson
1922,Aharonson
1923,Aharonson
1924,Aharonson/Eliyahu Hanavi
1925,Frank/Yonatan
1926,Neve Ya'akov Blvd/Ahimeir
1927,Eshkol Blvd/Bar Lev
1928,T. Adin/Court House
1930,Safra Campus/Earth Sciences Institute
1931,Frank/Yonatan
1932,Golda Meir Avenue/Hartum
1933,Malchei Israel/Sarei Israel Avenue
1936,Shayeret Atarot/Al Ras
1937,Shareyet Atarot/Al Dahar
1938,Shayeret Atarot/Al Hajaj Ben Yosef
1939,Al Huda/Al Huda Alley 3
1940,Football Stadium/Al Sabakhni
1941,Al Sakhakhni/Taha Hussein
1942,Al Sakhakhni/Al Zeytuna
1943,Al Zeytuna/Al Sakhakhni
1944,Rav Pardes/Asher Gulack
1945,Rav Kook/Nahar HaYarkon Avenue
1948,Burla/Avigad
1949,Rav Kook/Nahar HaYarkon Avenue
1950,Hadera Junction South/Road 5877
1951,Stadium/Giv'at Ram
1952,Al Merkaz/Al Qaser
1953,Safra Campus/High Tech Village Terminal
1954,Safra Campus/Liberman Dormitories
1955,Al Qaser/Al Shoker
1956,Shivte Israel/Shomre Emunim
1957,Keren HaYesod/Shalom Alekhem
1958,Al Qaser/Hizma Road
1959,Al Qaser/Shajaret Eldor
1960,Al Qaser/Al Gdud
1961,Al Qaser/Al Zahur
1962,HaMifletzet/Henrietta Szold
1963,Ben Zvi Blvd/HaRav Shmuel Barukh
1964,Field School/HaHar Road
1965,Field School/HaHar Road
1966,Ora Halls/Yasmin
1967,Yasmin/Ela
1968,Bazelet/Granit
1969,Bazelet
1970,Yahalom/Bazelet
1971,Odem
1972,Odem
1973,Granit/Sapir
1974,Yahalom/Granit
1975,Oren/Zayit
1978,Field School/HaHar Road
1979,Sapir
1980,Granit/Odem
1981,Granit/Yahalom
1982,Topaz/3855
1985,Sela
1986,Sela Granit
1987,Topaz/Granit
1988,Kaslon 11
1989,Kidmat Zion
1992,Rama A Commerial Center
1997,Ora Junction
2000,
2001,
2002,HaRav Pardes/Font
2003,HaRav Pardes/Charles Lutz
2004,HaRav Pardes/Neve Ya'akov Boulevard
2005,Sha'ul HaMelekh
2006,Yam Suf/Sha'ul HaMelekh
2007,
2011,Ben Yo'ezer/Antigonus
2023,HaHaluts/HaMeyasdim
2024,Bezalel/Trumpeldor
2025,HaMeyasdim
2028,Farbstein/Ish Shalom
2029,Shmaryahu Levin/Brazil
2031,Hulda Junction
2032,Hulda Junction/Tal Shahar
2035,Yeffeh Nof Light Rail Station
2039,HaNurit C
2040,Golomb/Bolivia
2069,Golomb/Kolitz
2070,Moshe Sharett/Golomb
2071,Kadish Luz/Moshe Sharett
2072,Kadish Luz/Moshe Sharett
2076,Levona/HaTsuf
2077,Pat Junction/Pat
2079,Neve Ya'akov Blvd/Holtzberg
2084,Yasmin/Mevo Ya'ara
2090,Hare Yehuda Blvd/Ha'Arava
2096,Kramim/Gefen
2097,Kramim/Zayit
2098,Kramim/Te'ena
2099,Kramim/Gefen
2109,Atarot/HaYozma
2114,Atarot/Mifalot
2117,Al Tatim School/HaYozma
2118,Totseret
2129,Pri Amal
2130,Pri Amal
2143,Bauer School/Torah Ve'Avoda
2147,HaMargalit/Shoham
2148,HaSnunit/Shvo
2149,HaSnunit/Shvo
2150,Yefe Rom/Ha'Ezov
2152,Yefe Rom/Giv'at Canada
2153,HaMargalit/Ayala
2154,HaMargalit/Layish
2155,Leshem/Tsviya VeYitshak
2156,Ahlama/Leshem
2157,Yefe Rom/HaTsiporen
2158,Yefe Rom/HaTe'ena
2160,HaGanenet/Bareket
2161,Yefe Rom/Bosem
2163,Yefe Rom/HaGome
2164,Ahlama/Leshem
2166,Ha'Ahot Yehudit/HaGanenet
2167,HaGanenet/Dov Yosef
2168,HaGanenet/Ha'Ahot Yehudit
2169,Unterman/HaGanenet
2170,Unterman/HaNofech
2180,Pat/Yehuda HaNassi
2181,Pat/Yehuda HaNassi
2183,Silver/Shivat Zion
2186,Silver Morgenthau
2187,Silver Morgenthau
2190,Shivat Zion/Silver
2202,Zondek/Eshkoli
2203,Zondek/Reuven Mass
2217,Zondek/Aliyat HaNo'ar
2236,Zondek/Aliyat HaNo'ar
2245,Zondek/Reuven Mass
2246,HaNevi'im/Ha'Ayin Het
2258,Hazaz Blvd/Herzog
2260,Tchernichovsky/Herzog
2261,Tchernichovsky/HaRav Hen
2262,Yigal Allon/HaHoresh Road
2263,Yigal Allon/Shai
2264,Harry Truman/Golda Meir
2265,Harry Truman/Ya'akov El'azar
2266,Harry Truman/Ya'akov El'azar
2267,Harry Truman/Golda Meir
2276,Gate/Ramat Rahel
2278,Razi'el/Dresner
2279,Razi'el/Rav HaHovel
2281,Ole HaGardom/Dov Gruner
2282,Razi'el/Kashani
2283,Feinstein/Ben Yosef
2284,Feinstein/Barzani
2285,Feinstein
2286,Barazani/Rubowitz
2287,Ole HaGardom/Dov Gruner
2293,Ole HaGardom/Avshalom Haviv
2294,Barazani/Rubowitz
2295,Barzani/Ben Yosef
2296,Ole HaGardom/Barzani
2297,Ole HaGardom/Avshalom Haviv
2298,Barazani/Ben Yosef
2299,Ole HaGardom/Ya'akov Weiss
2300,Ole HaGardom/Kdoshe Bavel
2301,Ole HaGardom/Barzani
2302,HaShayish/Ha'Ahot Yehudit
2303,HaYahalom/Shoham
2304,Grocery store
2306,Even Sapir A
2307,HaYahalom/HaGavish
2308,HaYahalom/Leshem
2309,Grocery store
2310,HaYahalom/Shoham
2311,Grocery store
2313,HaYahalom/Shoham
2314,Main Entry/Hadassah Ein Kerem
2323,Student Center/Hadassah Ein Kerem
2325,Medical School/Hadassah Ein Kerem
2326,Main Entry/Hadassah Ein Kerem
2327,Kerem Junction
2329,Kerem Junction
2338,Kerem Junction
2339,Tsviya VeYitshak/HaHasida
2345,Tsviya VeYitshak/HaSnunit
2346,HaMargalit/Nesher
2348,Tsviya VeYitshak/HaSnunit
2349,Disabled Day Care Center/Tsviya VeYitshak
2351,Tsviya VeYitshak/HaHasida
2352,Zangvill/Warburg
2353,Ma'on HaRofe Senior Living3985
2354,En Kerem/HaHadassim
2359,En Kerem/HaMa'ayan
2360,Yefe Rom/Tsviya VeYitshak
2362,Ein Karem Agricultural School
2364,HaNevi'im/Shivte Israel
2365,French Hill Terminal/Bar Kochva
2368,French Hill Terminal/Bar Kochva
2380,Hahayil/Abba Berdichev
2386,Hahayil/Mevo Palyam
2387,Zondek/Nelson Glick
2389,Zondek/Nelson Glick
2391,Golomb/Hatsalam Rahamim
2392,Golomb/Hatsalam Rahamim
2399,Emeq HaMatsleva/Hazaz Blvd
2401,Burla/Davidson
2402,Burla/Avigad
2403,Burla/Davidson
2405,Nicaragua
2406,Israel Museum/Wise
2407,Ruppin/Diskin
2410,Mt. Olives Road/Nashashibi
2411,Mt. Olives Road/Nashashibi
2412,Katzir/Clermont Ganneau
2420,Bauer School/Torah Ve'Avoda
2421,Torah Ve'Avoda/HaPisga
2424,HaMateh HaArtzi/Clermont Ganneau
2425,Malha Sports Center/Avraham Stern
2426,Yasmin/Mevo Tlalim
2438,Yasmin
2441,Yasmin/Keren HaYesod
2447,Har'el/Yitshak Nissim
2448,Police Station/Har'el
2454,Sport Center
2455,HaShalom/Kalanit
2457,Brosh/Havatselet
2458,Brosh/Vered
2459,Brosh/HaShalom
2460,Shimon Suisa/Hatsav
2462,HaShalom/Mevo Parag
2464,HaShalom/Kalanit
2467,HaShalom/Ela
2468,HaShalom/Kalanit
2469,Brosh/Mevo Tirosh
2470,Brosh/Vered
2472,Brosh/Havatselet
2473,Shimon Suisa/Rakefet
2474,HaShalom/Kalanit
2475,HaShalom/Arazim
2476,Shimon Suisa/Hatsav
2478,Shimon Suisa/Rambam
2479,Shimon Suisa/Hatsav
2480,Hatsav/Shimon Suisa
2481,Hatsav/Rambam
2482,Hatsav/Brosh
2483,Shimon Suisa/Rakefet
2491,Hay Tayeb/Rosenthal
2492,Hay Tayeb/Brand
2493,Rosenthal/Sha'ulson
2494,Sha'ulson/Rosenthal
2495,Sha'ulson/Rozin
2500,Sha'ulson/Zerah Barnett
2521,Kiriyat Moriya/Ha'Askan
2524,Har Nof Terminal/Kanfei Nesharim
2525,Razi'el/Adam
2528,Tsviya VeYitshak/HaMargalit
2529,Tsviya VeYitshak/HaMargalit
2531,Shahal/Heller
2532,HaMargalit/Tirosh
2533,HaMargalit/HaMehanekhet
2535,Gilo Terminus/HaMargalit
2537,HaMargalit/Tirosh
2538,Yemin Avot
2539,HaRav Center/HaRav Tsvi Yehuda
2540,Po'ale Tsedek
2544,Yefe Rom/HaGome
2545,Yefe Rom/Giv'at Canada
2546,Yefe Rom/Ha'Ezov
2547,Yefe Rom/HaTe'ena
2548,Yefe Rom/HaTsiporen
2550,Leshem/Tsviya VeYitshak
2551,Western Wall
2554,Reccanati/Zarhi
2556,Reccanati/Zarhi
2558,Zondek/Assire Zion
2562,HaRo'e/Valenstein
2563,Yigal Allon/Shai
2564,Ramot/Terminal
2566,Sayeret Dukhifat/Moshe Dayan
2567,Leib Yoffe/Moses
2568,Kore HaDorot/Klauzner
2569,HaShisha Asar/Moshe Dayan
2572,HaShisha Asar
2573,HaShisha Asar
2583,Neve Ya'akov Boulevard/Moshe Dayan
2588,Truman/Nerot Shabbat
2589,Tchernichovsky/Katznelson
2590,HaNoar HaTzioni Farm/Shai Agnon
2591,Tchernichovsky/Fichman
2592,Peretz Bernstein/Moshe Sharett
2593,Peretz Bernstein/Moshe Sharett
2595,Ramat Sharet Terminal/Kadish Loz
2597,HaMor/Afarsemon
2598,Kana'e HaGalil
2599,Mirsky/Mintz
2601,Minhat Yitshak/Bet Ya'akov
2602,Council
2607,Yanovsky/Betar
2608,En Kerem/Karmit Road
2609,Truman/Ramot
2611,Truman/Nerot Shabbat
2612,Katzenelbogen/HaKablan
2614,Dvar Yerushalayim/Katzenelbogen
2615,Katzenellenbogen A 
2616,Shmaryahu Levin/Brazil
2620,HaSayeret HaYerushalmit
2621,HaSayeret HaYerushalmit
2623,Hel Ha'Avir/Sayeret Dukhifat
2624,Hel Ha'Avir/Sayeret Dukhifat
2626,HaMargalit/Marva
2628,Moshe Sharett/Pinhas Rosen
2631,College/HaHar Road
2636,Kiriyat Moriya/Ha'Askan
2648,Razi'el/Alkachil
2669,Razi'el/Kashani
2682,Razi'el/Dresner
2683,Razi'el/Rav HaHovel
2700,Feinstein
2701,Feinstein/Barzani
2702,Feinstein/Ben Yosef
2703,Ole HaGardom/Kdoshe Bavel
2704,Ole HaGardom/Ya'akov Weiss
2706,Hel Ha'Avir/HaSayeret HaYerushalmit
2707,Hel Ha'Avir/HaShisha Asar
2708,Hel Ha'Avir/HaSayeret HaYerushalmit
2709,Razi'el/Adam
2710,Hel Ha'Avir/Laskov
2711,Costa Rica/Ha'Avivit
2714,Dov Yosef/Al-Tawhid
2715,Dov Yosef/Pat
2716,HaMargalit/Marva
2718,HaMargalit/Layish
2719,HaMargalit/Ayala
2720,Leshem/HaDvash
2721,Gilo Terminus/HaMargalit
2722,Shivat Zion/Golda
2729,Armon HaNatziv Broadwalk/Yanovsky
2747,Jerusalem College for girls/Duvdevani
2748,Nezer David/Merets
2750,Nezer David/Merets
2751,Uziel/Mitnadvim
2753,Katznelson/Shai Agnon
2754,HaMifletset/Tahon
2758,Har Tamir/Giv'at Sha'ul
2759,Giv'at Sha'ul/Akiva Azulai
2760,Giv'at Sha'ul/Akiva Azulai
2761,Or Elhanan Yeshiva/Petah Tikva
2762,Ohel Yehoshua/Shamgar Ben Anat
2763,Kore HaDorot/Klauzner
2766,Lindenbaum Academic College/Leib Yoffe
2767,Lindenbaum Academic College/Leib Yoffe
2775,Herzog Hospital/Giv'at Sha'ul
2776,Herzog Hospital/Giv'at Sha'ul
2778,Mamila/Karib
2779,Sayeret Dukhifat Boulevard/Hel Ha'Avir
2780,Grosberg
2781,Ohale Yosef/Grosberg
2782,Sha'are Tzedek Hospital/Beyth
2783,Peretz Bernstein
2784,School for Arts & Sciences
2787,HaKishle/Armenian Patriarchy
2788,Dov Yosef/Al-Tahara
2791,Dov Yosef/Pat
2792,Shabtai Hizkiya/Kehilat Ungvar
2795,Zachs/Shmu'el HaNavi
2798,Yekutiel Adam/David Niv
2802,Yekutiel Adam/David Niv
2803,Yekutiel Adam/Tamir
2804,Yekutiel Adam/Tamir
2806,Pisgat Ze'ev Center Light Rail Station/Moshe Dayan
2809,Moshe Dayan/Rahmilevitch
2811,Giv'at Moshe/Eli HaChohen
2813,Shimon Hatzadik Light Rail Station/Bar Lev Bouleva
2814,Uziel
2815,Shimon Hatzadik Light Rail Station/Bar Lev Bouleva
2816,Bar Lev Boulevard/Zachs
2821,Safra Campus/Liberman Dormitories
2823,Archeology Park/Hel Ha'Avir
2825,Hel Ha'Avir/Ha'Arba'a
2826,Hel Ha'Avir/Gdud Hermesh
2830,The Leiner Admorim
2831,The Leiner Admorim
2834,Beit Hadfus/Becky
2835,Arye Ben Eliezer/Vardinon
2836,HaNevi'im/HaRav Kook
2837,Dover Shalom/Ohel Yehoshua
2839,Divre Hayim/Torat Hessed
2845,Giv'at HaMatos
2846,Giv'at HaMatos/Hevron Road
2847,Giv'at HaMatos
2853,Moshe Dayan Boulevard/Mazal Taleh
2854,Moshe Dayan A
2855,Moshe Dayan A
2856,Moshe Dayan Boulevard/Mazal Shor
2859,Brosh/HaNarkis
2860,Brosh/Hatsav
2862,Meir Gershon/Eli Tavin
2866,Meir Gershon/Haim Toren
2867,Dov Sadan/Meir Gershon
2871,Dov Sadan/Rachmilewitz
2879,Dov Sadan/Meir Gershon
2882,Moshe Dayan Boulevard/Moshe Rahmilevitz
2892,Meir Gershon/Dov Sadan
2893,Meir Gershon/Haim Toren
2894,Har'el Interchange
2896,Safra Square/Shivte Israel
2897,Hel HaHandasa/Shivte Israel
2898,Hel HaHandasa/Na'omi Kiss
2899,Bar Lev/Shivte Israel
2901,Biblical Zoo
2902,Bet HaLohem/Aharon Shulov
2911,Bet HaLohem/Aharon Shulov
2913,Malha Mall/HaPo'el Sports Club - Ha'Ayal
2922,Malha Mall/HaPo'el Sports Club - Ha'Ayal
2923,Malha Mall/S.A. Maccabi
2930,Betar Sports Club/HaPo'el Sports Club
2934,HaDror/HaZamir
2936,Dahomey/HaSayfan
2939,Police National Headquarters/Clermont Ganneau
2942,Haftzadi A
2943,Haftzadi A
2944,HaRav Tsvi Yehuda/HaMe'iri Blvd
2946,Keren HaYesod/Ahad Ha'Am
2948,Giv'at Hamivtar Light Rail Station/Yigael Yadin
2949,Razi'el
2954,Shabtai HaNegbi/Dov Yosef
2955,Shabtai Hanegbi B
2956,Shabtai HaNegbi/Afarsemon
2957,Meir Gershon/Yosef Nedava
2959,Rahmilevitch/Livni
2960,Rahmilevitch/Tunik
2961,Rahmilevitch/Gvirtzman
2966,Rahmilevitch/Shmuel Yaffe
2968,Rahmilevitch/Boardwalk A
2969,Rahmilevitch/Boardwalk B
2970,Rahmilevitch/Boardwalk G
2971,Rahmilevitch/Dov Sadan
2972,Rahmilevitch/Boardwalk B
2973,Rahmilevitch/Boardwalk A
2975,Rahmilevitch/Shmuel Yaffe
2976,Rahmilevitch/Tunik
2977,Rahmilevitch/Livni
2978,Meir Gershon/Rachmilewitz
2979,Meir Gershon/Rachmilewitz
2980,Meir Gershon/Meir Yosha
2981,Zevin/Winograd
2982,Zevin/Eli'akh
2983,Zevin/Neuman B
2985,Sharet Institute/Hadassah Ein Kerem
2986,Druck/Yigael Yadin
2987,Yigael Yadin/Druck
2990,Rabbi Shlomo Zalman Druk/HaRav Bezalel Zolti
2991,Igrot Moshe/Kahaneman
3004,Dulzin
3005,Dulzin/Ben Porat
3007,She'are Yerushalayim/Lifta
3008,Yehezkel/Hoshe'a
3009,Moshe Dayan Boulevard/Neve Ya'akov Boulevard
3010,Moshe Dayan Boulevard/Mazal Shor
3012,Heyl Ha'avir Light Rail Station/Moshe Dayan
3014,Pisgat Ze'ev Center Light Rail Station/Moshe Dayan
3015,Moshe Dayan Boulevard/Holtzberg
3018,HaRo'e/Golda Meir Boulevard
3021,Becky
3022,Sayeret Dukhifat/Hazme Barricade
3023,Dulzin
3024,Dulzin/Nehemya
3025,Dulzin/Shmu'el Natan
3026,Dulzin/El Salvador
3027,Commercial Center/Dulzin
3030,Electricity Company/Hefzadi
3031,Haftzadi B
3032,Haftzadi B
3033,Electricity Company/Hefzadi
3034,Shivte Israel/Heleni HaMalka
3035,Ramot Junction/Yadin
3043,Yanovsky/Albek
3045,HaShomer/Ya'akov Berger
3046,Hizkiyah HaMelekh/Rachel Imenu
3054,Yits'hak Rabin Blvd/Netan'el Lorch
3057,Petah Tikva A
3060,Neve Ya'akov Blvd/Gamzon
3061,Amichai Gidi Paglin/Moshe Dayan Blvd
3062,Pisgat Ze'ev Terminal/Yoseftal
3063,Meridor/Yosef Nedava
3064,Meridor/Gruninger
3065,Meridor/Yosef Nedava
3066,Meridor/Natanzon
3067,Meridor/Gruninger
3068,Meridor/Friedler
3070,Meridor A
3072,Yosef Nedava/Meridor
3073,Yosef Nedava B
3074,Yosef Nedava/Meridor
3075,Yosef Nedava B
3076,HaMechanehet/HaMargalit
3078,HaMechanehet/Della Pergola
3083,Yanovsky/Hevron Road
3084,Hamesorati School/Betar
3085,En Gedi/Betar
3087,Da'at Yosef Yeshiva/Zevin
3089,Astorre/Kfar Ivry
3090,Da'at Yosef Yeshiva/Zevin
3091,Zevin/Neuman B
3092,Zevin/Winograd
3093,Malcha Terminal/Banbaishti
3097,Pat/Ba'em
3099,Government Complex/Lorch
3100,Government Complex/Lorch
3103,Supreme Court/Zussman
3108,Supreme Court/Zussman
3109,HaKnesset/Kaplan
3111,Gan Havradim/Zussman
3113,Diplomat Hotel
3114,Giv'at Hamivtar Light Rail Station/Yigael Yadin
3117,Mini Yisrael Intersection
3120,Hama'abada/Hevron Road
3121,Hama'abada/Hevron Road
3126,Hayarden River/Rabbi Me'ir
3129,Akabia Ben Mahalalel/Rabbi Yossi Ben Kisma
3131,Yitshak Nissim/Picard
3132,Yitzhak Nissim C
3135,Yitzhak Nissim A
3137,Yitzhak Nissim A
3138,Yitshak Nissim/Avigur
3139,HaRav Yitshak Nissim/Picard
3141,Malha Railway Station
3142,Golda Meir Boulevard/Binyamin Mintz
3144,Malha Railway Station
3152,Dulzin/Ha'ahot Zelma
3154,Costa Rica/HaHalamit
3158,Ha'Admor MiLubavitch/Lapian
3162,HaAdmor MiLubawitch/Hazon Ish
3163,Hazon Ish/HaRav Bezalel Zolti
3198,Nahal Refa'im/Yitshak Moda'i
3208,Livne/Halamit Road
3209,Livne/Ma'ale Haktalav
3211,Mavo HaYaara/Morad HaRozmarin
3218,Shalmon/Netafim
3219,Hare Yehuda A Road
3220,HaPisga/Herzl Blvd
3225,Rekhassim/Ha'Ela
3228,HaRav Herzog Boulevard/Levi Eshkol Boulevard
3230,Hel HaHandasa/Na'omi Kiss
3232,Hel Ha'Avir/Gdud Hermesh
3233,Olsvanger C
3234,Meir Gershon/Dov Sadan
3235,Rahmilevitch/Dov Sadan
3236,Rahmilevitch/Moshe Dayan
3237,Rahmilevitch/Moshe Dayan
3238,Hel Ha'Avir/Laskov
3242,Brandeis
3243,Ha'Ayal/HaPo'el Sports Club
3244,HaShu'al/HaDishon
3245,HaDishon/HaShu'al
3246,HaAyal B
3249,HaAyal C
3250,Ha'Ayal/HaYa'en
3251,Mt. Kitron/Nerd
3254,HaMor/Afarsemon
3255,Shabtai HaNegbi/Dov Yosef
3256,Warshavski/Shmuel Meir
3257,Shmuel Meir/Yitshak Nissim
3260,Ben Ish Hay G
3261,Ben Ish Hay B
3269,Commercial Center/Avizohar
3270,Moshe Kol/De Rossi
3273,Moshe Kol/Palombo
3274,Moshe Kol/Dinur
3275,Moshe Kol/Mara
3277,Moshe Kol/Shreyboim
3278,Moshe Kol/Shrybom
3281,Moshe Kol/Mara
3282,Moshe Kol/Dinur
3283,Moshe Kol/Tussya Cohen
3285,Moshe Kol/De Rossi
3286,Commercial Center/Avizohar
3287,Sha'are Tzedek Hospital/Beyth
3288,Beyth/Tussya Cohen
3289,Giv'at Mordehai Junction/Beyth
3291,Adoumin Fort
3292,HaRav Frank/Meshulam Rath
3294,Talpiot Parking/Bar'am
3296,Hevron Road/Giv'at HaMatos
3299,Bar'am/Ha'Oman
3300,Ha'Oman/Bar'am
3301,Ha'Oman/HaSadna
3302,Ha'Oman/HaSadna
3304,HaSadna/Pierre Koenig
3312,HaSadna/Yad Harutsim
3314,Hevron Road/HaSadna
3315,Hevron Road/HaSadna
3317,HaTnufa/Bethlehem Road
3318,HaTnufa/Bethlehem Road
3322,Dov Yosef/HaSigalit
3323,Dov Yosef/Shabtai HaNegbi
3324,Bar'am/Ha'Oman
3327,Hevron Road/HaTnufa
3333,Moshe Kol/Tussya Cohen
3334,Costa Rica/HaHalamit
3335,Costa Rica H
3336,Costa Rica/Ha'Avivit
3342,Pat/Berl Locker
3343,Razi'el
3346,Ha'Ayal/HaYa'en
3347,HaAyal C
3348,HaAyal A
3349,HaDishon/Ha'Ayal
3350,Sciences and Arts School/Kolitz
3351,Dahomey/Harepublica Hadominikanit
3352,Strauss/Prague
3357,Shmuel Meir/Hevron Road
3358,Hebrew University Blvd/Bar Lev
3359,Ha'Oman/Harashe HaBarzel
3360,Lev Talpiot Mall/Ha'Oman
3361,Ha'Oman/Merkaz Binat
3362,Ha'Oman/Merkaz Binat
3363,Ha'Oman/Harashe HaBarzel
3365,HaBosem/Mevo Ktoret
3369,Yohay Bin Nun
3374,National Insurance
3375,HaLe'om Parking/HaNassi HaShishi Blvd
3376,Bet Orot/Lempel
3377,Mt. Scopus/Reznik Dorms.
3379,HaNevi'im/HaRav Kook
3381,Strauss/Avigdori
3398,Arye Bina/Warshavski
3417,Martinov/Weingarten
3418,Homat Schmuel Terminal
3419,Arye Bina/Martinov
3420,Martinov/Weingarten
3421,Warshavski/Arye Bina
3424,Shmuel Meir/Warshavski
3425,Rav HaHovel/Adam
3431,Ha'Askan/Yanovsky
3434,HaHoshen Blvd/Har'el
3436,HaHoshen Blvd/Ofir
3437,HaHoshen Blvd/Inbar
3438,HaBdolah Square
3439,Bareket/Opal
3443,Bareket/Opal
3444,HaHoshen Blvd/Ofir
3446,Mt. Meiron/Hermon
3447,Mt. Meiron/Hermon
3448,HaDror/Hermon
3451,HaDror/HaZamir
3452,HaDror/HaSnunit
3453,HaDror/HaZamir
3454,Yitshak Nissim/Hermon
3455,Yitshak Nissim/Hermon
3457,HaDror/Dukhifat Lane
3458,HaDror/HaZamir
3459,HaDror/Hermon
3476,Lichtenstein
3480,Lichtenstein/Ben Hamo
3483,Yigal Allon/HaHoresh Road
3484,Ha'Askan/Adam
3486,Albek/Kaspi
3505,Moshe Sharett/Kadish Luz
3508,Levi Eshkol/HaGil'ad
3510,Sfat Emet/Chaim HaLevi
3511,Sfat Emet/Hazon Ish
3512,Har Nof Terminal/Beit Hadfus
3513,Har Nof Terminal/Beit Hadfus
3519,HaHaluts/Gafni
3520,Harepublica Hadominikanit/HaRakefet
3523,Mahane Yehuda Market/Agripas
3541,Ali'ash
3556,Herzog/Akiva Ben Mahallal
3557,Levi Eshkol Blvd/Yehuda Ben Ze'ev Blvd
3558,Rabbi Tsadok/Rabbi Tarfon
3559,Kolitz/Golomb
3560,Kolitz/Golomb
3561,Kolitz/Ha'Avivit
3577,Nahal Ayalon/Nahal Hakishon
3579,Nahal Ayalon/Nahal Hakishon
3580,Nahal Ayalon/Nahal Sorek
3581,Levi Eshkol/Hazon Ish
3582,Sfat Emet/Hazon Ish
3585,Ben Hamo/Bar Lavi
3591,Yigal Allon/Golda Meir Boulevard
3592,Yigal Allon/Golda Meir Boulevard
3593,Asire Tsiyon/Zondek
3594,Zondek/Eshkoli
3595,HaRozmarin/Levona
3596,Eliyahu Koren/Ben Hamo
3597,Eliyahu Koren/Min HaHar
3599,Eliyahu Koren/Ben Hamo
3601,Nomi/Hevron Road
3605,King George/Ben Yehuda
3606,Fire Fighters/Paglin
3607,Hashabat Square/Strauss
3608,The National Library
3609,Music Academy High School
3618,Gershon Shaked/Betsalel Bazak
3619,Hakalanit/38
3621,Adulam Junction
3629,Rav Shefa/Shamgar Ben Anat
3632,Malkhe Israel/Ben Matityahu
3633,Hashabat Square/Malkhe Israel
3634,Shmu'el HaNavi/Bar Ilan
3637,Haim Barlev Boulevard/Hebrew University Boulevard
3638,Shuafat Road/Anatot Road
3639,Shuafat Road/Anatot Road
3648,Rahmilevitch/Raful Harari
3654,Zevin/Neuman A
3655,Zevin/Neuman A
3658,HaRav Shay Zevin/HaRav Shlomo Yosef Eli'akh
3660,Meridor A
3661,Hel Ha'Avir/HaShisha Asar
3662,Neve Ya'akov Boulevard/Ahimeir
3664,HaRav Pardes/Neve Ya'akov Boulevard
3665,Palmah/Mivtsa Nahshon
3666,Palmah/Shihrur
3667,Absorption Center/Har'el
3668,HaDishon/Ha'Ayal
3669,Brosh/HaShalom
3670,Yasmin/Shave Tsiyon
3671,Hermon/Mt. Meiron
3672,Karmel/Arbel
3673,Karmel/Hermon
3674,HaHoshen Blvd/Bareket
3675,HaHoshen Blvd/Nofekh
3677,Ezra
3678,Eretz Hefetz/Hativat Har'el
3814,Ras Al-Amud Square/Jericho Road
3815,Yam Suf/Zalmona
3816,HaRav Blau/Ahinoam
3818,Strauss/Prague
3819,Eli HaChohen/Grosberg
3820,Eli HaChohen/Bar Ilan
3821,Har Hotzvim Terminal/HaMarpeh
3822,Shmuel Meir/Road 398
3823,Gate/Ramat Rahel
3824,Hevron Road/HaRozmarin
3825,Afarsemon/HaMor
3826,Police/Shmuel Meir
3827,Avigur/Lipchin
3828,Warshavski/Arye Bina
3830,Yitzhak Nissim D
3831,Hay Tayeb/Sha'ulson
3839,Sha'ulson/Ma'alot Boston
3841,Dekalim School/Bar Kokhba
3844,En Kerem/HaHadassim
3845,Yasmin/Narkis
3847,Sayeret Duchifat Light Rail Station/Moshe Dayan
3849,Heyl Ha'avir Light Rail Station/Moshe Dayan
3850,HaHagana/Etzel
3851,Tahon/Borochov
3852,HaNurit B
3854,HaMate HaArtsi/Haim Barlev Blvd
3855,King George/Ben Yehuda
3857,King George/KKL
3858,Hashabat Square/Strauss
3859,Zayit Ra'anan/Ohel Yehoshua
3863,Bethlehem Road/Rivka
3914,Yitshak Nissim/Ben Hamo
4007,Golda Meir Boulevard/Avraham Rakanati
4009,Ramot Junction/Golda
4011,Golda Meir Boulevard/Giv'at Moshe
4012,Bar Ilan/Shmu'el HaNavi
4013,Yirmiyahu/Elkana
4014,Yirmiyahu/Minhat Yitshak
4015,Shmagar/Tora MeTziyon
4017,Arye Bina/Yitshak Refael
4018,Yitshak Nissim/Baum
4020,Lichtenstein/Avigur
4021,Bar'am/Ha'Oman
4023,Oren/Zayit
4024,HaYahalom/Leshem
4025,Beit Ha'am
4028,Shmaryahu Levin/Haviv
4037,Yehezkel/Hoshe'a
4041,Hevron Road/Yanovsky
4044,Tchernichovsky/Katznelson
4050,Tchernichovsky/HaRav Hen
4052,Or Elhanan Yeshiva/Petah Tikva
4057,Yosef Nedava A
4075,Shamgar/Ohel Yehoshua
4090,Ramot Terminal/Mirsky
4100,Issawiya Eastern Entry
4106,Ohel Yehoshua/Shamgar Ben Anat
4115,Hashabat Square/Malkhe Israel
4116,Shamgar Ben Anat/Yirmiyahu
4133,Shamgar Ben Anat/Yirmiyahu
4136,Derekh Schem Terminal
4137,Ohel Yehoshu'a/Kedushat Aharon
4138,Bir Nabala Junction/Ramallah Road
4153,Har Tamir/Giv'at Sha'ul
4156,Central Station/Yafo
4169,Central Station/Yafo
4170,Jerusalem Central Bus Station 3rd Floor/Platforms
4171,Malha Mall/S.A. Maccabi
4173,Light Rail Station Jaffa-Center/King George
4174,Yaffo Light Rail Station/Strauss
4175,King George/KKL
4179,Shivat Zion/Golda
4181,Bazaq/Zalman Shne'ur
4187,Safra Campus/University Entry Terminal
4190,Entrance Terminus Campus Safra/Balfour Road
4191,Diur Mugan Maon HaRofe/3985
4206,Hay Tayeb/Ibn Danan
4208,Wolfson/Kaplan
4215,Wolfson/Kaplan
4216,Gesher Hameitarim/Herzl Blvd
4218,Shazar Avenue/International Convention Center
4229,Nahal Luz/Nahal Refa'im
4249,Yehuda HaNassi/Ben Ya'ir
4256,Golomb/Kolitz
4257,Giv'at Hamivtar Light Rail Station/Shuafat Road
4260,Issawiya Eastern Entry
5058,Yirmiyahu/Minhat Yitshak
5059,Gur School/Yirmiyahu
5060,Bar Ilan/Rabenu Gershom
5061,Golda/Giv'at Moshe
5100,Central Station/Yafo
5130,Ramot Junction/Golda
5131,Commercial Center/Golda
5132,Golda Meir Boulevard/Yitshak Mirsky
5145,Nehusha Intersection
5146,Nehusha Intersection
5147,Luzit Intersection
5148,Luzit Intersection
5149,Luzit Center B
5150,Luzit Center A
5151,Agur Intersection
5152,Agur Intersection
5153,Agur Center G
5154,Agur - Center D
5155,Agur Center A
5156,Agur - Center B
5157,Sdot Mikha Intersection
5158,Sdot Mikha Intersection
5159,Office
5160,Tsafririm/HaGat
5161,Post Office
5162,Leon Srigim Intersection
5163,Lion Serigim Junction
5164,Lion Serigim Junction
5165,Leon Srigim Intersection
5166,HaKramim
5167,Lion Serigim Junction
5168,Lion Serigim Junction
5169,Beit Ha'am
5170,Ha'Ela Junction
5171,Ha'Ela Junction
5172,Ha'Ela Junction
5173,Azeka Junction
5174,Azeka Junction
5175,Azeka Junction
5176,Zekhar'ya - Center B
5177,Zekhar'ya Intersection
5179,Zekhar'ya Intersection
5180,Zekhar'ya - Center A
5181,Grocery store
5183,Adulam Junction
5184,Adulam Junction
5185,Netiv HaLamed'He Intersection
5186,Netiv HaLamed'He Intersection
5187,Etsyona Junction
5188,Dining Room
5189,Nahal Hever/Nahal Ein Gedi
5190,Nahal Hever/Nahal Ein Gedi
5191,Tze'elim Creek/Hever
5192,Nahal Hever/Tse'elim
5193,Nahal Tse'elim Blvd/Nahal Hever
5194,Nahal Ein Gedi/Nahal Hever
5195,Nahal Ein Gedi/HaNahash Path
5196,Nahal Tse'elim Blvd/Nahal HaKishon Blvd
5197,Nahar HaYarkon Boulevard/Nahal Luz
5199,Nahal Luz/Nahal Gilo
5200,Shazar Avenue/International Convention Center
5201,Nahal HaKishon Boulevard/Nahal Tzeelim Boulevard
5202,Nahal HaKishon Blvd/Shacham Creek
5205,Nahal Dolev  A
5206,Nahal Sorek/Nahal Miha
5207,Avi'ezer Intersection
5208,Avi'ezer Intersection
5209,Avi'ezer Intersection
5210,Etsyona Junction
5211,Sports Field
5212,Roglit Junction
5213,Office
5214,Roglit Junction
5215,Avi'ezer - Center G
5216,Avi'ezer - Center B
5217,Avi'ezer - Center A
5218,Etsyona Junction
5219,Har'el School/Nahal Refa'im
5220,Har'el School/Nahal Refa'im
5221,Nahal Ayalon/Nahal Dolev
5223,Dolev B Creek
5224,Ha'Ela/HaDolev
5225,Ha'Ela/HaShita
5226,Ha'Ela/HaOren
5227,Ha'Ela/Ha'Alon
5228,Alon/Ha'Ela
5229,Mata Junction
5230,Alon A
5232,Shalmon/Netafim
5233,Rekhassim/Dolev
5234,Shalmon/Hare Yehuda
5235,Shalmon/Hare Yehuda
5236,Rekhassim/Ha'Ela
5237,Harei Yehuda Boulevard/Dukhifat
5239,Harei Yehuda Boulevard/Dukhifat
5240,Hare Yehuda Blvd/Yasmin
5241,Mevo Betar Intersection
5242,Gefen Intersection
5243,Gefen A
5244,Beit Ha'am
5245,Tirosh Intersection
5246,Tirosh Intersection
5247,Tirosh A
5248,Sports Field
5249,Nahshon Junction
5250,Beit Shemesh Interchange
5251,Abik Plant/Hamelaha
5252,Hamelaha/Ha'Amal
5253,HaYetsira/Hamelaha
5254,HaYetsira/Haharutsim
5255,HaYetsira/Haharutsim
5256,HaYetsira/Hamelaha
5257,Hamelaha/Ha'Amal
5258,Hamelaha/Ha'Amal
5259,Hamelaha/HaTa'asiya
5260,Hamelaha/HaTa'asiya
5261,HaYetsira/HaTa'asiya
5262,HaYetsira/HaTa'asiya
5263,HaYetsira/Virginia
5264,HaYetsira/Virginia
5265,Grocery store
5267,Beit Shemesh Interchange
5268,Brosh Intersection
5269,Brosh Intersection
5270,Brosh Intersection
5271,Yishi C
5272,Yishi F
5273,Yish'i A
5274,Yishi G
5275,Kupat Holim Meuhedet A/HaRakefet
5276,HaRakefet/HaNarkis
5277,Ha'Erez/Ha'Arazim
5278,Kupat Holim Meuhedet B/HaRakefet
5279,Kupat Holim Meuhedet/HaRakefet
5280,HaRakefet B
5281,HaRakefet A
5282,HaRakefet/Ha'Arazim
5283,Ha'Arazim/Shezif
5284,HaRakefet/Ha'Arazim
5286,HaDekel Blvd/HaHaruvim Path
5287,Yish'i Intersection
5288,Yish'i Intersection
5289,Ha'Arazim/Ha'Arava
5290,Yish'i Intersection
5291,HaShiv'a/Ben Gurion Blvd
5292,HaNassi/Yehuda HaMaccabi
5293,Ben Zakai/Ribal
5294,Ben Zakai/Ribal
5295,Ben Zakai/Ribal
5296,Ribal/Ben Zakai
5297,Ribal/Ben Zakai
5298,Rabbi Yohanan Ben Zakay/Nahar HaYarden Blvd
5299,Ribal/Hayarden River
5301,Ribal/Hayarden River
5302,Hayarden River/Rabbi Levitas
5304,HaRav Rerzog Blvd/Levi Eshkol Blvd
5305,HaRakefet/HaNurit
5306,HaDekel Blvd/HaNurit
5307,HaDekel/Ben Eli'ezer
5308,HaDekel/Rashi
5309,HaDekel Blvd/HaRakefet
5310,Rashi/David Raziel
5311,HaDekel/Ben Ze'ev
5312,Ben Ze'ev/HaDekel
5313,Rashi/Ben Eli'ezer
5314,Herzog/Nahar HaDan
5315,Herzog/Nahar Dan
5316,Rashi/Ben Eli'ezer
5317,Yehuda Ben Ze'ev Blvd/David Razi'el
5318,Rashi/Shivte Israel
5319,Rashi/Shivte Israel
5320,Ben Gurion Boulevard/HaDekel Boulevard
5321,HaNassi/Manoach
5322,HaNassi/Manoach
5323,Languages & Cultures School/HaGefen
5324,HaNassi/Ha'Alon Lane
5325,HaNassi/HaRimon Lane
5326,Languages & Cultures School/HaGefen
5327,HaShiv'a/Bialik
5328,HaShiv'a/Bne Dan
5329,Etsel/Bialik
5330,Etsel/Bialik
5331,HaShiv'a/HaRav Yosef Bouskila
5332,HaGefen/Alnaqua
5333,HaGefen/Alnaqua
5334,Neuman Square
5335,Neuman Square
5336,HaShiv'a/Neumann
5337,Bialik/Ben Gera
5338,Bialik/Gur Arye
5339,Ben Tsvi/Daliya
5341,Ma'apile Egoz/Re'uven
5342,Ben Ze'ev/Mandler
5343,Ben Ze'ev/Mandler
5344,Hazon Ish/Bet Israel
5346,HaRav Herzog Boulevard/Nahar HaYarden Boulevard
5347,Hazon Ish/Or Hayim
5348,Hazon Ish/Birkat Avraham
5350,Or Same'ah/Minhat Yitshak
5352,Levi Eshkol Boulevard/Hazon Ish
5353,Levi Eshkol Boulevard/Hazon Ish
5354,Or Same'ah/Sfat Emet
5355,Or Same'ah - Talmud Torah Torat Olam
5356,Rashi/Ben Ze'ev
5357,Yitshak Rabin/HaGolan
5358,Rabin/HaTavor
5359,Bet Israel/Sfat Emet
5360,Yehuda Ben Ze'ev Blvd/Sfat Emet
5361,Yehuda Ben Ze'ev Boulevard/Levi Eshkol Boulevard
5364,Morde HaGeta'ot/HaRav Uzi'el
5365,Morde HaGeta'ot/HaRav Uzi'el
5366,Religious Council
5367,Ben Tsvi/Herzl
5368,Herzl/HaRav Uzi'el
5369,Herzl/Ben Tsvi
5370,Rambam/Jabotinsky
5371,Rambam/Jabotinsky
5372,Yitshak Rabin/Har Touv
5373,HaTavor/Har Touv
5374,Yitshak Rabin Road/HaHermon
5375,Rabin/Gilad
5376,Shukanyon
5377,Shukanyon
5378,Rambam/Herzl
5379,Rambam/Herzl
5381,Square
5383,Tsor'a Intersection
5385,Bialik/Hamahtesh
5386,Bialik/Hamahtesh
5387,HaAliya/Rambam
5388,Ha'Aliya/Rambam
5389,Yigal Allon Boulevard/Shaar HaIr Mall
5391,Yigal Allon Blvd/Haheresh
5392,Ha'Aliya/Yigal Allon
5393,Ha'Aliya/Yigal Allon
5394,Rambam/Arlozorov
5395,Rambam/Arlozorov
5396,Yigal Allon/Ha'Aliya
5398,Bet Shemesh Rail Station/HaHarash
5401,Nesher Industrial Zone
5403,Ganir Center
5404,Ganir Center
5405,Angel Bakery
5406,Angel Bakery
5407,Tslafon Intersection/West
5408,Tslafon Intersection/To East
5409,Har'el Intersection/To East
5410,Har'el Intersection/West
5411,Kfar Uriya Junction
5412,Kfar Uriya to the West Intersection
5413,Tarum Intersection/Ta'oz Eastbound
5414,Ta'oz Intersection/Tarom Westbound
5415,Youth Club
5416,Mikvah
5417,Herzog/Levi Eshkol
5418,Rabbi Yossi Ben Kisma/Akabia Ben Mahalalel
5419,Rabbi Yossi Ben Kisma/Akabia Ben Mahalalel
5420,Gan Sharon
5421,Herzog/Ben Mahalal
5422,Herzog/Ben Mahalal
5423,Levi Eshkol Boulevard/Rabbi Yossi
5424,Levi Eshkol Blvd/Rabbi Yossi Ben Kisma
5425,Derekh Haim Terminal
5426,Derekh Haim Terminal
5427,Road 3855/Herzog
5428,HaGil'ad/Sinai
5429,HaGil'ad/Masada
5430,Ben Ish Hay G
5431,Ben Ish Hay Z
5432,Levi Eshkol Blvd/HaGil'ad
5433,Levi Eshkol Boulevard/HaGil'ad
5434,Road 3855/Rabbi Yosef Caro
5435,Road 3855/Rabbi Yosef Caro
5437,Mahsiya/Exit
5438,Mahsiya/Post
5439,Mahsiya/South
5440,Mikvah
5442,Hartov Interchange
5443,Hartov Interchange
5444,Hartov Interchange
5445,Regional Council
5446,Naham B
5447,Naham G
5448,Naham A
5449,Of Yerushalayim
5450,Of Yerushalayim
5452,Electricity Company
5453,Shimshon Interchange South
5454,Shimshon Junction
5455,Shimshon Junction
5456,Eshta'ol Junction
5457,Eshta'ol Junction
5458,Grocery store
5459,Mevo HaYaara/Helmit Road
5460,Morad HaRozmarin/Ma'ale Haktalav
5461,Rozmarin/HaMarva Road
5462,Livne/Ma'ale Haktalav
5465,Office/Levana
5466,Levona/Halamit Road
5468,K'salon B
5469,K'salon B
5470,K'salon A
5471,K'salon D
5472,K'salon D
5473,Kupat Holim Clalit
5474,Office
5475,K'salon A
5477,K'salon H
5478,Malabar B
5479,Malabar G
5480,Malabar/Ma'ale Lane
5481,Cochin/Kerala
5482,Mesilat Tsiyon Intersection
5483,Mesilat Tsiyon Intersection
5486,Bet Me'ir A
5487,Hare Yehuda Yeshiva
5488,Alon B
5489,HaZayit A
5490,HaZayit B
5491,HaRimon/HaTamar
5492,HaTamar/Ktalav
5493,HaGefen/HaTamar
5494,Nes Harim Junction
5495,HaGefen/HaRimon
5496,Nes Harim Junction
5497,Nes Harim
5498,Tsur Hadassa Intersection
5499,Tsur Hadassa Junction
5500,K'salon Intersection
5501,K'salon Intersection
5502,Ramat Razi'el Intersection
5503,Ramat Razi'el Intersection
5504,Etanim Intersection
5505,Etanim Intersection
5506,Mevo Betar A
5507,Grocery store
5508,Sewage treatment plant
5509,Sewage treatment plant
5510,Hospital
5511,Ayelet Hen/Marvad Haksamim
5512,Children's Hospital
5513,Children's Hospital
5514,Ayelet Hen/Marvad Haksamim
5515,Giv'at Ye'arim Intersection
5516,Giv'at Ye'arim Intersection
5517,Tsova Intersection
5518,Tsova Intersection
5519,Kibbutz Tsova
5520,HaHaruv/HaPisga
5521,HaHaruv/HaLotem
5522,Sho'eva
5523,Shoresh Interchange
5524,Shoresh Interchange
5525,Neve Ilan Hotel
5526,Marvad Haksamim/HaKdera
5527,Marvad Haksamim/Laner Ulabesamim
5528,Marvad Haksamim/Laner Ulabesamim
5529,Marvad Haksamim/Al Kanfe Nesharim
5530,Marvad Haksamim/Ayelet Hen
5531,Neve Ilan B
5532,Neve Ilan B
5534,Yad HaShmona Intersection
5535,Neve Ilan Studios
5536,Yad HaShmona Intersection
5537,Neve Ilan Intersection
5538,HaRif/HaRav Bloch
5539,Gan Hadar/HaRav Bloch
5540,Oznayim LaTora/HaRif
5541,HaRav Bloch/Ma'alot Kdoshe Telez
5542,Kiryat Ye'arim Intersection
5543,Oznayim LaTora/HaGra
5544,Kiryat Ye'arim Intersection
5545,Maternity Recovery Home
5546,Maternity Recovery Home
5547,HaGra/Nahalat Shlomo
5548,Police
5549,HaRav Gordon/Ma'alot Haim
5550,Talmud Torah Tif'eret Yehuda/HaRav Gordon
5551,Library/HaRav Gordon
5552,Early Age Center/HaRav Gordon
5553,HaRav Gordon/Ma'alot Haim
5554,Police
5555,HaShalom Road/HaGanim
5556,HaShalom Road/Haj Musa
5557,HaShalom Road/HaMif'al
5558,HaShalom Road/HaMif'al
5560,Nataf Intersection
5561,Ain Rafa A
5562,Nav'a/Alwad
5563,Nav'a
5564,Nav'a
5565,Kupat Holim Clalit
5566,HaDekalim/HaRimon
5567,Commercial Center
5568,HaDekalim/HaRimon
5569,HaDekalim/HaMa'ayan
5570,Bet Nekofa Intersection
5571,En Rafa Intersection
5572,Hemed Junction
5574,Alon Regional School
5575,Alon Regional School
5576,Ma'ale HaHamisha Intersection
5577,Kramim Hotel
5578,Kramim Hotel
5579,Ye'arim Hotel
5580,Ye'arim Hotel
5581,Bet Nekofa Intersection
5582,Bet Nekofa
5583,Kiryat Anavim Center
5584,Kiryat Anavim/Kramim Hotel
5585,Kibbutz Ma'ale HaHamisha
5586,Sataf Intersection
5587,Sataf Intersection
5589,Road 396/Hadassah Ein Keren Hospital
5590,Hadassah Hospital Intersection
5591,Ora Junction
5592,Ora Junction
5593,HaMifletset/Sold
5594,HaMifletset/Hantke
5597,Office
5601,HaHotsvim Boulevard/Sheva Ahayot
5602,Har'el Interchange
5603,Har'el Interchange
5605,Har'el/Yasmin
5606,Bet Zayit Intersection
5607,Motsa/Efrat Winery
5608,Motsa/Bet Zayit
5610,HaBayit Ha'Adom
5618,Nav'a/Alwad
5620,Nataf A
5621,HaZayit B
5622,Ha'Arava/Dafna
5623,Cochin/Kerala
5624,Ma'ale HaHamisha Industrial Zone
5625,Ma'ale HaHamisha Industrial Zone
5626,Neve Ilan A
5627,Neve Ilan A
5628,Office
5629,K'salon V
5632,Nahal Dolev/Ayalon
5634,Ben Ish Hay/Caro
5635,Mishmar David
5637,Mt. Kitron/Dror
5639,Hantke/Neiditz
5640,Hantke/Sharon
5641,Mount Herzl Light Rail Station
5642,Hantke/Sharon
5643,Arthur Hantke/Haim Haviv
5644,Hantke/Shmaryahu Levin
5645,Mount Herzl Light Rail Station
5647,HaGolan/Aliyat HaNo'ar
5648,En Gedi/Arugot
5649,Nahal Tse'elim Blvd/Zekharya HaNavi
5650,Yehuda Ben Ze'ev Blvd/HaDekel Blvd
5651,Ha'Arazim/HaHadar
5652,Ha'Arazim/HaHaruvim Path
5653,Ha'Arazim/Shezif
5654,HaDekel Blvd/HaRav Rerzog Blvd
5655,Ha'Erez/HaHadas
5656,Nahal Ein Gedi/Arugot Creek
5657,Nahal Sorek/Nahal Nitzanim
5659,Hefets Hayim/Levi Eshkol
5660,Ben Ish Hay D
5661,HaHafetz Haim/Ben Ish Hay
5662,HaTamar/HaRimon
5663,Yigal Allon Blvd/HaBanai
5664,Har'el/Yasmin
5665,HaTamar/HaZayit
5666,Shefa Haim/Golda Meir Boulevard
5667,Shefa Hayyim/Doresh Tov
5668,Shefa Haim/Yacobson
5669,Shefa Haim/Golda Meir Boulevard
5672,Nof Tsiyon/Alar
5675,Comprehensive Girls School/Old Bethlehem Road
5677,Ma'ale HaZetim
5678,Ras Al-Amud Square/Jericho Road
5679,Mount of Olives Cemetery/Jericho Road
5680,Ras El Amud
5681,Abu Saway
5682,Al-Mashahid B
5683,Al-Mashahid B
5684,Al-Mashad/Darga River
5689,Umm Tuba 2
5692,Al-Madinah al-Munawwarah/Ben Ami Intersection
5693,Umm Lisson/Sur Baher 2
5694,Umm Lisson/Sur Baher 3
5695,Al-Muqafa/Halima A-Sa'adiya
5696,Umm Lisson/Sur Baher 5
5697,Umm Lisson/Sur Baher 6
5698,Umm Lisson/Sur Baher 7
5704,Dajani Hospital/Bait Hanina Road
5706,Nizamiyyah School/Bait Hanina Road
5707,Bait Hanina Road/Al-Hayaa
5708,Al-Likaa Church/A-Zahur
5709,Hizma Junction/Bait Hanina Road
5710,Bait Hanina Road/Hizme Road
5711,Nizamiyyah School/Bait Hanina Road
5712,Gan Eden Square/Bait Hanina Road
5713,Bait Hanina Road/Al Abbas
5714,Kupat Holim Clalit/Mt. Olives Road
5715,Bet Hanina Road/Dajani
5718,Mt. Olives Road/Ministry of Interior Affairs
5720,HaYozma
5721,Atarot Street
5722,Atarot/HaYozma
5723,Atarot/Mifalot
5724,HaYetzira/Atarot
5725,Atarot Airport Square
5726,HaYetsira
5727,Atarot Yerushalayim
5735,Makassed Hospital Main Entry/Rabi'a Al-Adawiya
5736,The Open University/A Tur Road
5737,Yad Asher Religious School for Girls Road
5738,A Safa 2
5740,Bet Safafa Primary School/Al-Bara'am
5742,Alar/Yanovsky
5744,Oz Police
5745,Al-Faruk/Jabel al-Mukaber Road
5746,Al-Faruk/Jabel al-Mukaber Road
5747,Bate HaSefer Junction/Abu Rabia
5748,Bate HaSefer Junction/Abu Rabia
5750,Kupat Holim/Abu Rabia
5751,Kupat Holim/Abu Rabia
5753,Abu Rabia/Barazani
5754,Qunbar/American Road
5755,American Rd.5/Hai Nashir
5756,Alnahil Square/Jericho Road
5758,Jericho Road/Horshad Gas Station
5759,Shbiba School/Jericho Road
5760,Jericho Road/Al-Sheikh
5761,Wadi Kdum 9
5762,Old Bethlehem Road/Dir al-Sana
5764,Jabal Mukabbar/Al-Taleb
5765,Ein a-Luza
5766,Ein a-Luza/Al-Kurma
5769,Sultan Suleiman Central Station/Sultan Suleiman St
5771,A-Sawih/A-Shafay
5772,A-Sawih
5773,Salah a-Din School/Old Bethlehem Road
5774,Beit Hanina Light Rail Station
5776,Abu Hamd Jazali School
5779,Umm Lisun Road B
5782,Abu Ubaidah/Al-Adal
5783,Abu Ubayda A
5784,Abu Ubayda B
5785,Salach Intersection
5786,Sheikh Sa'd A
5789,A-Sahel Light Rail Station/Abraj al-Quds
5790,A-Sahel Light Rail Station/Abraj al-Quds
5791,Shuafat Road/Al Asma'i
5792,Shuafat Center Light Rail Station/Shuafat Road
5793,Shuafat Center Light Rail Station/Shuafat Road
5794,Shuafat Road/A Shabi
5795,Shuafat Road/A Shabi
5796,Beit Hanina Light Rail Station
5797,Bait Hanina Road/A-Salah
5798,Bait Hanina Road/A-Salah
5799,Damascus Gate Terminal/Antara Ben Shadad
5800,Jama Abadin
5801,Armon HaNatziv Broadwalk A
5805,Krakshian A
5806,Checkpoint 300/Bethlehem Road
5807,Abu Ubaidah/Al-Adal
5814,Kalandia checkpoint/Road 45
5816,Asher Viner A
5818,Halufat Bet Lehem
5820,HaGiva'a HaTsarfatit Intersection/HaHagana
5821,Neve Ya'akov Boulevard/Moshe Dayan
5823,Har Homa Terminal/Eliyahu Koren
5824,Winograd/Zevin
5825,Astorre/Kfar Ivry
5827,Police Station/Har'el
5829,Yitzhak Nissim C
5830,HaMitle Passage/Paran
5831,Ma'ale HaKastel/Rishonim
5832,Palmach/Netiv HaPortsim
5833,HaNevi'im Terminal/Alight
5834,Ish Shalom/Farbstein
5836,HaBosem/Exit
5837,Sha'are Tzedek Hospital/Beyth
5838,Unruwa School/Al-Makfa
5839,Unruwa School/Al-Makfa
5840,A-Shafay/A-Shafay
5842,Shmaryahu Levin/Haviv
5843,HaHotsvim Boulevard/HaBira Lookout
5844,Sheva Ahayot/Motza HaKtana
5845,Ruach HaAdam Garden/HaBira Lookout
5846,Bethlehem Road/Yehuda
5847,Palmach/Mishlat
5850,Eliyahu Koren/HaRav Khalfon Moshe HaCohen
5851,Ben Hamo/Even Hen
5852,Police/Shmuel Meir
5853,Malha Railway Station/Yitshak Moda'i
5854,Sayeret Duchifat Light Rail Station/Moshe Dayan
5855,Neve Ya'akov Boulevard/Reuven Gamzon
5856,Matnas Giv'at Shapira
5858,Brosh/HaShalom
5861,Even Sapir/Shoham
5862,Leshem/Shoham
5863,Even Sapir/Leshem
5864,Even Sapir/Leshem
5865,Leshem/Granat
5870,Costa Rica B
5871,Shmuel Meir/Yitshak Nissim
5872,Beyth/Tussya Cohen
5877,Moshe Peled/Neve Ya'akov Blvd
5880,Avigur
5882,Science Museum/HaMuze'onim Blvd
5885,Shukanyon/Agripas
5886,Hashabat Square/Yesha'yahu
5887,Sheshet HaYamim/Midbar Sinai
5889,Hahayil/Nahage HaPerdot
5891,HaDishon/Ma'alot Eyal
5892,Ben Hamo/Bar Lavi
5894,Eliyahu Koren/Min HaHar
5895,Denmark School/Yehuda HaNassi
5897,Dung gate/Ma'ale HaShalom
5902,Eli Tavin A
5903,Eli Tavin B
5904,Eli Tavin A
5905,Sayeret Dukhifat/Hazme Barricade
5907,Afarsemon/HaMor
5908,Shimon Suisa
5909,Har'el/Yitshak Nissim
5910,HaPalmach
5911,Sorek/Shikma
5912,Terminal/Ramat Rahel
5913,Nahal Ayalon/Noam Creek
5914,Motsa Ilit 3/Ha'Alon
5915,HaBira Lookout/Kramim
5918,HaLe'om Parking/Yitshak Rabin Boulevard
5921,Pikud Center Base/David Elazar
5923,HaAyal A
5924,Meir Gershon/Yosef Nedava
5925,Rahmilevitch/Gvirtzman
5926,Beck Science Center/Hartum
5927,Shalom Hotel/Uziel
5929,Jerusalem Engineering College
5930,En Kerem/HaMa'ayan
5931,Road 395/Road 386
5932,HaMechanehet/Ha'Odem
5936,Hevron Road/Albek
5937,Hevron Road/Giv'at HaMatos
5938,Albek/Kaspi
5942,Migdal Dona/Beit Hadfus
5943,Hehalutz Light Rail Station/Farbstein
5948,HaRav Pardes/Astorre
5949,Central Station/Yafo
5950,Nof Tsiyon Terminal
5951,Bar Lev Boulevard/Zachs
5952,Pierre Koenig/Tseret
5954,Martinov/Gelrenter
5955,Commercial Center/Dulzin
5956,Sultan Sulliman/Damascus Gate
5959,Rahmilevitch/Raful Harari
5960,HaRav Pardes/HaRav Panijel
5961,Atarot/HaKorchim
5962,Atarot/HaTamrukim
5965,Mussa Peled/Amihai Paglin
5968,Shimon Suisa/Hatsav
5971,Jabotinsky/Ahad Ha'Am
5973,Karmel/Hermon
5974,Karmel/Arbel
5975,Kiryat No'ar/Zilberg
5979,Hazaz Blvd/Herzog
5980,Kikar Denya Light Rail Station/Herzl Blvd
5985,Eli HaChohen/Grosberg
5987,HaSadna/Pierre Koenig
5988,Yad Harutsim/HaTnufa
5989,Marinov A
5990,Ma'ale HaShalom/Ma'alot Ir David
5991,Sayeret Dukhifat Boulevard/Hel Ha'Avir
5992,Dov Sadan/Rachmilewitz
5994,Bar Kokhba/Hahayil
5997,Silver/Shechtman
5998,Yaffo Gate/Yafo
5999,HaLamed He/Mivtsa Kadesh
6000,Moshe Sharett/Pinhas Rosen
6003,Hehalutz Light Rail Station/Herzl Blvd
6004,Arye Dulchin/Ya'akov Zur
6005,HaRav Tsvi Yehuda/Herzl Boulevard
6007,Shukanyon/Agripas
6008,HaHar Road/Ha'Efroni Alley
6009,HaHar Road
6010,HaLe'om Parking/Yitshak Rabin Boulevard
6011,HaRo'e/Golda Meir Boulevard
6012,Malkhe Israel/HAaRav Feldman
6014,HaShalom/Mevo Parag
6019,Yasmin/Shave Tsiyon
6021,HaBosem/Kinamon Lane
6022,HaBosem
6023,Mt. HaMenuchot/Giv'at Sha'ul
6024,Rene Cassin/Shragay
6025,Rabbi Druck/Ha'Admor MiLubavitch
6028,Katznelson/Shai Agnon
6029,Sha'ulson/Mishklov
6030,Yasmin/Ela
6031,Yasmin/Narkis
6032,Youth Club/Yasmin
6033,Ha'Erez/Ha'Alon
6034,Ha'Erez/HaShaked
6035,HaBrosh/Ha'Erez
6036,Office/HaBrosh
6037,Ha'Erez/HaRimon
6038,Yasmin/Nurit
6039,Ora Halls/Yasmin
6040,Yahalom/Granat
6041,Granat
6042,Granat/Shoham
6043,Leshem/Granat
6044,Leshem/Odem
6045,Basketball Field/Shoham
6046,Granat
6047,Granat/Shoham
6048,Basketball Field/Shoham
6049,Leshem/Granat
6051,Meridor/Yoseftal
6054,Sultan Sulliman Terminal
6056,HaRav Khalfon Moshe HaCohen/Eliyahu Koren
6057,HaRav Blau/Shmu'el HaNavi
6064,Yitshak Nissim/Avigur
6066,Sheshet HaYamim
6071,HaNevi'im Terminal
6073,Misgav LaDach Hospital/Dostai
6074,Shabtai Hanegbi A
6075,HaMargalit/Shoham
6077,Safra Campus/Life Sciences Institute
6081,Dulzin/Nehemya
6083,Kramim/Afarsek
6089,Meir Gershon/Eli Tavin
6090,Hevron Road/HaOman
6092,Yohay Bin Nun
6094,Shahal/HaRav Gold
6095,Chile/Korczak
6099,Beit/Yaakov Arnon
6100,Malha Railway Station/Yitshak Moda'i
6101,Giv'at Hatachmoshet Light Rail Station
6102,Giv'at Hatachmoshet Light Rail Station
6103,Yitshak Nissim/Baum
6104,HaRav Yitshak Nissim/Shim'on Ben Hamo
6106,Petah Tikva/Zikhron Y'akov
6107,Ahlama/HaGefen
6109,Jerusalem Central Bus Station/Alight
6110,American Consulate/Kurtz
6111,Neve Shalom Intersection/Road 3
6114,Hartom
6116,Kiryat HaMada B
6117,Kiryat HaMada A
6118,Bet Ya'akov School/Ezrat Torah
6124,BS HaYovel/Dulzin
6126,Tkhelet Mordekhay/Argaman
6127,En Kerem/Herzl Boulevard
6128,Science Museum/HaMuze'onim Blvd
6129,Ben Zakai/Dostai
6130,HaBira Lookout/HaHotsvim Boulevard
6131,Giv'at Hamivtar Light Rail Station
6132,Giv'at Hamivtar Light Rail Station
6133,Prime Minister Office/Ruppin Road
6134,Agripas/Kiach
6135,Mahal
6136,Mahal
6137,Bar Kokhba/Hahayil
6138,ICC Jerusalem/HaNassi HaShishi
6140,Kubovy
6141,Kubovy
6188,Ben Ish Hay/Yosef Caro
6189,David Benvenishti Road
6190,Hazon Ish/Igrot Moshe
6191,Hazon Ish/Igrot Moshe
6195,Kafar Akeb School
6197,HaHelmonit Alley/HaHar Road
6198,HaHar Road 3
6199,Beitar Checkpoint/Road 375
6200,Road 375/Mata
6201,Road 3855/Road 375
6202,Road 3855/HaYarkon
6203,Bet Shemesh Railway Station
6204,Road 3855/Herzog
6205,Road 3855/HaYarkon
6206,Road 375/Road 3855
6207,Karmel/HaDror
6208,Korczak/Ringelblum
6209,Yehuda HaNassi/Pat Junction
6210,Nisan/Gronold
6211,Road 3855/Yigal Allon Boulevard
6212,Road 3855/Yigal Allon Boulevard
6214,Moshe Dayan Boulevard/Mazal Taleh
6215,Archeology Park/Hel Ha'Avir
6217,Agricultural Farm/Zekharya HaNavi
6218,Zekharya HaNavi/Neriya HaNavi
6219,Havakuk HaNavi/Sha'ul HaMelekh
6220,Havakuk HaNavi/David HaMelekh
6221,Yehezkel HaNavi/Havakuk HaNavi
6222,Yehezkel HaNavi/Ahiya HaShiloni
6223,Neriya HaNavi/Zekharya HaNavi
6224,Protea BaHar
6225,Cassuto
6226,Meridor/Yoseftal
6228,HaRav Khalfon Moshe HaCohen/HaRav Karshakes
6229,National Insurance
6231,Nof Tsiyon/Haim Kovarski
6232,Tsahal Square/Yafo
6233,HaRav Pardes/Livne
6235,Eliyahu Lankin/Ruti Bar'am
6236,Eliyahu Lankin/Ruti Bar'am
6238,Science Complex/Golda Meir
6243,Druck/Ha'Admor MiLubavitch
6244,Hehalutz Light Rail Station/Farbstein
6245,Yigal Allon Boulevard/HaTseva
6246,Yigal Allon Boulevard/HaTseva
6247,Eli Tavin G
6248,Shmu'el HaNavi/HaRav Blau
6249,Neriya HaNavi/Ahiya HaShiloni
6250,Ahiya HaShiloni/Neriya HaNavi
6251,Havakuk HaNavi/Nehemya
6252,Ahiya HaShiloni/Hagay HaNavi
6253,Havakuk HaNavi
6254,Havakuk HaNavi/Esther
6255,Havakuk HaNavi/Yoel HaNavi
6256,Havakuk HaNavi/Shlomo HaMelekh
6257,Kupat Holim/Havakuk HaNavi
6265,Lohme HaGeta'ot/Bar Kokhba
6266,Lohme HaGeta'ot/Bar Kokhba
6267,Ha'Oman/Bar'am
6268,Moshe Baram Junction
6269,Ben Tsvi/Ruppin
6270,Golda Meir Interchange/Golda Meir
6271,Golda/Giv'at Moshe
6272,Biblical Zoo
6273,Jerusalem College for girls/Duvdevani
6274,Haim Toren
6275,Mahane Yitzhak/Zalman Zoref
6276,Mahane Yitzhak/Zalman Zoref
6277,Mahane Yitzhak/HaRav Shalom Mashash
6278,HaRav Shalom Mashash/Mahane Yitzhak
6279,HaRav Shalom Mashash/Shaul Lieberman
6280,HaRav Shalom Mashash/Moshe Shamir
6281,Yuri Stern/Moshe Shamir
6282,Yuri Stern/Eitan Livni
6285,Truman/Ramot
6286,Shai Agnon/Katznelson
6289,Sheva Ahayot/Mevo Shezif
6290,Abu Tor Junction/Hevron Road
6293,Abu Tor Junction/Hevron Road
6294,Ya'akov Yeoshua
6295,Ya'akov Yeoshua
6296,Officer Yehiel Langer/HaRav Min HaHar
6297,HaBaba Sali/HaRav Min HaHar
6298,Officer Yehiel Langer/Zerah Warhaftig
6299,Yitshak Ben Tsvi Boulevard/Bezalel
6300,Yitshak Ben Tsvi Boulevard/Bezalel
6301,Shuafat Terminal
6302,Abu Dis University
6303,A Za'im Quarter
6304,Shuafat Terminal
6305,Abu Dis University
6307,Amiram Sivan/Ya'akov Shreibaum
9800,Sha'ulson/Katzenelbogen
9801,Dov Yosef/Shabtai HaNegbi
9805,Carl Netter/Shim'on HaTsadik
9807,Giv'at Hatahmoshet/Shragay
9808,Road 1/HaMate HaArtsi
9810,Giv'at Hatahmoshet/Shragay
9812,Hare Yehuda Boulevard/Yasmin
9813,Ha'Arava/Dafna
9814,Yad VaShem
9817,HaRozmarin/Duga
9820,Eliyahu Koren/HaRav Khalfon Moshe HaCohen
9823,Ma'ale HaShalom/Ma'alot Ir David
9825,Albek/Yanovsky
9826,A. HaNatziv Broadwalk/Dani'el Yanovski
9829,Nof Zion A
9839,A-Nawars/A-Nadi
9840,Tsfanya/Nehemya
9841,Tsfanya/Yehezkel
9855,Ramot Mall/Golda Meir
9856,Ramat Razi'el A
9857,Ramat Razi'el B
9858,Ramat Razi'el G
9859,Ramat Razi'el D
9860,HaMif'alot/HaMa'as
9861,HaMif'alot/HaMa'as
9862,Maziyah House/Ali'ash
9863,Agripas/Kiach
9864,Yud Alef Quarter A
9865,Mifalot/Otzma
9866,Mifalot/Otzma
9869,Yefe Rom/Tsviya VeYitshak
9870,Mahane Yehuda Market/Agripas
9871,Holyland/Avi Yona
9872,Shahrai/Haklai
9873,Rimonim Hotel/Shahrai
9875,Shahrai/Haklai
9876,Razi'el/Alkachil
9877,Hevron Road/HaRozmarin
9878,Shmaryahu Levin/Kiryat HaYovel
9880,Dulzin/Kolitz
9881,HaMechanehet/Baruchi
9882,Kolitz/Shulov
9883,Kolitz/Shulov
9884,Technological Garden/HaPo'el Sports Club
9885,Yitshak Moda'i/HaPo'el Sports Club
9890,Daskal/Shir LeShlomo
9891,Daskal/Shir LeShlomo
9892,Moshe Sharett/Golomb
9893,Kiryat No'ar/Zilberg
9895,Giv'at Mordehai Junction/Beyth
9897,Yefe Nof/Ha'Arazim
9898,Amiram Sivan/Nissan Harpaz
9899,Giv'at Bet HaKerem
9900,HaHaluts/HaMeyasdim
9901,HaMeyasdim
9903,Rosenthal
9904,Rosenthal
9905,Shabtai HaNegbi/Afarsemon
9906,Shabtai Hanegbi A
9907,Midreshet Nishmat/Berl Locker
9908,Berl Locker/Erst
9909,Kana'e HaGalil/Ben Ya'ir
9910,Kalfon Moshe HaCohen/Koren
9911,Betsal'el Bezek/Gershon Shaked
9914,Hotels/Wolfson
9915,HaJoint/Balfour Road
9918,Ruppin/Kaplan
9919,Bezalel/Korazin
9920,Bezalel/Nissim Behar
9921,Yad Harutsim/Po'ale Tsedek
9922,Bethlehem Road/Lloyd George
9926,Tsarfat Square/Agron
9927,Mamila/Agron
9933,Kurtz/Eliyahu Lankin
9934,Kurtz/Eliyahu Lankin
9935,HaMem Gimel/Gedera
9936,Yirmiyahu/HaTsvi
9938,Divre Hayim/Torat Hessed
9940,Divre Hayim/Ohel Yehoshua
9942,Shlomo Momo HaLevi
9944,Science Complex/HaMarpeh
9948,Silver/Shechtman
9949,Ohel Yehoshua/Minhat Yitshak
9950,Hartum/Golda Meir Boulevard
9951,Hartum/Golda Meir Boulevard
9954,Derekh Schem/Shim'on HaTsadik
9955,Rene Cassin/Shragay
9961,Hahayil/Mevo Palyam
9962,Hahayil/Abba Berdichev
9965,Rahmilevitch/Brandwein
9966,Light Rail Station/Yekutiel Adam
9968,Aluf Uzi Narkid Road/Amichai Paglin
9970,Neve Ya'akov Boulevard/HaRav Pardes
9971,Meir Yosha/Meir Gershon
9972,Yosef Nedava/Meir Gershon
9974,Tsarfat Square/Agron
9975,Dulzin/Kolitz
9976,Abel Pann/Leibowitz
9977,Abel Pann/Leibowitz
9978,Giv'at Bet HaKerem
9979,HaBaba Sali/Hama'aral Meprague
9980,HaRav Khalfon Moshe HaCohen/HaRav Karshakes
9981,Pat Junction/Yehuda HaNassi
9982,HaBaba Sali/Hama'aral Meprague
9983,Hotels/Wolfson
9986,En Kerem/Karmit Road
9987,Beitar Field/Shahrai
9988,Beitar Field/Shahrai
9989,Nof Yerushalayim Halls/Shahrai
9990,Nof Yerushalayim Halls/Shahrai
9991,Amiram Sivan/Nissan Harpaz
9992,Peretz Bernstein
9993,Uziel/Mevo Frenkel
9994,HaDishon/Ma'alot Eyal
9995,Dulzin/Yoram Ronen
9999,Aharon Katzir/Churchill Boulevard
10000,HaRimon/HaDekel
10002,Mahane Sguv/Har Berech
10003,HaTsiv'oni/HaGuyava
10004,Bat Hadar Junction
10005,Sapir College
10006,Rabbi Tarfon/Yanay
10008,Lehavim Junction/31
10011,HaRimon/HaShaked
10012,Hativa Shmone/Yohana Jabotinsky Blvd
10013,Max Nordau/Kdoshe Belzen
10015,Avigdor HaMe'iri/Hativa Shmone
10016,Shaul-Hamelech Mall/Moshe Sharet
10017,Big Center/Heil HaHandasa
10021,Yehoshua HaTsoref
10023,Road 3631/Mevo HaSadot
10024,Mevo HaSadot
10026,Ben Zakai/Ben Dosa
10027,Road 3631/Shoshana Square
10028,HaShikma/HaZayit
10030,Ashdod Central Station/Platforms
10032,Gush Katif/Morag
10033,Neve Dekalim/Kfar Darom
10034,HaShikma/Hakisufim
10035,Gush Katif/Diuna
10038,Sde Avraham Intersection
10039,Avshalom Junction
10040,Mivtahim Junction
10045,Herzl Boulevard/Hamelaha
10047,Hatserim Camp
10048,Bit'ha/Main Entry
10049,Gilat/Bit'ha
10053,David Tuviyahu Blvd/Shomron
10056,Migdale Rambam/Tuviyahu
10057,Neve Dekalim Road/Ulpana
10058,David Tuviyahu BLVD./Mota Gur
10060,Nahal Oz Intersection
10061,Sapir College/232
10063,HaBanim - Ne'ot HaDekalim Qtr
10064,Commercial Center/Menachem Begin Road
10066,Menachem Begin - Public Library
10067,Dafna/Sabag Naruch
10068,Yitshak Ben Tsvi/Eli Cohen
10069,Arara BaNegev Junction North
10070,Remez Terminal/David Remez
10072,HaAvoda/Herzl
10075,Arara BaNegev Junction South
10076,Sderot Industrial Zone
10077,Montefiore Boulevard/Rothschild Boulevard
10078,Ha'Atsma'ut/HaPardes
10079,HaRimon/HaLuz
10081,Tsahal Blvd/HaAtsma'ut Blvd
10083,HaRimon/HaGefen
10086,HaGefen/HaRimon
10088,Sami Shamoon College/Bialik
10089,Shuk/HaGefen
10090,Lakhish Boulevard/Municipal Swimming Pool
10091,Bank HaPoalim/Lachish Boulevard
10095,Yerushalayim Boulevard/Montefiore Boulevard
10096,Hutsot HaYotser/Ha'Amal
10097,Tsahal/Razi'el
10098,Rothschild Boulevard/Montefiore Boulevard
10099,Lakhish Boulevard/Gat Boulevard
10100,M.Israel/Entry
10101,Rothschild Boulevard/A.D. Gordon
10105,Yatir Junction
10108,Yitshak Rabin Boulevard/Herzl Boulevard
10109,Gordon/Rothschild
10110,Afarsek/Eshkolit
10111,Sha'ar HaNamal
10112,Ha'Avoda/HaNagar
10113,Zim Building/Tel Mor Road
10114,Zim Building/Tel Mor Road
10115,Dov Gur/Avraham Shapira
10116,Nahal Kidron/Nahal Prat
10117,Ort/Yefe Nof
10118,Afarsek/Anavim
10119,Yehuda Halevi/Bne Brit Boulevard
10120,Afarsek/Mango
10122,Star Center/Jabotinsky
10123,Altalena Blvd/Menachem Begin Boulevard
10126,HaBana'im/Ha'Orgim
10127,Avraham Shapira/Yehuda HaMaccabi
10128,Ha'Orgim/HaNassi Weizmann Blvd
10129,Afarsek/Tapuz
10130,Moshe Sne/Yerushalayim
10131,Revadim Junction
10132,Bisla - Mash'abim Camp
10133,Merhazaot Ein Gedi (spa)
10134,Mash'abim Junction
10135,Golda Meir Blvd/ Herzl Blvd
10137,Kastina Terminal-Malachi to North
10138,Kastina Terminal-Malachi to South
10139,Or HaNer - Dinning Room
10140,Lishkat HaGiyus/Afikim BaNegev
10141,Bne Re'em Intersection/Yeshiva
10142,
10143,Ha'Oman/Hutsot HaYotser
10144,Revadim Junction
10145,Achva College
10146,Kol Ya'akov School
10147,Nevatim
10148,Nevatim - Kupat Holim
10149,Pool
10150,Nevatim
10151,Nevatim
10152,Ha'Arava Junction/Road 25 Westbound
10153,Nevatim
10154,Nevatim
10155,Har Tsin/En Shahak
10156,Nahal Nitsana/Hemda Creek
10157,Nahal Nitsana/Trashim Creek
10158,Nahal Nitsana/Nahal Ayalot
10159,Har Tsin/Mt. Aarif
10160,Rami Levy
10161,Bir Hadaj Junction
10162,Natan Camp/Totseret Ha'Arets
10166,Lido Beach/Hatayelet
10167,Bir Hadaj Junction/Entry
10168,Camp 84 Giv'ati
10171,Ne'ot HaKikar Intersection/Road 90 Southbound
10173,Masada
10174,Field School
10184,Dimona Intersection
10185,Baba Sali/Shirli Retirement Home
10186,Licensing Office / Ariel Sharon Boulevard
10187,Ariel Sharon Boulevard / Yigal Alon
10188,Yigal Allon/Commercial Center
10189,Baba Sali/Ayanot
10190,Kovshe Eilat/Bet Efrayim
10191,Yigal Allon/Baba Sali
10192,Mem Dalet HaMa'apilim/Yigal Allon
10193,Yigal Allon/Mem Dalet HaMa'apilim
10194,Yigal Allon/HaSanhedrin
10195,Yigal Allon/HaSanhedrin
10196,Milrod/Yigal Allon
10197,Ben Gurion/Ben Atar School
10204,Arad Junction
10213,Nir Israel Junction/Berekhya
10214,Nir Israel Junction/Berekhya
10220,Shafir Junction/Zrah'ya
10221,Shafir Junction/Zrah'ya
10222,Avigdor/Kfar Warburg
10223,Arugot Junction/Kfar Ahim
10224,Arugot Junction
10225,Arugot Intersection
10228,Underwater Observatory/Egypt Road
10229,Be'er Ora Junction/Ramon Airport
10230,Qasr a-Sir/Huashela
10232,Umm Ratham A
10233,Yotvata Junction
10236,Grofit Junction
10237,En Ya'hav Center
10238,En Ya'hav Junction
10239,Paran Junction
10240,Paran Junction
10241,Tsukim Junction
10242,Hatseva Junction
10243,Hatseva Junction
10244,Pundak Hatseva
10247,Egypt Road/Hof HaHashmal
10249,Club Hotel/Egypt Road
10250,Club Hotel/Egypt Road
10251,Mitsrayim Road/Hal HaYam
10252,Sheshet HaYamim Blvd/Argaman Blvd
10254,Mul HaYam Mall/Egypt Road
10255,HaArava  Road/HaTmarim Blvd
10256,Yotam Road/Neviot
10257,Yotam Road/HaBaz
10258,Beit HaChayal/Hativat Hanegev
10260,Elot/Los Angeles
10261,Shahamon/Ktura
10262,Sheshet HaYamim/HaSporta'im
10265,Eilat Central Station/Alight
10266,Elot/Yerushalayim HaShlema
10267,Razin Center/Eylot
10268,HaArava  Road/Yotam
10269,HaTmarim Blvd/Shefifon
10270,Yerushalayim HaShlema/Barne'a
10271,Yerushalayim HaShlema/Paran
10272,Barne'a/Barak
10273,Barne'a/Barak
10274,Roded/Gishron
10275,Razin Center/Eylot
10276,Elot/Yerushalayim HaShlema
10277,Elot/Agmonim
10279,Roded/Arnon
10281,HaTmarim Boulevard/Roded
10282,Elot/HaTmarim Boulevard
10283,Hativat Golani Blvd/HaHorev
10284,Hativat Golani/HaMelicha
10285,Ye'elim Blvd/HaNehoshet
10286,Yealim School
10287,Hativat Golani/Ze'evim Square
10288,Hativat Golani/HaHorev
10289,Mitsrayim Road/HaDekel Beach
10290,Mitsrayim Road/Port - Southern gate
10292,Sinai/Los Angeles
10293,Paran/Yerushalayim HaShlema
10296,Shikma Prison/Tsahal
10297,Omer Interchange
10298,Grofit/Center
10299,En Ya'hav Junction
10300,Pundak En Yahav/Hatmar
10301,Sapir Junction
10302,Pundak En Yahav/Hatmar
10303,Hatseva Center
10305,Ha'Arava Junction
10306,Ne'ot HaKikar Junction/Road 90 Northbound
10307,Metsada Intersection/Road 90 Northbound
10309,Har Tsin/Mt. Aarif
10311,HaMa'pil/HaShalva
10312,HaMa'pil/Ben Gurion
10313,Arad Central Station/Platforms
10314,Mivtsa Lot/Ahva
10318,Dolphins Reef/Egypt Road
10319,Northern Port
10321,Dolphins Reef/Egypt Road
10323,Water Park
10324,Village Beach/Almog Beach
10325,Bialik/Uziel
10330,Elot Junction
10331,Michrot Timna Junction Northwards
10332,Samar Junction
10333,Samar Junction
10334,Yotvata Center
10335,Nahal Kidron/Nahal Prat
10336,Kibbutz Ktura Junction
10339,Village Beach/Egypt Road
10340,Mitsrayim Road/Camel Ranch
10343,Elot Center
10345,Nuclear Research Center
10346,Ben Gurion/Court House
10347,Ben Gurion/Court House
10349,HaShalva/Merhavim
10351,Yehuda/Central Station
10354,Ha'Atsma'ut/HaPalmach
10355,Ha'Atsma'ut/Herzel
10356,Bnei Dkalim Square Northwards
10362,Malkhe Israel/HaNassi
10365,Ha'Avoda/HaRav Kapah
10372,Rotem Junction/Oron
10373,Nuclear Research Center
10374,Tsafit Junction/Road 25
10375,Ha'Arava Junction/Road 25 Eastbound
10376,Zohar Junction
10377,Elot Junction
10378,Be'er Ora Junction/Ramon Airport
10379,Yotvata Junction
10380,Grofit Junction
10381,Kibbutz Ktura Junction
10382,Ktura Junction
10383,Ktura Junction
10384,Sapir Center Industrial Zone
10385,Sapir Center Industrial Zone
10386,Sapir Junction
10387,Tsafit Junction/Road 25 Westbound
10388,Yahel Junction
10389,Yahel Junction
10391,Road 90/Massada to the South Intersection
10392,Kibbutz En Gedi Intersection
10393,Kibbutz En Gedi Intersection
10394,En Gedi Hotel
10395,Michrot Timna Junction Southwards
10397,Dimona Intersection/Southern Exit
10400,HaMa'pil/HaShalva
10401,Baba Sali/Hamahtesh
10402,HaShalva/HaMa'pil
10403,Mem Dalet Ma'apilim/Post office
10405,Beit Pelet/Abu Quider
10408,Umm Ratham A
10409,Umm Ratam B
10411,Yeroham Junction
10414,Dimona Yeruham Junction
10420,Beit Pelet/Abu Quider
10421,Beit Pelet West
10422,Hashem Zana Intersection
10425,Massad to the West Intersection
10426,Bnei Dkalim Square Eastwards
10430,Ben Gurion Boulevard/Igael Hurvitz
10431,Kiryat Malachi Fork/Yigal Horowitz
10445,Ha'Atsma'ut Blvd/Lakhish Blvd
10446,Rotem Junction/Oron
10449,Mt.Hatsera Intersection/Road 25 Westbound
10450,Yehuda/HaSport
10451,Mt.Hatsera Intersection
10452,Mitsrayim Road/Port - Southern gate
10453,Dan Panorama hotel/Tarshish
10454,Mitsrayim Road/Hal HaYam
10455,Mor Center/Yotam Road
10456,Mul HaYam Mall
10457,Goldwater High School/Hativat HaNegev
10459,Razin Center/HaTmarim Avenue
10460,Eilat Central Station/HaTmarim Avenue
10461,Paran/Zin
10463,Mitsrayim Road/Port - Northern gate
10464,Sadeh School/Eilat Coral Beach Nature Reserve
10465,Underwater Observatory/Marine Studies Institute
10466,Eilat Central Station/Platforms
10467,Eilat Towers/Malkat Shva
10468,Malkhat Shva/Tsur
10471,Beit HaChayal/Hativat Hanegev
10473,KKL Boulevard/Ben Gurion Boulevard
10475,Gas Station
10477,Daniel Dead Sea Hotel
10478,Leonardo Plaza Hotel
10479,Neve Zohar Beit
10481,Hamei Zohar Segregated Beach Terminal
10484,Zohar Junction
10487,Hostel
10490,Mo'av/Nof
10491,Leonardo Plaza Hotel
10492,Menuha Junction
10495,Nahal David Field School
10498,Dead Sea Plants
10499,Neve Zohar Intersection
10501,Neve Zohar Intersection
10502,Begin High School/Hasportayim
10503,Begin high school/Malkat Shva
10505,Yerushalayim HaShlema/Shani
10506,Elot/Los Angeles
10507,Palace Hotel/Malkat Shva
10508,Municipal Library/Hativat HaNegev
10509,Herzl Blvd/Iris Alley
10510,Herzl/Ofakim City Hall
10511,Tsvi Bornstein/Gush Etsyon
10512,Peretz Center/Road 25
10515,HaMa'pil/Ha'Atsma'ut
10517,Ha'Atsma'ut/Hasochnut Plaza
10518,Ha'Atsma'ut/Zuckerman
10521,Shizafon Camp Junction/Road 40
10525,Tsihor Junction
10528,KKL Boulevard/Hava Creek
10530,Idan Junction
10531,Idan Center
10532,Idan Junction
10534,Eliphaz Junction Southwards
10535,Eliphaz Junction Northwards
10536,Struma/Sport Broadwalk
10537,Vardimon/Ha'Atsma'ut
10540,Vardimon/Mivtsa Brosh
10541,Yitshak Sade/Tsabar School
10542,Golda Meir Blvd/Yitshak Tabenkin
10546,Sapir Center
10547,En Ya'hav Junction
10560,Metar Junction
10561,Kramim Center
10565,Ein Bokek/Highway 90
10566,Commercial Center
10567,Lot Hotel
10568,Shizafon Junction/Road 12
10569,Shizafon Junction
10572,Shikma Junction
10573,Mahane Sguv Junction/Har Berech
10575,Camp M.P. 03420
10577,Har Uziya'u Junction
10578,Mt. Berech Intersection
10579,Netafim Passage
10580,Camp M.P. 03420
10581,Mahane Metsuda 396 Intersection
10582,Uvda Airport
10583,Self Education School
10584,Shilo School
10585,Shilo School
10586,Lotan Center
10588,Bnei Dkalim Square Southwards
10595,Shitim Junction
10596,Igael Hurvitz/Ben Gurion Boulevard
10597,Baba Sali / Ariel Sharon Boulevard
10598,Baba Sali/Nitsana
10599,Hativat HaNegev/Argaman
10600,Yoseftal Medical Center/Yotam
10601,Yotam Road/Elot
10603,Malkhe Israel Blvd/Ehud Ben Gera Alley
10605,Netafim Passage
10607,Har Uziya'u Junction
10609,Neve Zohar/Regional Council
10610,Ha'Avoda/Golomb Square
10611,Paran Center
10612,Vered/Irit
10614,Zinman High School/Aliyah
10615,Taba Border crossing
10620,Ein Gedi Pools Intersection
10621,Ein Gedi Pools Intersection
10624,Field School
10625,Oasis Hotel
10628,Uvda Camp Junction/Shaharut
10629,Tsuke Uvda Camp
10630,Tsuke Uvda Camp
10632,Ovda Camp Terminal
10633,Hayon Camp Junction/Uvda Clifs
10634,Hayon Camp Junction/Uvda Clifs
10635,Uvda Camp Junction/Shaharut
10636,Shizafon Camp Junction/Road 40
10637,Ovda Camp Terminal
10638,Shikma Junction
10639,Sayarim Camp Junction/Road 12
10640,Lehavim Junction
10642,Shizafon Camp
10643,Leonardo Club Hotel
10644,Leonardo Club Hotel
10647,Shizafon Camp Junction
10648,Golda Meir/HaMa'pil
10649,Hod HaMidbar Hotel
10650,Tzofar Center
10651,Tsofar Junction
10652,Tsofar Junction
10653,Faran Facility
10654,Har Amasa Center
10656,Tsukim Junction
10662,Ar'ara BaNegev Junction/Road 25
10664,Qasr a-Sir
10670,HaPalmach/Hativat HaNegev
10675,Hashem Zana Intersection
10680,Baba Sali/Yerushalayim
10683,Yahel/Harduf
10684,Argaman Blvd/Ukham
10687,Shani Livne
10691,Kovshe Eilat/Baba Sali
10692,Dukhifat/Snunit
10694,Herzl Blvd/David Raziel
10695,Herzl/M. Kitan
10696,Moran Hahoresh/Eucalyptus
10697,Katlav/Dafna
10699,Shezaf/Harduf Hanehalim
10700,Moran Hahoresh/Katlav
10701,
10702,HaMeyasdim/KKL
10712,Amatzia Junction
10718,Shoham/Tsur
10719,Odem/Mor
10720,Yerushalayim Boulevard/Jabotinsky
10730,Eilat Central Station/HaTmarim Avenue
10731,HaTmarim Blvd/Gan Binyamin
10740,HaOfek/Bornstein
10743,Yehuda Halevi/Rabbi Shim'on Bar Yohay
10744,Alharizi/Ibn Ezra
10745,Ibn Gvirol/Alharizi A
10746,Shalom Shabazi
10747,Alharizi/Shim'on Bar Yohay
10748,Orchidea Hotel/Mitsrayim Road
10749,Mitsrayim Road/Field School
10759,Grofit/Gate
10766,Asher Sankar/HaHadarim
10769,Alsalam/Elnur
10772,Hahashmona'im/HaLevi'em
10773,Hahashmona'im/HaMidyanim
10774,HaNevatim/Bne Israel
10775,HaNevatim/HaMaccabim
10776,Sheshet HaYamim/Ha'Agas
10779,Tsahal Blvd/Ole HaGardom
10785,Hahashmona'im/Ha'Amonim
10790,Shitim Junction
10791,Tsihor Junction
10792,Menuha Junction
10793,Rafa'el/Shdema
10794,Refael South
10795,Refael East
10796,Faran Facility
10798,Dead Sea Plants
10799,Rafa'el/Shdema
10802,Tarshish/Caesar Hotel
10803,Sayarim Camp Junction/Road 12
10804,Uvda Airport Junction
10807,Refael South
10813,Metzuda Camp Terminal
10820,Mahane Michlol Yotam
10821,Mahane Michlol Yotam
10823,Hativat Golani/HaSatat
10824,Big Center/HaSetet
10826,Pundak Hatseva
10827,Yig'al Horowitz/HaRav MiLubavitch
10828,Gat Blvd/Golani
10833,Vardimon Boulevard/Yitzhak Sadeh
10836,Herzl/Jabotinsky
10837,Herzl Boulevard/Gibore Israel
10839,Blind Club
10842,Tlalim School/HaKana'im
10846,Be'er Sheva-North Railway Station
10848,Dimona Railway Station
10849,Dimona Railway Station
10856,HaRav Gershonowitz/Hel Avir
10857,Hesed veMishpat/Rambam
10861,Tzrif HaRishonim
10862,Merhavim/HaRav Haim Pinto
10863,Eged Terminal/Peretz Center Mall
10870,Dan Hotel
10871,Royal Beach hotel/Malkat Shva
10874,Hamelaha/Country Club
10877,Ma'on/Tapu'ah
10881,Topaz Square
10886,Hamamot
10887,Quarter 18
10888,Quarter 18
10889,Quarter 18
10890,Quarter 18
10891,Quarter 18
10892,Quarter 18
10893,An-Najah High School
10894,An-Najah High School
10895,Khamis School
10896,Khamis School
10897,Quarter 17
10898,A Salam School A
10899,Aka/Tverya
10900,Salah a Din School
10901,Quarter 34
10902,Quarter 17
10903,Al Azi Comprehensive High School
10904,Social services branch/Alsalam
10905,Quarter 34
10906,Kindergarten/Yitshak Rabin
10907,Quarter 22
10908,Shoval Junction
10909,Al Taqwa Mosque
10910,Quarter 21
10911,Al Taqwa Mosque
10912,Pais Youth Club
10913,Quarter 21
10914,Quarter 21
10915,Quarter 21
10916,Football Field
10917,Gur Yeshiva/HaRav Ovadya Yosef
10918,Gur Yeshiva/HaRav Ovadya Yosef
10920,Peretz Smolenskin/Broides
10922,Quarter 31
10923,Quarter 31
10924,Quarter 27
10925,Feingenbaum - Commercial Center
10926,Efrayim Luzon/Kdoshe Saloniki
10927,Quarter 31
10928,Hataftefet Square/Derech Joe Yosef Alon
10929,Pais Center
10930,Sheba/Olitzki
10932,Moshe Vilenski/Dan Patenkin
10933,Commercial Center/Hageonim
10934,Moshe Vilenski/Binyamin Mazar
10935,Lotan Junction
10936,Golda Meir/Serlin
10940,Terminal
10941,Golda Meir/Moshe Sharett
10942,Quarter 29
10943,Komemiyut Junction
10944,Gat Boulevard/HaTsiporen
10945,Mekor Haim/Yehoshua Yevin
10948,Shomron/Bet She'an
10949,Rosenblum/Ravnitski
10950,Afek
10952,Rodenski/Pinkerfield
10953,Sheshet HaYamim/Dakar
10954,En Gedi
10955,Golda Meir/Ruppin
10956,Sha'ul HaMelekh Mall
10958,Sha'ul HaMelekh Mall
10960,Alkharam/Ibn Tanbal
10962,Joe Yosef Alon Road/Naftali Herz Imber Boulevard
10964,Rager High School/Naftali Herz Imber BLVD
10965,Rager High School/Hanasi Herzog
10966,Hannah Rovina/Elisheva
10967,Efraim Laron/Efroni
10968,Neve Midbar School/Aba Ahimeir
10969,Rager High School/Hanasi Herzog
10972,Golda Meir Boulevard/HaRav Herzog
10974,Shmu'el Rodenski/Yehoshua Bertonov
10975,Johana Jabotinsky BLVD/Kadish Silman
10976,Johana Jabotinsky BLVD/Naftali Herz Imber BLVD
10977,Netivei Am High School/Yerushalayim BLVD
10979,Alfasi/HaRav Kook Plaza
10980,Alfasi/HaRav Kook Plaza
10981,Moshe Dayan/Berdyczewski
10983,Moshe Dayan/Stein
10984,Netivei Am High School/Yerushalayim BLVD
10986,HaTsvi/Gilboa
10987,HaTsvi/Koifman
10988,Alfasi/Derech Metsada
10989,Australian Soldier Park/Aba Ahimeir
10990,Australian Soldier Park/Aba Ahimeir
10992,Neve Ze'ev Commercial Center/Johana Jabotinsky BLV
10993,Bet El/Megido
10994,Paul Ben Khayim  /Ya'akov Hazma
10997,Moshe Dayan/David Elazar
10999,Neve Shalom School/Ya'acov Fichman
11000,Sha'ul HaMelech/Mivtsa Ovda
11001,Ashdod Central Station/Platforms
11002,Keren Hayessod/HaRav Sha'uli
11003,Haim Moshe Shapira/HaHovlim
11004,Rogozin/Yitshak HaNassi
11005,Quarter A Commercial Center/Shave Tsiyon
11006,Shave Tsiyon/Herzl
11007,Kibbutz Galuyot/Shave Tsiyon
11008,Kibbutz Galuyot/Yitshak HaNassi
11009,Yitshak HaNassi/Retirement Home
11010,Bne Brit Boulevard/Yitshak HaNassi
11011,Bne Brit/HaPalmah
11012,Bne Brit Blvd/HaNehoshet
11013,Bne Brit/HaBosem
11014,Moshe Hovav/Ya'akov Hazma
11015,Yerushalayim Blvd/Herzl Blvd
11016,Yerushalayim Blvd/HaTkuma
11017,Yerushalayim Blvd/Bne Brit
11018,Yerushalayim Boulevard/HaPrahim
11019,Yerushalayim Blvd/Altalena
11020,Yerushalayim Blvd/Rabenu Gershom
11021,Yerushalayim Boulevard/Moshe Sne Boulevard
11022,Ad Halom Monument/Moshe Sne Boulevard
11023,Menahem Begin Blvd/Moshe Sne Blvd
11024,Lotan Junction
11025,Oved Ben Ami Boulevard/Herzl Boulevard
11026,Nahal Sorek/Litani Creek
11027,Kineret/Nahal Kidron
11028,Kineret/Nahal Na'aman
11029,Kineret/Golan Mountains
11030,Kineret/Har Canaan
11031,Kinneret/Nahal Yarmukh
11032,Kinneret/Har Hermon
11033,Kineret/Yarkon Creek
11034,Yarkon Creek/Mt. Metzada
11035,Moshe Dayan Boulevard/Oved Ben Ami Boulevard
11036,Tel Hai/Bareket
11037,Tel Hai Boulevard/Sapir
11038,Railway Station Ad Halom Terminal/Boarding
11039,Abba Ahimeir/David Wolfson
11040,Abba Ahimeir/Rothschild Boulevard
11041,Yehoshua Hankin/Nahman Sirkin
11042,Menachem Ussishkin/Yehoshua Hankin
11043,Yotam HaMelekh/David HaMelekh
11044,David HaMelekh/Sha'ul HaMelekh
11045,Shlomo HaMelekh/Hizkiyah HaMelekh
11046,Shlomo HaMelekh/Ya'akov Hazan Park
11047,Shlomo HaMelekh/Retamim School
11048,David HaMelekh/Oved Ben Ami Boulevard
11049,HaMeyasdim/HaNevi'im
11050,K.K.L./HaMeyasdim
11051,HaPrahim Boulevard/Hakalanit
11052,HaPrahim Blvd/HaRotem
11053,Milman/Dov Gur
11054,Shlomo Ben Yosef/Dov Gur
11055,Shlomo Ben Yosef/Yehuda HaMaccabi
11056,Ha'Admor MiPittsburgh Boulevard/Hefets Hayim
11057,Hannah Szenes/Mivtsa Horev
11058,Gush Etzion/HaHagana
11059,HaPalmah Blvd/Hativat Giv'ati
11060,HaPalmach Boulevard/Hativat Carmeli
11061,Avigdor HaMe'iri/Shalom Ash
11062,Mordekhay Maklef/Zilberg
11063,HaTsvi/Shay Ag'non
11064,Ha'Aliya/Yehude Surya
11065,Shai Agnon/Burla
11068,Ya'akov Dori/Alexandroni Plaza
11069,Hativa Shmone/Gole Kenya
11070,Kaye College/Mordekhai Makleff
11071,Kaye College/Mordekhai Makleff
11072,Bet Ha'Hayal/Yerushalayim BLVD
11073,Atad/Tsiv'oni
11074,Tsviya VeYitshak/Glezman
11075,HaTsanhanim BLVD/Glazman
11076,Ha'Aliya/Moledet
11077,Ha'Aliya/Moledet
11080,Kaye College/Mordekhai Makleff
11082,Atad/Tsiv'oni
11083,Ye'elim BLVD /Ha'Aliya
11084,Mekif Hey School/Derech Shimshon
11086,Ha'Aliya  /Yetsi'at Eropa
11089,Bnot Hail School/Ya'acov Dori
11091,Mekif Gimel high School/Derech Metsada
11092,Marvad Haksamim
11093,Marvad Haksamim
11094,Atad/Karkum
11095,Mekif Amit School/Mordekhai Makleff
11096,Yehuda Halevi/Sanhedrin
11097,Moriya/Warburg
11098,Moriya/Warburg
11100,Derech HaMeshahrerim/Derech Shimshon
11101,Metsada/Bnei Or
11102,Kfar HaDarom/Herzl
11103,Carasso Science Park/Ha'atsmaut
11104,Sha'ul HaMelech/Mordekhai Makleff
11106,Samson Tennis Center/Yehuda Halevi
11107,Samson Tennis Center/Yehuda Halevi
11108,Yehuda Halevi/Derech Metsada
11109,Yehuda Halevi/Derech Metsada
11110,Hayim Nahman Bialik/Moriya
11112,HaTalmud/HaZohar
11113,Hanegev Museum/Ha'atsmaut
11114,Mekif Hey School/Yehuda Halevi
11116,Bialik/Basel
11117,Mitzpe School/Yehuda Halevi
11118,Shezaf/Shita
11119,Herzl/Ya'ir Avraham Stern
11120,HaHaluts/Hadassa
11122,Einstein/Mendelson
11125,Atad/Shita
11126,HaHaluts/Ya'ir Avraham Stern
11127,HaFikusim Road/HaMeyasdim
11128,Tel Hai Road/Grocery store
11129,Beit Ha'am
11130,Ha'Atsma'ut/Trumpeldor Yosef
11131,Shitta/Shezaf
11132,Metzada Road/Hazal
11133,Derech Metsada/Rabbi Tarfon
11135,Ha'Atsma'ut/Trumpeldor Yosef
11136,Merkaz Hen/Haim Nachman Bialik
11138,Neve Mivtah Junction
11139,Bitzron A
11140,Ha'Olim/3922
11143,Bir Hadaj Junction
11145,Weizmann – Magen David Adom
11146,Hen Center/Eli'ezer Ben Yehuda
11147,Tsabar/Avivit
11149,Gilat Center/Avraham Avinu
11150,Gilat Center/Avraham Avinu
11152,Ad-Halom Junction/Road 4
11153,Sde Uziyahu Junction/Road 4
11154,Emunim Intersection
11155,Bet Ezra Junction
11156,Avraham Avinu/Shprinzak
11157,Eshkholot Junction
11158,Sanhedrin/HaRav Maimon
11160,Menachem Begin Avenue/Ashkelon Junction
11161,Abba Hillel Silver Junction/South Bound
11162,Berekhya Junction
11163,Ashkelon Junction
11164,Hutsot Mall/Ben Gurion
11165,Ashkelon Junction/Menachem Begin Avenue South
11166,Ariel Sharon/Arik Einstein
11167,Tsabar/Yasmin
11168,Kastina-Malachi Termianl/dropoff and Eilat
11169,Ha'avot Square/Avra'am Avinu
11171,Sanhedrin/Giyora Yoseftal
11172,Tchernichovsky
11173,Urban Market/Bet Eshel
11175,Shim'oni/Ben Yehuda
11176,Urban Market/Bet Eshel
11177,HaKeneset/Giyora Yoseftal
11179,Emunim Junction
11180,Bet Ezra Intersection/Road 3713
11181,HaShaked/HaZayit
11182,Grocery store
11183,Ha'Ela/HaTamar
11184,HaShaked/HaTe'ena
11185,HaShaked/HaZayit
11187,Club/HaShahaf
11188,Tennis Court/HaShahaf
11189,HaDekel/HaShaked
11190,Kfar HaRif A
11192,Grocery store/HaDekel
11193,HaDekel/HaTe'ena
11194,She Uziyahu B
11196,Sde Uziyahu/Migdal Hamayim
11197,Soroka Medical Center/Metsada Road
11198,Performing Arts Center/Derech Hameshahrerim
11199,Synagogue
11200,HaRishonim
11201,HaMeyasdim/3703
11202,HaMeyasdim
11203,Cinema City/David Hakham Blvd
11204,HaAl/Rotem
11205,Harhava B/HaZayit
11207,Monument
11208,Synagogue
11210,Merhavya/Cemetery
11212,HeArim HaTe'omot Blvd/Roberto Baki
11213,HaIlan/HaHaruv
11214,Ringelblum/Ya'avets
11215,Ringelblum/Bernfeld
11216,HaHita/Moshe Zandani
11217,Community Center
11219,Menachem Begin/Sha'ar Ha'Ir
11221,Natan Camp
11225,Ringelblum/Bernfeld
11226,Ringelblum/Binyamin MiTudela
11227,Mekif Alef High School/Derech Hashalom
11228,Eliezer & Tsila Margolin/Tsvi Taub
11229,Levi Eshkol Blvd/Professor Yosef Stern
11230,Gimel Medical Center/Henrietta Szold
11231,Levi Eshkol BLVD/Montreal Square
11233,HaShalom Road/Yad VaShem
11234,Bet No'am/Shazar
11236,Neta'im School/Wingate
11237,Merkaz Gal/Hamada
11241,HaPo'alim/HaDagan
11242,HaMada/Noifeld
11243,HaMada/Noifeld
11245,Dganya School/Hama'apilim
11246,Hama'apilim/Ole HaGardom
11248,"""Ilan"" Rehabilitation Center/Hamada"
11249,Wingate/Gush Etsyon
11252,HaBarzel/HaHoresh
11253,Dganya School/Jabotinsky
11254,Wingate/Hannah Szenes
11255,HaBarzel/HaKotser
11256,Derech HaShalom/Gush Etsyon
11258,HaShalom Road/Wingate
11259,Derech HaShalom/HaNadiv
11262,Har Ramon/Har Tavor
11263,HaGanan/HaBarzel
11269,Bne Brit Blvd/Yitshak HaNassi
11270,Bne Brit/Yehuda Halevi
11271,Bne Brit/Yehuda Halevi
11273,Ha'Orgim/Yehoshua HaTsoref
11274,Eliyahu Nawi/David Ben Gurion BLVD
11277,Kfar Menahem Intersection
11278,Gal'on/Center
11279,Gefen Intersection
11280,Bet Nir Intersection
11281,Mishmar/Shoham
11282,Odem/Sapir
11283,Odem/Mishmar
11285,Petra Mall
11286,HaShalva/Mishol HaZamir
11287,Beit Pelet/Al-A'sam
11289,Ha'Atsma'ut/Shloshet Bne En Harod
11290,City Market/Derech Hevron
11292,Derech Metsada/Yehuda Halevi
11293,Amal School/Bialik
11294,Tec. College/Derech HaMeshahrerim
11296,Etgar College/Derech Hameshahrerim
11297,Harishonim Park/Yitzhack Rager
11298,Refael East
11300,Central Station/Urban Lines to South
11301,HaHaluts/Gershon Dubenboim
11302,HaShnayim Intersection
11303,Beit Ha'istadrut/Ben Gurion
11304,Ben Gurion/Ne'ot Ashkelon
11305,Irit/Sayfan
11306,Odem/Tarshish
11307,Shoham/Tarshish
11308,Tsiv'oni
11310,Ben Ya'ir/Yerushalayim
11311,Ort High School/Ben Ya'ir
11312,Hativat Yiftah/Gdud 53
11313,HaDekel/HaShaked
11316,Topaz Square
11318,Menachem Begin Boulevard/Ibn Ezra
11319,Anne Frank/Menachem Begin Boulevard
11321,Eli Cohen/Iyar
11322,Eli Cohen/Pki'in
11323,Ashkelon Academic College
11324,Merhavim/HaBa'al Shem Tov
11325,Ibn Ezra/Shalom Shabazi
11328,Ahim Junction
11332,Dimona Central Bus Station
11333,Baba Sali/Kovshe Eilat
11336,Hodiya Junction
11340,Leonardo Plaza hotel/Ceasar
11341,Merhazaot Ein Gedi
11342,Emergency Soroka/Yitzhack Rager
11343,HaGiv'a
11344,Ahim Junction
11345,Kuseife Abu Rabya
11346,Kuseife Interchange
11347,Kama Intersection East
11348,HaRav Eliyahu Katz BLVD./HaTsanhanim BLVD
11350,10297
11351,Refreshing Station/Dvira Junction
11352,Ksaifa Junction/Road 80
11353,Ksaifa Junction/Road 80
11354,Ofakim Train Station/Platforms
11355,Ofakim Train StationAlight
11356,Hefets Hayim/Shabazi
11357,HaTsiv'oni/HaRotem
11358,HaRotem/Hahartsit
11359,Rashbi/HaRav Levin Boulevard
11360,Ariel Sharon/Hayim Nahman Bialik
11361,Rashbi/Rabi Tarfon
11362,Rabbi Yehuda HaNasi/Rav Ashi
11363,Rabbi Yehuda HaNasi/Shamay
11364,Rabbi Shimon Ben Shetach/Rabbi Yohanan Ben Zakay
11365,Yitshak HaNassi/HaRav Levin
11367,Hativat HaNegev/Hannah Szenes
11368,Hativat HaNegev/Shu'ale Shim'on
11369,Hativat HaNegev/Hativat Yiftah
11370,Amiassaf School
11371,Herzl/Yigal Allon
11372,Ahava School/Bar Lev Road
11373,Bar Lev Road/Appleman High School
11374,Bar Lev Road/Appleman High School
11376,Hayon Camp Junction/Uvda Clifs
11377,Shizafon Junction/Road 40
11378,Shizafon Camp
11379,Tsihor Junction/Road 13
11380,Paran Junction
11381,K.K.L. Blvd/Tslile HaMidbar Road
11382,HaRav Elnekave/Rambam
11383,Ben Gurion St
11385,Meron/Har Pe'er
11387,Etan Entry
11388,Tel Hai Road/HaNarkisim Road
11389,Shalva/Exit
11391,Netiv Ha'Afarsek/Shvil HaHalav
11392,HaGefen/HaSe'ora
11393,Zrah'ya/Center
11394,HaGefen/HaTe'ena
11395,Shafir/Center
11396,Masu'ot Yitshak/Entry
11397,Adorayim/HaKomemiyut
11398,Adorayim/Oron
11399,Hayim Nahman Bialik/Ariel Sharon
11400,Nir Akiva Office
11401,Clinic/Barkan
11402,Mabu'im School
11403,Harhava/Eshbol
11407,HaKotser Boulevard/Morad HaNahal
11408,Mevo HaSadot/HaHoresh Boulevard
11409,HaGefen/HaRimon
11410,Yerushalayim/HaTayasim Road
11411,Yerushalayim/Kiryat Sefer
11412,Tse'elon/HaNevi'im Road
11413,Sde Uziyahu/Football Field
11414,Tse'elon/Eshel
11415,Duvdevan/Tse'elon
11416,Duvdevan/Tse'elon
11417,Duvdevan/Uzrad
11418,Duvdevan/Klil HaHoresh
11419,Adar/Kokhav HaShahar
11420,Kokhav HaTsafon/Shevet
11421,Oved Ben Ami Boulevard/Kokhav HaTsafon
11422,Yerushalayim Blvd/Moshe Dayan Blvd
11424,Gandi Beach/Mafkura
11425,Exodus/Lili
11426,HaMifrasiyot Square/Exodus
11427,Klil HaHoresh
11428,Klil HaHoresh
11429,HaNevi'im Road/Se'ora
11430,HaNevi'im Road/Se'ora
11431,Bayit VeGan Road/Herzl Boulevard
11433,Herzl Boulevard Matnas
11434,HaHida/Ha'Odem
11435,HaHida/David Buzaglo
11436,David Buzaglo/HaHida
11437,BIG Center/Yahadut Drom Africa Boulevard
11438,Bit'ha B
11439,Kupat Holim Clalit Zrah'ya
11440,Neve Dekalim/Rafiah Yam
11441,Neve Dekalim
11442,Neve Dekalim
11443,Or HaHayim
11444,HaKfar Road/Shdema Road
11445,HaBracha/HaShefa
11447,HaPardes/HaShezif
11448,Helets A
11449,Rest Stop/Tzukim Junction
11450,Bet HaGadi G
11451,Bet HaGadi Office
11452,Sports Field/Giv'olim
11453,Club/Giv'olim
11454,Giv'olim
11455,Sports Field/Ma'agalim
11456,Kupat Holim Clalit/Ma'agalim
11457,Ma'agalim
11458,Ma'agalim
11459,HaKfar Road/HaGay Road
11461,Melilot
11462,Sports Field/Melilot
11464,Sharsheret Entry
11465,Sharsheret Club
11466,Sharsheret
11467,Shibolim Entry
11469,Shibolim
11470,Shibolim A
11471,Shibolim A
11472,Shuva Entry
11473,Shuva Exit
11474,Shuva
11475,Shuva
11476,Kupat Holim Clalit/Tekuma
11477,Tekuma Exit
11478,Center/Yoshivya
11479,Yoshivya Exit
11480,Yoshivya
11481,Zimrat Entry
11482,Sports Hall/Zimrat
11483,Sports Hall/Zimrat
11484,Grocery store/Zimrat
11485,Office/Zimrat
11486,Zeru'a Entry
11487,Zeru'a Exit
11488,Mikvah/Zeru'a
11489,Kupat Holim Clalit/Zeru'a
11490,Commercial Center
11492,HaRishonim Boulevard/HaSadot Road
11493,HaRishonim Road/HaKormim Boulevard
11494,HaMeyasdim Boulevard/HaKormim Boulevard
11495,Yakhini B
11496,Yakhini A
11497,Yehoshua Bin Nun/Ma'apilim
11498,HaNehalim/HaShikma Lane
11499,Brussels/Rome
11500,Ha'Aliya/Magen David
11501,Ariel Sharon/Yehoshua Azulay
11502,Brosh/Harhava B
11503,Brosh Grocery Store
11504,Brosh Center
11505,Tidhar Harhava
11506,Tidhar Entry
11507,Idan HaNegev Industrial Park Entry
11510,Hatserim Office
11511,HaMeyasdim Boulevard/HaSadot Road
11512,Bne Dekalim/Kissufim
11513,Promenade/El HaYam Alley
11514,Sha'ar HaNamal
11515,Hayim Moshe Shapira
11516,Menachem Begin Boulevard/Moshe Dayan Boulevard
11517,Menachem Begin Boulevard/HaGdud Ha'Ivri
11518,Central Station/Menahem Begin Blvd
11519,Oved Ben Ami Boulevard/Bne Brit Boulevard
11520,Sha'ul HaMelekh/Shlomo HaMelekh
11521,Bne Brit Boulevard/Yitshak Rabin Boulevard
11522,Bne Brit/Agas
11523,Herzl Boulevard / Ariel Sharon Boulevard
11524,Shahar
11525,Shahar Office
11526,Nir Hen G
11527,Natan Elbaz/Shlomo Epstein
11528,Tlamim/Entry
11529,Otsem A
11530,HaRishonim/Vered
11531,Jabotinsky/HaRambam
11532,Keren HaYesod/HaShaked
11533,Nathan Elbaz/Zion Yeshiva
11534,Nathan Elbaz/Yitshak Ben Tsvi
11535,Mevo Mersham
11536,Gush Katif
11537,HaMa'apilim/Ha'Aliya
11538,Paris/Oslo
11539,Sara Alley/Moshe Rabenu
11540,Ha'Aliya/Magen David
11541,David HaMelekh/Assa
11542,David HaMelekh/Malkhe Israel Boulevard
11543,Kiryat Sefer/Amos
11544,HaRav Moshe Khalfon HaCohen/Eli Cohen
11545,Neve Dekalim/Katif
11546,Ahat Esre Hanekudot/Yerushalayim
11547,Yerushalayim Boulevard/HaRav Zaban
11548,Yerushalayim Boulevard/HaRav Zaban
11549,Yerushalayim Boulevard/HaRav Hazani
11550,Yerushalayim Boulevard/HaRav Hazani
11551,HaRav Hazani/Yerushalayim Boulevard
11553,Gane Tal/Neve Dekalim
11554,Gane Tal/Square
11555,Zabarga
11556,Zabarga
11557,Shahar A
11558,Shahar B
11559,Shahar G
11560,Shahar D
11561,Nehora/Entry
11562,Nehora/Exit
11563,Altalena/Menachem Begin
11564,HaRav Yosef Mashash/Nes Tsiyona
11565,Rishon LeTsiyon Blvd/Yesud HaMa'ala
11566,Rishon LeTsiyon Blvd/Shfeyah
11568,Rashi/Or Hayim
11569,Rashi Blvd/Rabenu Tam
11570,HaRav Yosef Mashash/HaRav Kalisher
11571,Hakalanit/HaNurit
11572,Aderet/Gat
11573,Tirosh/Aderet
11574,Tirosh/Gefen
11575,Tirosh/Eskhol
11576,Eskhol/Kerem
11577,Kerem/Gefen
11578,Kerem/Gat
11579,HaMagal
11580,HaMeyasdim/HaBanim
11581,Menuha/Exit
11582,Menuha/Entry
11583,Jabontinsky/HaVatikim Road
11584,Eshbol/Center
11585,Shezaf/Shikma
11586,Natran/Ashlegan
11587,Peretz Smolenskin/Drujanow
11588,Motta Gur/Rivka
11589,Etzel/David Elazar
11592,Mordekhay Maklef/Ya'akov Dori
11593,HaGe'onim/Moshe Vilenski
11594,Old Cemetery/Yiga'el Yadin BLVD
11596,HaHagana/Yirmiyahu
11597,Haruv/Tsahal Boulevard
11599,Yossef Sharshevski/Dov Barne'a
11600,Merkaz Gal/Hamada
11601,Railway Station/David Ben Gurion Boulevard
11602,Railway Station/David Ben Gurion Boulevard
11603,HaPo'alim/Hakh'sharat HaYeshuv
11605,Ispro Planet/Eilat Road
11607,Ha'Andarta/Dr Eldad Scheib
11608,Natan Camp/Totseret Ha'Arets
11609,Emek Yezre'el Boulevard/Yitshak Rabin Boulevard
11610,Emek Yezre'el Boulevard/Bik'at Rimon
11611,En Ovdat/Emek Yezre'el Boulevard
11612,Dekel/Exit
11613,Ha'Agas/HaRimon
11614,Ha'Agas/HaTapu'ah
11615,Shhoret Industrial Zone/Road 90
11616,Rabin Border Crossing/Road 90
11617,Emek Yezre'el Boulevard/Yitshak Rabin Boulevard
11618,Emek Yezre'el Boulevard/Mapal HaTanur
11619,Bik'at Rimon/Emek Yezre'el Boulevard
11620,Emek Yezre'el Boulevard/En Ovdat
11621,Terner Stadium
11622,Aharon Haiby/Kfar Darom
11623,Rachel Leifer Miler/Aharon Haiby
11624,Talmud Torah Atsmona/Shomriya
11625,HaTayasim Road/HaNevi'im Road
11626,358
11627,358
11628,Al-Mutanabi School
11629,Municipal Warehouse
11630,Quarter 29 West
11631,Matnas
11632,Matnas
11633,Hafez Ibrahim
11634,Tawfik Zayyad
11635,Compound 4 East
11636,North West
11637,Public Garden
11638,Public Garden
11639,Compound 4 South
11640,Compound 3 West
11641,Bagdad
11642,Bagdad
11643,Al-Majdal/Baghdad
11644,Al-Majdal South
11645,Compound 8 West
11646,Compound 3 East
11647,A-Siab
11648,Hafez Ibrahim
11649,Sports Hall
11650,Compound 3 Center
11651,Compound 3 Center
11655,Bad'ad/Al-Shu'ara
11656,Bad'ad/Al-Shu'ara
11657,Compound 5 North West
11658,Compound 5 Center
11659,Compound 5 Center
11661,School/Quarter 29 North
11662,Wupertahl Square/Ha'arim Hateomot BLVD
11663,Ktzi'ot Prison
11664,Yitshak Ben Tsvi/Ashkelon College
11665,Hatin/Ibn Khaldun
11666,Hitin/Salah a Din
11667,Hitin/A-Shalala
11668,Ibn Ta'imia/Mosque
11669,Ibn Ta'imia/A-Rikh'an
11670,Hamza/Abu Bakr a-Sadik
11671,Hamza/Harun Al-Rashid
11672,Hamza/Harun Al-Rashid
11673,Hura Local Council
11674,Ibn Ta'imia/A-Rikh'an
11675,Ibn Ta'imia/Mosque
11676,Hitin/A-Shalala
11677,Hitin/Salah a Din
11678,Hatin/Ibn Khaldun
11679,Asaf Simhoni/Hadassa
11680,Ha'Andarta/Prof Avraham Amir
11681,Religious Beach
11682,Ela/Yo'el
11683,Telma Factory
11684,Telma Factory
11685,HaTa'asiya/Mekhona
11686,Bet HaSho'eva/David Remez
11687,Road 241
11688,Road 241
11689,Road 2414/Road 241
11690,HaTayasim Road/Yerushalayim
11691,Water Reservoir/Ariel Sharon
11692,Ariel Sharon/Yerushalayim Boulevard
11693,Bialik/Yitzhak Shamir
11694,Yitzhak Shamir/Bialik
11695,Yitzhak Shamir/Ariel Sharon
11697,Yitzhak Shamir/Ariel Sharon
11703,Or LeZion/HaRav Mazuz
11704,Or LeZion/Kehilot Yaakov
11706,HaDror Road/HaZamir Blvd
11707,HaDror Road/Tmiron
11708,Kannot Youth Village
11709,Revadim/Exit
11711,Merkaz Hen/Bialik
11713,Yatir Junction
11714,Soroka ER/Bialik
11715,No'am/Entry
11716,No'am/HaHaroshet Road
11717,No'am/3403
11718,Nirim
11719,Nir Oz Center
11720,HaZayit/HaVered
11721,Yesha Center
11722,Sheshet HaYamim/Yotam Road
11723,Kissufim/Gate
11724,Ami'oz B
11725,Mivtahim B
11726,Ohad
11727,Talme Eliyahu B
11728,Dekel/Entry
11729,Yakhini Gimel
11730,Golda Meir/Eliyahu Moyal
11731,HaTsanhanim Blvd/Enzo Sereni
11732,Havatselet HaNegev/Ha'AL
11733,HaTamar/HaGefen
11734,Hatserim Food Base
11735,Gas Base/Joe Yosef Alon Rd
11736,Kfar Menahem - Harhava
11737,Yits'hak Rager/HaRav Sussu HaCohen
11738,Giyora Yoseftal/HaKeneset
11739,Ko'ah Ashalim West/Road 211
11740,Ko'ah Ashalim West/Road 211
11741,Bet HaLohem
11742,Rabin Border Crossing/Road 90
11743,Ba'ale HaTossafot/HaTalmud
11744,Ba'ale HaTossafot/HaTalmud
11746,Sokolov/Basel
11747,Rambam
11748,Smilanski/HaHagana
11749,Ramot Terminal
11750,Taleb Mosque
11751,School B 2
11752,School B 2
11753,Quarter 2
11754,Quarter 1/Kupat Holim
11755,Quarter 1/Kupat Holim
11756,Quarter 1/Local Council
11757,Quarter 1/Local Council
11758,Quarter 1/Quarter 3
11759,Quarter 1/Quarter 3
11760,AlSalam School
11761,AlSalam School
11762,Tomashin High School
11763,Ar'ara Industrial Zone
11764,Quarter 5/Kupat Holim
11765,Quarter 5/Kupat Holim
11766,AlSalam Mosque
11767,AlSalam Mosque
11768,Quarter 4 A
11769,Quarter 4 A
11770,Quarter 6
11771,Quarter 6
11772,Amal El Nur High School
11773,Amal El Nur High School
11774,Amal El Nur High School
11775,Yerushalayim Blvd/Tel Lakhish
11776,Quarter 8
11779,Ari'e Ozer/Yits'hak Ben Zvi
11780,HaHaroshet Road/Israel Pollak Blvd
11781,Amram Ben Diyuan/HaHida
11782,Hakhsharat HaYeshuv/HaBonim
11783,Hakhsharat HaYeshuv/HaBonim
11784,HaAmal/Ha'Ofe
11785,HaAmal/HaMeshakem
11786,Rami Levi/Napah
11787,Wuppertal Square
11788,Har HaBoker Mall
11789,Y.Yavin/Joe Alon
11790,Johana Jabotinsky BLVD/Hativa Shmone
11791,Uvda/Shaul Meleh
11792,Big Kastina Center
11793,Kama Interchange East
11794,David Remez/HaPalmach
11795,R.Eitan/A.Tagar
11796,R.Ze'evi/R.Eitan
11797,R.Ze'evi/Buzaglo
11798,Afridar Ctr/Zevi
11799,R.Ze'evi/Yas'ur
11800,HaYa'in Road/HaGat Ascent
11801,Dlila Beach/Yefe Nof
11802,Separate Beach/Ben Gurion Avenue
11803,Stadium/Ben Zvi
11804,Tsfanya/Nisan
11805,Nisan/Tsfanya
11806,Nisan/Tevet
11807,Nisan/Sivan
11808,Hemdat HaDarom College
11809,Alumim
11810,Karmit Jct.
11811,Karmit Jct.
11812,Karmit Jct.
11813,Baalei HaMelacha/HaHadarim
11814,Baalei HaMelacha/HaTzorfim
11815,Baalei Melacha/HaOrgim
11816,Baalei Melacha/HaHadarim
11817,HaNasi Weizmann Boulevard/HaOrgim
11826,Yitzhak HaNasi/Weizmann
11830,Avraham Shapira/Yehuda HaMaccabi
11831,Avraham Shapira/Dov Gur
11837,Menahem Begin/Herzl Blvd
11845,Shevet Levi/Shevet Asher
11846,Shevet Levi/Shevet Reuven
11855,Halutse/HaBsor
11856,HaMishna
11857,HaMishna
11858,Altalena
11862,Jabotinsky/HaNasi Weizmann Boulevard
11863,Sami Shamoon College
11864,Ashdod Ad Halom East Rail Station/Boarding
11865,Central Station
11866,Central Station
11868,HaNasi Weizmann Boulevard/Jabotinsky
11869,HaNasi Weizmann Boulevard/Jabotinsky
11876,Telecom Ctr
11877,Har Snir
11878,Har Snir/H.Golan
11879,Har Snir/H.Golan
11880,HaRabbi meLubavitch/Imanuel Moreno
11881,Hashvatim/Hagdudim
11882,Shim'on Agranat/Yitzhak Welbar
11883,Shim'on Agranat/Avraham Even Shoshan
11884,Yiga'el Yadin/Megido
11885,Shomron/Beit She'an
11886,Shomron/Harav Yehya Kapah
11887,Mivtsa Uvda
11888,Mivtsa Uvda
11889,Opera Center/HaHashmonaim
11890,Sheshet Hayamim/Mota Gur
11891,Rachel Imenu/Hava
11892,HaOrgim/David Ben Gurion Blvd
11893,Avital Avigdor rd/Uri Tzvi Grinberg blvd
11895,Nahum Goldman
11896,Nahum Goldman
11897,Menahem Didner/Nahum Goldman
11898,Ben Tsyon Carmel blvd/Uri Tzvi Grinberg blvd
11899,Shamir/Lubawitch
11900,Shamir/Lubawitch
11901,Avigdor Kahalani/Dan Shechtman
11902,Yosef/Lubawitch
11903,HaYayin/Shtilim
11904,HaTsiyonut Blvd/Smadar
11905,Ashdod Ad Halom East Rail Station/Alight
11906,Emek Yezre'el Boulevard/Yitshak Rabin Boulevard
11907,Brekhat Ram
11908,Emek Yizrael Blvd/Brekhat Ram
11909,Emek Yezre'el Boulevard/En Ovdat
11910,Emek Yizrael Blvd/En Evrona
11911,Emek Yizrael Blvd/En Evrona
11912,Emek Yizrael Blvd/H.M.Shapira
11913,Emek HaEla Blvd/Bik'at Rimon
11914,Bikat Rimon/Emek HaEla
11915,Emek Hefer Blvd/High School
11916,Emek Hefer Blvd/Yits'hak Rabin Blvd
11917,Emek Hefer Blvd
11918,Emek Hefer Blvd
11919,Emek Hefer Blvd/Agam Dalton
11920,Emek Hefer Blvd/En Ovdat
11921,Emek Hefer Blvd/En Evrona
11922,Emek Hefer Blvd/En Evrona
11923,Emek Hefer Blvd/H.M.Shapira
11924,Even Shmuel/3403
11925,Revaha Gimel
11926,Zavdiel B
11927,Shalva/Entry
11928,HaSavar/HaDayag
11929,HaSavar/HaSapan
11930,Masu'ot Yits'hak/Exit
11931,Shivat HaMinim/HaHita
11933,Shiv'at HaMinim/HaZayit
11934,Shivat HaMinim/HaSeora
11935,Etan A
11936,Etan C
11937,Shalva B
11938,Shalva B
11939,Tsahal Blvd/Nahum Sarig
11940,Yefe Nof School/Nahum Sarig
11941,Nahum Sarig/Uzi Narkis
11942,HaMered/Dr.Reuben Hecht
11943,Sha'ul HaMelech/Mivtsa Ovda
11944,HaYeladim Park/Egoz
11945,Country Club/Etsel
11946,Shim'on Agranat/Moshe Wilensky
11947,Yehuda Levi/HaMeshahrerim Road
11948,Terner Stadium
11949,Altalena Blvd/HaRefu'a
11950,Altalena Blvd/HaRefu'a
11951,Altalena Blvd/HaNevi'im
11952,Altalena Blvd/HaNevi'im
11953,Altalena Blvd/Oved Ben Ami Blvd
11954,Sprinzak/Avraham Avinu
11955,Moria Center for Haritage & Community/Avra'am Avin
11956,Karmit/Kata
11957,Drorit/Karmit
11958,Drorit/Kore
11959,Drorit/Karkal
11960,Assuta Ashdod Hospital/HaRefu'a
11961,Bents Carmel Blvd/Eliyahu Nawi Rd
11962,Arad Cemetery
11963,Abu Baker Mosque
11964,Hamed High Sch.
11965,Shuk Square
11966,Alyrmok School
11967,Hamed High Sch.
11968,Tipat Halav Kseife 2
11969,Alyrmok School
11970,Abu Bakr Mosque
11971,23 Quarter
11972,Amtirat
11973,Amtirat
11974,23 Quarter
11975,Tipat Halav Kseife
11976,HaRav Michael Dahan Blvd/Efrayim Laron
11977,HaRav Mishael Dahan/Yosef Burg
11978,Perets Center/HaRav Michael Dahan Blvd
11979,Perets Center/Yanshuf
11980,Herzl Rosenblum/Naftali Herz Imber Blvd
11981,Old Cemetery/Megido
11983,Abarbanel/Shaul HaMelekh
11984,Aviya Mall
11985,Shmuel Rodensky/Yehoshu'a Bartonov
11986,HaDa'at/HaMada
11987,HaMered/Shlomo Ben Yosef
11988,Uzi Narkis/Menahem Didner
11989,HaTavlinim Rd/Duda'im
11990,Duda'im/Shen HaAri
11991,HaBesamim Rd
11992,Dafna/Marva
11993,Dafna/Gdilan
11994,HaTavlinim Rd/Kokhav
11995,HaHida/Ben Ish Hay
11996,The Red Canyon
11997,The Red Canyon
11998,HaOman/Haim Barlev Blvd
11999,Bar Kokhva/Aba Ahime'ir
12000,Mal'akhi-Yoav Rail Station/Boarding
12001,Mal'akhi-Yoav Rail Station/Alight
12002,Bar Kokhva/Golani
12003,KKL/Rabbi Ovadia Yosef
12004,Arik Sharon/Yits'hak Ben Zvi
12005,Bne Brit/HaBosem
12006,Bne Brit/Ha'Orgim
12007,Rambam/Shabazi
12008,Bne Brit/Morde HaGeta'ot
12009,Yitshak HaNassi/Bne Brit Boulevard
12010,Kibbutz Galuyot/Yitshak HaNassi Boulevard
12011,Commercial Center B/Kibbutz Galuyot
12012,Shave Tsiyon/Ahi Eilat
12013,Shave Tsiyon/HaHistadrut
12014,Quarter A Commercial Center/Rogozin
12015,Rogozin/Ha'Almogim
12016,Rogozin/Haim Moshe Shapira
12017,Keren HaYesod/Haim Moshe Shapira
12018,Keren HaYesod/Yerushalayim Boulevard
12019,Jerusalem
12020,Rambam/Shabazi
12021,Ad Halom Monument/Moshe Sne Boulevard
12022,Moshe Sne/Yerushalayim Boulevard
12024,Yerushalayim Boulevard/HaRav Levin
12025,Yerushalayim Boulevard/Milman
12026,Yerushalayim Blvd/Michalshvili
12028,Eli Cohen/David Remez
12029,HaHagana/H.HaCohen
12030,HaHagana/H.HaCohen
12031,Etsel/Yod Alef Terminal
12032,Afek/Ramla
12033,Shomron/En Gedi
12034,Grand Kanyon/Metsada Road
12035,Bridge Train St. Beer Sheba  North /HaTvuna
12036,Bridge Train St. Beer Sheba  North /Nathan Rosen
12037,Tennis Center/Amos HaNavi
12038,Ariel Sharon Camp/Exit
12039,Yahel
12040,Be'er Ora Entry
12041,Be'er Ora Exit
12042,Be'er Ora 1
12043,Be'er Ora 2
12044,Be'er Ora 3
12045,Be'er Ora 4
12046,Elifaz
12047,Samar
12048,Yotvata
12049,Grofit
12050,Ktora
12051,Lotan
12052,Neve Harif
12053,Ne'ot Smadar
12054,Shaharut Uvda Junction
12055,Shaharut Uvda Junction
12056,Shaharut
12057,Smadar/HaTsiyonut Blvd
12058,Barzilai Hospital
12059,External Clinic
12060,Rehabilitation Center
12062,Eli'ezer Ben Yehuda  Blvd/Hutsot HaYotser
12063,Shai Ag'non/Hel HaYam
12064,Hel HaYam/Shai Ag'non
12065,Barzilai Hospital/Hel HaYam
12066,Barzilai Hospital/Hel HaYam
12067,HaKotser/Hahsharat HaYishuv
12068,Yefe Nof School/Nahum Sarig
12069,Lakiya Interchange
12070,Lakiya Interchange
12071,Ben Gurion/Ne'ot Ashkelon
12072,Ben Gurion Blvd/Remez
12073,Ashkelon Junction
12074,Berekhya Junction
12075,Abba Hillel Silver Junction/North
12076,Yarden/Yig'al Allon Blvd
12078,Yarden/Kishon
12079,Tlalim
12080,Eshkholot Junction
12081,Bet Ezra Junction
12082,Emunim Junction
12083,Road 4/Sde Uziyahu
12084,Ad-Halom Junction
12085,Yated Junction
12086,Yated Junction
12087,Refreshing Station/En Yahav Inn
12088,Sha'are Ha'Ir Mall/Menachem Begin Boulevard
12089,Rashi/San Diego
12090,Muncipal Library/David Ben Gurion
12091,Pool/Ben Gurion
12092,David Ben Gurion/Entebbe Raid
12093,Refreshing Station/Hatseva Inn
12094,Ariel Sharon Camp
12095,Menahem Begin Road/HaAliya Road
12096,Merhavya/Museum
12097,Merhavya/Youth Club
12098,Menahem Begin Road/HaRav Shalom Mashash
12099,Menahem Begin Road/HaRav Ben Tsiyon Abba Shaul
12100,Menahem Begin Road/HaAliya Road
12101,Monument to the Fallen
12102,HaHistadrut/Mor
12104,HaDarom Road Interchange
12108,HaDekel/HaTe'ena
12109,HaDarom Road/Avne HaHoshen Blvd
12110,HaDarom Road/Karme Gat Blvd
12111,HaDarom Road/Avne HaHoshen Blvd
12112,Lakhish Blvd/Karme Gat Blvd
12113,Lakhish Blvd/Karme Gat Blvd
12114,Ashkelon National Park
12115,Lubavitch Rabbi/HaRav Ovadia Yosef
12116,Yerushalayim Blvd/Yovel
12117,Yerushalayim Blvd/Yovel
12118,KATSA Junction
12119,KATSA Junction
12120,Natan Elbaz/Kibuts Galuyot
12121,Arik Sharon Blvd
12122,Arik Sharon Blvd/Keren HaYedidut Blvd
12123,Arik Sharon Blvd/Keren HaYedidut Blvd
12124,Arik Sharon Blvd
12125,HaTsiyonut Blvd/Kadesh Blvd
12126,Ibn Ezra/HaSofrim HaYehudim
12127,Ibn Ezra/Rabi Me'ir
12128,Dlila Beach/Yefe Nof
12129,David Remez/David Ben Gurion Blvd
12130,Shimshon Road/Avraham Mahrez
12131,Dimona Community Center/Rabbi meLubavitch
12132,Central Station/HaAtsma'ut Blvd
12133,HaTsiyonut Blvd/Edmond de Rothschild
12134,Academic College/Yits'hak Ben Zvi
12135,Atad/HaRav Eliyahu Katz
12136,Atad/Nurit
12137,Mal'akhi-Yoav Rail Station/Road 383
12138,Mal'akhi-Yoav Rail Station/Road 383
12139,Ofakim Park Terminal
12140,Ofakim Park
12141,Revaha Gimel
12142,Road 358/Marsham Passage
12143,Road 358/Marsham Passage
12144,New Urban Market
12145,Road 3711/Sde Uziyahu
12146,Road 3711/Sde Uziyahu
12147,Ariel Sharon Blvd/Azrikam
12148,Ariel Sharon Blvd/Azrikam
12149,HaMa'apil Square
12150,Barlev/Borochov
12151,Yosef Shereshevsky/Shesek
12152,Yosef Shereshevsky/Shesek
12153,Ramon Airport/Beer Ora Junction
12154,Menachem Didner/Nahum Sarig
12155,Golda Me'ir Blvd/Zalman Aran
12157,Ramon Airport/Alight
12158,Ramon Airport/Platforms
12159,Cemetery
12160,Zvi Bornstein
12161,Tempo Plant/Zvi Bornstein
12162,Tempo Plant/Zvi Bornstein
12163,Rashi/HaShu'al Alley
12164,HaNevi'im/Rashi
12166,HaHadarim/Elkahayel
12167,Asher Sanker/Elkahayel
12168,Zvi Bornstein/Herzl
12169,Tamiron/Nahal Tsin
12170,Tamiron
12171,HaOfek/Agamit
12172,Bitsaron H
12173,Ha'Olim/Road 3922
12174,Neve Mivtah West Junction
12175,HaOfek/HaRekhasim
12176,HaFikusim Road/HaMeyasdim
12177,Zvi Bornstein/HaOfek
12178,Tamiron/Zvi Bornstein
12179,Cemetery
12180,HaHagana/Elkahayel
12181,HaHaroshet Road/Yahalom Blvd
12182,Yahalom Blvd/HaHaroshet Road
12183,Avats Blvd/Yahalom Blvd
12184,Yahalom Blvd/Avats Blvd
12185,HaHaroshet Road/HaBonin A
12186,HaHaroshet Road/HaBonin A
12187,HaHaroshet Road/HaBonin B
12188,HaHaroshet Road/HaBonin B
12189,HaHaroshet Road/Sadan Entry
12190,HaHaroshet Road/Sadan Entry
12191,Tsoran Blvd/HaBarzel Blvd
12192,Tsoran Blvd/HaBarzel Blvd
12193,Israel Polak Blvd/HaHaroshet Road
12194,Avats Blvd
12195,Avats Blvd
12196,Avats Blvd/Israel Polak Blvd
12197,HaShomron/Har Sinai Plaza
12198,HaShomron/Har HaTsofim
12199,HaShomron/Har HaTsofim
12200,HaShomron/HaBashan Blvd
12201,HaShoftim Blvd/Malkhe Israel Blvd
12202,Mivtza Nachshon / Mivtsa Yoav
12203,Mivtsa Nahshon/Mivtsa Dani
12204,Mivtsa Nahshon/Shimon Bar Giora
12205,Shimon Bar Giora/Mivtsa Nahshon
12206,HaRav Shalom Mashash/HaRav Ovadia Yosef
12207,HaRav Shalom Mashash/HaRav Ovadia Yosef
12208,HaRav Yoram Abergel/Menahem Begin Road
12209,HaAhuza/Nahal Prat
12210,HaAhuza/Nahal Prat
12211,HaAhuza/Hidekel
12212,HaAhuza/Hidekel
12213,HaRav Shalom Mashash/Brenner Alley
12214,Mo'av/HaGil'ad
12216,Mandel/Shimon
12217,Rashbag/Shmuel HaNagid
12218,Rashi/Zvi Bornstein
12219,Zvi Bornstein/Asher Sanker
12220,Nahal Tsin/Nahal Avnon
12221,Kupat Holim Klalit/Nahal Tsin
12222,Beit Ha'am/Tel Hai Road
12223,Child Development Center/Nahal Tsin
12224,Anafa Alley/Tamiron
12225,Pki'in/Arye
12226,Pki'in/Tverya
12228,Tverya/Pki'in
12229,Sheshet Hayamim/Mota Gur
12230,Eli Cohen/Yitshak Ben Tsvi
12231,Eli Cohen/Yitshak Rabin Boulevard
12232,Eli Cohen/Iyar
12233,Anne Frank/Tishre
12234,Menachem Begin Boulevard/Anne Frank
12235,Menachem Begin Boulevard/Ibn Ezra
12236,Ashkelon Junction/Menachem Begin Avenue North
12237,Sheshet Hayamim/Mota Gur
12238,Mota Gur/HaHashmona'im
12239,Marie Curie/Mota Gur
12240,Mota Gur/Marie Curie
12241,Mota Gur/HaMelakhim
12242,Naomi Shemer/Mota Gur
12243,Mota Gur/Naomi Shemer
12244,Sheshet HaYamim/Shoshana Damari
12245,Sheshet HaYamim/Shoshana Damari
12246,Shoshana Damari/Sheshet HaYamim
12247,Shoshana Damari/Dr.Christine Sikora
12248,Shoshana Damari/Ofra Haza
12249,Shoshana Damari/Naomi Shemer
12250,Shoshana Damari/Hana Avnur
12251,Sheshet HaYamim/Olim Road
12252,Olim Road/Sheshet HaYamim
12253,Olim Road/Shoshana Damari
12254,Olim Road/Shoshana Damari
12255,Shoshana Damari/Olim Road
12256,Marie Curie/Dr.Jen Claus Fishman
12257,Marie Curie/Dr.Jen Claus Fishman
12258,Naomi Shemer/Marie Curie
12259,Naomi Shemer/Margaret Lehman
12260,Naomi Shemer/Dr.Jen Claus Fishman
12261,Naomi Shemer/Dr.Jen Claus Fishman
12262,Yits'hak Rabin Blvd/Agamim
12263,Yits'hak Rabin Blvd/Emek Yizra'el
12264,Yits'hak Rabin Blvd/Emek Hefer Blvd
12265,Yits'hak Rabin Blvd/Emek Hefer Blvd
12266,Yits'hak Rabin Blvd/Ofer Blvd
12267,Zoo
12268,Kishon/Yarden
12269,Sokolov/David Tuviyahu Blvd
12270,HaRatakh/Hakhsharat HaYeshuv
12271,Road 40/Neot Smadar
12272,Road 40/Neot Smadar
12273,Road 40/Neve Harif
12274,Road 40/Neve Harif
12275,Ktura Junction/Road 40
12276,Refreshing Station/Dimona Paz Center
12277,Ofakim Park
12280,HaShoftim Blvd/Bilu
12281,Metsada Road/Mivtsa Nahshon
12282,Herzl/Yits'hak Ben Zvi
12283,HaRav Ovadia Yosef/KKL Blvd
12284,HaPalmach Boulevard/Hativat Carmeli
12286,Hativat HaNegev/Hannah Szenes
12287,Hannah Szenes/Mivtsa Horev
12288,Ha'Admor MiPittsburgh Boulevard/Hefets Hayim
12289,Yitshak HaNassi/HaPalmach Boulevard
12291,Yehuda HaNassi/Hillel
12292,Rabbi Yehuda HaNasi/Rav Ashi
12293,Rashbi/Rabi Tarfon
12295,Rashbi/HaRav Levin
12296,HaRotem/Hahartsit
12299,Yerushalayim Blvd/Moshe Ibn Ezra
12300,Yits'hak Avinu/Shlomo HaMelekh
12301,Avraham Avinu/Alexander Yanay
12302,Urim School/David HaMelekh
12303,Tel Hai Road/HaNuriyot Road
12304,Urim School/David HaMelekh
12305,Yits'hak Avinu/Avraham Avinu
12306,Kinor Square/Mizmor
12307,Yehuda/El'azar Ben Yair
12308,Herzl/HaHalutsim
12309,Yits'hak Avinu/Rabi Akiva
12310,Rabi Akiva/Rabi Tarfon
12311,Dikla/Yod Alef Terminal
12312,Etsel/Yod Alef Terminal
12313,Menahem Begin Road/HaRav Shalom Mashash
12314,HaRav Ben Tsiyon Aba Shaul/HaRav Ovadia Yosef
12315,Hita Blvd/Zayit Blvd
12316,Hita Blvd/Rimon Blvd
12317,Seora Blvd/Nahal Ayalon
12318,Rimon Blvd/Se'ora Blvd
12319,Se'ora Avenue/Rimon Avenue
12321,Zayit Blvd/Hita Blvd
12322,Nahala He
12323,Nahala Gimel
12324,Nahala F
12325,Klil HaHoresh/Esh'har
12326,Klil HaHoresh/Etrog
12327,Mevo HaSadot/Sdot HaKotser
12328,Tse'elon/Bayit VaGan
12329,Tzeelon/Hartzit
12330,Tarshish/Sapir
12331,Al-Quds/Al-Ansar
12332,Karme Gat/Nahal Revivim
12333,Karme Gat/Nahal Revivim
12334,Lakhish Blvd/Nahal Revivim
12335,Karme Gat/HaDarom Road
12336,Karme Gat Blvd/Avne HaHoshen
12337,Shlomo Ben Yosef/Yehuda HaMaccabi
12338,Quarter V Commercial Center/Shlomo Ben Yosef
12339,Milman/Dov Gur
12340,HaPrahim Blvd/HaRotem
12344,Shlomo HaMelekh/Yehoshafat HaMelekh
12345,Shlomo HaMelekh/Hizkiyah HaMelekh
12348,HaMifrasiyot Square/Exodus
12350,Rogozin/Moshe Dayan Blvd
12351,HaFikusim Road/HaVatikim
12352,Avne HaHoshen/Karne Gat Blvd
12353,Avnei HaHoshen Boulevard/Shoham
12354,Karmei Gat Community Center/Avnei HaHoshen Boulevard
12355,Darkhe Refa'el/Kehilat Ya'akov
12356,Yits'hak Shamir/Ahat Esre HaNekudot
12357,Vardimon Blvd/Rihal
12358,Vardimon Blvd/Rashbag
12359,Asimov/Vardimon Blvd
12360,Asimov/Vardimon Blvd
12361,Kupat Holim Macabi/Vardimon Blvd
12362,Mandel/Shulamit
12363,Mandel
12364,Mandel
12365,Mandel/Shulamit
12366,Ohalim (Hanokdim) Junction
12367,Herzl/Jabotinsky
12368,Abu Keif/Exit
12369,Abu Keif/Entry
12370,Nahal Hevron
12371,Nahal Hevron
12372,Ali Ibn Abi Talib
12373,Ali Ibn Abi Talib
12375,Kinneret/Nahal Snir
12376,Kineret/Nahal Kidron
12378,Um Batin Clinic
12379,Herzl Blvd/Ben Ami
12380,Ariel Sharon/Naomi Shemer
12381,Ariel Sharon/Naomi Shemer
12382,Ariel Sharon/Ehud Manor
12383,Rihal/Vardimon Blvd
12384,Rashbag/Vardimon Blvd
12385,Menahem Begin/Railway
12386,Railway/Shopping Center
12387,Ashkelon Rail/Alight
12388,Afikim BaNegev/Ha'al
12389,Afikin BeNegev/Tidhar
12390,Dikla/Yod Alef Terminal
12391,Truck Parking/HaBonim
12392,Truck Parking/HaBonim
12393,Eliyahu Moyal/Golda Me'ir Blvd
12394,Toronto Square/HaArava Road
12395,Toronto Square/HaArava Road
12396,Nahal HaBesor /Nahal Dolev
12397,Nahal HaBesor /Nahal Dolev
12398,Nahal Shikma/Nahal Dolev
12399,Nahal Shikma/Nahal HaBesor
12400,HaAl/Afikim BaNegev
12401,Neve Midbar School
12402,Avnei HaHoshen Boulevard/Shoham
12403,Kfar Zoharim Junction to East
12404,Kfar Zoharim Junction to West
12405,Hevel Elot Central Terminal
12406,Ma'ale Shaharut School
12407,Timna Park Visitors Center
12408,Ort High School
12409,Bir Hadaj 1
12410,Bir Hadaj 1
12411,Bir Hadaj 2
12412,Bir Hadaj 2
12413,Bir Hadaj 3
12414,Bir Hadaj 3
12415,Bir Hadaj 4
12416,Bir Hadaj 4
12417,Bir Hadaj 5
12418,Bir Hadaj 5
12419,Bir Hadaj 6
12420,Bir Hadaj 6
12421,Bir Hadaj 7
12422,Bir Hadaj 7
12423,David El'azar/Abu Hatsera
12424,Shimshon Road/Avraham Mahrez
12425,Dovik Sports Hall/Yotvata
12426,Sde Yoav
12427,Herzl Blvd/Golda Meir Blvd
12428,Yits'hak Rager/Leonard Bernstein
12429,Yits'hak Rager/Leonard Bernstein
12430,Yits'hak Rager/Shazar Blvd
12431,HIta Blvd/Nahal Karkom
12432,Hita Blvd/Nahal Yarmukh
12433,HaMeyasdim A
12434,HaBanim Blvd/HaEla
12435,HaBanim Blvd/HaShaked
12436,Shtulim/3703
12437,Road 35/Israel Pollak Blvd
12438,Yerushalayim Blvd/Shlomo Cohen
12439,Hita Blvd/Nahal Kziv
12440,Hita Blvd/Nahal Kziv
12441,Lakhish Junction to East
12442,Lakhish Junction to West
12443,Yits'hak Ben Zvi/Tsefanya Square
12444,HaNasi/Malkhe Israel
12445,HaNasi/HaAlon
12447,Shlomit Junction to North
12448,Shlomit Junction to South
12449,Kiryat Gat Rail Station/Exit
12450,Shlomit Junction Entry
12451,HaShita Blvd/Tse'elon
12452,HaShita Blvd/Klil HaHoresh
12453,HaShita Blvd/Klil HaHoresh
12454,HaShita Blvd/Tse'elon
12455,Klil HaHoresh/Brosh
12456,Klil HaHoresh/Irus
12457,Rest Stop/Avdat National Park
12458,Rest Stop/Be'er Sheva Northern Exit
12459,Rest Stop/Be'er Sheva Northern Entry
12460,Ben Zvi/Arye Ozer
12461,Ben Zvi/Atse Pri
12462,Nahum Sarig/Rehavam Zeevi
12463,Rothschild/Hevron Road
12464,Hevron Road/Max Nordau
12465,Ya'akov Marsh/HaTvuna
12466,Shim'oni/Ben Yehuda
12467,Shim'oni/HaMeshahrerim Road
12469,Nahala Bet
12470,Nahala G
12471,Shopping Center/HaDarom Road
12472,Shopping Center/HaDarom Road
12473,Kanyon HaNegev/Yits'hak Ben Zvi
12474,HaGe'onim/HaRav Hay Gaon
12475,HaGe'onim/HaRav Haviv Hayim
12476,Shoshana Damari/Ofra Haza
12477,Moshe Wilensky/Shimon Agranat
12478,Ashkelon Junction North/North Bound
12479,Ashkelon Junction North/South Bound
12480,Ashkelon Junction North/West Bound
12481,Dimona City Hall/Ariel Sharon Blvd
12482,Nir Akiva/Harhava
12483,Eshbol
12484,Moav/Rakefet
12485,Dafna/Rosmarin
12486,Rosmarin/Dafna
12487,Dafna/Rosmarin
12488,Dafna/Kornit
12489,Dafna/Kornit
12490,Dafna/Limonit
12491,Limonit/Marva
12492,Limonit/Marva
12493,Limonit/Rosmarin
12494,Rosmarin/Limonit
12495,Rosmarin/Kornit
12496,Rosmarin/Kornit
12497,Ramot Junction/Tsahal Blvd
12498,Ramot Junction to North/Road 406
12499,Ramot Junction to South/Road 406
12500,HaRav Shalom Ifargan Road/Rabi David Buzaglo
12501,HaRav Shalom Ifargan Road/Rabi David Hasin
12502,HaRav Shalom Ifargan Road/Rabi David Hasin
12503,HaRav Shalom Ifargan Road/HaRav Kook
12504,HaRav Shalom Ifargan Road/HaRav Kook
12505,HaRav Kook/Arik Einstein
12506,Arik Einstein
12507,Arik Einstein/Lea Goldberg
12508,Borochov/HaMacabim
12509,Tnuat Noar/Borochov
12510,Hativat HaNegev/HaPalmah
12511,HaHashmona'im/Mota Gur
12512,Motta Gur/Rivka
12513,Aba Ahime'ir/Ya'akov Dori
12515,Herod's Hotel
12516,En Bokek
12517,En Bokek
12518,Vardimon Blvd/Rashbag
12519,Vardimon Blvd/Rihal
12520,Neve Zohar A
12521,Neve Zohar B
12522,Neve Zohar Aleph
12523,Shopping Center/HaRakevet
12524,Hutsot Mall/Nahal
12525,Hutsot Mall/HaTehiya
12526,Shulamit/Mandel
12527,Shulamit/Re'uven
12528,Shulamit/Re'uven
12529,Shulamit/Neli Sacks
12530,Shulamit/Neli Sacks
12531,Shulamit/Isaac Bashevis Singer
12532,Mandel/Yosef
12533,Mandel/Yosef
12534,Mandel/Shimon
12535,Mandel/Mizrah
12536,Mandel/Mizrah
12537,David Tuviyahu Blvd/Hayim Nahman Bialik
12538,David Tuviyahu Blvd/Ali Davis
12539,David Tuviyahu Blvd/Limonit
12540,HaMelakhim/Mota Gur
12541,David Tuviyahu Blvd/Limonit
12542,Herzog/HaRav Shalom Mashash
12543,Herzog/Moshe Dayan Road
12544,Moshe Dayan Road/Herzog
12545,Ahat Esre Nekudot/Yits'hak Shamir
12546,Yits'hak Shamir/Ahat Esre Nekudot
12547,Gane Tal/Eliyahu Eilat
12548,Gane Tal/Neve Dekalim
12549,Neve Dekalim/Katif
12550,Sderot Rail Station/Platforms
12551,Center/Kfar Warburg
12552,Industrial Area Terminal/Roma
12553,Nahal HaYarden/Admonit HaHoresh
12554,Nahal HaYarden/Nahal Tse'elim
12555,Bridge Train St. Beer Sheba  North /Nathan Rosen
12556,Torat HaYahasut Blvd/Helkike HaOr
12557,Torat HaYahasut Blvd/HaHadshanut
12560,Torat HaYahasut Blvd/Tsir HaZman
12563,Torat HaYahasut Blvd/Tsir HaZman
12564,HaShaked/HaDekel
12565,Tsir HaZman/HaEnergya
12566,HaEnergya/Helkike HaOr
12567,Prof.Natan Rozen/HaHadshanut
12568,HaTvuna/Helkike HaOr
12569,Yerushalayim Blvd/Kumeran
12570,Yerushalayim Blvd/Gamla
12571,Yigal Horowitz/Shimon Peres
12572,Yigal Horowitz/Jabotinsky
12573,Refreshing Station/Yotvata
12574,Emergency Soroka/Wingate
12575,Customs Control/Eilat Exit
12576,HaRav Elnekaveh/Yits'hak Shamir Road
12577,Ramon Airport/Exit
12578,Ofer Blvd/Uri Eli'av
12579,Ramon Airport/Entry
12580,Central Station/Ben Gurion Blvd
12581,Golda Meir/Bechor Sheetrit
12584,Bikat Rimon/Emek Hefer Blvd
12585,HaRav Yoram Abergel Road/Yona
12586,Globus Center
12587,Sde Yoav Center
12588,Argaz/Bonim
12589,Argaz/Yetzira
12590,Leon Schreiber/Argaz
12591,Argaz/Leon Schreiber
12592,HaHashmonaim/Hava
12593,HaHashmonaim/Avshalom Feinberg
12594,Opera Center/HaHashmonaim
12595,Hanna Rovina/Sheshet HaYamim
12596,Egoz/HaMelachim
12597,Egoz/Efraim Luzon
12598,Efraim Luzon/Mota Gur
12599,Zilberman High School/Levi Eshkol Blvd.
12600,Tzahal Blvd./Haruv
12601,
12602,
12603,
12604,
12605,
12606,
12607,
12608,
12609,
12610,
12611,Har Arbel/Har Karkom
12612,Golda Meir Blvd/ Herzl Blvd
12613,Zinman High School/Aliyah
12614,Bezalel/Jabotinsky
12615,Bezalel/Jabotinsky
12616,Bezalel/HaRatach
12617,Bezalel/Kehilot Yaakov
12618,Bezalel/HaBurskai
12619,Bezalel/HaRatach
12620,Bezalel/HaBanaim
12621,HaTsabar/HaZayit
12622,HaZayit/HaTzabar
12623,HaZayit/HaDekel
12624,HaZayit/HaDekel
12625,HaZayit
12626,Sheshet HaYamim/Dakar
12627,Vardimon Boulevard/Asimov
12628,HaRoeh School/Admonit HaHoresh
12629,HaRoeh School/Admonit HaHoresh
12630,Admonit HaHoresh/Marganit
12631,Admonit HaHoresh/Nahal HaYarden
12632,Admonit HaHoresh/Yehoshua Ben Nun
12633,Al-Midan
12634,Al-Bayder
12635,Al-Bayder
12636,Al-Bayadir/Al-Murghan
12637,Al-Bayadir/Al-Murghan
12638,Al-Bayadir Aliph
12639,Kuseife Mall
12640,Abu Bakr Al-Sadik
12641,Abu Bakr Al-Sadik
12642,Al-Baydar
12643,Al-Baydar/Al-Anbar
12644,Al-Baydar/Al-Garanful
12645,Al-Baydar/Rayhana
12646,Al-Baydar/Rayhana
12647,Al-Baydar/Al-Waha
12648,Al-Baydar/Al-Waha
12649,Al-Sabr
12650,Al-Sabr
12651,Al-Faruk
12652,Al-Faruk
12653,Al-Faruk High School
12654,Al-Faruk High School
12655,Al-Maydan/Al-Garanful
12656,Al-Mutanabi School
12657,Al-Midan
12658,Al-Midan
12659,HaTzadik Baba Yago/Yoseftal
12660,HaRav Shalom Ifargan Road/Barlev
12661,Nahal Shika/Nahal HaYarden
12662,Eli Moyal/Nahal HaYarden
12663,Ilan Ramon/HaRv Elisha Vishlitzky
12664,Ilan Ramon/HaRv Elisha Vishlitzky
12665,Eli Moyal/David HaMelech
12666,Eli Moyal/David HaMelech
12667,Upper Ein Ovdat Junction Northbound
12668,Upper Ein Ovdat Junction Southbound
12670,Be'er Sheva Central Station/Alight
12671,H.M. Shapira/Jizreel Valley Boulevard
12672,HaDaat/Uri Zvi Greenberg
12673,HaShoftim/HaEtzel
12674,Rambam/HaHalutz
12675,Kaye College - Yehuda HaLevi
12676,HaMlachim/Perec Laskier
12677,HaMlachim/Perec Laskier
12678,Nir Banim Junction
12679,Naftali Herz Imber Boulevard/Kfar Darom
12680,Motta Gur/Efraim Luzon
12681,Motta Gur/Efraim Luzon
12682,Eshkol Regional Council Terminal/Alight
12683,HaVatikim Road
12684,HaBe'er/Tnuva
12685,HaBe'er/Tnuva
12686,Givati Brigade/Herzl Boulevard
12687,Givati Brigade/Herzl Boulevard
12689,Yeelim Boulevard/Kafrisin
12690,Ye'elim BLVD /Ha'Aliya
12691,Yeelim Boulevard/Tabenkin
12692,Benz Carmel Boulevard/Zevulun Hammer
12693,Benz Carmel Boulevard/Moshe Barazani
12694,Ben Gurion School Bridge/Uri Zvi Greenberg
12695,Lachish Boulevard/Sarah Aaronsohn
12696,Lachish Boulevard/Sarah Aaronsohn
12697,Lakhish Blvd/Karme Gat Blvd
12698,Karmei Gat High School/Avnei HaHoshen Boulevard
12699,Karmei Gat Boulevard/Nahal Kidron
12700,Karmei Gat Boulevard/Nahal Kidron
12701,Lakhish Blvd/Nahal Revivim
12702,Karmei Gat Boulevard/Nahal Zavitan
12703,Karmei Gat Boulevard/Nahal Zavitan
12704,Nahal Zavitan/Karmei Gat Boulevard
12705,Nahal Zavitan/Nahal Alexander
12706,Lachish Boulevard/Nahal Zavitan
12707,Lachish Boulevard/Nahal Zavitan
12708,Ashdod North Interchange Westwards
12709,Ashdod North Interchange Eastwards
12710,Ashdod North Interchange Northwards
12711,Lahav Junction Westwards
12712,Avatz Boulevard/Tzoran Boulevard
12713,Nahal Zavitan/Nahal Zarhan
12714,City Market/Rambam
12715,Basel/Sokolov
12716,Nahal Tzihor/Yigal Allon Boulevard
12717,Nahal Kidron/Nahal Tzihor
12718,Nahal Tzihor/Nahal Kidron
12719,Nahal Tzihor/Nahal Kidron
12720,Nahal Tzihor/Nahal Arugot
12721,Nahal Arugot/Nahal Tzihor
12722,Nahal Kidron/Nahal Hever
12723,Nahal Hever/Nahal Kidron
12724,Nahal Hever/Nahal Kidron
12725,Nahal Kidron/Nahal Hever
12726,Nahal Arugot/Nahal Prat
12727,Nahal Arugot/Nahal Hever
12728,Nahal Arugot/Nahal Hever
12729,Nahal Arugot/Nahal Prat
12730,Nahal Nikrot/Nahal Arugot
12731,Nahal Arugot/Nahal Nikrot
12732,Nahal Prat/Nahal Kidron
12733,Nahal Prat/Nahal Kidron
12734,Shafir Junction/Zrah'ya
12735,Nahal Kidron/Nahal Nikrot
12736,Nahal Nikrot/Nahal Kidron
12737,Nahal Prat/Yigal Allon Boulevard
12738,Nahal Prat/Yigal Allon Boulevard
12739,Nahal Hever/Yigal Allon Boulevard
12740,Eliyahu Nawi/Avraham Ben Ami
12742,David Tuviyahu/Yitzhak Rager
12743,Yitzhak Rager/Ringelblum
12744,Tzahal Boulevard/Uri Zvi Greenberg
12745,Uri Zvi Greenberg/Tzahal Boulevard
12746,Yitzhak Rager/Avraham Avinu
12747,Uri Zvi Greenberg/HaAndarta
12748,Uri Zvi Greenberg/HaAndarta
12749,Moshe Sharett/Golda Meir
12750,Uri Zvi Greenberg/Har Ramon
12751,Uri Zvi Greenberg/Reuven Hecht
12752,HaRav Mishael Dahal/Pinsker
12753,HaRav Mishael Dahal/Pinsker
12754,Machteshim Industrial Zone/Ben Ami
12755,Machteshim Industrial Zone/Ben Ami
12757,Timorim Junction
12758,Hura Junction
12759,Kishon/Tzeelim
12760,Tzeelim/Kishon
12761,HaRatach/Tzeelim
12762,HaRatach/Sorek
12763,Naftali Imber Boulevard/KKL
12765,Mikveh/Rambam
12766,New Cemetery
12767,New Cemetery
12768,Al-Sayyid/Bilal
12769,Al-Sayyid/Hasan
12770,Al-Sayyid/Zurgi
12771,Al-Sayid/Entry
12772,Al-Sayid/Exit
12773,Albayan School/Al-Sayyid
12774,Al-Sayyid/Hasan
12775,Avgol Factory
12776,Tel Givon
12777,Ahava School/Bar Lev Road
12778,Motta Gur/Rothschild Boulevard
12779,Rothschild Boulevard/Montefiore Boulevard
12780,A.D. Gordon/Yitzhak Rabin Boulevard
12781,A.D. Gordon/Menahem Ussishkin
12782,Uziyahu/Ad Halom Bridge
12783,Motta Gur/Yitshak Rabin Boulevard
12784,City Garden/HaGdud HaIvri
12785,HaRav Kook/HaRav Shalom Ifargan Road
12786,Sahlav/Gatit
12787,Sahlav/Marganit
12788,Nahal Shikma/Nahal HaBesor
12789,Eli Moyal/HaRav Elisha Vishlitzky
12790,Eli Moyal/HaRav Elisha Vishlitzky
12791,Eli Cohen/Ilan Ramon
12792,HaAliyah/Bar Lev
12793,HaRav Shalom Ifargan Road/Menahem Begin Road
12794,Ben Yehuda/Menahem Begin Road
12795,Uzi Hitman/Yehuda Amichai
12796,HaAliyah/HaAhuza
12797,HaMaccabim/Borochov
12798,HaMaccabim/KKL
12799,HaMoshavot Square/HaMaccabim
12800,Yehoshua Ben Nun/Miriam HaNevia
12801,Yehoshua Ben Nun/Miriam HaNevia
12802,HaMaccabim/HaAri Lane
12803,Ilan Ramon/Eli Cohen
12804,Shanit/Admonit HaHoresh
12805,Shanit/Admonit HaHoresh
12806,Adorayim/HaGvura
12807,HaTayasim Road/HaZionut
12808,HaTayaim Road
12809,HaTayasim Road/HaZionut
12810,HaTayasim Road/Yesharim Road
12811,Kehilat Metro West/HaTayasim
12812,HaTayasim Road/HaBsamim Road
12813,Road 2335/HaBsamim Road
12814,HaZionut Boulevard
12815,HaZionut Boulevard/Urim
12816,HaZionut Boulevard/Hatzerim
12817,HaZionut Boulevard/HaNegev
12818,HaNegev/HaZionut Boulevard
12819,HaNegev/Kehilat Metro West
12820,Machtesh Ramon/Kehilat Metro West
12821,Machtesh Ramon/Harei Eilat
12822,Harei Eilat/Machtesh Ramon
12823,HaBsamim Road/Harei Eilat
12824,Harei Eilat/HaBsamim Road
12825,HaBsamim Road/Kehilat Metro West
12826,Kehilat Metro West/HaNegev
12827,Tel Givon
12828,Elnekaveh/Yitzhak Shamir Road
12829,Bnei Brith Terminus
12830,Yosef Samelo/Avraham Rosenman
12831,Ariel Sharon
12832,Motta Gur/Moshe Dayan Boulevard
12833,HaRav Gershonowitz/Darchei Rafael
12834,Joanna Jabotinsky Boulevard/Yosef Joe Alon Road
12835,Yosef Joe Alon Road/Beit Lehem
12836,Yosef Joe Alon Road/Joanna Jabotinsky Boulevard
12837,Atarei HaMikra Boulevard/HaRav Ovadia Yosef
12838,Malchei Israel Boulevard/David HaMelech
12840,Malchei Israel Boulevard/Adorayim
12841,HaDarom Road/HaAtzmaut Boulevard
12842,HaDarom Road/Karme Gat Blvd
12843,Lakhish Boulevard/HaIsha HaIvria Boulevard
12844,HaIsha HaIvria Boulevard/Zelda Schneurson
12845,HaIsha HaIvria Boulevard/Rivka Imeinu
12846,HaIsha HaIvria Boulevard/Sarah Aaronsohn
12847,HaIsha HaIvria Boulevard/Sarah Aaronsohn
12848,HaDarom Road/HaAtzmaut Boulevard
12849,Karmei Gat Community Center/Nofekh
12850,Nofekh/Yishpa
12851,Kramim School/Nofekh
12852,Nofekh/Avnei HaHoshen Boulevard
12853,HaDarom Road Interchange
12854,Tapuz Terminus/Al-Salem
12855,Al-Hazzan/Al-Badiya
12856,Al-Hazzan/Al-Badiya
12857,Al-Hazzan/Ariha
12858,Al-Hazzan/Ariha
12859,Al-Hazzan/Hattin
12860,Al-Hannan School/Salah Al-Din
12861,Al-Hilal/Suriya
12862,Al-Hazzan/Hattin
12863,Al-Hillal/Al-Maktaba
12864,Al-Maktaba/Al-Mirafa
12865,Al-Marifa/Al-Maktaba
12866,Al-Marifa/Al-Awda
12867,Al-Marifa/Al-Awda
12868,Al-Aqsa/Al-Saqati
12869,Al-Aqsa/Al-Saqati
12870,Al-Aqsa/Al-Ahram
12871,Al-Ahram/Al-Aqsa
12872,Al-Ahram
12873,Al-Ahram
12874,Al-Ahram/Hattin
12875,Al-Fatih/Hattin
12876,Al-Hazzan/Qantari
12877,Al-Hazzan/Qantari
12878,Al-Hazzan/Al-Madina Al-Munawwara
12879,Al-Madina Al-Munawwara/Al-Hayat
12880,Al-Awda/Al-Madina Al-Munawwara
12881,Al-Awda/Al-Sabr
12882,Al-Hazzan/Al-Majdal
12883,Hattin/Al-Hazzan
12884,Al-Hazzan/Al-Aqsa
12885,Al-Hazzan/Al-Aqsa
12886,Iqra/Al-Sadaka
12887,Iqra/Al-Sadaka
12888,Iqra/Al-Ahd
12889,Iqra/Al-Salama
12890,Hattin/Al-Hijra
12891,Al-Fatih/Ariha
12892,Ariha/Al-Fatih
12893,Al-Hazzan/Al-Majdal
12894,Al-Sham/Al-Fajar
12895,Al-Taqwa School/Salah Al-Din
12896,Al-Taqwa School/Salah Al-Din
12897,Alboi/Rafah
12898,Rafah/Al-Irak
12899,Umar Al-Mukhtar/HaShlosha
12900,Umar Al-Mukhtar/HaShlosha
12901,Granata/Al-Khidr
12902,Qurtuba
12903,Qurtuba/Al-Khidr
12904,Al-Sham/Al-Hazzan
12905,Agamit/Dror
12906,Agamit/Dror
12907,Shoshana Damari/Kinor
12908,Kinor/Shoshana Damari
12909,Arik Einstein/Menahem Begin
12910,Arik Einstein/Menahem Begin
12911,Afikim BaNegev/Hachsharat HaYishuv
12912,Weizmann Boulevard/Ahat Esre HaNekudot
12913,Weizmann Boulevard/HaRav Mazuz
12914,Reim School/Mivtza Uvda
12915,HaRav Mishael Dahan/Yanshuf
12916,Big Center/HaMeshek
12917,Student Village/Yitzhak Shamir Road
12918,Big Center/HaVatikim Road
12919,Abba Hillel Silver Junction/East
12920,Nitzanim Training Camp
12921,Nitzanim Training Camp/Docks
12922,Jabotinsky/Bezalel
12923,Karmei Katif/Exit
12924,Neve Dekalim/Kisufim
12925,Bnei Dekalim/Ulpana
12926,Bnei Dekalim/Ulpana
12927,Kfar HaRif Junction
12928,Kfar HaRif Junction
12929,Old Cemetery/Joe Yosef Alon Road
12930,Oved Ben Ami Boulevard/Shoshana Damari
12931,Oved Ben Ami Boulevard/Moshe Dayan Boulevard
12932,Ramat Negev Regional Council
12933,Kedma Junction
12934,En Tsurim Junction
12935,Kfar Retamim Junction
12936,Kiryat Malachi Fork/Menahem Begin
12937,Mahane Immanuel Junction/Negba
12938,Tse'elim Junction
12939,Mitzraim Road/Colonia Complex
12940,Olei HaGardom/Eli Cohen
12941,HaMishna/Menahem Begin Boulevard
12942,HaMishna/Rishon LeZion
12943,Yerushalayim Road/Nahshon
12944,HaOman/Square
12945,Train / BIG Terminal - Platforms
12946,Train / BIG Terminal
12947,HaDekel/HaTvua
12948,HaYotzrim/Derech Eretz
12949,HaYotzrim/Derech HaYam
12950,HaYotzrim/Argaman
12951,HaYotzrim/HaKormim
12952,Strauss Factory/Tzochar
12953,Derech Eretz/Hayotzrim
12954,HaRabbi meLubavitch/Rabbi Nachman meUman
12955,Imanuel Moreno/Avigdor Kahalani
12956,Avigdor Kahalani/Imanuel Moreno
12957,Avigdor Kahalani/Aaron Ciechanover
12958,Avigdor Kahalani/Aaron Ciechanover
12959,Avigdor Kahalani/Dan Shechtman
12960,Avigdor Kahalani/HaRav Ovadia Yosef
12961,Avigdor Kahalani/Ada Yonat
12962,HaRabbi MeLubavitch/Daniel Kahneman
12963,HaRav Ovadia Yosef/HaRav Avraham Kook
12964,HaRav Ovadia Yosef/HaRav Elazar Abuhatzeira
12965,HaRav Avraham Kook/Lilienblum
12966,HaRav Avraham Kook/Lilienblum
12967,Ariel Sharon/Yerushalayim Boulevard
12968,Ariel Sharon/HaKunchiya
12969,Yerushalayim Boulevard/Arie Tagar
12970,Yerushalayim Boulevard/Ariel Sharon
12971,HaKunchiya/Ariel Sharon
12972,HaKunchiya/HaTzuk
12973,Ariel Sharon/Zahavon
12974,HaZionut Boulevard/Aharon Hayavi
12975,Aharon Hayavi/HaZionut Boulevard
12976,HaZionut Boulevard/Arie Tagar Boulevard
12977,Arie Tagar Boulevard/HaZionut Boulevard
12978,HaZionut Boulevard/Ariel Sharon
12979,Operating Station/Neighborhood 31
12980,Al-Sayyid/Entry
12981,Al-Sayyid/Amer
12982,Al-Sayyid/Khalil
12983,Al-Sayyid/Mosque
12984,Mosque/Al-Sayyid
12985,Al-Sayyid/Hasan
12986,Musa Ali Square
12987,Al-Sayyid/As'ad
12988,Al-Sayyid/Muhammad Ali
12989,Al-Sayyid School C
12990,Al-Sayyid/Gusgus
12991,Al-Sayyid School A
12992,Al-Sayyid School A
12993,Ha-Isha Ha-Ivra/Lakhish Boulevard
12994,Jabotinsky/Moshe Sharett
12995,Zimrat/Extension
12996,Abir Yaakov School/Tzeelon
12997,Arie Tagar Boulevard/Yerushalayim Boulevard
12998,Zimrat/Extension
12999,Tushia/Kfar Maimon
13000,Tel Hai/Sitrin
13002,Sha'ul HaMelekh/Yehoshafat
13004,Abba Ahimeir/David Wolfson
13005,Ramon High School / Camel Mount
13007,Ya'akov Dori/Har'el Plaza
13009,Shtulim/3703
13010,Nitzan Junction South
13011,Montefiore Blvd/Haside Umot Ha'Olam
13018,Weizmann/Balfour
13019,Motta Gur/Rothschild Boulevard
13020,Kachol/Edom
13021,Edom/Kachol
13022,Tsahov/Yarok
13023,Yarok/Kachol
13024,Kineret/Har Tavor
13029,Gordon/Nahman Sirkin
13034,Merkaz Orot/Derech Hashalom
13035,Abba Ahimeir/Rothschild
13036,Nahman Sirkin/Amram Roznov
13039,Hankin/Sirkin
13040,Menachem Ussishkin/Yisrael Gil'adi
13041,Gimel Medical Center/Henrietta Szold
13042,Kokhav HaDarom/Shevet Binyamin
13044,Yitshak Rabin Boulevard/Motta Gur
13045,Kinneret/Har HaTsofim
13046,Ashkelon Academic College / Itzhak Ben Zvi
13047,Kinneret/Har Canaan
13049,Wingate/Golomb
13051,Tsafririm School/Kinneret
13052,Ba'ale HaTosafot/Ramban
13053,Ibn Ezra/Ba'alei HaTosafot
13054,Ibn Ezra/HaTalmud
13055,Mitzpe School/Yehuda Halevi
13056,Rabbi Akiva/Shim'on Bar Giora
13057,Shevet Binyamin/Shevet Yehuda
13058,Shevet Binyamin/Shevet Yehuda
13059,Derech Metsada/Yits'hak Avinu
13062,Merkaz Hen/Einstein
13063,Malachi-Yoav Train Station/Road 3836
13065,Adar/Kokhav HaShahar
13067,Tamuz/Nisan
13068,Herzl Boulevard/Oved Ben Ami Boulevard
13069,Kokhav HaTsafon/Tamuz
13072,Yotam HaMelekh/David HaMelekh
13074,Tishre/Kislev
13075,Bne Brit Boulevard/Yotam HaMelekh
13076,Shlomo HaMelekh/David HaMelekh
13078,Tishrei/Heshvan
13079,Tishre/Hoshen
13081,HaTsiyonut/HaTikva
13083,David HaMelekh/Shlomo HaMelekh
13086,Masada Road/Tchernichovsky
13088,Sanhedrin/Rashi
13089,Rabbinate & Religious Council/Sanhedrin
13091,Avraham Avinu/Ha-Isiyim
13092,HaNevi'im/HaMeyasdim
13093,Quarter Y Commercial Center/HaMeyasdim
13094,Ashdod Police Station/HaNevi'im
13095,Ashdod Police Station/HaNevi'im
13096,KKL/Shmu'el HaNavi
13097,KKL/Ezra HaSofer
13098,KKL/Portse HaDerekh
13099,HaPrahim
13100,Giyora Yoseftal/HaKeneset
13101,Oren Center
13102,HaMeyasdim
13103,Hakalanit/Mevo HaDmumit
13104,Ringelblum/Yosef Ben Matityahu
13105,Ben Gurion University/Yitzhack Rager
13106,Soroka Medical Center/Yitzhack Rager
13107,Bet Rasko/Yitshak Rager
13108,Hakalanit/HaNurit
13110,Hakalanit/HaNurit
13111,Oren Center
13112,Rishon LeTsiyon/Dganya
13113,Ringelblum/Klauzner
13114,Meshash/Nes Tsiyona
13115,Ben Gurion University/Yitzhack Rager
13116,Train/BIG TERM - Drop
13117,Rishon LeTsiyon Blvd/Shfeyah
13118,Rehovot/Adonenu Barukh
13119,Rehovot/Petah Tikva
13120,Rashi/Metula
13121,Sport Complex/HaMelonot Road
13122,Yarkon Creek/Mt. Metzada
13124,Ha'Atsma'ut/Herzel
13125,Sport Complex/HaMelonot Road
13126,Nahal Sorek/Nahal Lakhish
13127,Ben Ami/Herzl
13128,Nahal Revivim/Nahal Daliyot
13129,Sarah Aaronsohn/Lachish Blvd.
13130,Sarah Aaronsohn/Rivka Imenu
13131,Exodus/Lili
13132,HaKshatot Beach
13133,Mafkura/Moshe Dayan
13134,HaIsha HaIvria/Hannah Szenes
13136,HaTsiyonut/Mevo
13137,Mevo HaKirya/Herzl Boulevard
13138,Hannah Szenes/HaIsha HaIvria
13139,HaTsiyonut/HaTikva
13140,HaTsiyonut/HaMa'avak
13141,Commercial Center/HaTsiyonut
13142,Ha'Atsma'ut/HaTsiyonut
13143,Ha'Atsma'ut/HaTsiyonut
13144,Ha'Atsma'ut/Hagshama
13146,Derech HaMeshahrerim/Bezal'el
13147,Yerushalayim Boulevard/Moshe Dayan Boulevard
13148,Hannah Szenes/Sarah Aaronsohn
13149,Golda Meir/Sha'ul HaMelekh
13150,Shaul-Hamelech Mall/Moshe Sharet
13151,Rogozin/Ha'Almogim
13152,Karmey Gat Term.
13154,Yerushalayim/Keren HaYesod
13155,Golda Meir/Tamir
13156,Keren HaYesod/HaTsolelim
13159,HaMeshahrerim Road/Tel Hai
13161,Haim Moshe Shapira/Zalman Aran
13163,HaAtsma'ut/Tashah
13164,Bne Brit
13165,Bne Brit
13166,Hakiriya School/Ha'Atsma'ut
13167,Hakiriya School/Ha'Atsma'ut
13168,Ha'Atsma'ut/HaTkuma
13169,Ha'Atsma'ut/HaTkuma
13171,Yerushalayim Blvd/Bne Brit Blvd
13172,Hakalanit/Mevo Ha'Etrog
13173,Hakalanit/Mevo Ha'Etrog
13174,Hava/Rivka
13175,HaTsiv'oni/Hakalanit
13176,Feinberg/Hahashmona'im
13177,Feinberg/Luzon
13178,Hakalanit/Mevo HaDmumit
13179,HaPrahim/Hakalanit
13180,Hayovel School/Hamelachim
13182,Dakar/Rivka
13184,Dov Gur/Nathan Elbaz
13185,Ibn Ezra/Yerushalayim Boulevard
13186,Ibn Ezra/Bialik
13187,Ibn Ezra/Arlozorov
13188,Yehuda Halevi/Ibn Ezra
13189,Lev Ashdod Mall/Yehuda Halevi
13190,Haim Moshe Shapira/Aran
13191,Yehuda Halevi/Dov Gaponov
13192,Yehuda Halevi/Bne Brit
13193,Lev Ashdod Mall/Ibn Ezra
13194,Lev Ashdod Mall/Ibn Ezra
13195,Nathan Elbaz/Dov Gur
13196,Ibn Ezra/Shmuel HaNagid
13197,Ibn Ezra/HaRav Nissim
13198,Ye'elim Blvd/Shai Agnon
13199,HaMeyasdim/Ben Ami
13200,Rogozin/Haim Moshe Shapira
13201,Abarbanel/HaHida
13203,Rogozin/Ari'e Ben Eli'ezer
13204,Yitshak HaNassi/Herzl
13205,Moshe Dayan Boulevard/Rogozin
13206,Derech Metsada/Yehuda Halevi
13207,Quarter A Commercial Center/Rogozin
13208,Masada Road/Abba Ahimeir
13209,Aba Hilel Silver/Nordau
13210,Hatayelet/Max Nordau
13212,Absorption Center B/Martin Buber
13213,Hatayelet/Max Nordau
13215,Aba Hilel Silver/Max Nordau
13216,Aba Hilel Silver/Max Nordau
13217,Yahalom School/HaRav Menahem Mendel Hager
13218,Yahalom School/HaRav Menahem Mendel Hager
13219,Yitshak HaNassi/Herzl Boulevard
13220,Yitshak HaNassi/Rogozin
13221,Yitshak HaNassi/Herzl Boulevard
13223,Atad/Karkum
13224,Shave Tsiyon/HaRishonim
13225,Atad/Kallanit
13226,HaRishonim/Shave Tsiyon
13228,Eden Partosh/Khanokh Gibton
13229,Shezaf/Tamar
13230,Rambam/Henrietta Szold
13231,Jabotinsky/Herzl Boulevard
13232,Hapa'amon Park/Havatselet Hanegev
13234,HaShalom Road/Arlozorov
13235,HaShalom Road/Yad VaShem
13236,Mekif Alef High School/Derech Hashalom
13237,Jabotinsky/Ya'ir Stern
13238,Jabotinsky/Aba Hilel Silver
13239,HaRishonim/Jabotinsky
13240,Jabotinsky/Ya'ir Stern
13241,Shuvu Banim School/Ort
13242,Ort/Yefe Nof
13243,Jabotinsky/HaHistadrut
13244,Jabotinsky/HaHistadrut
13245,Jabotinsky
13247,Ye'elim BLVD/Derech Metsada
13249,Aviya Mall
13250,HaRotem/Mevo HaSharvitan
13251,HaRotem/Mevo HaDganit
13252,HaNurit/HaRakefet
13253,HaRotem/Mevo HaKarkum
13254,HaRotem/Mevo HaKarkum
13255,Sanhedrin/Shprinzak
13256,Rabbinate & Religious Council/Sanhedrin
13257,Gas Station/Avraham Avinu
13258,Quarter V Commercial Center/Dov Gur
13259,Sha'ul HaMelekh/Abarbanel
13260,Abarbanel/Hatam HaSofer Plaza
13262,Dov Gur/Shlomo Ben Yosef
13264,Moriya/Hayim Nahman Bialik
13265,Bialik/Basel
13266,HaRav Messas/HaRav Kalisher
13269,Rashi/Rabenu Gershom
13271,Sokolov/Basel
13272,Dov Gur/Avraham Shapira
13273,Sha'ul HaMelekh/Shmgar HaShofet Plaza
13274,Avraham Shapira/Dov Gur
13279,HaRav Levin/Rashbi
13281,Municipal Swimming Pool/Nathan Elbaz
13282,Municipal Swimming Pool/Nathan Elbaz
13283,Nathan Elbaz/Yehuda HaMaccabi
13284,Yehuda HaMaccabi/Haim Huri
13285,Yitshak HaNassi/Bne Brit Boulevard
13286,Mivtsa Yo'av/Operation Kilshon
13287,Otsar Hahayim School/Ya'acov Dori
13288,Ramon Airport/Beer Ora Junction
13289,Yehuda HaMaccabi/Haim Huri
13290,Yitshak HaNassi/Shlomo Ben Yosef
13291,HaRav Levin/Yitshak HaNassi
13292,HaRav Levin/Yitshak HaNassi
13294,Yiga'el Yadin BLVD/Gat
13295,Eshkol School/Megido
13296,Sanhedrin/Yehuda Halevi
13297,Rashi/Petah Tikva
13298,Golda Meir Blvd/Behor Shitrit
13299,Yerushalayim Blvd/Rabenu Gershom
13300,Rabbi Tarfon/Yerushalayim Blvd
13301,Hativa Shmone/Jabotinsky Boulevard
13302,Hatserim Terminal
13303,Har Boker/Har Hermon
13304,Rashbi/Rabbi Yohanan Ben Zakay
13305,Har Ramon/Har Kna'an
13308,Ben Zakai/Ha'Amora'im
13310,Rabbi Yohanan Ben Zakay/Ha'Admor MiGur
13312,Dr.Reuven Hecht/Israel Epstein
13316,Rabbi Shimon Ben Shetach/Rabbi Yehuda HaNasi
13317,HaMada/Montreal Square
13318,Alta/Rabbi Shimon Ben Shetach
13322,HaPalmach/Rabbi Akiva
13323,Abba Ahimeir/Derech Metsada
13324,HaPalmah Blvd/Hanna Szenes
13326,HaPalmach/Ad Halom Bridge
13327,Jerusalem Boulevard/Montefiore
13328,Rambam/Kibbutz Galuyot
13329,Rambam/HaNasi Weizmann Blvd
13330,Rambam/Weizmann
13331,HaRav Yehya Kapah  /HaTibbonim
13332,Comprehensive A/Morde HaGeta'ot
13333,Shomron/Ovdat
13334,Uziyahu/HaRav Abramsky
13336,Narkis/Hartzit
13338,HaNegev Precinct Police/Jerusalem Boulevard
13339,Ha'Orgim/HaBana'im
13342,Amal School/Ha'Orgim
13343,HaYahalomim/Ha'Orgim
13344,Yigael Yadin Blvd/En Gedi
13346,Yerushalayim Blvd/Sha'ar HaGay
13348,Moledet School/Yerushalayim BLVD
13349,Narkis/Hartzit
13351,Jabotinsky/Bne Brit Boulevard
13352,Rimonim School/Golda Meir BLVD
13353,HaNehoshet/Ha'Avoda
13356,Ha'Avoda/HaNagar
13357,Ha'Avoda/HaYotser
13358,Ha'Avoda/HaYotser
13359,Laskov/HaYama'im
13360,Laskov Road/Mevo HaYama'im
13361,Laskov/Mevo HaYama'im
13362,Laskov Road/Mevo HaSapanim
13363,Tel Mor Road/Laskov Road
13364,Kaye College/Mordekhai Makleff
13365,New Port Gate/Laskov Road
13366,New Port Gate/Laskov Road
13367,HaBosem/Ba'ale HaMel'akha
13368,HaBosem/Ba'ale HaMel'akha
13369,HaBosem/Ha'Oman
13370,HaBosem/Ha'Oman
13371,Schlesinger/Ha'Avoda
13372,Rambam/Or HaHaim
13373,Ashdod Port Junction
13374,Mul Ha'Ir Commercial Center/HaMada
13375,Mul Ha'Ir Commercial Center/HaMada
13376,HaMada/Hahanihim
13377,HaMada/Hahanihim
13378,Levi Eshkol BLVD/Menahem Didner
13380,Ramot Sportive Center/Ha'arim Hateomot BLVD
13381,HaBetihut/HaKidma
13382,HaYozma/HaBetihut
13383,HaYozma/HaNeft
13384,HaMehkar/HaMada
13385,HaMehkar/HaKidma
13386,HaYozma/HaMehkar
13388,Klahim Junction
13389,Comprehensive A/Morde HaGeta'ot
13390,Levi Eshkol BLVD/Kalman Porat
13391,Menachem Didner/Nahum Sarig
13395,Rechasim School/Nahum Sarig
13396,Menachem Didner/Nahum Sarig
13397,Michael Hanegbi/Uzzi Narkis
13398,Levi Eshkol Blvd/Yossef Sharshevski
13401,Bne Re'em Jct/Yeshiva
13402,Re'em Masmiya Junction
13404,Komemiyut Junction
13408,Tifrah Entry
13409,Rashi/Entry
13410,Central Synagogue
13411,Yeshiva/Rambam
13412,Clalit/Rambam
13413,Hadassim School
13414,Beit Yosef/HaGiva
13415,Ramhal/Rashbam
13416,Yeshiva/Rambam
13417,Yeshivat Tifrah
13418,Grocery store
13419,Tifrah F
13420,Tifrah /Exit
13423,Efrayim/Naftali
13424,Hativat HaNegev/Negba
13426,HaTayasim Road/HaNevi'im Road
13427,Eshbol Junction
13428,Sde Zvi Junction
13429,Entrance/Nir Akiva
13430,Six Senses Shaharot
13431,Drorit/Maglan
13432,HaPo'alim/HaDagan
13435,Hakh'sharat HaYeshuv/HaZore'a
13436,HaKotser/Hahsharat HaYishuv
13437,Yerushalayim Blvd/Hefets Hayim
13438,HaRav Mas'ud Alfasi/Yalde Oslo
13439,Eli Cohen/HaRav Moshe Khalfon HaCohen
13440,HaPo'alim/HaPeles
13441,HaRav Moshe Halfon HaCohen/Hazon Ish
13442,Cinema City/David Hakham Blvd
13443,HaRav Abu Hatzeira/Ben Gurion
13444,Hazani/Ben Gurion
13448,Merkaz Orot/Jabotinski
13450,Ge'ulim/Asire Zion
13451,Dganya School/Jabotinski
13452,Hativat HaNegev/Bet Israel Yeshiva
13457,Refreshment station/Ein Bokek
13459,Weizmann/Rager Blvd
13460,Golda Meir School/Mivtsa Uvda
13461,Ariel Sharon/Yahadut Mexico
13462,Central Station/Urban Lines to North
13465,Agricultural Science Farm
13466,Agricultural Science Farm
13474,Ha'al/Livne
13475,Rashbi/Rabbi Yohanan Ben Zakay
13476,Zimrat Junction
13478,Harel School/Igal Hurvitz
13479,Rambam/HaMuchtar
13480,Rambam/Herzl
13481,Arara BaNegev/Entrance
13482,Beit Guvrin Junction East
13483,HaTsanhanim Blvd/Tsvi Ben Ya'akov
13485,David Ben Gurion BLVD/Derech HaShalom
13486,Beit Guvrin Junction West
13487,Johana Jabotinsky BLVD/Hativa Shmone
13488,HaDrod road/Efroni
13489,Neve Ze'ev Commercial Center/Johana Jabotinsky BLV
13490,HaRav Eliyahu Katz/Atad
13491,Eliyahu katz/Atad
13492,Naftali Herz Imber BLVD/Hativa Shmone
13493,Johana Jabotinsky BLVD/Avigdor HaMe'iri
13494,HaDror road/HaYona boulevard
13495,HaDror road/HaYona boulevard
13497,Meitarim High School
13498,Meitarim High School/Platforms
13499,Harel road/Gaon HaYarden
13500,Netiv Shalom/Border crossing
13501,Netiv Shalom/Border crossing
13502,Meitarim High School
13503,HaHaluts - Bet Ya'akov School
13504,Kadesh Barne'a
13505,Meitarim Education Complex
13506,Nitsana Junction
13507,Meitarim Education Complex
13508,Sha'ul HaMelech/Rehavat Hayil
13509,HaGoren/Alumot
13510,Golda Meir Blvd/Arthur Ruppin
13511,Kmehin
13512,Efraim Laron/Baz
13513,Efraim Laron/Khasida
13514,Kmehin Junction
13515,Nitzanim/HaGoren
13516,Ketsi'ot Junction to South
13517,Ketsi'ot Junction to East
13518,Soroka Outpatient Clinics/Ben Gurion University
13519,Yehuda HaNahtom/Yehoshua HaSoref
13520,Alexander Uriya Boskovich/Eden Partosh
13522,HaGoren/Nitzanim
13523,Oedeon Partos/Hemda and Tsvi Zinder
13524,Nitzanim
13525,Nitzanim
13526,Bet Noam/Shazar BLVD
13527,Commercial Center/Derech Eliyahu Nawi
13528,Hassin Esh Plant
13529,Ezuz - Center
13530,Yehuda HaNahtom/Yehoshua HaSoref
13531,Efraim Laron/Ha-Rav Misha'el Dahan
13532,Mifrasit Camp
13535,Alumot
13536,Ha'Orgim/Yehoshua HaTsoref
13537,Alumot/HaGoren
13538,Alumot/HaGoren
13539,A-Nur/A-Salam
13540,Amal High School Itzhak Rabin
13542,Golda Me'ir BLVD/Pinkhas Rosen
13543,Yud-Alef Terminal
13544,Yud-Alef Terminal
13545,Sha'ul HaMelech/Golda Me'ir BLVD
13546,Zimrat Junction
13547,Nahal Hever/Nahal Arugot
13548,Har Keren Junction
13549,Levi Eshkol Blvd/Professor Yosef Stern
13550,HeArim HaTe'omot BLVD/Rashal
13552,Amigur Nursing Home/Mivtsa Yoav
13553,Eli'ezer Ben Yehuda/Shim'oni
13554,Ha'Andarta/Uri Tsvi Grinberg
13555,Ha'Andarta/Yossef Tkoah
13556,Dr Re'uven Hecht/Ya'akov Hazan
13557,Yehoshua HaTsoref/Yehuda HaNahtom
13558,Naftali Herz Imber BLVD/Ha-Rav Misha'el Dahan
13559,Nahal Prat/Nahal Arugot
13560,Nahal Arugot/Nahal Tzihor
13561,Military Medical Camp
13562,Hachsharat HaYeshuv/Igal Alon boulevard
13563,Ezion School/Etrog
13564,Etrog/HaTe'ena
13566,Bet Gil HaZahav/Jabotinsky
13567,HaTe'ena/HaRimon
13568,Six Senses Shaharot
13569,Ashkelon Central Bus Station/City line
13570,Ofer boulevard/Itzhak Rabin boulevard
13571,Erez Crossing
13577,HaPrahim Road
13578,HaRehava Synagogue
13579,Youth Club
13580,Shivta Junction
13581,HaRehava Day Care
13582,Rabbi Nachman/Lubavitcher Rebbe
13583,Rabbi Nachman/Yitzhak Bashevis Singer
13584,Rabbi Nachman/Dvora Omer
13585,Rabbi Nachman/HaRav Ovadia Yossef
13586,HaRav Ovadia Yosef/HaRav Avraham Kook
13587,Menachem Begin/HaRo'e School
13588,Yosef/Lubawitch
13590,Ben Gurionn Road/Yitziat Europa
13591,HaDa'at/HaMada
13592,Tel Giv'on/Tel Lachish
13593,Mekif Zain School/Hada'at
13594,HaMelacha/Herzl Avenue
13595,Beit Kama East Junction
13596,Carmei Gat/Pickup
13597,Carmei Gat/Dropoff
13598,HaGdi Junction West
13599,Globus Center/Haim Bar Lev Avenue
13600,Globus Center/Haim Bar Lev Avenue
13601,Yigal Allon/Nachal Chever
13602,Yigal Allon/Tze'elim
13603,HaTe'ena/HaGefen
13604,Road 3500/Shir HaShirim
13605,Shir HaShirim/Road 3500
13606,Shir HaShirim/Road 3500
13607,Shir HaShirim
13608,Shir HaShirim
13609,Shir HaShirim/Pardes Rimonim
13610,Shir HaShirim/Eshkolot HaGefen
13612,Berchiya Junction/Road 3500
13613,Ashelim/Road 211
13614,Ashelim/Road 211
13615,Sheshet Hayamim/Shachmon
13616,HaTavlinim/Sheshet HaYamim
13618,Dafna/Gdilan
13619,Durban/Kamaan
13620,Durban/Tarshish
13621,Heyl Hayam/Yordey Hayam
13622,Shai Agnon/Shapira
13623,Rabbi Baruch Sabag/Daphna
13624,Rabbi Baruch sabag/Jezreel Valley
13625,Te'ashur Junction
13626,Rabbi Baruch Sabag/Emek Hefer
13627,Shivta Camp
13628,Rabbi Baruch Sabag/Cemetary Exit
13629,Rabbi Baruch Sabag/Zvulun
13630,Avishalom Factory North
13631,Avishalom Factory South
13632,Of HaNegev
13633,Rahat Junction North/Entrance
13634,Te'ashur Junction
13635,Rahat Junction North
13636,Rahat Junction North
13637,Ramot School/Hada'at
13638,Rahat Junction South/Entrance
13639,Mishmar Hanegev Junction/Entrance
13640,HaMeron/HaRechasim
13641,HaKormim/Sha'ar Yeshuv
13643,Derech HaYam/HaKormim
13644,Derech HaYam/Sabri Maranan
13645,Derech HaYam/HaYotzrim
13646,Derech HaYam/Third Mile
13647,Derech HaYam/Third Mile
13648,Derech HaYam/Hamra
13650,Derech HaYam/Hamra
13653,Derech HaYam/Ariel Sharon
13654,Ariel Sharon/Derech HaYam
13655,Derech Eretz/Hamra
13658,Hodiya Junction
13659,Hodiya Junction
13660,Hodiya Junction
13661,Derech Eretz/Third Mile
13662,Derech Eretz/HaKormim
13663,Derech Eretz/Hayotzrim
13664,Menachem Begin/Deretz Eretz
13665,Remez/Eli Cohen Terminal
13666,Remez/Eli Cohen Terminal
13667,Giv'ati Junction
13668,Remez Terminal/Platforms
13669,Remez Terminal/Dropoff
13670,Amudei Shlomo/Shazif Alley
13673,Harim Road/Carmel
13677,Ramot School/Hada'at
13679,HaNassi Junction
13680,HaSetet/Hativat Golani
13681,Ramon Camp
13683,Ummanuel Camp Intersection
13685,Immanuel Camp/Negba
13686,Hativat Golani/HaBardelas
13687,Hativat Golani/HaBardelas
13689,Retamim Center
13692,Masu'ot Yitshak Junction
13693,Masu'ot Yitshak Junction
13694,HaTmarim Avenue/HaHaskala
13695,Mekif Zain School/Hada'at
13698,Retamim Road
13700,HaTmarim Avenue/Hashechem
13701,Nehora Junction/Otsem
13702,Kibbutz Ruhama - Dining Room
13703,Retamim Road
13709,Ashalim Junction
13711,Ashalim Junction
13712,Shapira Center Junction
13713,Shapira Center Junction
13719,En Tsurim Junction
13720,Retamim Junction
13721,En Tsurim Junction
13722,Kfar Retamim Junction
13724,Rahat South Junction
13728,Revivim - Center
13729,Revivim - Exit
13730,Revivim - Entry
13735,Ru'ah Midbar
13736,Sde Tsvi Junction
13739,Tsiporim Junction
13740,Tsiporim Junction
13742,Los Angeles/Shachman
13743,Bar Lev Camp
13744,Bar Lev Camp
13746,Quarry
13747,Zohar HaMidbar Farm
13749,Kiryat Malachi Fork/Yigal Horowitz
13751,Kiryat Mal'akhi Intersection/Ben Gurion
13756,Plugot Camp
13757,Quarry
13758,Revivim Junction
13759,Golda Park
13760,Timorim Junction
13761,Moshav Avigdor
13764,Laskov Camp
13766,Uza Junction
13767,Uza Junction
13773,Kedma Junction
13774,Duvdevan/Mishol Alon
13775,Duvdevan/Mishol Banana
13776,Sheshet HaYamim/Hashmonaim
13777,Etan Junction
13778,Sheshet HaYamim/En Netafim
13779,HaHashmonaim/Mashul Ha'amonim
13780,Malkhe Israel/HaDarom Road
13781,Uri Tsvi Greenberg/HaDa'at
13782,Kedma Junction
13783,Malkhe Israel/Adorayim
13784,HaHashmonaim/Bnei Israel
13785,HaHashmonaim/Bnei Israel
13786,HaHashmonaim/HaCna'anim
13787,Micha'el HaNegbi
13788,Harim Road/En Netafim
13789,Harim Road/Aviv
13790,En Netafim/Bne Israel
13791,En Netafim/Sheshet HaYamim
13792,Hativat HaNegev Avenue/Mashul Einav
13793,HaTavlinim Road/Dafna
13796,Bir Asluj Junction
13798,Dafna/Marva
13800,Tlalim Junction
13803,HaBsamim/Cinamon
13804,Dudaim/Limonit
13805,Dudaim/HaTavlinim Road
13806,HaTavlinim Road/Rosmarin
13807,Nir Banim Junction
13808,Ahuzam Junction
13809,Ahuzam Junction
13810,HaTavlinim Road/Rosmarin
13811,HaTavlinim Road/Pereg
13812,HaTavlinim/Shibolim
13813,Sheshet HaYamim/Sara Imenu
13815,Fire Station/Sheshet HaYamim
13816,Sara Imenu/Esther HaMalka
13817,Tlalim Junction
13818,Derech Harim/Sara Imenu
13819,En Ya'hav/Harim Road
13820,En Ya'hav/En Akev
13822,Ein Yahav/Ein Netafim
13823,Ramat HaNegev Regional Council
13824,Ein Netafim/Ein Yahav
13825,Ein Yahav
13826,Ein Yahav
13827,Ovdat/Antiquities
13828,Ovdat/Antiquities
13830,Hativat HaNegev/Midbaron
13834,Mash'abim Camp
13835,Kibbutz Tlalim Junction
13837,Nafha Prison
13838,Nafha Junction
13839,Nafha Junction
13841,Midreshet Ben Gurion Junction
13845,Tel Givon/Tel Shiloh
13846,Tel Lachish/Nativ HaNachash
13847,Eilat Entrance Parking
13848,Yotam Road/Grof Square
13850,Midreshet Ben Gurion Junction
13851,Kiryat Gat Central Station/Alight
13852,Segula Junction
13853,Nitzan Junction North
13854,Pitchat Shalom Junction/2200
13855,Shevet Azazme
13856,Pitchat Shalom Junction/2200
13857,Kochla School
13858,Ramat HaNegev Regional Council
13859,Tel Arad School/Road 80
13860,Tel Arad School/Road 80
13861,Yitzhak Rager/Ringelblum
13862,Nafha Prison
13863,Afikin BaNegev/Yitshak Salma
13864,Hatsav Junction
13865,Afikin BeNegev/Tidhar
13866,Kibbutz Tlalim Junction
13867,Nahal Boker
13868,Midreshet Ben Gurion
13869,Mash'abim Junction
13870,Mash'abim Junction
13871,Herzl Rosenblum/Meer Grossman
13872,Masada West
13873,Road 25/Midbarim
13874,Road 25/Midbarim
13875,Midbarium
13876,Nahal Oz Intersection
13877,Eilat Mountains/Argaman Mountain
13878,Menachem Begin Avenue/HaTa'asiya Avenue
13879,Re'em Junction
13880,Shevet Zanun
13881,Sa'ad Ben Waqas 8
13882,Sa'ad Ben Waqas 7
13883,Sa'ad Ben Waqas 6
13884,Mash'abe Sade Junction
13885,Sa'ad Ben Waqas 5
13886,Kibbutz Mash'abe Sade
13887,Sa'ad Ben Waqas 4
13888,Sa'ad Ben Waqas 3
13889,Mash'abe Sade Junction
13890,Ben Gurion Hut
13891,Ben Gurion Hut
13892,Shevet Zanun
13893,Sa'ad Ben Waqas 2
13894,Har HaNegev Field School
13895,Kibbutz Sde Boker Junction
13896,Eli Cohen Square/David Tuviyahu BLVD
13897,Halukim Junction
13898,Sa'ad Ben Waqas 1
13899,Sa'ad Ben Waqas/Abu Bakr A-Sidiq
13900,Al Quds/Square
13901,Halukim Junction
13902,Sde Boker - Center
13903,Sports Arena/Al-Murabitun
13904,Sports Arena/Al-Murabitun
13905,Al-Murabitun/Al-Manara
13906,Al-Murabitun/Al-Manara
13907,Be'er Sheva Central Station/Interurban Platforms
13908,Al-Murabitun/Al-Ansar
13909,Al-Murabitun/Al-Ansar
13910,Yusuf Abu Arar/A-Sadaq
13911,Yusuf Abu Arar/A-Sadaq
13912,Al-Murabitun/Yusuf Abu Arar
13913,Al-Murabitun/Yusuf Abu Arar
13914,Nahal Nitsana/En Shaviv
13915,A-Nawars
13916,A-Nawars
13917,Al-Janan
13918,Al-Janan
13919,Merkaz Oren/Yitzhack Rager
13920,School/Al Quds
13921,Al-Quds/Al-Ansar
13922,Al Quds/A-Nassar
13923,Al Quds/A-Nassar
13924,Al Quds/Square
13925,Eged Parking
13926,Avshalom Junction/Dekel
13927,Road 3703/Shtulim Exit
13928,City Market/David Hacham BLVD
13929,
13930,En Zik/En Ovdat
13931,Sirpad Creek/Mt. Gamal
13932,Trashim Creek/Nahal Nitsana
13933,City Market/David Hacham BLVD
13934,
13935,Derekh Hebron/David Hacham BLVD
13936,Midreshet Or HaDarom
13937,En Zik/En Akev
13938,
13939,Nahal Nitsana/Nahal Ayalot
13940,
13941,
13942,Arod Creek/Meishar.Creek
13943,Soroka Medical Center/Ben Gurion
13944,Har Oded/Har Boker
13945,
13946,Nachal Tziyah/Nachal Meishar
13947,
13948,The Library
13949,Soroka Outpatient Clinics/Ben Gurion University
13950,
13951,Ohale Kedar Junction
13952,
13953,Ohale Kedar Junction
13954,
13961,Rothschild/Khayim Yakhil
13962,Yitshak Matsliah Junction
13965,Commercial Center/Mitspe Ramon
13966,Nachal Gropit/Nachal Arud
13967,Grofit Creek/HaEla Creek
13969,Emek Sara Industrial Zone
13972,Yitshak Matsliah Junction
13974,Ohalim (Hanokdim) Junction
13976,Ha'Ela Creek/Zin Creek
13981,Electricity Company
13983,Ben Gurion University Sports Center
13985,Electricity Company
13986,Neot Hovav Junction
13989,Neot Hovav Junction
13991,Kedar Prison/Dekel
13992,Students Dorms/Ben Gurion BLVD
13998,Eliyahu Nawi/Yosef ha-Bursekai
14000,HaRuhot Junction
14001,HaRuhot Junction
14002,Camp 892
14003,Camp 892
14006,Yig'al Alon BLVD/Hakh'sharat HaYeshuv
14008,Commercial Center/Derech Eliyahu Nawi
14013,Yig'al Alon BLVD/Hakh'sharat HaYeshuv
14015,Eliyahu Nawi/David Ben Gurion BLVD
14030,Ramat Beka Junction
14032,Tel Sheva Junction
14033,Tel Sheva Junction
14035,Negev Junction
14041,Negev Junction
14042,Negev Junction
14043,Omer West Junction
14044,Erez/Sissam Alley
14045,Erez/Rotem
14046,Tamar/Hatsav
14047,Omer West Junction
14048,Tamar/Hatsav
14050,Ad'ad/Hatsav
14051,Segev Shalom Intersection/Road 25
14053,HaShita/Oren
14055,Oren/Sigalon
14057,Eshel/Tsabar
14061,Tsabar/Shikma
14062,Tapuz/Ela
14063,Omer Interchange
14066,Eucalyptus/Haruv
14069,Ariel Sharon Camp/Road 224
14070,Segev Shalom Intersection/Road 25
14071,Ariel Sharon Camp/Road 224
14073,Nevatim Intersection/Road 25
14078,Nevatim
14080,Shelter
14082,Um Batin Junction
14086,Nevatim
14089,Nevatim
14091,Meitar Interchange Northbound
14092,Meitar Interchange to Meitar
14093,HaKeshet/HaBarak
14094,Bernstein/Ha'Ofek
14095,Rekhassim/HaKeshet
14097,Giv'at Yeruham Junction
14098,Giv'at Yeruham Junction
14100,Metar Junction
14102,Metar Junction
14106,Kramim Junction
14108,Kramim Junction
14110,Asher Sanker/HaBiluyim
14111,Asher Sanker/Hadarim
14112,Kol Ya'akov School
14118,Bernstein/Gush Etsyon
14123,HaPalmach/Yitshak Sade
14125,HaHagana/HaPalmach
14126,HaNevi'im/Rashi
14127,Hevron Blvd/Parag
14128,Municipal Stadium
14130,Hevron Blvd/Parag
14131,Metar Road/Omarim Boulevard
14133,Har'el Road/Yatir Road
14136,HaBsor Rd/Metar Rd
14137,Yatir Junction
14138,HaBsor Road/Zin
14139,Yatir Road/Ziklag
14140,HaBsor Road/Morag
14141,Yatir Road/Zohar
14145,Nevatim Camp
14151,Nevatim Junction
14153,Har Dragot Quarry/Darijat
14154,Har Dragot Quarry/Darijat
14156,Ksaifa Junction
14164,Local Council
14166,Kuseife/Yatir Station
14171,Agavot
14173,Tel Arad Junction
14176,Arad Park
14179,Horse Farm
14183,Arad Industrial Zone
14186,Nahal/Peleg
14187,Eshed/Nahal
14188,Industrial Zone
14191,Bokek/Yuval
14195,Lev Simha/Eshed
14196,HaTa'asiya/Shayish
14197,Lev Simha/Ben Ya'ir
14200,HaTa'asiya/Plada
14201,Kfar Neradim/Ben Ya'ir
14204,HaKana'im/Uziyahu
14211,HaKana'im/Haruv
14212,El'azar Ben Yair/Yehuda
14213,El'azar Ben Yair/Hen
14214,HaKana'im/Uziyahu
14217,Hevron/Netiv Te'ena
14218,El'azar Ben Ya'ir/Shim'on
14221,Fire Fighters/HaTa'asiya
14222,Fire Fighters/HaTa'asiya
14223,Yehuda/Hen
14225,El'azar Ben Ya'ir/Hevron
14226,El'azar Ben Yair/Hevron
14229,Yehuda/Hen
14230,Arad Junction
14231,Shuk
14232,Yerushalayim/Shim'on
14233,HaPoalim Council
14235,Shuk
14236,Yerushalayim/Shim'on
14244,Dukhifat/Zarzir
14248,Ashkenaz Central Synagogue/BenYa'ir
14251,Dukhifat/Ayit
14253,Arad Municipality
14255,HaKana'im/Yoshiyahu
14256,Youth Center/Yoshiyahu
14259,Sfarad Central Synagogue/Ben Ya'ir
14261,Yehuda/HaMaccabim
14262,Ort High School/Yoshiyahu
14264,Yehuda/HaMaccabim
14266,Palmah/En HaTkhelet
14273,Tsabar/Palmah
14277,Ort High School/Ben Ya'ir
14278,Mo'av/HaGil'ad
14281,En HaTkhelet/Tsabar
14283,En HaTkhelet/Hartsit
14287,HaGil'ad/Ahva
14288,HaGil'ad/Ahva
14295,HaGil'ad
14299,HaGil'ad/Mivtsa Lot
14300,Ahva/Hacarmel
14302,Vered/Irit
14303,Vered/Irit
14309,Nof/Migdal
14310,HaCarmel/Nof
14313,Tsiv'oni
14323,Mo'av/Leshem
14324,Mo'av/Leshem
14325,Yefe Nof Hotel
14326,Yefe Nof Hotel
14328,Massada Hotel
14330,Post Office/Yitzhack Rager
14331,Big Center/Derech Eliyahu Nawi
14336,David Ben Gurion BLVD/Ya'akov Gershfeld
14340,Yitzhack Rager/Weizmann
14341,David Haham Blvd/Binyamin Ben Asa
14345,Avigdor Junction
14348,Netivot West Junction
14349,Netivot West Junction
14358,HaDekel/Ma'agal HaGefen
14359,Herzl – Pais Center
14360,Herzl/Hoveve Tsiyon
14361,HaKerem/Alon
14362,Tamar/Rotem
14364,Omer High School
14365,Tamar/Rotem
14367,Hadar/Tamar
14368,Tapuz/Ela
14369,Tapuz/Eucalyptus
14370,Deganit/Dardar
14371,Dekel/Tapuz
14372,HaHorsha/Tapuz
14373,Eucalyptus/Tsiporen
14374,Eucalyptus/Dvoranit
14375,Eucalyptus/Kokhvan
14376,Shaked/Ela
14377,Hativat HaNegev Junction
14379,David Ben Gurion BLVD/Yehoshua HaTsoref
14381,David Ben Gurion BLVD/Derech HaShalom
14382,Hativat HaNegev Junction
14384,Har'el Road/Be'eri
14385,Geon HaYarden/Tamar
14386,Geon HaYarden/HaShalom Blvd
14387,Metar - Local Council
14388,HaBsor Rd/Ofarim
14389,Yatir Road/Ktura
14395,David Ben Gurion BLVD/Ha'Orgim
14400,Natan Camp Junction
14401,Ohalim (Hanokdim) Junction
14402,Tsor Camp
14403,Tsur Camp Junction
14404,Bernstein/HaPark
14406,Yeruham Tech/Tsvi Borenstein
14407,Matnas
14408,HaHagana/HaYasmin
14409,HaHadarim/Asher Sanker
14410,Pesel HaZehut/Tsvi Bornstein
14414,Bernstein/HaDekel
14415,Tsur Camp Junction
14418,Ramat Beka Junction
14420,Natan Camp Junction
14424,Haruv/Tidhar
14425,Talmud Tora/Uziyahu
14426,Talmud Tora/Uziyahu
14428,Tapu'ah/Shezaf
14429,Meitar Interchange to Arad
14433,Sal'it/Agamit
14434,Sal'it/Yas'ur
14435,Sal'it/Dukhifat
14449,Air Force Technological College/Derech Ilan Ramon
14450,Eshkholot Junction
14453,Uri Zvi Greenberg Boulevard/Avital Avigdor Road
14454,Ben Gurion University Sports Center
14455,Uri Zvi Greenberg Boulevard/Yaakev Marsh
14457,Shaked/Eucalyptus
14458,Ad'ad/Marganit
14459,Omer Industrial Zone
14461,Omarim/Alumot
14464,Hamada Omer Park
14465,Hatsav Junction
14468,Har Keren Camp
14473,Hasa Camp
14482,HaGil'ad/HaSport
14484,Mivtsa Lot/Sayarim
14485,Ahva/Hacarmel
14486,Irit/Vered
14487,Sayfan/Kalanit
14488,Vered/Narkis
14490,Shoham/Odem
14492,Mishmar/Shoham
14493,Odem/Mishmar
14494,Odem/Shoshan
14495,Odem/Rimon
14496,Gal/Nof
14498,Gal/Ma'oz
14499,Gal/Nof
14500,Odem/Rimon
14501,Sde Zvi Junction
14502,Hel Avir/Hel Handasa
14503,Jewish Culture Center/HaRambam
14505,HaRambam/Moshe Zerah
14506,Nitsan/HaRav Bin Nun
14508,Yona/Miriam HaNevia
14509,Moshe Rabenu/Rivka Alley
14510,Moshe Rabenu/Avraham Alley
14513,Golomb/Nitsana Alley
14514,HaBanim/Ya'ara
14516,London/Nice
14517,Sderot - Pool
14518,Swimming Pool/HaBanim
14519,Golomb Square/Golomb
14520,Sara Alley/Yirmiyahu
14522,Moshe Rabenu/Ya'akov Alley
14523,Neve Eshkol Pais Center
14525,Urim Center
14531,Jabontinsky/HaVatikim Road
14533,Shuk
14534,Fire Fighters
14537,HaHaruv/Ha'Arazim
14538,HaHaruv/Bayit VeGan Road
14540,Hefets Hayim/Rafa'el Alnaqua
14541,Hefets Hayim/Rafa'el Alnaqua
14542,Hefets Hayim/Shabazi
14544,Amatsya/Ctr
14545,Shekef/Ctr
14553,Erez/Center
14555,Talme Yosef Center
14556,Sde Avraham Center
14557,Talme Eliyahu
14558,Talme Eliyahu
14561,Prigan Center
14562,Tsoher Clinic
14564,Ohad Center
14565,Zohar Facility
14567,HaGefen/Dukhifat
14570,HaGefen/Gibton
14571,Kisufim
14572,Cemetery
14573,Ben Gurion/Ben Amar
14577,Telem Road/3412
14579,Bet Shikma Junction
14580,Bet Shikma A'
14581,Ge'a A
14582,Ge'a B
14583,HaKfar Road/HaGay Road
14585,Revaha Junction
14586,Revaha A
14587,Revaha B
14588,Hatserim Camp
14590,Igal Horovitz/HaRimon
14592,Igal Horovitz/HaRimon
14593,Yigal Horowitz/Baal Hatanya
14594,Aluma/3533
14595,Hatserim Junction/2357
14596,Hatserim/2357
14597,Food Base - Hatserim
14598,Food Base - Hatserim
14599,Air Force Museum Camp
14600,Hatserim Junction
14601,Kibbutz Hatserim
14603,Bet Guvrin
14604,Lachish Training Base
14605,District Headquarters
14606,Merhav Building Base
14608,Brosh Center
14611,Tidhar/Ctr
14615,En HaShlosha Interchange/Kisufim Junction
14616,Nir Am/Ctr
14619,Ma'on Junction
14621,Magen Center
14622,Regional - Plants
14623,Urim Intersection
14624,Urim Intersection
14625,Camp Urim
14630,Zavdi'el/3533
14634,Nir Akiva Junction
14637,Zeru'a Junction
14639,Nir Akiva Junction
14641,Komemiyut/3533
14644,293/2932
14647,Zikim Junction
14648,Ami'oz Center
14649,Tsohar Junction
14650,Tsohar Junction
14655,Kerem Shalom Center
14656,Sufa Center
14657,Tse'elim Center
14659,Kibbutz Dvira Interchnge
14660,Dvira Junction
14661,Dvira Junction/3255
14663,HaShvatim/Asher
14664,Ha'Alon Path/HaDekel Path
14665,HaShvatim/Asher
14666,Ofer Boulevard/HaSokhnut HaYehudit
14667,Municipal Swimming Pool
14668,HaNassi/HaZayit
14669,HaNassi/HaZamir
14670,Ort/Bezalel
14671,HaShoftim/Avimelekh
14672,David Remez/HaPalmach
14673,Ort High School
14674,Ort School
14675,Exodus/Yahadut Sfarad
14676,Yahadut Sfarad/Exodus
14677,Yahadut Sfarad/Ofira
14678,Yahadut Sfarad/Ofira
14679,Yahadut Sfarad/Kanfe Nesharim
14680,Yahadut Sfarad/Kanfe Nesharim
14681,South Africa/Mahal
14682,South Africa/Johannesburg
14683,South Africa Blvd/Tagar Aliza
14684,South Africa/Hakalanit
14685,South Africa/Hakalanit
14686,Ort/Pines
14687,Ort/Pines
14688,South Africa Blvd/HaLuz
14689,South Africa/HaShaked
14690,Tsfanya Square
14691,South Africa/HaNarkis
14692,Ort/Tsfanya
14693,Afridar Center/Zfania Square
14695,South Africa/Zonaband
14696,South Africa/HaRakefet
14697,KKL/Eliyahu HaNavi
14699,Railway Station Ad Halom Terminal/Alight
14702,HaTayasim/HaTsanhanim
14703,Tsvi Segal/Yiftah HaGil'adi
14704,Tsvi Segal/Yiftah HaGil'adi
14705,Max Nordau/Kdoshe Belzen
14707,Motta Gur/Yitshak Rabin Boulevard
14708,Abba Ahimeir/Bar Kokhba
14709,Tsvi Segal/Shamgar Lane
14710,Segal/Ben Yo'ash
14712,HaEstel Blvd/Edmond de Rothschild
14714,Talme Yafe
14716,Quarter V Commercial Center/Dov Gur
14720,HaShvatim/Yehudit
14721,HaShvatim/Yehudit
14722,HaShvatim/Hannah Szenes
14724,Re'uven/Dan
14725,Re'uven/Dan
14728,Hutsot Mall/Katznelson
14729,Hutsot Mall/Katznelson
14730,Ashkelon Train Station/Platforms
14732,Commercial Center/HaPninim
14733,Commercial Center/HaPninim
14734,Exodus/Hofit
14735,Exodus/Yamit
14736,Exodus/Mivtsa Moshe
14737,Exodus/Mivtsa Moshe
14738,Ha'Etzel/Moshe Sharett
14739,HaEstel Blvd/Moshe Sharet
14740,Shai Agnon/Kupat Holim
14741,Gat Boulevard/Mevo Yesha'yahu
14742,Gat Blvd/Mevo Yesha'yahu
14743,Gat Boulevard/Lakhish Boulevard
14744,Gat Boulevard/Mevo Binyamin
14745,HaBetihut/HaPlada
14746,Shivtei Yisrael/Mishol Shimon
14754,HaKomemiyut/HaMahtarot
14755,Gat Blvd/HaHayal Ha'Almoni
14756,Gat Boulevard/HaMa'avak
14762,HaRimon/Dekel
14765,Shal'on Comprehensive High School
14766,Shuk/HaGefen
14767,HaGefen/Gat Center Mall
14775,Gat Blvd/HaMargalit
14777,Ha'Atsma'ut Blvd/HaPardes
14781,Gat Boulevard/HaKomemiyut
14782,Gat Boulevard/HaKomemiyut
14783,Gat Boulevard/HaMargalit
14784,HaKomemiyut/Gat Blvd
14786,Bituah Leumi/HaAtzmaut Boulevard
14787,Komemiyut/Shmu'el HaNavi
14788,Adorayim/Ramot David
14789,Gat Blvd/Giv'ati
14791,Adorayim/HaGvura
14792,HaRav Ovadia Yosef/Gat  Blvd
14793,HaRav Ovadia Yosef/Mevo Snir
14794,HaRav Ovadia Yosef/Hidekel
14795,Adorayim/Mevo Livne
14796,Adorayim/Mevo Azeka
14797,HaRav Ovadia Yosef/Atare HaMikra Blvd
14798,HaRav Ovadia Yosef/Atare HaMikra Blvd
14800,Maccabi Kupat Holim/Adorayim
14801,Shivte Israel/Yosef Alley
14802,Shivte Israel/Gad Plaza
14803,Shivte Israel/Naftali
14804,Gat Boulevard/Re'uven
14805,Adorayim/Mevo Livne
14806,Adorayim/Ramot David
14807,Gat Boulevard/HaHayal Ha'Almoni
14808,Gat Boulevard/HaYarden Alley
14811,Adorayim/Tsahal Boulevard
14812,Adorayim/Tsahal Boulevard
14814,Adorayim/Exodus
14815,Adorayim/Struma
14816,Revaha/3535
14817,Revaha D
14818,Revaha/Sports Ground
14819,Sports Ground/Revaha
14822,Kerem/Gefen
14826,Kiryat Malachi Municipality/Jabotinsky
14827,Kiryat Malachi Municipality/Jabotinsky
14830,Rashi/Ben Gurion
14831,HaKirya Mall/Jabotinsky
14832,Jabotinsky/HaGalil
14836,Jabotinsky/HaGalil
14838,Yerushalayim Blvd/Yosef Samlo
14840,HaRav Abu Hatzeira/Yerushalayim
14844,HaRav Abu Hatzeira/HaRav Hai HaCohen
14845,Abu Hatzeira/Hay Cohen
14847,Yerushalayim Blvd/Shivte Israel
14848,HaRav Gershonowitz/Egoz
14849,HaRav Gershonowitz/Hal HaYam
14851,Yerushalayim Blvd/Bar Ilan
14855,Darchei Raphael/Rabbi Gershonowitz
14856,HaRav Gershonowitz - Baba Sali
14857,Abu Hatzeira/HaRambam
14861,Ohale Shem Synagogue/Samelo
14863,Barlev/Borochov
14864,Barlev/HaMeginim
14866,Yoseftal/HaMa'apilim
14867,Herzl/Kadesh
14869,Enosh Occupational Center/Herzl
14870,Herzl/Nurit
14871,Police
14873,Yerushalayim Road/She'ar Yashuv 3
14875,Yoseftal/Mivtsa Sinai
14876,City Hall
14878,Yigal Allon/Yahadut Italia
14880,Yehoshua Bin Nun/Nahum
14881,Yehezkel/Yehoshua Bin Nun
14882,Yehezkel/HaAliya Road
14883,Yerushalayim Road/Nahshon
14887,Yahadut Italia/Ibn Gvirol
14890,Yerushalayim Road/Herzog
14891,Kehilat Milano/Dublin
14892,Paris/Nice
14893,Paris/Helsinki
14895,Yerushalayim Road/Moshe Dayan Road
14896,Bar Lev/KKL
14897,Barlev/Yetsi'at Eropa Alley
14898,Barlev/HaMaccabim
14902,Patish Center
14903,Kibbutz Bet Kama
14904,David HaMelekh/Assa
14905,David HaMelekh/Assa
14906,Kibbutz Galuyot/Herzl Blvd
14908,Kibuts Galuyot/Dado Square
14909,Kibuts Galuyot/Kadesh
14910,Kibbutz Galuyot/Haim Huri
14912,Haim Huri/Pri Megadim
14913,Pri Megadim/Haim Huri
14917,Pri Megadim/Ha'Enav
14918,Pri Megadim/Ha'Enav
14919,Moshe Sharett/HaShaked
14920,Moshe Sharett/Herzl Boulevard
14921,Moshe Sharett/HaHaruv
14922,Moshe Sharett/HaHaruv
14925,Yerushalayim/Kiryat Sefer
14926,Kiryat Sefer/Eliyahu HaTishbi
14927,Kiryat Sefer/Eliyahu HaTishbi
14928,Migdal Hamayim
14929,Migdal Hamayim
14930,Kiryat Sefer/Yo'el
14931,Pri Megadim/HaTamar
14932,Pri Megadim/Arava
14933,Pri Megadim/HaGoren
14934,Pri Megadim/Arba'at HaMinim
14935,David HaMelekh/Shlomo HaMelekh
14936,David HaMelekh/Shlomo HaMelekh
14938,Maslul Center
14939,Zavdi'el A
14941,Lakhish/Ctr
14942,Ha'Orgim/Ba'ale Mel'akha
14946,Nir Moshe
14949,Zeru'a/Synagogue
14950,Rivka Gover School
14951,Lakish Regional Council
14952,Avshalom Center
14953,Yevul Center
14955,Karmiya
14956,Yated Center
14957,Yesha Center
14958,Mivtahim Center
14962,Dekel Center
14963,Ilanot/HaSe'ora
14964,Ha'Ilanot/HaHita
14965,Komemiyut/Office
14966,Bet Rachel High School
14967,En HaBsor Center
14968,Vered
14969,Tamar Blvd/Vered
14970,Pais Community Center/Vered
14972,Tamar Boulevard/Lotem
14973,Vered
14974,Tamar Blvd/Narkis
14975,Vered/Zugan
14977,Zavdiel D
14978,Netiv HaAsara
14983,Shapira/Shani Eliyahu
14984,Shapira/Gdud HaPortsim Lane
14985,HaHistadrut/Yehuda Halevi
14986,Tennis Center
14987,Tennis Center
14988,Bialik/Ben Zoma
14989,Bialik/Ben Zoma
14990,Bialik/Keren HaYessod
14991,HaTehiya/Assaf HaRofeh
14995,David Remez/Ben Gurion
14997,Bar Kokhba/Mahal
14999,Bialik/Efrayim Tsur
15000,Bialik/Efrayim Tsur
15001,Barzilai Hospital
15002,Barzilai Hospital
15003,HaHistadrut/HaAri
15004,Child & Adolescent Center/HaHistadrut
15005,Bialik/Giora Yoseftal
15006,Bialik/Yoseftal
15007,Ben Tsvi/Gibore Shihrur
15008,Pki'in/Megido
15009,Pki'in/Eli Cohen
15010,Remez Terminal/David Remez
15016,HaTehiya/Ezra
15018,HaShoftim/Avimelekh
15021,Ben Gurion Boulevard/Eshta'ol
15022,City Hall
15023,Ashkelon Municipality
15025,HaNassi/HaPardes
15028,Begin Boulevard/Ami'ad
15029,Menachem Begin Boulevard/Yitshak Rabin Boulevard
15030,Menachem Begin Boulevard/Yitshak Rabin Boulevard
15033,Bar Kokhba/Mahal
15034,Mahal/Bar Kokhba
15035,Begin Boulevard/Ami'ad
15036,Begin Boulevard/Ami'ad
15037,Kadesh Boulevard/Yerushalayim Boulevard
15038,Bar Kokhba/Klein Center
15039,Bar Kokhba/Klein Center
15040,Bar Kokhba/HaTayasim
15041,HaTayasim/HaShayetet
15042,HaTayasim/Neve Hof
15044,Bar Kokhva Beach
15045,Bar Kochva Beach/Yefe Nof
15046,Avraham Stern/Bet El
15047,Bet El/Helmonit
15048,HaTayasim/Moshe Dorot
15049,HaTayasim/Bet El
15050,Commercial Center Yud-Gimel/David HaMelekh
15051,HaTayasim/Hil
15052,HaTayasim/HaShayetet
15054,Yerushalayim Boulevard/Yitshak Rabin Boulevard
15055,Yerushalayim Boulevard/Bar Kokhba
15058,Abba Ahimeir/Bar Kokhba
15061,Altalena
15062,Montefiore Blvd/Trumpeldor
15063,Montefiore Boulevard/Yerushalayim Boulevard
15067,Yefe Nof/HaShunit
15068,Yefe Nof/HaShunit
15069,Kokhav HaTsafon/Oved Ben Ami Boulevard
15075,Bar Kokhba/Beit Canada
15076,Bar Kokhba/Beit Canada
15077,HaTayasim/Modi'in
15078,Marina/Yefe Nof
15082,Lido Beach/Hatayelet
15084,Keren Hayessod/HaShayatim
15086,Rothschild/Ahimeir
15087,Marina/Yefe Nof
15088,Montefiore Boulevard/Haside Umot Ha'Olam
15091,Yekutiel Adam/Yefe Nof
15093,Holiday Inn Hotel
15094,Yerushalayim Blvd/Tirtsa
15095,Yerushalayim Blvd/HaEtsel Blvd
15096,Moshe Dayan Boulevard/Oved Ben Ami Boulevard
15097,HaShoftim/HaTehiya
15098,HaPlada/HaTa'asiya Boulevard
15099,Commercial Center/HaPlada
15100,HaTa'asiya Blvd/HaYetzul
15101,HaTehiya/HaMasger
15102,Prison
15103,Prison
15105,HaTehiya/Efrayim
15107,HaTehiya/Efrayim
15110,Nahshon Square
15111,Nahshon Square
15112,Gid'on Ben Yo'ash/Mivtsa Kadesh
15113,Gid'on Ben Yo'ash/Yiftah HaGil'adi
15114,Kadesh Boulevard/Yerushalayim Boulevard
15118,Eli Cohen/Tsipori
15121,Ironi Dalet High School/HaTzionut Boulevard
15122,Ironi Dalet High School/HaTzionut Boulevard
15123,Montefiore Blvd/Trumpeldor
15124,Montefiore Boulevard/Trumpeldor
15125,HaTsiyonut Blvd/Sara Aharonson
15126,Shapira/Yoseftal
15127,H. M. Shapira/Yoseftal
15128,Giora Yoseftal/Eli'ezer Milrod
15129,Eliezer Ben Yehuda Blvd/Ole HaGardom
15130,Shapira/Berger
15132,Shapira/Yoseftal
15133,H. M. Shapira/Moshe Yulish
15134,Shapira/Yaakov Weiss
15135,Shapira/Nitsanim
15136,Giora Yoseftal/David Berger
15137,Shapira/HaTikva
15138,H. M. Shapira/Eliezer Ben Yehuda Blvd
15139,Giora Yoseftal/Mordechai Anielewicz
15140,Yoseftal/Kupat Holim
15141,Shai Agnon/Kupat Holim
15142,Shai Agnon/HaHistadrut
15143,Shai Agnon/HaHistadrut
15145,HaHistadrut/Hoveve Tsiyon
15146,HaHistadrut/Hoveve Tsiyon
15147,Shapira/Shai Agnon
15148,C.M.Shapira/Shay Ag'non
15149,Bialik/HaHistadrut
15150,Ulpanat Tsviya/HaHistadrut
15151,HaHistadrut/Bialik
15152,Bialik/Jabotinsky
15153,H. M. Shapira/Moshe Yulish
15155,Ha'Amal/Hutsot HaYotser
15156,HaMetachnen/Ha'Oman
15157,Giora Yoseftal/Efrayim Tsur
15158,Ha'Atsma'ut Boulevard/HaDuvdevan Alley
15159,Ha'Atsma'ut Boulevard/HaDuvdevan Alley
15161,Lakhish Blvd/Gat Blvd
15164,Gross Comprehensive High School/HaShoftim
15165,HaMada/HaNeft
15167,Israel Pollack Boulevard/Shevet
15168,Tzabar/Avatz Boulevard
15169,Avats Blvd/HaPlatina Blvd
15171,Avats Blvd/Israel Pollack Blvd
15173,Israel Pollack Boulevard/Sivan
15174,Industrial Zone/Israel Pollack Boulevard
15175,Israel Pollack Blvd/Kislev
15177,Israel Pollack Blvd/Kislev
15178,Pollack/Tevet
15179,Cemetery
15180,Malkhe Israel Blvd/Tsahal Blvd
15181,Malkhe Israel Blvd/Tsahal Blvd
15183,Adorayim/Malkhe Israel
15184,Adorayim/Malkhe Israel Blvd
15189,Shal'on Comprehensive High School
15191,Lakhish Blvd/Municipal Swimming Pool
15194,Bank HaPoalim/Lachish Boulevard
15196,Police/Lakhish Boulevard
15197,Police/Lakhish Boulevard
15199,Tsahal Boulevard/Ha'Atsma'ut
15200,HaKomemiyut/Tsahal Blvd
15201,HaKomemiyut/HaMargalit
15204,Atare HaMikra Blvd/Ziklag
15207,HaShoftim Boulevard/Shimshon Alley
15208,Lakhish Blvd/Efrayim Boulevrd
15209,Lakhish Blvd/Malkhe Israel Blvd
15211,Malchei Israel/Northern Exit
15212,Malkhe Israel Blvd/Lakhish Blvd
15216,Malchei Israel/Atarei HaMikra
15217,Malkhe Israel Boulevard/HaShoftim
15218,Malkhe Israel Boulevard/Mevo Afek
15219,Malkhe Israel Blvd/Stadium
15220,Malkhe Israel Blvd/Natan Elbaz
15221,Malkhe Israel Blvd/Gid'on Ben Yo'ash Plaza
15222,HaShoftim/Shamgar Ben Anat
15223,HaShoftim/Shmu'el HaNavi
15224,HaShoftim/Otni'el Ben Knaz
15225,Malkhe Israel/Gat Boulevard
15226,Tzoran Blvd/Leshem
15228,Weizmann Boulevard/Rivka VeMordekhay Guber
15230,Bar Yehuda Boulevard/Canaan
15231,Jabotinsky/Hacarmel
15232,Jabotinsky/Hacarmel
15233,Bar Yehuda Blvd/Vardimon
15234,Bar Yehuda Blvd/Vardimon
15235,Bar Yehuda Boulevard/Canaan
15238,Derech Joe Yosef Alon/Yiga'el Yadin BLVD
15239,Old Cemetery/Joe Yosef Alon Road
15240,Derech Joe Yosef Alon/Avigdor HaMe'iri
15241,Derech Joe Yosef Alon/Shim'on Agranat
15243,Old Cemetery
15245,Derech Joe Yosef Alon/Shim'on Agranat
15248,Fuel Accumulation/Derech Joe Yosef Alon
15251,Yosef Joe Alon Road/Hativa Shmone
15252,Yosef Joe Alon Road/Tavori
15253,Derech Joe Yosef Alon/Meggido
15256,Weizmann Boulevard/Yerushalayim Boulevard
15257,Weizmann Boulevard/Vardimon
15258,Weizmann Boulevard/Atsma'ut
15259,Weizmann Boulevard/Atsma'ut
15260,Jerusalem - Netivion
15264,Weizmann Boulevard/Rabbi Gershonowitz
15265,Weizmann Boulevard/Rabbi Gershonowitz
15266,Begin – Commercial Center
15269,Menachem Begin/HaRo'e School
15271,KKL Square/HaRav Yoram Abergel
15272,HaMa'apilim/Daniel
15273,Menachem Begin Road/Herzl
15274,Menachem Begin Road/Shuk
15275,Yerushalayim Road/Menachem Begin Road
15277,Sderot Industrial Zone
15280,Public Library/Yitzhak Shamir
15282,Kehilat Milano/Brussels
15283,Jabotinsky/Bne Brit Boulevard
15287,HaHida/Ben Ish Hay
15289,David Buzaglo/Rafa'el Alnaqua
15290,David Buzaglo/Tayasim
15291,Herzl Blvd/HaNassi
15294,Herzl Boulevard/Katznelson
15296,Herzl Boulevard
15298,HaTayasim Road/Bouzaglo Road
15299,HaTayasim Road/Rabbi Akiva
15300,Shoshanim School/HaHida
15302,HaTayasim/HaAri
15303,Comprehensive High School
15305,Commercial Center
15306,Tamar Blvd/Iris
15307,David Tuviyahu BLVD/Asaf Simkhoni
15308,Te'ena Blvd/Yanshuv
15309,Te'ena Blvd/Zayit Blvd
15310,HaZayit Boulevard/HaTe'ena Boulevard
15311,Te'ena Blvd/Hodan
15313,Tamar Blvd/Deganit
15314,Tamar Blvd/Rakefet
15316,Te'ena Boulevard/Efroni
15317,Te'ena Blvd/Pninit
15319,Te'ena Boulevard/Nahli'eli
15320,Te'ena Blvd/Snunit
15321,Te'ena Blvd/Agur
15322,Te'ena Blvd/Snunit
15323,Rimon Boulevard/Vardit
15331,Sde Nitsan Center
15332,Soroka Medical Center/Ben Gurion University
15333,Soroka Medical Center/Ben Gurion University
15334,Emergency Soroka/Yitzhack Rager
15336,Sde David Junction
15337,Sde David Junction
15338,Zohar Junction
15339,Be'eri
15340,Kibbutz Dorot Junction
15343,Kokhav Mikha'el Junction
15344,Tlamim Junction
15345,Helets Junction
15346,Tlamim Junction
15348,Helets Junction
15349,Helets Junction
15352,Otsem Junction
15353,Nehora Junction
15354,Bror Hayil Junction/Or HaNer
15355,Bror Hayil Junction/Or HaNer
15356,City Hall/Yitzhack Rager
15357,City Hall/Yitzhack Rager
15359,Merkaz Oren/Yitzhack Rager
15362,Bet HaGadi
15363,Gilat/Main Entry
15364,Gilat Jct/Gas S.
15365,Bet HaGadi
15366,Sha'ar HaNegev Regional Council
15367,Ibim Junction
15368,Ibim Junction
15369,Mefalsim Junction
15371,Sha'ar HaNegev Junction
15372,Sapir College
15373,En HaBsor Junction
15374,Sha'ar HaNegev Regional Council
15375,Dorot Junction
15376,Ibim Junction
15377,Dorot Junction
15378,HaBesor Reserve
15379,HaBesor Reserve
15380,Magen Junction
15381,Eshkol Regional Council/232
15382,Eshkol Regional Council Junction
15383,Magen Junction
15384,Gama Junction
15385,Ma'on Junction
15386,Ma'on Junction
15387,Ma'on Junction
15388,Gama Junction
15389,Sha'ar HaNegev Junction
15390,Re'im Junction
15391,Camp Urim
15392,Patish Junction
15393,Urim Junction
15394,Urim Junction
15395,Urim Intersection
15396,Urim Junction
15397,Urim Intersection
15398,En HaBsor Junction
15399,Re'im Junction
15400,Kama Interchange North
15401,Sde Tsvi Junction
15403,Beit kama Junction West
15407,Sde Zvi Junction
15408,Sde Tsvi Junction
15410,Bit'ha/Gilat
15411,Bit'ha/Main Entry
15412,Ofakim Junction
15413,Peduyim Junction
15414,Ofakim Junction/241
15415,Ranen Junction
15416,Peduyim Junction
15417,Patish Junction
15418,Maslul Junction
15420,Gilat/Main Entry
15421,Maslul Junction
15422,Merhavim Education Center
15423,Merhavim Education Center
15424,Ranen Junction
15425,HaNassi Junction
15426,Alumim Junction to South
15427,Alumim Junction to North
15429,Be'eri Junction
15430,Kibbutz Mishmar HaNegev Junction
15432,Dorot Junction
15433,Kokhav Mikha'el Junction
15434,Mefalsim Junction
15436,Eshbol Junction
15437,Klahim Junction
15438,Klahim Junction
15439,Pa'ame Tashaz Junction
15440,Pa'ame Tashaz Junction
15441,Ruhama Junction
15442,Kibbutz Ruhama Junction
15443,Talme Bilu Junction
15445,Nir Moshe Junction Nir Akiva
15446,Eshbol Junction
15447,Mabu'im Junction
15448,Talme Bilu Junction
15449,Kfar Aza Junction
15450,Kfar Aza Junction
15451,Kibbutz Sa'ad Junction
15452,Nehora Junction
15453,Nehora Junction
15454,Nir Hen Junction
15455,Zohar Junction
15456,Nir Hen Junction
15457,Sa'ad Junction
15458,Kibbutz Sa'ad Junction
15459,Alumim-Be'eri Junction
15460,Nir Moshe Junction Nir Akiva
15461,Mabu'im Junction
15462,Noga Junction
15463,Otsem Junction
15464,Noga Junction
15466,Avshalom Junction
15468,Holit Junction
15469,Nir Yitshak Junction
15470,Holit Junction
15471,Nir Yitshak Junction
15472,Mivtahim Junction
15473,Avshalom Junction
15475,Kerem Shalom Junction
15476,Amitai Interchange
15478,Gvulot Junction
15479,Gvulot Junction
15480,Mivtahim Junction
15481,Gvulot Junction
15483,Kibbutz Ze'elim
15484,Tse'elim Junction/222
15486,Tse'elim Junction
15490,Tze'elim Camp
15491,Tse'elim Junction
15492,Tze'elim Camp
15493,Shoval Junction
15495,Shoval Junction
15496,Beit Kama Junction South
15501,Kibbutz Mishmar HaNegev Junction
15502,Rahat South Junction
15503,Kisufim Junction
15505,Giv'ati Junction
15507,Berekhya Junction/Mash'en
15508,Berekhya Junction/Mash'en
15511,Mavki'im Junction
15512,Zikim Junction
15513,Mavki'im Junction
15514,Ashkelon Junction
15515,Bet Shikma Junction
15518,Berekhya Junction
15519,Bet Shikma Junction
15526,Cemetery
15528,Plugot Junction to East
15530,Revaha Junction
15531,Plugot Camp
15533,Sde-Moshe Junction
15534,Sven Shmuel Junction
15535,Revaha Junction
15537,Plugot Junction to West
15538,Plugot Junction to North
15539,Dvira Junction
15541,Timorim Junction
15542,David Tuviyahu BLVD/Bakhur Shitrit
15543,Country Club/David Tuviyahu BLVD
15544,David Tuviyahu BLVD/HaGe'onim
15545,Sde Teiman Airfield
15546,Sde Teman Camp Junction
15547,Sde Teiman Airfield
15548,Grand Canyon/David Tuviyahu BLVD
15549,Grand Canyon/David Tuviyahu BLVD
15551,David Tuviyahu BLVD/Derech Metsada
15552,David Tuviyahu BLVD/Sha'ul HaMelech
15553,Olim Junction
15554,Country Club/David Tuviyahu BLVD
15555,Olim Junction
15556,David Tuviyahu BLVD./Mota Gur
15561,David Tuviyahu BLVD/Sinai
15562,David Tuviyahu BLVD/Rehavat Tverya
15564,Police/David Tuviyahu BLVD
15565,Sde Teman Camp Junction
15566,Eshel Hanasi School
15567,Tidhar Junction
15569,Shibolim Junction
15570,HaGdi Junction North
15571,Sdot Negev Education Center
15572,Netivot Intersection/Northern Entrance
15573,Netivot Intersection/City Center
15575,Tidhar Junction
15576,Of HaNegev
15577,Gilat/Sal'it
15578,Gilat/Sal'it
15579,Tifrah West Junction
15580,Gilat Junction to South
15581,Tifrah East Junction
15582,Gilat Junction to North
15583,Tifrah West Junction
15585,Tifrah Junction
15586,Tifrah East Junction
15587,Brosh Junction
15588,Te'ashur Junction
15589,Tekuma Junction
15590,Netivot Intersection/City Center
15591,Netivot Intersection/Northern Entrance
15592,Sdot Negev Education Center
15593,Netivot Intersection/Northern Entrance
15594,Sharsheret Junction
15595,HaGdi Junction South
15596,Nir Am Junction
15597,Gevim Junction
15598,Yakhini Junction
15599,Sha'ar HaNegev Junction
15601,Gevim Junction
15602,Sderot South Intersection
15603,Sha'ar HaNegev Junction
15605,HaNassi Junction/Road 310
15607,Yad Mordekhay Junction
15608,Yad Mordekhay Junction
15611,Yad Natan Junction
15613,Yad Natan Junction
15615,Shibolim Junction
15617,Kibbutz Erez Junction
15618,Kibbutz Erez Junction
15619,Tekuma Junction
15620,Yoshivya Junction
15621,Yakhini Junction
15622,Yoshivya Junction
15623,Sa'ad Junction
15624,Alumim-Be'eri Junction
15625,Shuva Junction
15626,Alumim-Be'eri Junction
15627,Shuva Junction
15628,Zimrat Junction
15630,Zikim Junction
15634,Idan HaNegev Interchange to the South
15635,Idan HaNegev Interchange to the North
15636,Dvira Junction
15638,Nir Banim Junction
15640,Komemiyut Junction
15641,Segula Junction
15643,Sa'ad Junction
15647,Nehora Junction
15648,Hame Yo'av Junction
15649,Giv'ati Junction
15650,Negba Junction
15653,Giv'ati Junction
15654,Hame Yo'av Junction
15656,Brosh Junction
15657,Be'er Sheva Central Station/Alight
15662,Bat Hadar Junction
15664,Hatserim Camp
15665,Yoffe Camp
15667,Lahav/Dining Room
15668,En HaShlosha Center
15669,Amitai Interchange
15670,Tze'elim Camp
15673,Israeli Air Force Museum
15674,Be'eri
15675,Re'im
15677,Gvulot Center
15678,Holit Center
15679,Nir Yitshak Center
15681,Dvira
15682,Mishmar HaNegev
15684,Nahal Oz
15685,Ben Tsvi/Gibore Shihrur
15686,Southern Cemetery
15692,Eshkol Regional Council Terminal/Platforms
15693,Herzl/Kibbutz Galuyot
15695,Zikim Camp
15698,Hame Yo'av Spa
15700,Ole HaGardom/Kdoshe Ca'ir
15701,Ole HaGardom/Ami'oz
15702,Ole HaGardom/Yehi'am
15703,Ole HaGardom/Ami'oz
15705,Kiach/Exodus
15706,Kiach/Exodus
15708,Aliyat HaNo'ar/HaTsofim
15709,Aliyat HaNo'ar/HaTsofim
15711,HaSokhnut HaYehudit/HaShomer HaTsa'ir
15712,HaSokhnut HaYehudit/HaShomer HaTsa'ir
15713,Bne Akiva/HaSokhnut HaYehudit
15715,HaSokhnut HaYehudit/Bne Akiva
15716,Shivat Zion/HaMered
15717,Shivat Zion/Gibore Israel
15719,Shivat Zion/HaNevi'im
15720,Shivat Zion/HaNevi'im
15721,Bat Hen/Lotus
15722,Lotus/Bat Hen
15723,Uri Eli'av/Ofer Boulevard
15724,Uri Eli'av/Ofer Boulevard
15725,HaShoftim/Pinhas
15726,Ashkelon Central Station/Inner-City Platforms
15729,Kibuts Galuyot/Gibore Shihrur
15731,Giva'at HaPrachim/Lotus
15732,Lotus/Dolev
15733,Uri Eli'av/Bat Hen
15734,Yehuda Halevi/Shalom Alekhem
15735,Yehuda Halevi/Shalom Alekhem
15737,Malkhe Israel/Yehoshafat
15738,Ha'Avoda/Ibn Ezra
15739,Lakish/Caesarea
15740,Lakish/Pki'in
15741,Tsipori/Sinai
15742,Sinai/Tsipori
15743,Remez Terminal/Platforms
15745,Herzl/HaPalmah
15746,Uri Eli'av/HaYekev
15747,Malkhe Israel/Ha'Erez
15748,Bet El/Helmonit
15749,Malkhe Israel/Ha'Ashu'ah
15751,HaSneh/Pines
15752,Malkhe Israel/Sha'ul HaMelekh
15753,Nofesh Facility/Ben Amar
15755,Holiday Village
15756,Ami'ad/Aseret HaShvatom
15758,Rambam/Shabazi
15759,Rambam/Shabazi
15760,Zar'it/Kanfe Nesharim
15761,Kanfe Nesharim/Hanita
15762,Tishre/AV
15764,Nisan/Iyar
15765,Nisan/Iyar
15766,Iyar/Menachem Blvd
15771,Bet El/Ta'anakh
15772,Bet El/Afarsemon
15773,Malkhe Israel/Pines
15774,Ort School
15776,Ironi Daled
15781,Hal HaYam
15782,Hal HaYam
15784,Van Gogh/L. Bethoven
15786,Segal/Ahimeir
15787,Ahimeir/Segal
15792,Gid'on Ben Yo'ash/Shamgar Lane
15793,Nof Yam School
15795,Bet El/Sayfan
15796,Bet El/Masada
15797,Nisan/Tamuz
15798,Nisan/Kislev
15800,Mavki'im
15801,Ha'Avoda/HaUrim
15803,Lotus/Dafna
15805,Ha'Avoda/HaNotrim
15806,Efrayim/Ester HaMalka
15807,Efrayim/Menashe
15809,HaPalmah/Herzl
15810,Golomb Square
15812,David Razi'el/Ha'Avoda
15813,David Raziel/Aharon Kapah
15814,Aharon Kapah/David Razi'el
15815,HaSofrim HaYehudim/Rambam
15816,HaSofrim HaYehudim/Rambam
15819,Rambam/HaRav Herzog
15820,Ben Yo'ash/Ayalon
15821,Ben Yo'ash/Ayalon
15822,Ben Yo'ash/Avne Hen Lane
15823,Ben Yoash
15824,Iyar/Nisan
15825,Sivan/Iyar
15826,Sivan/Iyar
15830,HaRav Haim David Kahana/Shabazi
15832,Taldor
15833,Ibn Ezra/HaRif
15834,David Raziel/HaRif
15835,David Razi'el/Hanan'el
15836,HaRif/S.B.Yeshayahu
15837,Gilad/Kol Israel Haverim
15838,Kol Israel Haverim/Yodfat
15839,Kol Israel Haverim/Dotan
15841,Shani Eliyahu/Ole HaGardom
15842,Shani Eliyahu/Ole HaGardom
15846,HaMeshakem Plant
15848,Hutsot HaYotser/Ha'Amal
15849,HaOreg/HaMetakhnen
15850,Ha'Oman/Hutsot HaYotser
15854,HaCarmel/Ha'Arbel Alley
15857,Kiryat Gat Rail Station/Entry
15858,Ad Halom Bridge/HaPalmach
15859,Natan Elbaz/HaRav Moshe Balulu
15860,HaCarmel/Mevo HaTavor
15861,Kiryat Gat Central Station/Platforms
15863,David HaMelekh/Assa
15864,David HaMelekh/Yehoshafat
15866,Shlomo HaMelekh/Sha'ul HaMelekh
15867,Shlomo HaMelekh/Amatsya
15868,Shlomo HaMelekh/Amatsya
15870,HaCarmel/HaBashan
15871,HaCarmel/HaBashan
15876,Shlomo HaMelekh/Hizkiyah
15877,Shahar/Store
15878,Ashlegan/Zarhan
15880,Arik Sharon/Chaim Herzog
15884,Weizmann Boulevard/Herzl
15885,HaVradim Boulevard/Tsiporen
15886,Rakefet/HaVradim Blvd
15887,HaVradim Boulevard/Rakefet
15888,HaVradim/HaShoshanim
15889,Iris/HaVradim Blvd
15890,Yasmin/HaVradim Blvd
15891,Yerushalayim Boulevard/Hannah Szenes
15893,School for Crafts/Yerushalayim Boulevard
15894,Vocational School/Yerushalayim Boulevard
15897,Stadium/Herzl
15902,Halutse HaTa'asiya/HaYotser
15903,Haharoshet/Ha'Amal
15906,Clalit Health Services/Nachlat Har Chabad
15907,Clalit Health Services/Nachlat Har Chabad
15908,Zavdi'el G
15909,Aluma/Ctr
15910,Gvar'am
15913,Absorption Center/HaPalmach
15914,HaRav Saban/Vardit Stream
15916,Cultural Center/HaGefen
15917,Cultural Center/HaGefen
15918,HaGiborim HaYehudim Square
15920,HaGefen/Shaked
15921,HaGefen/HaTamar
15922,HaGefen/Limon
15923,Yuval/HaMa'pil
15924,Yuval/Bohen Creek
15927,HaRav Zaban/HaRimon
15928,HaGiborim HaYehudim Square
15929,Hel Avir/Artillery Corps
15930,Shomriya
15931,Yuval
15932,Yuval/Ha'Eshel
15933,Yovel/Etsel
15934,Yuval/Hagana
15935,Yuval/Yerushalayim Blvd
15936,Yovel/HaEtsel
15937,HaRav Sabban/Yerushalayim Boulevard
15938,HaRav Zaban/Yerushalayim Blvd
15939,Tekuma/Yuval
15940,Tekuma/HaRimon
15941,No'am Aderet School
15942,HaRav Zaban/HaRimon
15943,HaGefen/Mishmesh
15944,New Urban Market
15947,Yuval/Eshel
15948,Olam HaYeled/Yovel
15950,Hel Avir/Hel Handasa
15951,Mish'an School/Gibore Tashkaz
15953,Kadesh/Yerushalayim Blvd
15954,Yerushalayim  Boulevard/HaYayin Road
15955,Yerushalayim Blvd/Kadesh Blvd
15957,Yerushalayim Blvd/Kadesh
15958,Yerushalayim Blvd/Kadesh
15959,HaTsiyonut Blvd/HaRav Shlomo Goren
15960,HaTsiyonut Blvd/Yehuda Alkalay
15961,Kadesh/HaTsiyonut
15962,Yerushalayim Blvd/Kadesh
15963,Kadesh/HaTsiyonut
15964,HaTsiyonut/Shlomo Goren
15967,Yerushalayim  Boulevard/HaYayin Road
15968,Yerushalayim Boulevard/Agamit
15969,Yerushalayim Boulevard/Rehavam Zeevi
15970,Vered/Narkis
15972,Rakefet/Irit
15973,Mivtsa Lot/HaGil'ad
15982,Ben Gurion/Ben Atar School
15984,Agavot
15987,Big Kastina Center
15992,A-Nassasra
15993,Yitshak Matsliah Junction
15994,Regional School
15995,HaNevi'im - Synagogue
15996,Bernstein/Herzl
15997,Bernstein/Asher Sanker
15998,Tsvi Bornstein/Gush Etsyon
15999,Tennis Center/Amos HaNavi
16009,Regional School
16010,Yitshak Matsliah Junction
16014,Hevron Boulevard/Har'el Road
16018,Omarim/Eshkholot
16021,Ktzi'ot Prison
16025,Yehuda/Hevron
16026,Arad Mall
16027,HaKana'im/David HaMelekh
16028,Ort High School/Yoshiyahu
16029,HaKana'im/Yoshiyahu
16030,HaKana'im/David HaMelekh
16032,Yehuda/Palmah
16033,Sara Junction/Road 25
16034,Sara Junction/Yigal Alon BLVD
16035,Yig'al Alon BLVD/Yarden
16036,Ariel Sharon Boulevard/HaShibolim
16037,Gan HaEm
16038,Ariel Sharon Boulevard/Henri Malka
16039,Abu Wadi School
16040,Tel Al Malach School
16042,Kupat Holim Clalit
16043,Hamed School
16044,Ksaifa Junction
16045,Tel Arad East Junction
16049,Kuseife Abu Rabya
16052,Nahal Anim
16054,Hura Industrial Zone
16055,Hura Industrial Zone
16058,Commercial Center
16059,Commercial Center
16060,Kupat Holim Clalit
16062,Hura Junction
16063,Al Atawneh
16064,Meit Interchange to Beer Sheba
16065,David Ben Gurion BLVD/Eliyahu Nawi
16067,Be'er Sheva-North Railway Station
16071,Al Atawneh
16072,Hura Junction
16075,Ksaifa Junction
16076,Hamed School
16077,Kupat Holim Clalit
16079,Abu Wadi School
16083,Hevron/Ma'on
16084,Hevron/Netiv Gefen
16085,Ra'anan/HaArava
16086,Palmah/Afek
16087,Kuseife/Yatir Station
16090,Big Center/Derech Eliyahu Nawi
16092,Eshed/Yuval
16094,Nahal/Peleg
16095,Eshed/Peleg
16096,Yuval/Neviot
16097,Yovel/Edva
16098,HaKana'im/Eshed
16100,Dukhifat/Nets
16101,Agamit/Anafa
16102,Agamit/Zamir
16103,East/Noga
16104,Inbalim/Shofar
16105,Inbalim/Shir
16108,Kinor Square/Mizmor
16109,Ha'Arava/Inbar
16111,Noga/Halil
16112,HaKana'im/Hebron
16113,Eshed/Peleg
16114,Yuval/Neviot
16116,HaTa'asiya/Sadan
16117,HaTa'asiya/Sadan
16118,Electricity - Mototola Plant
16119,Al Ihsan Mosque
16120,Shoval Junction
16121,Idan HaNegev Interchange to the East
16122,Tapuz Terminus/Al-Salem
16123,Hamamot
16124,Yerushalayim/El'azar Ben Yair
16125,Quarter 18
16126,Quarter 18
16127,Altaysir/Altala'ua
16128,Altaysir/Altala'ua
16129,M. Sde Boker Tzafon
16130,Halukim Junction
16131,Merhav Am Junction
16132,A.B. Hatira
16133,Gdud Arye
16134,Yeroham Junction Northbound
16135,Ramat Negev Northbound
16136,Massua to the North camp/Road 204
16137,Dimona Yeruham Junction
16139,AlSalam Mosque
16140,AlSalam Mosque
16141,Quarter 34
16142,Al Salam Mosque
16143,Licensing Office / Ariel Sharon Boulevard
16144,A Salam School A
16145,Dimona Intersection/HaDerekh Mall
16146,Dimona Yeruham Junction
16147,Messu'a Camp/Road 204
16148,Ha'Irusim Reserve/Road 204
16149,HaPalmach – HaMe'uhad School
16150,Quarter 17
16151,Gdud Arye
16152,A.B. Hatira
16153,Merhav Am Junction
16154,Quarter 34
16155,Naguib Mahfouz/Alnakeb
16156,Naguib Mahfouz/Alnakeb
16157,Quarter 34
16158,Ariel Sharon Boulevard/HaMelacha
16159,Rehabilitation Center
16160,Main Road 2
16161,Ariel Sharon Boulevard / Herzl Boulevard
16162,Ariel Sharon Boulevard / 25 Highway
16164,Ibn Sina School
16165,Quarter 21
16166,Yitshak Sade/Ha'Etzel
16167,Haruv/Klil HaHoresh
16168,Merhav Am
16169,Pais Youth Club
16170,Yitshak Sade/Ha'Etzel
16171,Mash'abim Camp Junction
16172,Ketsi'ot Junction to West
16173,Kmehin Junction
16174,Nitsana Junction
16176,Nitzana -Youth Village
16177,Nitsana Junction
16178,Football Field
16179,Plugot Junction to South
16180,Lakiyya Junction
16181,Lakiyya Junction
16182,Saharonim Prison
16183,Quarter 31
16184,Bernstein/HaDekel
16185,Al-Rahma School
16186,Al-Rahma School
16187,Quarter 27
16189,Quarter 24
16190,Quarter 24
16191,Quarter 24
16192,Quarter 30
16193,Al Rahma Mosque
16194,Quarter 30
16197,Quarter 26
16198,Gal/Ma'oz
16199,Yahadut Italia/Bialik
16200,Quarter 29
16201,Yigal Allon/David Elazar
16202,Aliman
16203,A Zahara School
16204,A Zahara School
16205,Al Ansar Mosque
16206,Al Ansar Mosque
16207,Al-Noor School
16208,Al-Noor School
16209,Quarter 29
16212,Al Ah'a Mosque
16213,Al Ah'a Mosque
16214,Al Ah'a Mosque
16215,Al Ah'a School
16216,Kindergarten
16217,Quarter 17
16218,Quarter 17
16219,Quarter 17
16220,Salah a Din School
16221,Quarter 17
16222,Salah a Din School
16223,Quarter 14
16224,Quarter 14
16225,Quarter 14
16226,Quarter 14
16227,Eshkol Pais
16228,Eshkol Pais
16229,Kupat Holim
16230,Quarter 13
16231,Quarter 13
16232,Quarter 14
16233,Quarter 14
16234,Alhuda School North
16235,Quarter 12
16236,Al Rashidin Mosque
16237,Al-Huda School
16238,Al-Bayan School
16239,Quarter 13
16240,Al Taqwa Mosque
16241,Quarter 13
16242,Quarter 13
16244,Quarter 12
16246,Al Huda School
16247,Al Huda School
16248,Omar Ben al Hatav School
16249,Quarter 13
16251,Quarter 20/Entry
16252,Main Road 2
16253,Main Road 2
16254,Main Road 2
16255,Urban Market
16257,Public Garden City Center
16258,Public Garden City Center
16259,Matnas Town Center
16260,Kindergarten
16261,Kindergarten
16262,Ibn Khaldun School
16263,Educational Therapy Center
16264,Magen David Adom
16265,Magen David Adom
16266,Rahat City Hall
16267,Rahat City Hall
16268,Quarter 10
16269,Quarter 9
16270,Almustakbal garden
16271,Almustakbal garden
16272,Salah al-Din/Omar al Mukhtar
16273,Salah al-Din/Omar al Mukhtar
16274,El Huzeil School
16275,El Huzeil School
16276,Amal Technological School
16277,Rahat Police
16278,Rahat Police
16279,Flour mill
16280,Quarter 24
16281,Urban Market
16282,Urban Market
16283,Quarter 25
16284,Quarter 25
16285,Alhassan Mosque
16286,Quarter 7
16287,Alhassan Mosque
16288,Quarter 7
16289,Al-Hikma School
16290,Quarter 8
16291,Bilal Mosque
16292,Bilal Mosque
16293,Quarter 7
16294,High School
16295,Kupat Holim Clalit
16296,Hazeitim Square
16297,Familly Medical Center
16298,Familly Medical Center
16299,Municipal Warehouse
16301,Quarter 4
16302,Quarter 4
16303,Quarter 4
16304,Quarter 4
16305,Quarter 4
16306,Quarter 4
16307,Rahat Industrial Zone
16308,Rahat Industrial Zone
16309,Licensing Bureau
16310,Licensing Bureau
16311,Alzomer/Yasin
16312,Alzomer/Yasin
16313,Quarter 4
16314,Quarter 4
16315,Quarter 4
16316,Quarter 4
16317,Alnabi
16318,Industrial Zone
16319,Marble factory
16320,Bakery
16321,Flour mill
16331,Yehuda Halevi/Ibn Ezra
16335,Lehavim Junction
16336,Lehav-Rahat Rail
16345,Local Council
16353,Tec. College/Derech HaMeshahrerim
16354,Kaye College - Yehuda HaLevi
16355,Lehav-Rahat Rail
16356,Pool
16361,Idan HaNegev Interchange to the West
16366,Sapir Parking Square/Brussels
16367,Quarter 4
16368,Urban Market
16369,Rahat South Junction
16370,Rahat South Junction
16372,Kindergarten/Yitshak Rabin
16384,Quarter 2
16385,Quarter 2
16386,Falestin/Alma'ida
16387,Quarter 2
16388,Quarter 2
16389,Quarter 2
16390,Quarter 2
16391,Abu Ubaidah School
16392,Abu Ubaidah School
16393,Quarter 3
16394,Quarter 3
16395,Quarter 3
16396,Quarter 3
16397,Abu Ubaidah School
16398,Quarter 3
16399,Alsalam/Alra'ad
16400,High School A
16401,Abu Ubaidah School
16402,Merkaz Pais for retirees
16403,Quarter 2
16404,Quarter 2
16405,Quarter 2
16406,Quarter 2
16407,Falestin/Alanapal
16408,Quarter 2
16409,Shuval/Ctr
16410,Ma'ale Zabdiel
16415,David Tuviyahu BLVD/Bet El
16418,Yamah Mishmar HaNegev
16420,Kibbutz Nitsanim Junction
16422,Emek Sara Industrial Zone
16424,Ariel Sharon Camp/Road 40
16426,Experimental Agricultural Station
16427,Shivta Junction
16428,Har Keren Junction
16429,Mifrasit Camp Junction
16430,Camp 84 Giv'ati
16431,Otsvat Eshel
16432,Tlalim Junction
16433,Nahal Boker
16434,Tsiporim Junction
16435,HaRuhot Junction
16436,Industrial Zone/Mitspe Ramon
16437,Har Tsin/En Shahak
16438,Shazar Boulevard/Rothschild
16444,Yamah Mishmar HaNegev
16453,Zohar HaMidbar Farm
16454,Ashalim Center
16455,Mifrasit Camp Junction
16456,Shivta Junction
16457,Experimental Agricultural Station
16458,Ru'ah Midbar
16459,Nachal Tziyah/Nachal Sla'it
16460,Industrial Zone/Mitspe Ramon
16461,Shevet Azazme
16462,Nafha Junction
16464,Ariel Sharon Camp/Road 40
16469,Nahal Anim
16470,Molada Interchange
16471,Nahal Soa
16473,Um Batin Junction
16474,Nahal Soa
16475,Molada Interchange
16476,Nevatim Junction
16477,A-Nassasra
16478,Arad Park
16479,Lev Simha/Eshed
16480,Dukhifat/Zarzir
16481,Yehuda/HaSport
16482,Visitor Center
16484,Shoham/Tarshish
16485,Odem/Bareket
16486,Emek Sara Industrial Zone
16487,Talal Mallah School
16488,Hevron Road - Local Council
16489,Yatir Road/Kadesh Barne'a
16490,Yeruham Park
16491,Yig'al Alon BLVD/Yarden
16492,Rothschild/Shazar Boulevard
16493,Emek Sara Industrial Zone
16494,Tapuz/HaHorsha
16495,Alumot/Omarim
16497,Local Council
16498,Park Ofir Industrial Zone/Totseret Ha'aretz
16499,Lahav Junction Southwards
16500,Shoham/Odem
16501,Tsur Camp Junction
16502,Ramat HaNegev Regional Council
16503,Kibbutz Nitsanim Junction
16505,Yerushalayim Boulevard/HaRambam
16506,Yam Blvd/Hay Tayeb
16512,Jabotinsky - Bet Gil HaZahav
16515,Yerushalayim Boulevard/Hefets Hayim
16516,Ishpro Planet/Yitzhack Salma
16517,Quarter 3
16518,Al Ah'a School
16519,Quarter 29
16520,Pais Center
17900,Sderot Rail Station/Begin
17902,Bayit VeGan Road/HaHaruv
17903,Cemetery/Moshe Sne Boulevard
17905,Ha'Orgim/HaTikshoret
17906,Ha'Orgim/HaBana'im
17908,HaBana'im/Ha'Orgim
17910,Ha'Orgim/HaTikshoret
18001,Neta Mirsham/Gate
18005,Bne Dekalim/Center
18006,Bne Dekalim/Center
18008,Tlamim/Pais Club
18009,Office/Helets
18010,Zohar Center
18012,HaRimon/HaTe'ena
18015,HaRimon/Igal Horovitz
18018,Leon Schreiber
18021,Nahala A
18022,Nahala Dalet
18024,Vardon/Gate
18025,Menuha/Office
18026,Segula Junction/40
18027,Ha'Ikarim Boulevard/HaMasik Road
18028,Segula B
18029,Segula G
18030,Ge'a/Harhava
18034,Jerusalem Boulevard/Weizmann Boulevard
18037,Harduf/Kisosit
18042,Ele Sinai/Katif
18044,Egoz/HaHida
18046,Ele Sinai/Katif
18047,Egoz/HaHida
18049,HaTirosh/HaNegev
18050,HaKramim/HaZayit
18051,HaKramim/Ben Shemen
18052,Pri Megadim/HaTamar
18054,Golomb/Kibbutz Galuyot
18055,Mivtsa Kadesh/Golomb
18056,Shopping Center/Afikim BaNegev
18057,HaRakevet Road/Ronit Kikus
18058,HaRakevet Road/Totseret HaArets
18059,Afikim BaNegev/Hachsharat HaYishuv
18060,Golomb/Mivtsa Kadesh
18061,Golomb/Abu Hatzeira
18063,HaTamar/HaKramim
18064,HaKramim/Ben Shemen
18065,HaTirosh/HaKramim
18066,HaTirosh/Pri Megadim
18067,HaTayasim Road/Kehilat Metro West
18068,Odem/HaHida
18072,HaTayasim Road/Yesharim Road
18075,Bayit VaGan/HaHaruv
18077,HaTsabar/HaGefen
18078,HaTsabar/HaZayit
18079,Center/Mishan
18080,Hodaya A
18082,Hutsot Mall/Ben Gurion
18086,Al Azi B
18087,Zayit/Rishonim
18092,Arugot D
18093,Arugot G
18094,Arugot B
18097,HaRishonim/Rimon
18101,HeAsif/HaBatsir
18102,Shafir/Ha'Ikarim
18103,HaGefen/HaTe'ena
18104,HaGefen/HaHita
18105,Nir Banim/HaVered
18106,Shafir/HaKatif
18107,Shafir/Ha'Asif
18111,Andarta/Avigdor
18112,Office/Avigdor
18115,Begin/Herzl
18116,Begin/Herzl
18118,Menahem Begin Road/HaRav Shalom Ifargan Road
18119,Menahem Begin Road/HaRav Shalom Ifargan Road
18120,HaRav Yoram Abergel/Golomb
18124,Yerushalayim/She'ar Yashuv 3
18127,HaMa'apilim/Daniel
18132,Arye Tager/Yerushalayim Boulevard
18133,Arye Tager/Yerushalayim Boulevard
18135,Arye Tager/Rachel Leifer Miler
18137,Nathan Elbaz/Malchei Israel Boulevard
18142,Big/HaDarom Road
18144,Shivte Israel/Yissakhar Plaza
18145,Iyar Plaza/Hod Assaf Factory
18148,Malkhe Israel/HaGvura
18149,Tsahal/Tsanhanim
18150,Tsahal/Yorde HaSira
18151,Malkhe Israel/Tsahal
18153,Shivte Israel/Yehuda
18154,Amsterdam/Prague
18155,Amsterdam/Prague
18156,Prague/Paris
18159,Ahat Esre Hanekudot/Yerushalayim
18161,Ahat Esre Hanekudot/Hativat Har'el
18162,Alfasi/Yalde Oslo
18163,Golomb/HaMa'apilim
18164,Golomb/KKL
18165,Yona/Miriam HaNevia
18167,HaPlada Lane/Ben Yehuda
18168,Yigal Allon/HaDegel
18170,Ben Yehuda/HaNehalim
18175,Mevo'ot HaNegev School
18179,Shlomit/Center
18183,Yakhini Entry
18191,Te'ashur/Sports Field
18192,Bet HaGadi A
18193,Bet HaGadi B
18194,Talme Bilu/Shop
18195,Eshbol/Center
18196,Klahim A
18197,Klahim B
18198,HaTamar/HaSe'ora
18200,Sde Tsvi A
18201,Sde Tsvi B
18203,Bet HaGadi G
18204,Bet HaGadi D
18205,Nir Akiva A
18211,Melilot/Beit Ha'am
18215,Sharsheret/Roundabout
18225,Pit'hat Shalom Jct/2211
18227,Yad Natan A
18228,Yad Natan B
18229,Otsem/Entry
18232,N.A.M Industrial Park
18234,N.A.M Industrial Park
18240,Nir Hen Sports Field
18241,Nir Hen B
18242,Nir Hen Grocery Store
18243,Yad Natan C
18253,Kedma/Center
18258,Patish/HaZayit
18259,HaSayfan/Ranen A
18260,Ha'Iris/Ranen B
18261,Peduyim A
18262,Peduyim B
18263,Or HaHayim/Exit
18264,Tifrah/Rambam
18265,Dror/Kanariyot
18266,Dror/Anafa
18267,Sal'it/Gilat
18268,Tifrah/Rambam
18269,Or Hayim/Rambam
18271,Maslul B
18272,Maslul A
18273,Bit'ha A
18274,Hofit Terminal/Arye Tager
18276,Emek Ha'Ela/Enot Tsukim
18278,Bik'at Rimon/Emek Hefer
18279,Emek Hefer Boulevard/Bik'at Rimon
18280,En Ovdat/Emek Hefer
18286,Emek Ha'Ela/Enot Tsukim
18288,Gevim/Dining Room
18290,El Ghazi A
18301,Shivat HaMinim/HaRimon
18303,En Tsurim/Nahshon
18305,Nir Moshe G
18306,Nir Moshe Youth Club
18307,Arye Tager/Rachel Leifer Miler
18310,Eli'av/Center
18313,Keren HaYedidut Blvd/Arik Sharon Blvd
18314,Keren HaYedidut Blvd/Avraham Swissa
18316,Bar Yehuda Blvd/Mota Gur
18317,Bar Yehuda Blvd/Mota Gur
18318,Harduf/Ahat Esre Hanekudot
18319,Harduf/Ahat Esre Hanekudot
18324,Pais Club/HaRav Zaban
18327,Golomb/Yehuda Halevi
18328,Golomb/Yehuda Halevi
18329,HaTayasim Road/Yesha'yahu
18331,Ole HaGardom/Yigal Allon
18333,Industrial Area/Jabotinsky
18334,Industrial Area/Jabotinsky
18336,Ole HaGardom/Yigal Allon
18338,Kibbutz Galuyot/HaNassi
18339,Kibbutz Galuyot/Herzl
18343,Nir Banim/Shvil HaHalav
18344,Nir Banim/Netiv Ha'Afarsek
18348,Moshe Rabenu/Yehoshua Bin Nun
18349,Moshe Rabenu/Avraham Alley
18350,Nahal Shikma/Moshe Rabenu
18351,Barlev/Ha'Aliya Road
18352,Barlev/Yetsi'at Eropa Alley
18353,Barlev/HaMeginim
18356,Kehilat Milano/Madrid
18358,HaRav Yoram Abergel/Hativat HaTsanhanim Alley
18360,Malkhe Israel/David HaMelekh
18363,Avats Boulevard/Iyar Plaza
18364,HaShoftim Boulevard/Shamgar Ben Anat
18371,Kehilat Milano/Dublin
18372,Ahat Esre Hanekudot/Hativat Har'el
18375,HaRav Moshe Halfon HaCohen/HaRav Abuhatzira
18377,HaRav Yoram Abergel/Hativat HaTsanhanim Alley
18379,Yehezkel/Moshe Rabenu
18380,Sapirim Industrial Park/Shikma
18381,Sapirim Industrial Park/Shikma
18383,Negba/Harhava
18384,Negba/Dining Room
18386,Idan HaNegev Industrial Park
18387,Nave Junction/2211
18389,Maslul A
18390,HaZayit/HaHita
18391,HaRimon/Te'ena
18393,Store/Gilat
18394,Gilat/Grocery store
18396,Nursery/Alsalam
18397,Segev Shalom/Commercial Center
18400,Sde Avraham Intersection
18403,Pit'hat Shalom Junction/2211
18404,Yerushalayim Boulevard/Etzel Boulevard
18406,Football Stadium/Weizmann Blvd
18416,Israel Pollack/Tzoran
18417,Tzoran/Ashlegan
18420,Football Stadium/Weizmann Blvd
18423,Council/Shapira Center
18425,En Tsurim A
18427,HaIkarim/HaYogev
18428,Shafir/Ha'Ikarim
18431,Shalva/Center
18433,Etan/Center
18434,Even Shmuel/Harhava
18435,Even Shmuel/Center
18437,Noam/Center
18439,Masu'ot Yitshak/Center
18440,Gat Boulevard/Shivte Israel
18441,Tzoran/Avats
18442,Hitech Park/HaTvuna
18443,Alon
18446,Beirut/Maskat
18447,Quarter 20/South
18448,Amman/Muscat
18449,Quarter 20/Exit
18450,Bne Brit Boulevard/Oved Ben Ami Boulevard
18451,Darijat/Road 31
18452,Darijat
18453,Mak'hul
18454,Mak'hul
18455,Komemiyut/3533
18456,Kupat/Komemiyut
18457,Herzl Boulevard/Maccabim
18458,Tel Arad Junction/Road 80
18459,Nahal Tov/Road 80
18460,Nahal Tov/Road 80
18461,Nahal Krayot/Road 80
18462,Nahal Krayot/Road 80
18464,Yuval/Nahal HaMa'ayanot
18465,Yovel/Palmah
18467,Zru'a/Ctr
18469,Malkhe Israel/Bet Yosef
18470,Avatz Boulevard/Tzoran Boulevard
18474,Shomriya Intersection
18475,Shomriya Intersection
18476,Lahav Junction Northwards
18477,Yehuda/Central Station
18478,Zim Center/Shamir
18479,Neve Dekalim/Kfar Darom
18484,Neve Dekalim/Kfar Darom
18500,Yad Mordekhay/Road 4
18503,Ranen Center
18504,Kineret/Mt. Shomron
18505,Rakefet/Ha'Irus
18506,Rakefet
18507,Rakefet/HaDekalim Boulevard
18508,Taleb Mosque/Kupat Holim Leumit
18509,Special Education School
18510,Har Oded/Har Boker
18511,Pundak En Gedi
18512,Uziya Camp
18513,
18514,
18515,Arbel/Hermon
18516,Arbel/Hermon
18517,Arbel/Canaan
18518,Netivot Train Station/Platforms
18519,Ariel Sharon Camp/Entry
18520,Ariel Sharon Camp
18529,BIG Center/Israel Pollack Boulevard
18530,Ha'Andarta/Professor Avraham Amir
18532,Dr Reuven Hecht/Uri Tzvi Grinberg blvd
18533,Bet Ya'akov School/HaHaluts
18534,Har Ramon/Har Kna'an
18535,Mt. Rimon/Har Boker
18537,Har Boker/Har Hermon
18538,HaMada/Reiner
18539,Kalman Porat/Micha'el HaNegbi
18540,Ha'Arim HaTe'omot Boulevard/Leo Picard
18541,HeArim HaTe'omot BLVD/Nahum Sne
18544,Zilberman High School/Tzahal Blvd.
18545,Levi Eshkol BLVD/Oscar Schindler
18548,HaYeladim Park/HaShoftim
18549,David Tuviyahu School/Egoz
18550,Hayovel School/Hamelachim
18552,Efrayim Luzon/Kdoshe Saloniki
18553,Avshalom Feinberg/Efraim Luzon
18554,Avshalom Feinberg/Hahashmona'im
18556,Hava/Mikhal
18557,Shmu'el Rodenski/Anda Amir Pinkerfeld
18559,Hannah Rovina/Elisheva
18560,Mota Gur/Sheshet HaYamim
18561,Mota Gur/Sheshet HaYamim
18562,Psychiatric Hospital/Ha-Tsadik Mi-Yerushalayim
18563,Ba'ale HaTosafot/Ramban
18565,Ha'Aliya/Yehude Surya
18566,David Elazar/Ya'akov Dori
18567,David El'azar/Abu Hatsera
18568,Orlean College/Eliyahu Moyal
18569,Ya'akov Dori  /Eliyahu Ben Khur
18570,Ya'akov Dori/Alexandroni Plaza
18571,Amit Education Center/Mordekhay Maklef
18572,Sha'ul/Nahshon
18573,Sha'ul HaMelekh/Yehoshafat
18575,Mivtsa Yo'av/Sha'ul HaMelekh
18576,Mivtsa Yo'av/Mivtsa Nachshon
18577,Mivtsa Yo'av/Mivtsa Uvda
18578,David Elazar/Moshe Dayan
18579,David Elazar/Etzel
18580,David Elazar/Mordekhay Maklef
18581,Ye'elim Blvd/Ha'Aliya
18582,Ofarim Commercial Center/Ye'elim BLVD
18583,Bnot Hail School/Ya'acov Dori
18584,Neot Avra'am School/Makor Hayim
18585,Neot Avra'am School/Makor Hayim
18586,En Gedi/Acre
18588,HaGe'onim/HaRav Yihyah Kapach
18590,Moshe Wilensky/Yitz'hak Danziger
18591,Neot Lon/Simcha Holtsberg
18594,Naftali Hertz Imber Blvd/Herzl Rosenblum
18595,Bet El/Mish'ol Giv'on
18596,Hativa Shmone/Derech Joe Yosef Alon
18597,Rager High School/Naftali Herz Imber BLVD
18598,Herzl Rosenblum/Mekor Chaim
18599,Herzl Rosenblum/Yehoshua Yavin
18600,Ha-Nasi Herzog/Ha-Rav Misha'el Dahan
18601,Ha-Rav Misha'el Dahan/Ha-Nasi Herzog
18602,Seren Dov/Hativa Shmone
18604,Hativat HaNegev/Yirmiyahu
18605,Bet Ya'acov School/Hagdudim
18608,HaPalmach/Hativat HaNegev
18610,Dakar/Rivka
18611,Opera Center/Dakar
18612,Opera Center/Egoz
18613,HaPo'alim/HaBdil
18614,HaPo'alim/HaBdil
18615,Be'er Sheva Licensing Bureau/HaManof
18616,Be'er Sheva Licensing Bureau/HaManof
18618,Be'er Sheva River Park/Shloshet HaMitspim
18619,Hakhsharat HaYishuv/HaRatakh
18620,Hakh'sharat HaYeshuv/HaPo'alim
18621,Hakh'sharat HaYeshuv/HaHoresh
18622,HaKotser/HaBarzel
18623,HaBarzel/HaZore'a
18624,Eli'ezer VeTsila Margolin/Gozlan
18625,Ishpro Commercial Center/Nissim Elkayam
18626,Ishpro Planet/Yitzhack Salma
18628,Grand Kenyon/Yigael Yadin Boulevard
19116,Ashkelon Central Station/Alight
19119,Be'er Tuvya Museum/Merhavya
19120,Ben Gurion/Weizmann
19121,Harim Road/HaGay Road
19122,Eilat Cemetery
19124,Bror Hayil/Ctr
19125,Educational Field Center
19127,Kibbutz Erez Junction
19130,Nir Am
19131,Or HaNer A
19132,Office/Mefalsim
19134,Office/Kfar Aza
19136,Dining Room/Sa'ad
19138,Ruhama
19139,Kibuts Dorot
19142,Moshe Sne
19143,Moshe Sne
19144,Sapir College/Brussels
19147,Gane Tsvi/35
19148,Mutzav Kerem Shalom
19149,Gane Tsvi/35
19150,Mutzav Kerem Shalom
19151,Gat/Ctr
19152,Gat Intersection
19153,Ole HaGardom/Shani Eliyahu
19154,Gal'on Intersection
19155,Gal'on Intersection
19156,HaTayasim/Ya'akov Hakham Lane
19157,Kiryat Mal'akhi Intersection/Ben Gurion
19158,Holiday Inn Hotel
19163,Histadrut/Yehuda Halevi
19164,Avimelekh/Re'uven
19165,Sabag/Re'uven
19166,No'am Orot School
19167,Bet Nir
19168,Kfar Menahem Kibuts-Silo
19170,Tel Hai/Sitrin
19175,Tel Hai/Yoshpe
19179,Rabin/Bne Brit
19180,Assuta Hospital
19182,Sha'ul HaMelekh/Shlomo HaMelekh
19183,Yits'hak Rabin Blvd/Bne Brit Blvd
19184,Yitshak Rabin Boulevard/Kokhav HaDarom
19186,Tel Hai/Sapir
19189,HaTikva/Oved Ben Ami Boulevard
19190,Kokhav HaDarom/Shevet Binyamin
19191,Hekhal HaTarbut
19193,Nir Hen Junction
19196,Hofim School
19198,Zikim
19199,HaMada/HaBetihut
19204,Abu Hatzeira/HaRambam
19205,Commercial Center/Ha'ayin Lamed
19206,Be'er Avra'am Visitor Center/Ha'ayin Lamed
19207,Ha'Ayin Lamed/Havatselet HaNegev
19208,Be'er Avra'am Visitor Center/Ha'ayin Lamed
19210,Camp Urim/241
19212,Re'im Camp
19215,Quarter 4
19216,Alsalam/Altakoa
19217,Local Council
19218,Omer Junction
19219,Tel Be'er Sheva National Park
19220,Football Field
19221,Abu Bakr School
19222,Pais Community Center
19223,Community Junior High School
19224,Amal Comprehensive High School
19226,Al-Andalous School
19227,Quarter 7
19228,Water Tower
19229,Tel Sheva Industrial Zone
19230,Andalus School
19232,Quarter 8
19233,Amal Comprehensive High School
19234,Abu Bakr School
19235,Football Field
19236,Tel Be'er Sheva National Park
19237,Omer Junction
19238,Tel Sheva Junction
19239,Ar'ara BaNegev Junction
19240,Aru'ar/West
19241,Beit Pelet/Al-Mashash
19242,Nevatim Intersection/Road 25
19243,Segev Shalom Industrial Zone
19244,Commercial Center
19245,Local Council
19246,Comprehensive High School
19247,Southern Square
19248,Grocery store
19249,Commercial Center
19250,Local Council
19251,Commercial Center
19252,Segev Shalom Industrial Zone
19253,Beit Pelet/Al-Mashash
19254,Aru'ar/West
19255,Ar'ara BaNegev Junction/Road 25
19256,Arara BaNegev/Exit
19257,Al-Najah School
19258,Industrial Zone
19259,Local Council
19260,Multidisciplinary School
19261,Star Center/Jabotinsky
19262,Local Council
19263,Ara'ra Bakery
19264,Tipat Halav
19265,Quarter 2
19266,Center
19267,Taleb Mosque
19268,Nursery
19269,Quarter 2
19270,Tipat Halav
19271,Abu Arar School
19272,Local Council
19273,Multidisciplinary School
19274,Local Council
19275,Industrial Zone
19276,Al-Najah School
19277,Nursery
19278,Local Council
19280,Alsalam/Elnur
19281,Al Majd Hura School
19282,Local Council
19283,Hura Technical School
19284,Gifted students center
19285,Elnur/Al-Hukma
19286,Elnur/Al Qahira
19287,Elnur/Al-Hawarazmi
19288,Gifted students center
19289,Hura Technical School
19290,HaNegev Weaving Visitors Center
19291,Local Council
19292,Olive grove
19293,Kupat Holim
19294,Abd Rabbo School
19295,Desert embroidery Visitor Center
19296,Mosque
19297,Beit Hakeshatot
19298,Alef Het 347
19299,Alef Het 120
19301,Playground
19302,Grocery store
19303,Abd Rabbo School
19304,Kupat Holim
19305,Chalfi Laqiya
19306,Local Council
19307,HaNegev Weaving Visitors Center
19308,Lakiyya Junction
19310,Moshe Sne/Menachem Begin
19312,Sde-Moshe Junction
19313,Road 25
19315,Sde Yo'av Junction
19317,Gat Intersection
19318,HaRav Hazani/Yuval
19319,Magic Palace Hotel/Crown Plaza
19320,Magic Palace Hotel/Crown Plaza
19321,Astral Village Hotel/Red Compound
19322,Astral Village Hotel/Red Compound
19323,Ice Mall/Campan
19324,Sayarim Camp
19325,Tsipori/Katsrin
19327,Tel Afek/Monfort
19330,Tel Hama/Gamla
19331,HaMa'pil/Ben Gurion
19332,Ibn Gvirol/Alharizi B
19333,Lakhish Junction
19340,Amatsya Entry/karme Katif
19341,Korazin/Petra
19342,Korazin/Karne Hitin
19345,Helets Junction
19346,Helets Junction
19347,Ella Prison
19348,Yeroham Junction
19349,Ba'ale HaMel'akha/Trask
19350,Ba'ale HaMel'akha/HaTsoref
19351,Ba'ale HaMel'akha/Haheresh
19352,Ba'ale HaMel'akha/HaHarash
19353,Ba'ale HaMel'akha/HaBonim
19354,Ahat Esre HaNekudot/Weizmann Boulevard
19355,Weizmann Boulevard/Bayit VaGan
19356,Herzl Boulevard/Yitshak Rabin Boulevard
19357,Herzl Boulevard/Shevet Levi
19358,Herzl Boulevard/Shevet Levi
19359,Herzl Boulevard/Oved Ben Ami Boulevard
19360,Jerusalem
19361,Bialik
19362,Yehuda HaLevi
19363,Yits'hak HaNasi
19364,Jabotinsky
19365,Shave Tsiyon
19366,Yits'hak HaNasi
19367,Bialik
19368,Herzl Boulevard/Oved Ben Ami Boulevard
19369,Herzl Blvd/Nahal Na'aman
19370,Herzl Boulevard/Mt. Shomron
19373,Lakhish Boulevard/Gat Boulevard
19375,Shave Tsiyon
19377,Yerushalayim Blvd/Bayit VaGan
19378,Weizmann Blvd/HaKotel
19379,David Haham Blvd/Central Station
19380,Al Naque/Haim Pinto
19381,HaTfutsot/Alnaqua
19382,HaTfutsot/Ben Gurion
19383,Ela/Hagay
19385,Haharoshet/Halutse HaTa'asiya
19387,Ha'Amal/Peker
19395,Herzl Boulevard/HaHida
19397,Shlomo Ben Yosef/Eli'ezer Kashani
19398,Hatserim Terminal
19399,Yehoshua Yevin/Ze'ev Tiomkin
19401,Neot Lon/Simcha Holtsberg
19402,Golda Meir Blvd/Zalman Aran
19403,Golda Meir/Yosef Serlin
19404,Lishkat HaGiyus/Afikim BaNegev
19405,Naftali Herz Imber BLVD/Derech Joe Yosef Alon
19406,Neve Shalom School/Ya'acov Fichman
19407,Seren Dov/Hativa Shmone
19408,HaShvatim/Re'uven
19412,Tet Medical Center/Yerushalayim BLVD
19413,Bet Ha'Hayal/Yerushalayim BLVD
19414,HaTsvi/Shay Ag'non
19416,Derech Metsada/Derech Shimshon
19417,Mekif Hey School/Derech Shimshon
19418,Ha'Aliya/Kafrisin
19419,Atad/Havatselet HaNegev
19420,Ha'Atsma'ut/Ali Davis
19422,Ha'Atsma'ut/Morde HaGeta'ot
19423,Bet Ya'acov School/Hagdudim
19425,Derech HaMeshahrerim/Derech Shimshon
19427,Weizman/Mendele Mokher Sfarim
19428,Hazal/Gretz
19429,Soroka Medical Center/Yitzhack Rager
19430,David Tuviyahu School/Egoz
19431,Rivka/Leah Imenu
19432,Sheshet HaYamim/Shmu'el Rodenski
19433,Sheshet HaYamim/Hannah Rovina
19434,Moshe Dayan/Stein
19436,Mordekhay Maklef/Goitein
19437,Yona Nursing Home/Ya'acov Dori
19438,Yehuda Halevi/Ya'akov Dori
19439,Mekif Hey School/Yehuda Halevi
19440,Psychiatric Hospital/Ha-Tsadik Mi-Yerushalayim
19441,Ha'avot Square/Ya'acov Avinu
19442,Ya'akov Avinu/Alexander Yanai
19443,Ha'Arim HaTe'omot Blvd/Professor Gabriel Torok
19444,Ishpro Commercial Center/Nissim Elkayam
19447,HaBdil/HaMekhonay
19450,Ge'ulim/Asire Zion
19452,Uri Tsvi Grinberg/Har Boker
19453,Har Boker/Mt. Beqa
19455,Oscar Schindler/Levi Eshkol BLVD
19456,Michael Hanegbi/Uzzi Narkis
19457,HaMered/Eliyahu Hakim
19459,Ha'Aliya/Kdoshe Bagdad
19460,Mekif Gimel High School/Derech Metsada
19462,Ussishkin/Eliezer Kaplan Square
19463,Eliyahu Moyal/Moshe Dayan
19466,HaArim HaTe'omot Boulevard/Professor Shimshon Amitzur
19468,Wuppertal Square
19473,Urban Market
19474,Ruth HaMoaviya/Michal Bat Shaul
19475,Harim Road/En Ya'hav
19476,Sara Imenu/Esther HaMalka
19477,Alharizi/Ibn Gvirol
19478,Yehuda Halevi/Bar Yohay
19479,Yehuda Halevi/HaRav Haim Pinto
19480,Oscar Schindler/Moshe Cahiri
19482,Henrietta Szold/Hatikva Pedestrian Street
19485,Moshe Hovav/Ephraim Di-Zahav
19486,Moshe Hovav/Menahem Avidom
19487,Alexander Uriya Boskovich/Eden Partosh
19488,Paul Ben Haim/Marc Lavry
19489,HaDarom Road/Big
19491,Hatsor Military Base/3922
19492,Kibbutz Hatsor-Ashdod
19493,Mishmar Negv/Ctr
19494,Quarter 38
19495,Quarter 38
19496,Rafah/Alramla
19497,Rafah/Alramla
19498,Rafah/Alboi
19499,Alboi/Rafah
19500,Quarter 38
19501,Quarter 38
19504,Shokeda
19505,Kfar Maimon
19506,Hatzerim Food Camp Gate
19507,The Pool Parking
19508,Moria Center for Haritage & Community/Avra'am Avin
19510,Shimshon/Masada Road
19511,Neve
19512,T. Neve
19513,Bne Brit Blvd/Yitshak Rabin
19516,Weizmann/Bar Yehuda
19517,Matnas/Ben Gurion
19518,Jabotinsky/HaVradim
19519,Weizmann Blvd/David Ben Gurion Blvd
19520,Weizmann/Bar Yehuda
19521,Ben Gurion/Nahalat Har Habad
19522,Yoseftal/HaRambam
19523,Yerushalayim Road/Israel Yesha'ayahu
19524,Yerushalayim Road/Moshe Dayan Road
19525,Yerushalayim Road/Menachem Begin Road
19527,Ashlegan/Zarhan
19528,Be'er Milka
19529,Hevron/Hen
19530,Herzl/Dimona Entry
19531,Ariel Sharon Boulevard/Masada
19532,Golda Meir/HaMa'pil
19533,Golda Meir/Struma
19535,HaRav Haim Pinto/Yehuda Halevi
19536,Ibn Ezra/Alharizi
19538,Moran Hahoresh/Shezaf
19539,Shezaf/Dolev
19540,Shezaf
19542,Ela/Miriam HaNevia
19544,Shezaf/Tofach
19545,HaRav Alnaqua/Ela
19546,Ben Gurion Blvd/Shilo
19547,Ben Gurion/HaNassi
19548,Ben Gurion/HaNassi
19549,Edmond de Rothschild/Balfour
19550,Edmond de Rothschild/Balfour
19551,Kadesh Boulevard/Yerushalayim
19552,Gamla/Korazin
19553,Karne Hitin/Acre Fort
19555,Shezaf/Tsaftsefa
19556,Shezaf/Shikma
19557,Ibn Gvirol/Kindergartens
19558,Ibn Gvirol/Alharizi A
19559,
19561,Merhavim/Netiv HaTsiporim
19563,Golda Meir Boulevard/Struma
19564,Struma/Golda Meir
19565,Golda Meir/HaHagana
19566,HaMa'pil/Mivtsa Uvda
19567,Hamelaha/Jenassiya Yossef
19569,HaTfutsot/Golda Meir
19570,Baba Sali/Yerushalayim Blvd
19571,Gamla/Bet She'arim
19572,Tsipori/Gamla
19577,Ela/Marva
19578,No'am Hayim School
19579,HaTfutsot/Yits'hak Sade
19580,Cemetery
19581,Rabin School/Yotam Road
19582,Dakar/Gane Canada
19585,Te'ena/Pninit
19586,Rimon/Vardit
19587,Migdalor Beach/Egypt Road
19588,Ne'ot HaKikar/Center
19589,En Tamar/Center
19590,Erez Checkpoint/Road 4
19591,Sheshet HaYamim/En Netafim
19592,Sheshet HaYamim/En Ya'hav
19593,Sheshet HaYamim/Sara Imenu
19594,Harim Road/En Netafim
19595,En Netafim/Bne Israel
19596,En Netafim/Sheshet HaYamim
19597,Hahashmona'im/Can'anim
19598,Rabin Stadium/Sheshet Hayamim
19599,Yoseftal Hospital
19600,Sheshet HaYamim/Yehoshafat
19601,Dakar/Halilan
19602,Dakar/Batran
19603,Zaharon/Gitran Alley
19604,Zaharon/Enat Center
19605,HaHotrim/HaSigalit
19606,HaSigalit/Dardar Alley
19607,Yahel/HaHotrim
19608,Yahel/Nirit
19609,Yotam Road/Hativat HaNegev
19610,Herods Hotel/Dan Hotel
19611,Agamim Hotel/Campan
19612,Agamim hotel/Leonardo Club
19613,Leonardo Club Hotel/Campan
19614,Big Center/HaSetet
19615,Music Center/Yotam Road
19616,Begin High School/Hasportayim
19617,Yahel/HaSigalit
19618,HaSigalit/Mish'ol Hadas
19619,HaHotrim/Argaman
19620,Zaharon/Dakar
19621,Sheshet HaYamim/Yotam Road
19622,Sheshet HaYamim/Matnas Shahamon
19623,Rabin Stadium/Sheshet Hayamim
19624,Ceasar Hotel/Leonardo Plaza
19625,Los Angeles/Sinai
19626,Argaman/Yotam Road
19627,Argaman/HaTsaftsefa
19628,Argaman/Hativat HaNegev
19629,Hativat HaNegev/HaGay Road
19630,HaDuvdevan/Alon Alley
19631,HaDuvdevan/Egoz Alley
19632,HaDuvdevan/Banana
19633,Ha'Agas/Etrog Alley
19634,En Netafim/Eshkolit Alley
19635,Nir Hen/Road 3413
19636,Nir Hen/Road 3413
19637,En Ya'hav/En Akev
19638,En Ya'hav/Harim Road
19639,Sheshet HaYamim/Hatzerot Square
19640,Roded/HaTmarim Boulevard
19641,Magen David Adom/HaTmarim Avenue
19642,Eilat Campus/HaMalcha
19643,HaMalcha/Hativat Golani
19644,Razin Center/Hochman Center
19645,Razin Center/Hochman Center
19646,Hativat Golani/Hamelaha
19647,HaMeleha/HaTsva'im
19648,Eilat Campus/HaMalcha
19649,Magen David Adom/HaTmarim Avenue
19650,Roded/Barne'a
19651,Sheshet HaYamim/Meshel Center
19652,Sheshet HaYamim/HaSporta'im
19653,HaBonim/Hahsharat HaYishuv
19654,En Netafim/Nahal Hemar
19655,Ha'Agam/Limon
19656,Duvdevan/Shaked
19657,Argaman/HaNesher
19660,Tarabin/Exit
19663,Tarabin Intersection/Road 310
19667,Giv'ot Bar School
19670,Giv'ot Bar/Exit
19671,Giv'ot Bar Intersection/Road 310
19672,Giv'ot Bar Intersection/Road 310
19673,Rahat South Junction/Road 310
19674,Alh'zan/Entry
19675,Alh'zan/K. Alshabi
19676,Alh'zan/K. Alnoras
19677,Alnoras/1318
19678,Alnoras/1108
19679,Alnoras/476
19680,Alnoras/454
19681,Alfajar/Gaza
19682,Alnoras/411
19683,Alnoras/411
19684,Alfajar/Alamal
19685,Alnoras/454
19686,Alnoras/476
19687,Alnoras/1108
19688,Tark Ben Ziad/Ibn Battuta
19689,Alh'zan/K. Alnoras
19690,Alh'zan/K. Alshabi
19691,Alh'zan/Exit
19692,Omar Al-Mukhtar/K. Ibn Rushad
19693,Hativat HaNegev/Barkan
19694,Argaman/Yotam Road
19696,Tarabin Intersection/Road 310
19697,HaNassi Junction/Road 310
19698,Klil HaHoresh/Moran Hahoresh
19699,Ela/Shezaf
19700,Begin high school/Malkat Shva
19701,Malkhat Shva/Tsur
19702,Palace Hotel/Malkat Shva
19703,Elot/HaShita
19704,Umm Ratam B
19705,Har Tsin/Nahal Menuha
19706,Monfort/Herodion
19707,Hod HaMidbar Hotel
19708,Lot Hotel
19709,Pais Center
19710,Kibbutz En Gedi/Dining Room
19711,En Gedi/Exit
19712,Yerushalayim/Rabin Road
19713,Yerushalayim Boulevard/Rehavam Zeevi
19714,Klil HaHoresh/Moran Hahoresh
19715,Klil HaHoresh/Sahlevan HaHoresh
19716,Mitsrayim Road/The Princess Hotel
19717,Emergency Soroka/Wingate
19718,Wingate/Golomb
19719,Wingate/Arlozorov
19720,Wingate/Khaviva Reik
19721,Professor Avraham Amir/Shmu'el Feldberg
19722,Professor Avraham Amir/Shmu'el Feldberg
19723,Dr. Eldad Scheib/Ha'Andarta
19724,Dr. Eldad Scheib/Dr. Yohanan Bader
19725,Dr. Eldad Scheib/Dr. Yohanan Bader
19726,Dr. Eldad Scheib/Dr. Yohanan Bader
19727,HaMered/Eliyahu Hakim
19728,Professor Avraham Amir/Dukhifat
19729,Professor Avraham Amir/Professor Shmuel Eisenstadt
19730,Professor Avraham Amir/Professor Shmuel Eisenstadt
19731,Ya'akov Marsh/Yitzhak  Moda'i
19732,Ya'akov Marsh/Zvulun Hammer
19733,Makif G High School/Ha'askala
19735,Darkhe Refa'el/Kehilat Ya'akov
19736,Yehuda/Hen
19739,Professor Avraham Amir/Ha'Andarta
19740,Dr. Eldad Scheib/Ha'Andarta
19741,Zevulun Hammer/Avraham Shofet
19742,Zevulun Hammer/Ben Tsiyon Carmel Boulevard
19748,Snuba Dive Center/Egypt Road
19749,Ge'ah Farm 88 - Derech Shdema/Shdema Road
19750,Ge'ah Farm 88 - Derech Shdema/Shdema Road
19751,Shezaf/Tofach
19752,Shezaf/Tsurit
19753,Shezaf/Ela
19754,Shezaf/Dolev
19755,Baba Sali/Hamahtesh
19757,Refreshing Station/Bet Kama Inn
19759,Baba Sali/Hayore
19760,Sara Imenu/Ruth HaMoaviya
19762,Center/Neot HaKikar
19763,Herzl/Mivtsa Kadesh
19765,Mitsrayim Road/The Princess Hotel
19787,Divers Village/Migdalor Beach
19788,Ibn Gvirol/Alharizi B
19789,Golda Meir/HaTfutsot
19790,HaTfutsot/Agricultural Farm
19793,Herzl/HaHagana A
19794,Herzl/HaHagana B
19795,Hativat HaNegev/Kineret Alley
19796,Hativat HaNegev/Elot
19797,Argaman/Shahamon
19798,Shahmon/Mish'ol Sapir
19799,HaDekel/HaGefen
19800,Student Village/Yitzhak Shamir Road
19801,HaDekel/Ma'agal Ha'Etrog
19807,HaRav Haim Pinto/Yehuda HaLevi
19810,Almog Beach/Egypt Road
19812,Hamelaha/HaGefen
19814,Commercial Center/Ha'ayin Lamed
19815,Moshe Barazani/Me'ir Feinstein
19816,Moshe Barazani/Me'ir Feinstein
19817,Sha'ul HaMelekh/Abba Ahimeir
19818,Sha'ul HaMelekh/Alfasi
19819,Henrietta Szold/Hatikva Pedestrian Street
19822,Taining Base/Mali
19823,Uvda Base/Gate Keeper
19824,Ein Gedi Reservation
19827,Zohar Junction
19828,Ein Bokek/Highway 90
19829,Sinai/Mo'av
19831,Hayun Camp
19833,Sara Junction/Road 40
19835,Hativat Yiftah/HaDekel
19837,HaRishonim/3703
19840,HaRishonim/Rakefet
19841,HaMeyasdim B
19843,Shibolim/Ha'Alumot
19844,Neve Mivtah Junction
19847,Dlila Beach/Yefe Nof
19848,A Zahara School
19849,A Zahara School
19850,Al Rahma Mosque
19851,Quarter 26 South
19852,Quarter 26 South
19853,Dar Alklem School
19854,Quarter 34
19855,Quarter 34
19856,Omar Al-Mukhtar/K. Ibn Rushad
19857,Shezaf/Haruv
19858,Herzl/Hamelaha
19859,Kfar HaIrussim/Ilan Ramon Road
19860,Shomriya (Shfifon) Camp
19861,Ibn Sina School/Salah al Din
19862,Albir/Omar Al-Mukhtar
19863,Rothschild/Abba Ahimeir
19864,Bne Brit Boulevard/Afarsek
19865,Rivyera Terminal
19866,Bet Eshel/Ha'Atsma'ut
19867,Abu Qrenat
19868,Qasr a-Sir
19869,Kovshe Eilat/Eli'ezer Milrod
19870,Ne'ot HaKikar Intersection Eastbound
19871,Giv'at Yeruham Junction
19872,Yeroham North Junction
19873,Ksaifa/Quarter 13
19874,Kehilat Ya'akov/HaRav Mazuz
19875,Kehilat Ya'akov/HaRav Mazuz
19876,Shehoret Industrial Zone
19877,A.T Eilat Base
19878,Nevatim Camp Junction
19879,Nevatim Camp Junction
19880,Tel Arad Junction
19886,Bne Netsarim
19887,Sanhedrin/Ba'ale HaTosafot
19888,"Hutsot HaYotser/Tachm""ash"
19889,Hutsot HaYotser/Ha'Oman
19892,Messu'a Camp/Gate Keeper
19893,Beit Almog/HaMelacha
19894,Beit Almog/HaMelacha
19895,HaMutsar/Ha'Oman
19896,HaMutsar/Ha'Oman
19897,HaMutsar/HaSatat
19898,HaMutsar/HaSatat
19899,Mall HaYam/Derben
19900,Yotam Road/HaBaz
19901,Mo'av/Nof
19903,HaTa'asuka/HaYahalomim
19904,HaTa'asuka/HaYahalomim
19905,Amatsyah Square Eastbound
19906,Amatsyah Square Northbound
19907,Neve Midbar/Girit Alley
19908,Neve Midbar/Gerbil Alley
19909,Neve Midbar/Marion Alley
19911,HaRotem/HaTsiv'oni
19912,Refreshing Station/Mitspe Ramon Industrial Area
19919,Revadim
19924,HaTikva Path/Shoham
19926,Nof Yam/HaTsedef
19929,Neve Dekalim/Shirat HaYam
19930,Gush Katif/Kfar Darom
19935,Kibuts Nitsanim
19942,Uri Tsvi Greenberg Boulevard
19945,Urim Southern District Base
19946,Sderot Railway Station
19947,Zim Center/HaTa'asiya
19948,Abu Qrenat 1
19949,Kupat Holim Clalit
19950,School
19951,Kupat Holim Clalit
19952,Abu Qrenat 3
19953,Qasr a-Sir 1
19954,Qasr Al-Sir 2
19955,Qasr a-Sir 3
19956,Qasr a-Sir 4
19957,Qasr a-Sir 5
19958,Hamamot Darom
19959,Hamamot Darom
19960,HaNakhlah Square
19961,HaNakhlah Square
19962,Al Shuara
19963,Al Shuara
19964,Ahmed Shawqi Square
19965,Ahmed Shawqi Square
19966,Omar Al Mukhtar/Zamzam
19967,HaTe'omim
19968,Compound 5 Center
19969,Compound 5 Center
19970,HaGiv'a
19971,HaGiv'a
19972,Salman School
19973,Salman School
19974,Holot Facility
19975,Nevatim Camp
19976,HaRambam/HaShikma Plaza
19977,HaRambam/Jabotinsky
19978,HaRambam/Yahadut Drom Africa Boulevard
19979,HaRambam/HaRakefet Plaza
19980,BIG Center/Yahadut Drom Africa Boulevard
19981,BIG Center/Yahadut Drom Africa Boulevard
19982,Bilu/Trumpeldor
19983,Bilu/Ole HaGardom
19984,Bilu/Lehi
19985,Bilu/Lehi
19986,Odem/HaHida
19987,Ashdod Central Station
19988,Ashkelon Central Bus Station Platforms/Intercity
19990,N.A. M.A Industrial Park
19991,N.A.M.B Industrial Park
19992,N.A.M.G Industrial Park
19993,Yiga'el Yadin BLVD/En Gedi
19994,HaDekalim Boulevard/Vered
19995,HaDekalim Boulevard/HaMessila
19996,HaDekalim Boulevard/Rakefet
19997,Har'el Road/Hevron Boulevard
19998,HaMessila/HaDekalim Boulevard
19999,Mt. Harif
20000,Hertsliya Railway Station
20001,Tel Aviv-Savidor Train Stations/Platforms A
20002,Yosef Nevo/Stadium
20003,Yosef Nevo/Stadium
20004,HaMager/Yad Harutzim
20005,Allenby LRT Station/Yehuda HaLevi
20009,Ussishkin School
20010,Zisman/Begin Road
20013,Namir Road/Menachem Begin Road
20017,David Shiffman Bridge/Menachem Begin Road
20021,Kibbutz Galuyot Road/Hel HaShiryon
20022,Shalva Convalescent Home/Israel Shapira
20023,Hassan Arafe School/Ibn Sina
20024,David Shiffman Bridge/Menachem Begin Road
20026,HaMasger/Ben Avigdor
20027,Erlich LRT Station
20028,Kedem/Mendes France
20029,Zisman/Begin Road
20033,Metzulot Yam/Israel Shapira
20034,Mish'an Retirement Home/Metzulot Yam
20036,Light Rail Bialik/Jabotinsky Road
20037,Bne Brak Mall/Aharonovich
20041,HaTomer/HaRav Herzog
20042,Yehuda Margoza/Yefet
20043,Bassola/Petahia MiRegensburg
20046,Erlich LRT Station
20047,Namir Road/Einstein
20048,Dr. Erlich/Yefet
20050,Kibbutz Seminar/Namir Road
20051,Namir Road/Einstein
20052,Hassan Arafe School/Kedem
20053,Mikve Israel/Levontin
20054,Levi Eshkol Boulevard/Me'ir Ye'ari Square
20055,Giv'at Shmu'el Interchange/Mivtsa Kadesh
20056,Ezra/HaRav Kahanman
20057,Ezra/Nehemya
20058,Ezra/Dvora HaNevi'a
20059,Hazon Ish/Dvora HaNevi'a
20060,Tel Aviv-University Railway Station East
20061,Bne Brak City Hall/Yerushalayim
20062,Yerushalayim/HaRo'e
20064,Namir Road/KKL Boulevard
20065,HaGanim/HaBe'er
20066,HaGanim/HaBe'er
20067,HaGanim/HaSadot
20068,Messubim Interchange
20075,Aharonovich/Rabbi Akiva
20077,HaRav Shach/Hashav Sofer
20078,HaRav Shach/Jabotinsky Road
20079,Rav Yitzchak Abuchatzeira/Rav Brot
20080,HaMaccabim/HaRav Brot
20081,Abarbanel/HaMaccabim
20082,Tsvi Herling/HaRav Tayeb
20084,HaRav Nuruk/Abarbanel
20085,HaRav Nuruk/Abarbanel
20086,HaRav Nuruk/Rabbi Ganichovski
20087,Beit Chanoch/Rabbi Genichovsky
20089,Abarbanel/Tsvi Herling
20090,Abarbanel/HaMaccabim
20091,HaMaccabim/HaRav Brot
20092,Sokolov/Jabotinsky Road
20093,Rimonim Center/Rabbi Nafha
20094,Aharonovich/HaRav Reines
20095,HaYarkon/Yona HaNavi
20096,Levinsky College/Namir Road
20097,Derech Shalma/Schocken
20099,Education City/Namir Road
20100,Shivte Israel/Hannah Szenes
20102,Tschlenow/Matalon
20103,Ironi Yud Bet/Toulouse
20104,KKL Boulevard/Shlomo Ben Yosef
20105,Levinsky College/Namir Road
20107,Kedem/Assaf HaRofeh
20109,Tschlenow/HaGdud HaIvri
20110,Peres Center for Peace/3178
20111,Dov Hoz/HaHaluts
20112,Glilot Interchange/Namir Road
20113,HaGalil/HaSharon
20116,Yefet/Nagib Mahfuz
20118,Glilot West Interchange
20120,Ben Zakai/Bar Yohay
20121,Geula/HaKovshim
20122,Bet Hilel/Hahashmona'im
20130,HaMelakhim/Arugot
20133,Trumpeldor/Ben Yehuda
20134,Menachem Begin/Jabotinsky
20137,Jewish People Museum/Klausner
20138,Jewish People Museum/Klausner
20139,
20141,Valencia/Ma'anit
20142,HaSira Junction South
20145,Hertsliya Junction
20146,Tel Aviv Road/Montefiore
20147,HaRav Israel Abu Hatsera/David Machluf
20148,Tel Aviv Road/Fishman
20150,Abu Hatzeira/HaRav Fetaya
20152,Rabin Square/Ibn Gvirol
20153,Nof Yam Interchange
20154,Kfar Shmar'yahu Junction
20155,Abu Hatzeira/HaKishon
20160,HaRakevet/HaMasger
20162,Abu Hatzeira/HaYarkon
20163,Industrial Zone
20164,Industrial Zone
20165,Geha Interchange
20167,Ben Zion Micha'eli/HaRakevet
20168,Ben Gurion Road/Adjutant Corps
20170,Peres Center for Peace/3178
20171,Shiv'at HaKokhavim Mall/Ben Zion Micha'eli
20172,Shiv'at HaKokhavim Mall
20173,HaRav Bar Ilan/HaRav Shapira
20176,Ze'ev Jabotinsky Road/HaHashmona'im
20179,Yoav/Rokach
20180,Rokah/Yoav
20181,HaMarganit Club/Rokah
20182,HaMarganit Club/Rokah
20183,Yerushalayim/Daniel
20184,Rokah/Gidi
20185,Rokah/Rakefet
20186,Spivack/Rokah
20187,Pinhas Rosen/Ashkenazi
20188,Spivack/Rokah
20189,Ra'anana West Rail Station/Alight
20190,HaRishonim/Ussishkin
20193,Gimnasia Herzliya/Remez
20194,HaRishonim/Sokolov
20195,Moshe Sne/Bne Efrayim
20196,Military Cemetery Kiryat Shaul
20197,Ra'anana West Rail Station/Boarding
20198,HaNadiv/Jabotinsky
20199,HaRishonim/Tarpad
20200,Yerushalayim/Ben Zakai
20201,Sokolov/Eli Cohen
20202,Allenby LRT Station/Yehuda HaLevi
20203,Yehuda Margoza/Yefet
20204,Sokolov/Yavne
20205,Hoshlim/Sadna'ot
20206,Shenkar/Menofim
20207,Rabbi Akiva/Varsha Garden
20208,Sadna'ot/A.Eban
20211,Shiv'at HaKokhavim Mall/Yosef Nevo
20212,National Olympic Shooting Range/Jabotinsky
20213,Pinsker/Ibn Ezra
20214,Pinsker/Jabotins
20215,Herzliya City Hall
20216,HaRav Kook/Weizmann
20217,HaRav Kook/Weizmann
20218,HaNadiv/Y.HaLevy
20219,Tcharnichovsky/Malchei Israel
20220,David Shimoni/Yehuda Alkalay
20221,Yerushalayim Road/Exit to Road 531
20222,Betar/Histadrut
20223,Betar/Enav
20224,Sokolov/Zerubavel
20225,D.Raziel/Betar
20226,Bet Juliana/David Raziel
20227,Hemshechiut Intersection
20228,Yehuda/D.Raziel
20229,Sokolov/Weizmann Boulevard
20230,Ben Gurion/Yavne
20231,A.Shahak/Ya'ara
20232,Shahak/Tsamarot
20233,Hadar/Anna Frank
20234,Kupat Holim Meuhedet/Sokolov
20235,Bloomfield Stadium/Ben Zvi Road
20236,HaBima/TARSAT Boulevard
20237,Ahdut HaAvoda/HaPoel HaTsa'ir
20242,Amirim Center/Ben Gurion
20243,Amirim Center/Ben Gurion
20244,Ben Gurion/Bar Kokhba
20245,Yad LaBanim/Gordon
20246,City Hall/Shenkin
20247,City Hall/Shenkin
20248,Gordon School/HaKneset
20249,Gordon School/HaKneset
20256,Carlebach/Laskov
20265,Avigayil/Ruth
20266,Moshe Sne/Tsahal
20269,Hertsliya Junction
20270,Kfar Shmar'yahu Junction
20271,Yehuda Halevi/Marmorek
20272,Asaf/Itamar
20273,Ibn Gabirol/Eliezer Kaplan
20274,Rehovot HaNahar/Haviva Reik
20275,Itamar/Yoav
20276,Bet HaLohem/Shmuel Barkay
20277,Reading Terminal/Platforms
20278,Yehuda HaYamit/Avraham Even Shoshan
20280,Yehuda HaYamit/Avraham Levinson
20281,Ra'anana West Train Station/Jerusalem road
20282,Ra'anana West Train Station/Jerusalem road
20283,Beit El/Rama
20284,Bayit BaLev Parents Home/Bet El
20286,HaNadiv/Yosef Nevo
20287,Namir Road/HaRav Herzog
20288,Sheba Road/Aluf Sade
20289,Carlebach/HaArbaa
20290,Zvi Mandelblit/Shmuel HaNagid
20292,Ya'akov Dori/Menahem Begin Road
20293,HaSaraf/Sokolov
20296,Nes LaGoyim/Aza
20297,Azza/Nes LaGoyim
20298,Tel Aviv Central Bus Station / Salame Road
20299,Pinhas Rosen/Shlonsky
20300,Moshe Sne/Dvora HaNevi'a
20301,Moshe Sne/Tsahal
20302,Moshe Sne/Bne Efrayim
20303,HaRishonim Junction
20304,Pinhas Rosen/Kehilat Jassy
20305,Pinhas Rosen/Shlonsky
20306,Pinhas Rosen/Dvora HaNevi'a
20307,HaRishonim Junction
20308,Ben Gurion/Homa VeMigdal
20309,Tel Aviv Central Bus Station / Salame Road
20310,Israel MiSalant/HeAsif
20311,Eli'ezer Kaplan/Ibn Gvirol
20312,Kfar Shmar'yahu Junction
20313,Eli'ezer Kaplan/Dubnov
20314,Savidor Center Train Station/Moda'i Bridge
20316,Aharon Beker/Mordekhay Me'ir
20317,Moshe Wilensky/Franz Kafka
20319,HaSaraf/Levona
20320,Sasha Argov/Max Zeligman
20323,Kibbutz Galuyot Road/Har Zion Boulevard
20324,Country/Ben Gurion
20326,HaSaraf/Levona
20327,The Kneset/Golomb
20328,Commercial Center/Sokolov
20329,Sokolov/Azar
20330,Hazon Ish/Nehemya
20331,HaKneset/Arlozorov
20332,Aharov Yariv/Aluf Yitzhak Haka Hofi
20333,Aluf Yitzhak Haka Hofi
20334,HaSira Junctin North
20335,La Guardia/HaTayasim Road
20336,Aluf Yitzhak Haka Hofi
20337,Ed Koch/Alfred Doblinþ
20340,Hazon Ish/Ha'Admor MiGur
20342,Heinrich Heine/Yig'al Yadin
20343,Nes LaGoyim/Sherira Gaon
20344,Reading/Brodetsky
20345,HaBaal Shem Tov LRT Station/Jerusalem blvd.
20346,Isakov LRT Station/Jerusalem blvd.
20347,Namir Road/Yehuda HaMaccabi
20348,Namir Road/Jabotinsky
20349,Tel Aviv Train Station Savidor/Namir Road
20350,Nes LaGoyim/Heinrich Heine
20351,Yerushalayim Boulevard/HaBaal Shem Tov Boulevard
20353,HaHagana Rail Station/HeHarash
20354,Yerushalayim Boulevard/Ed Koch
20356,HaMasger/Yitshak Sade
20358,Shivtei Israel/Leib Ben Sarah
20359,Shivte Israel/Dr. Erlich
20361,London Ministore/Ibn Gabirol
20364,Dizengoff/Yodfat
20365,Kehilat Vilna/Yehi'am
20369,Shave Tsiyon/Yirmiyahu
20370,HaRav Kook/Shimshon HaGibor
20371,Moshe Dayan Rd - Police
20373,HaShunit/Yorde Yam
20374,Hertsliya Junction
20377,HaKfar HaYarok Interchange
20378,Maskit/Yohanan HaSandlar
20379,Medinat HaYehudim/David HaMelekh
20380,Herzl/Ben Tsvi Road
20381,Shivte Israel/Dr. Erlich
20382,Shivte Israel/Ben Sara
20386,Zoological Garden/Herzl
20388,Shoken/Bar Yohay
20389,Shoken/Kibbutz Galuyot Road
20390,La Guardia/Shaar HaGay
20396,Afeka/KKL Boulevard
20413,Weizmann School
20418,Heinrich Heine/Ness LaGoyim
20419,Bloomfield LRT Station/Yehuda HaYamit
20430,Kibbutz Galuyot/Rachel
20432,HaSharon Hotel
20433,Keren HaYesod/HaNassi Yitshak Ben Tsvi
20434,Nordau/Dov Hoz
20435,Nordau/Fishman
20438,Magen David
20441,Commercial Center/Wingate
20443,Ben Tsvi Road/Heinrich Heine
20444,Tel Aviv-Jaffa Academy/Heinrich Heine
20445,Tel Aviv-Jaffa Academy/Heinrich Heine
20446,Yefet/Yitzhak Aviner
20447,Yefet/Yehuda HaYamit
20448,Yefet/Louis Pasteur
20449,Flea Market/Yefet
20450,HaShaon Square/Marzuk and Azar
20452,Clock Square/Nahum Goldman
20453,Salame LRT Station
20454,Salame LRT Station
20455,Bloomfield Stadium/Shlavim
20456,Bloomfield Stadium/Shlavim
20457,Elifelet/HaRabi MiBakhrakh
20458,Elifelet/HaRabi MiBakhrakh
20459,Shlomo Road/Shlabim
20461,Shlabim/Elifelet
20462,Shlabim/Elifelet
20463,Bne Brak Rail Station
20464,Mahrozet LRT Station/Saharon
20465,Mahrozet LRT Station/Saharon
20466,HaMedina Square/Arye Akiva
20467,Beit HaHayal/Pinkas
20468,Ben Gurion Road/Golomb
20469,Prof. Yeshayahu Leibowitz/HaRav Yaakov Tarab
20470,Yehuda HaNasi/Ya'ara
20471,HaBrigada HaYehudit/Simon Wiesenthal
20472,Morde HaGeta'ot/Tse'ire Tsiyon
20473,Military Cemetery
20474,HaBrigada HaYehudit/HaTsaftsafot
20475,Dasha Aharonson/HaRav Kook
20476,Yits'hak Shamir/HaRav Kook
20477,Gideon Hausner/Shalom Rosenfeld
20478,Dasha Aharonson/Gideon Hausner
20482,Medical School/Klaczkin
20483,Bilu/Habad
20487,HaBrigada HaYehudit/Yesud HaMa'ala
20492,Sokolov/Hadar
20495,Nof Yam Interchange
20496,Yerushalayim Blvd/HaGiborim
20503,Medical School/Klaczkin
20506,Hel HaShiryon Road/Golomb
20518,Tseire Tsion/Nissanov Lane
20521,Dov Hoz/Shmuel HaNagid
20532,Beitar/Petah Tikva
20538,Mahrozet LRT Station/Jerusalem blvd.
20544,Nardur/Mahrozet
20550,Yosef Levi/HaKovshim
20551,Engineering. Construction and Infrastruction Directories
20557,HaNadiv/David Shimoni
20563,Bloomfield LRT Station/Yehuda HaYamit
20572,Alharizi/Yirmiyahu
20574,Tsahal/Rekhev Israel
20581,Itzhal Navon School/Natan Alterman
20593,Yirmiyahu/Shave Tsiyon
20595,Country Club/Jabotinsky
20597,Einstein/Brodetsky
20607,Shivte Israel/Tajar
20610,Mofet Institute/Shoshana Persitz
20611,Mofet Institute/Shoshana Persitz
20622,Yerushalayim/Mt.-Sinai
20633,Jabotinsky/HaRav Kook
20634,Mishmar HaYarden/Haruge Malkhut
20635,Arlozorov/Ibn Gvirol
20636,Ben Tsvi Road/Lavon
20637,Lehi/Mivtsa Kadesh
20638,Lehi/Mivtsa Kadesh
20639,Mahal/HaRav Elnekave
20640,Mahal/HaRav Elnekave
20641,Besht School/Mahal
20642,Yefet/3198
20643,Ayalon Mall/Sheshet HaYamim Road
20644,HaYarkon/Bar Kokhba
20645,HaYarkon/Mivtsa Kadesh
20646,HaYarkon/HaMakabim
20647,HaYarkon/HaMakabim
20648,HaYarkon/HaRav Israel Abu Hatsera
20649,HaHashmonaim/Rothschild Boulevard
20650,Glilot Junction – Military Base
20651,Jabotinsky/Ben Yehuda
20652,Arlozorov/Ben Yehuda
20653,Eliezer Peri/Arlosoroff
20654,HaYarkon/Ben Gurion Boulevard
20655,Frischmann Beach
20656,Bugrashov Beach/Promenade
20657,HaYarkon/Trumpeldor
20658,HaYarkon/Allenby
20659,Banana Beach
20660,Jerusalem Beach
20661,Bugrashov Beach/HaYarkon
20662,Gordon/HaYarkon
20663,Gordon/Dov Hoz
20664,Frishman/Dov Hoz
20665,Bloomfield Stadium/Kibbutz Galuyot Road
20666,Kibbutz Galuyot/Lavon
20667,Kibbutz Galuyot Road/Israel Guri
20668,Kibuts Galuyot Road/Mesilat Yesharim
20669,Graetz Sch./Adam HaCohen
20670,Tagore/Andersen
20671,Commercial Center/Tagore
20672,Tagore/Arye Pasternak
20673,Tagore/Oppenheimer
20674,Ibn Gvirol/Pinkas
20675,Ibn Gabirol/Yehuda HaMakabi
20676,Milano Square/Yehuda HaMakabi
20678,Yeshayahu Leibowitz/Alan Turing
20679,Yeshayahu Leibowitz/Alan Turing
20680,Ada Lovelace/Yeshayahu Leibowitz
20681,Alan Turing/Arye Shenkar
20682,Tof Miriam/HaTizmoret
20683,Tof Miriam/HaTizmoret
20684,South-Eastern Parking/HaTizmoret
20685,South-Eastern Parking/HaTizmoret
20686,HaTizmoret/HaKinor
20687,HaTizmoret/HaRav Ovadia Yosef
20688,Gideon Hausner/Yitzhak Shamir
20689,Dasha Aaronsohn/Arye Zaif
20690,Zeev Jabotinsky/Nathan Alterman
20691,Zeev Jabotinsky/Nathan Alterman
20692,Zeev Jabotinsky/Menahem Begin
20693,Motta Gur/Zvi Dinstein
20694,Motta Gur/Zvi Dinstein
20695,Motta Gur/Amos Oz
20696,HaRav Ovadia Yosef/Amos Oz
20697,Ibn Gvirol/Jabotinsky
20698,Ibn Gvirol/Jabotinsky
20699,Ibn Gabirol/Arlosoroff
20700,Ibn Gabirol/Arlosoroff
20721,Brenner School/Meir Grossman
20722,Ha'Atsma'ut/Ben Gurion
20725,Menahem Begin Road/HaHashmonaim
20726,Menahem Begin Road/HaMelacha
20727,Yehudit LRT Station/Menachem Begin road
20728,Yehudit LRT Station/Menachem Begin road
20729,Herzl/Kibbutz Galuyot Road
20730,Shazar/Shaked
20731,TLV Mall/Carlebach
20732,Carlebach LRT Station/Lincoln
20733,HaGdud HaIvri/Har Zion Boulevard
20734,HaNehoshet/HaBarzel
20735,Azar/HaShomron
20736,Levi Eshkol Boulevard/Marc Chagall
20737,Levi Eshkol Boulevard/Marc Chagall
20738,HaNeviim/Shmaryahu Levin
20739,HaNeviim/Shmaryahu Levin
20740,Tel Aviv-Savidor Train Stations/Platforms B
20741,Tel Aviv-Savidor Train Stations/Platforms C
20742,Raul Wallenberg/Dvora HaNevi'a
20743,Jabotinsky/Ibn Gvirol
20744,Carmelit Terminal
20745,Allenby LRT Station/Yavne
20746,Ra'anana West Train Station
20747,Ra'anana West Train Station
20748,Bialik/Abba Hillel Road
20749,Light Rail Carlibach/Menachem Begin Road B
20750,Light Rail Carlibach/Menachem Begin road A
20751,Israel Tal/Menachem Begin Road
20752,Menahem Begin Road/HaRakevet
20753,HaRakevet/Rosh Pina
20754,HaHarash/Rosh Pina
20755,Dvora HaNevi'a/Raul Wallenberg
20756,HaShalom Road/Yigal Allon
20757,Military Camp/Aharon Yariv
20759,2040/Shoshana Persitz
20760,2040/Shoshana Persitz
20761,College of Management/Shoshana Persitz
20762,Light Rail Arlozorov/Al Parashat Drachim
20763,Yunitsman 12040
20764,Yunitsman/Road 2
20765,Avenue 5/2040
20766,Avenue 5/2040
20767,Yunitsman/2040
20768,Dvora HaNevi'a/Matityahu Shoham
20769,Lavon/Ofer Cohen
20770,Nahalat Yitzhak/Yigal Allon
20771,5 Ave./Michael Neeman
20772,Yona HaNavi/Allenby
20773,King Goerge/Allenby
20774,King Goerge/Allenby
20775,Sheinkin/Allenby
20776,Melchet/Sheinkin
20777,Monitofiori/Allenby
20778,Mazeh/Allenby
20779,Yohanan HaSandlar/Balfour
20780,Yohanan HaSandlar/Sheinkin
20781,Ha'Avoda/King Goerge
20782,Rothschild/Shadal
20783,Rotshchild/Allenby
20784,Dizenghoff Center/King Goerge
20785,Dizenghoff Center/King Goerge
20786,Menahem Begin Road/Allenby
20787,Yavne/Yehuda HaLevi
20788,Golda Termianl/Dropoff
20789,Golda Terminal/Platforms
20791,HaYarkon/Mezada
20792,Rav Rabinov
20794,Dr. George Weiss/Shalom Rosenfeld
20798,Yitzchak Elchanan/HaKovshim
20799,Bnei Brak Country Club
20800,Bnei Brak Country Club
20801,Abba Hillel LRT Station/Jabotinsky road
20803,Ibn Gabirol/Shdera 5
20804,Ibn Gabirol
20805,Ibn Gabirol/Shdera 5
20806,Shoshana Persitz/Ibn Gabirol
20807,Ibn Gabirol/Shoshana Persitz
20808,Ibn Gabirol/Shoshana Persitz
20809,Ibn Gabirol
20813,Ibn Gabirol/2040
20816,Ibn Gabirol/2040
20818,Brener/Heftsiba
20822,Maskit/Yad HaHarutzim
20825,Har Tsiyon Blvd/Shlomo Road
20826,Rabbi Akiva/HaRav Shach
20830,Ibn Gabirol/Tsvi Propes
20831,Tsvi Propes/Ibn Gabirol
20832,Arlozorov Light Rail/Menachem Begin Road
20833,
20834,
20902,Israel Guri Blvd/Kibbutz Galuyot Road
21000,Ichilov Hospital/David HaMelekh Blvd
21001,Aluf Sade/Yitshak Rabin Road
21002,Aluf Sade/Yitshak Rabin Road
21004,Aluf Sade/Korazin
21005,Arlozorov/Dizengoff
21011,Rivka Garden/Mishmar HaYarden
21015,HaHistadrut/Kaf-Gimel
21022,HaShalom Rail Station
21023,HaShalom Rail Station
21024,Leonardo De Vinci/Kaplan
21025,Weizmann/Jabotinsky
21028,HaShalom Road/Yigal Allon
21030,HaShalom Road/Yitshak Rabin Road
21031,HaShalom Road/Yitshak Rabin Road
21032,HaShalom Road/HaMa'avak
21033,HaShalom Road/HaMa'avak
21035,Arlozorov/Namir Road
21038,HaVaad HaPoel/Arlosoroff
21039,Korazin Terminal
21040,Heichal Wo?yn/Korazin
21041,Aluf Sade/HaYarden
21042,Aluf Sade/HaYarden
21043,Yarkon/Vitkin
21044,HaMa'avak/Menorah
21068,Arlozorov/Moshe Sharett
21075,Weizmann/Jabotinsky
21076,Weizmann/Tsahal
21077,Weizmann/Reines
21078,Ben Yehuda/Jabotinsky
21080,HaShalom Road/Totseret Ha'Arets
21089,HaYarkon/Yirmiyahu
21090,Ben Yehuda/Yirmiyahu
21092,Levi Eshkol Blvd/Dov Hausner
21093,Katznelson/Lakhish
21095,Katznelson/Aliyat HaNo'ar
21096,Katznelson/KKL
21100,London Ministore/Sha'ul HaMelekh Blvd
21104,HaYarkon/Arlozorov
21107,Levi Eshkol Blvd/Einstein
21108,HaMa'avak/Menorah
21109,Aluf Sadeh Terminal
21118,Cemetery/HaShalom Road
21119,HaShalom Road/Totseret Ha'Arets
21120,Rivka Garden/Mishmar HaYarden
21123,Tel Aviv City Hall/Ibn Gabirol
21125,Arve Nahal/Borochov
21126,Arve Nahal/Borochov
21127,Ibn Gabirol/Professor Schorr
21132,Aluf Sade/Road 4
21133,HaShalom Road/HaTayasim Road
21134,HaShalom Road/HaTayasim Road
21136,Tel Aviv Rabbinate/David HaMelech Boulevard
21137,Weizmann/Reines
21139,Tel Aviv Savidor Train Station/Al Parashat Drachim
21140,Tel Aviv Savidor Train Station/Al Parashat Drachim
21141,Weizmann/Rambam
21150,London Ministore/Sha'ul HaMelekh Blvd
21155,Arlozorov/Shlomo HaMelekh
21161,Aharonovich LRT Station/Jabotinsky road
21163,Sport Center/Behor Shitrit
21165,Migdal Vita/Ben Gurion Road
21173,Ichilov Hospital/Weizmann
21179,Allenby/Yehuda Halevi
21181,HaTayasim Road/Haim Bar Lev Road
21182,HaYarden/Etzel
21188,Namir Road/Yehuda HaMaccabi
21189,Abba Hillel LRT Station/Jabotinsky road
21190,Ort Singalovski/HaTayasim Road
21194,Moshe Dayan Road/HaHagana
21195,Jabotinsky Road/Hahashmona'im
21196,Bialik/Mevo HaRimon
21197,Bialik/Tuval
21199,Ramat Aviv Mall/Brodetsky
21206,Court House/Weizmann
21209,La Guardia/Lohamei Galipoli
21215,Alumot School/Reading
21216,Reading/Asher Barash
21218,HaTayasim Road/Oded
21219,Military Cemetery/Moshe Sne
21220,Hibat Tsiyon/Ben Gurion Road
21221,Government Complex/Menahem Begin Road
21223,HaNadiv/Jabotinsky
21226,Yehuda Halevi/Shenkin
21227,Broshim Campus/Shalom Rosenfeld
21228,Ben Gurion/HaHets
21229,Ben Gurion/HaRo'e
21230,Ben Gurion/Yehoshua Bin Nun
21231,Ben Gurion Road/Jabotinsky Road
21232,Ben Gurion Road/Megadim
21234,KKL Boulevard/Shlomo Ben Yosef
21235,Broshim Campus/Shalom Rosenfeld
21237,Yitshak Sade/HaMasger
21238,Court House/Weizmann
21241,Yehuda Halevi/Nahalat Binyamin
21242,HaYarden/Etzel
21243,HaHashmonaim/Menahem Begin Road
21244,Menahem Begin Road/HaRakevet
21254,Holon Junction/HaShiryon Road
21256,Tel Aviv Central Bus Station 6th Floor/Platforms
21257,Giv'at Shmu'el Interchange/Road 4
21258,Bar Ilan Bridge/Road 4
21263,HaAtzmaut/Jerusalem road
21264,La Guardia / Yigal Allon
21265,Bar Lev Road/HaTayasim Road
21270,Mivtsa Kadesh/Raul Wallenberg
21273,KKL Boulevard/Oppenheimer
21274,La Guardia Interchange
21275,HaMessila/Shadmot
21277,Moshe Dayan Road/HaHagana
21280,Giv'at Shmu'el/Pedestrian Bridge
21281,Wolfson Park/HaTayasim Road
21282,HaTayasim Road/Bar Lev Road
21284,HaShalom Road/Haviva Reik
21285,Aluf Sade/Oded
21286,Bar Lev Road/Unterman
21287,Bar Lev Road/Sheshet HaYamim Blvd
21289,Assuta/Yigal Allon
21301,La Guardia/HaGibor HaAlmoni
21303,Bet Hadar Dafna/Sha'ul HaMelekh Blvd
21305,Hatikva Garden/HaHagana Road
21307,Nativ School/HaHagana Road
21311,Hatikva Garden/HaHagana Road
21313,HaMessila/Shadmot
21315,TLV Mall/HaHashmonaim
21316,Hahashmona'im/Yehuda Halevi
21317,Yigal Allon/La Guardia
21318,Hekhal HaSport/Yig'al Allon
21319,HaYarden/Aluf Sade
21320,HaYarden/Negba
21321,HaYarden/Pinhas
21324,Yitzhak Sadeh/Soncino
21328,Reichman University/Menachem Begin
21330,Itzhal Navon School/Natan Alterman
21337,Court House/Ben Gurion
21339,HaRo'e/Yerushalayim Blvd
21342,HaRakevet/Bne Brak
21354,Light Rail Bialik/Jabotinsky Road
21356,Raul Wallenberg/HaNehoshet
21357,Raul Wallenberg/Ha'Arad
21358,Raul Wallenberg/Mishmar HaYarden
21365,Jabotinsky Road/Dov Gruner
21366,Dizengoff Square/Dizengoff
21367,Masarik Square/Frishman
21368,Jabotinsky Road/Krinitsi
21370,Jabotinsky Road/Ibn Ezra
21371,Kahaneman/HaRav Zonenfeld
21372,Kahaneman/Povrasky
21373,Rabbi Akiva/HaRav Kahanman
21374,Rabbi Akiva/Eliyahu HaNavi
21376,Electricity Company/Menahem Begin Road
21377,Rabi Akiva/HaRishonim
21378,Azrieli Mall/Highway 20
21379,Ariel Sharon Park/Lod Road
21382,Hibat Tsiyon/HaRo'e
21384,Hibat Tsiyon/HaRo'e
21385,Standards Institution/Haim Levanon
21387,Haim Levanon/Dr. George Wise
21388,University/Haim Levanon
21389,Haim Levanon/Klatzkin
21390,Bne Brak Railway Station/Mivtsa Kadesh
21394,Haim Levanon/Klatzkin
21397,Rothschild Blvd/Allenby
21398,Yigal Allon/HaShalom Road
21399,Yigal Allon/Emek Brakha
21400,Yigal Allon/Emek Brakha
21401,Yigal Allon/Arve Nahal
21402,Yigal Allon/Arve Nahal
21406,Yigal Allon/Yitzhak Sadeh
21407,Yigal Allon/HaHagana
21413,Yehuda Halevi/Hahashmona'im
21414,Yehuda Halevi/Nahmani
21415,Namir Road/Yehuda HaMaccabi
21421,Niv School/Yitshak Sade
21422,Yitzhak Sadeh/Soncino
21423,Haim Levanon/Reading
21425,Glilot Interchange/Road 5
21426,Menahem Begin Road/Allenby
21427,Rishpon – Broadcasting Station
21433,Wolfson Park/HaTayasim Road
21434,La Guardia / Yigal Allon
21436,Bar Lev Road/Unterman
21437,Bar Lev Road/Sheshet HaYamim Blvd
21438,La Guardia/Shaar HaGay
21445,Allenby LRT Station
21446,Ironi He/Ben Yehuda
21448,HaMa'apilim/Nordau
21449,Mivtsa Kadesh/Raul Wallenberg
21450,Bne Brak Railway Station/Mivtsa Kadesh
21451,Migdal Shalom/Ahad Ha'Am
21452,Ayalon Mall/Mivtsa Kadesh
21454,Yigal Allon/HaPalmach
21455,Tennis Courts/Behor Shitrit
21457,Hekhal HaSport/Yig'al Allon
21460,Land of Israel Museum/Haim Levanon
21461,Hadar Yosef Stadium/Behor Shitrit
21465,Ariel Sharon Park/Lod Road
21466,Sport Center/Behor Shitrit
21469,Haim Levanon/Dr. George Wise
21470,Jabotinsky Road/Rashi
21471,HaKfar HaYarok Interchange
21472,Azrieli Mall/Menahem Begin Road
21477,Ben Gurion Road/Adjutant Corps
21479,Paz Lamed Gas Station/2040
21480,Shoken/Kibbutz Galuyot Road
21481,HaAliya/Matalon
21482,HaGdud Ha'Ivri/Har Tsiyon Blvd
21483,Levinsky/HaAliya
21484,Rothschild Blvd/Balfour
21486,HaTayasim Terminal
21487,Yigal Allon/HaShalom Road
21490,Allenby/Yehuda Halevi
21491,Great Synagogue/Allenby
21496,Ben Tsvi Road/Herzl
21497,Oil Institute/Haim Levanon
21498,Standards Institution/Haim Levanon
21499,Zoological Garden/Herzl
21500,Ze'ev Jabotinsky Road/Mor Institute
21502,Menachem Begin Road/HaGalil
21503,Jabotinsky Road/Hahashmona'im
21513,University/Haim Levanon
21516,Rabin Square/Ibn Gvirol
21518,Yigal Allon/Karmanitski
21520,Rabin Square/Malkhe Israel
21521,Yigal Allon/Yitzhak Sadeh
21525,Bne Efrayim/Hannah Rovina
21530,Moshe Dayan Road/Kiryati
21531,Moshe Dayan Road/Moshe Steinschneider
21532,Namir Road/KKL Boulevard
21533,Pinhas Rosen/Raul Wallenberg
21534,Hadash Rabin High School/Namir Road
21538,Bar Lev Road/Moshe Dayan Road
21540,Jabotinsky Road/Rashi
21541,King Goerge/Ben Tziyon
21543,King George/Bugrashov
21544,Court House/Sha'ul HaMelekh Blvd
21546,Bne Binyamin/Smilansky
21547,Klaczkin/Chaim Levanon
21551,Har Zion Boulevard/Kibbutz Galuyot Road
21553,Har Tsiyon Blvd/Shlomo Road
21554,Har Tsiyon Blvd/Wolfson
21558,HaAdmor MiNadvorna/Hazon Ish
21560,Ezra/HaRav Kahanman
21562,Luna Park/Rokach Blvd
21564,Namir Road/Jabotinsky
21565,Bne Efrayim/Menorah
21566,Negba/HaRo'e
21567,Negba/HaRo'e
21568,Negba/HaYarden
21569,HaYarden/Aluf Sade
21571,Magen David Adom/Sokolov
21572,Bar Lev Road/Zivia Lubetkin
21574,Bar Lev Road/Moshe Dayan Road
21577,Kiryat Shalom/Ben Zvi Road
21584,HaAliya/Florentin
21586,Zoological Garden/Herzl
21587,Cinerama/Yitshak Sade
21588,Salomon/HaRakevet
21590,HaTayasim Road/Oded
21592,Holon Junction/Ben Tsvi Road
21595,La Guardia/HaTayasim Road
21597,Rabbi Akiva/HaRav Kook
21602,Ort Singalovski/HaTayasim Road
21609,Hel HaShiryon/Kibbutz Galuyot
21613,Seminar HaKibbutzim/Chaim Levanon
21614,HaYarden/Pinhas
21615,Namir Road/Pinkas
21616,Jabotinsky Road/HaRav Shach
21617,Tsvi Propes/Levi Eshkol Blvd
21618,Education City/Shoshana Persitz
21625,Yitshak Sade/HaMasger
21626,Dvora HaNevi'a/Raul Wallenberg
21627,Bar Ilan Bridge/Road 4
21628,HaRav Kook/Shiv'at HaKokhavim Boulevard
21631,Geha Interchange
21632,Geha North Interchange
21633,HaKfr HaYarok Junction
21635,Ole HaGardom/Nissan Cohen
21639,Messubim Interchange/Lod Road
21644,Abba Hillel LRT Station/Jabotinsky road
21654,Jabotinsky Road/Bialik
21655,HaShalom Road/HaTayasim Road
21660,Herzl/Kupat Holim
21665,Faculty of Engineering/Klauzner
21666,Ayalon Mall/Aba Hillel Road
21669,Azrieli Mall/Menahem Begin Road
21672,Ramat Aviv Mall/Brodetsky
21675,Government Complex/Menahem Begin Road
21684,Ben Gurion LRT Station/Jabotinsky road
21698,Reading/Brodetsky
21699,Alliance School/Reading
21700,Alliance School/Reading
21701,Reading/HaBaron Hirsch
21702,Reading/Harari
21703,Reading/Asher Barash
21705,Midtown Complex/Menachem Begin Road
21711,Giv'at Shmu'el/Pedestrian Bridge
21712,HaTayasim Road/HaRav Pardes Square
21714,Har Tsiyon Blvd/Wolfson
21715,HaRo'e/Yerushalayim Blvd
21716,Rokach Blvd/Behor Shitrit
21717,Expo Tel Aviv/Rokach Boulevard
21718,University Train Station/Rokach Boulevard
21721,Rothschild Boulevard/Bezalel Yaffe
21728,Yigal Allon/HaHagana
21729,Hahashmona'im/Carlebach
21730,Jabotinsky/Abu Hatzeira
21732,Rothschild Blvd/Shenkin
21734,Life Sciences/Klauzner
21747,Champion Tower/Sheshet HaYamim Road
21748,Hibat Tsiyon/Uziel
21750,Oil Institute/Haim Levanon
21756,HaTayasim Road/Shalem
21759,Paz Lamed Gas Station/2040
21761,KKL Boulevard/Bne Efrayim
21764,Midtown Complex/Menachem Begin Road
21770,Weizmann/Be'eri
21815,Ichilov Hospital/Weizmann
21817,Ben Gurion Road/Sheshet HaYamim Road
21827,Raul Wallenberg/HaBarzel
21828,Yarkon District Headquarters/Raul Wallenberg
21829,Raul Wallenberg/HaNehoshet
21830,Raul Wallenberg/Ha'Arad
21831,Yarkon District Headquarters/Raul Wallenberg
22028,Holtz School/Hel HaShiryon
22273,Migdal Concord/Ben Gurion Road
22276,Rabbi Akiva/Yerushalayim
22277,Rabbi Akiva/Kdoshe Varsha Garden
22279,Rabbi Akiva/Hazon Ish
22282,HaRav Kahaneman/HaTa'asiya Square
22555,Har Tsiyon Blvd/Kibbutz Galuyot Road
22556,Panorama Building/Ben Tsvi Road
22557,Kiryat Shalom/Ben Zvi Road
22919,Luna Park/Rokach Blvd
22920,Tel Aviv Harbor/Disengoff
22921,Katznelson/KKL
22922,HaHistadrut/Kaf-Gimel
22926,Aluf Sade/Korazin
22930,HaShalom Road/HaTayasim Road
22932,Moshe Dayan Road/Bar Lev Road
22934,La Guardia Interchange
22935,Carmelit Terminal
22936,Ben Gurion/Herzl
22939,Yigal Allon/HaHayil Blvd
22942,Giv'at Shmu'el Interchange/Road 4
22951,Educational Complex
22955,Tel Aviv Central Bus Station 7th Floor/Platforms
22970,Rabbi Akiva/HaRav Kook
22972,Rabbi Akiva/Rashi
22974,HaRav Kahanman/Rabbi Akiva
22975,HaRav Kahanman/HaRav Zonenfeld
22980,Mor Institute/Zeev Jabotinsky Road
22983,Allenby/Rothschild Blvd
22984,Allenby/Ahad Ha'Am
22985,Allenby/Montefiore
22986,HaRakevet/Salomon
22988,Allenby/Montefiore
22989,HaCarmel Market/Allenby
22990,Allenby/Ge'ula
22998,Dizengoff/Ben Yehuda
22999,Ben Yehuda/Nordau Blvd
23000,Ben Yehuda/Jabotinsky
23009,HaCarmel Market/Allenby
23012,Milano Square/Ibn Gvirol
23013,Tel Aviv Central Bus Station 7th Floor/Alight
23014,Azrieli Mall/Menahem Begin Road
23016,HaMasger/La Guardia
23017,HaMasger/Hamelaha
23018,Allenby/Balfour
23019,Allenby/Bialik
23020,Great Synagogue/Allenby
23021,Allenby/Maze
23023,La Guardia / HaMa'apilim
23025,Court House/Sha'ul HaMelekh Blvd
23026,Light Rail Bialik/Jabotinsky Road
23034,Jabotinsky Road/Gilad
23038,Jabotinsky Road/Krinitsi
23039,Yerushalayim/Ben Zakai
23051,HaAdmor MiNadvorna/Hazon Ish
23053,Hazon Ish/HaRav Ya'akov Landa
23055,Ezra/Damesek Eli'ezer
23058,Ezra/Nehemya
23060,HaRav Kahaneman/Citroen Plants
23062,Hazon Ish/Desler
23064,Hazon Ish/Rabbi Akiva
23074,Expo Tel Aviv/Rokach Boulevard
23081,Separate Beach Herzliya
24068,Tel Aviv Train Station Savidor/Namir Road
24090,Tel Aviv Central Station/Levinsky
25069,Kibbutz Galuyot Road/Road 1
25070,Tel Aviv Central Station/Levinsky
25071,Kibbutz Seminar/Namir Road
25075,Faculty of Engingeering/Dr. Geoge Wise
25077,Land of Israel Museum/Haim Levanon
25114,Geha Interchange/Road 4
25141,Menachem Begin Road/Nachmani
25145,HaRo'e/Ben Gurion Road
25146,HaRo'e/Ben Gurion Road
25200,Yefet/Yotvat
25201,Yefet/Yotvat
25202,Shilo School/Yefet
25203,Yefet/Isaac Harif
25204,Yefet/HaBesht
25205,Yefet/HaBesht
25206,Mahrozet LRT Station/Jerusalem blvd.
25208,Yerushalayim Blvd/Mahrozet
25209,Mahrozet LRT Station
25210,Mahrozet LRT Station
25211,Yerushalayim Blvd/Mahrozet
25214,Mahrozet/Pa'amonit
25215,Mahrozet/Pa'amonit
25216,Nardur/Mahrozet
25217,Mahrozet/Nardur
25218,Tennis Center/HaRav Heller
25222,HaRav Rubinstein/Nardur
25223,Wolfson Interchange/HaRav Rubinstein
25224,Yefet/Mendes France
25225,Yefet/Mendes France
25226,Yefet/Sayfan
25227,Yefet/Heibi
25228,Dr. Erlich/Yefet
25233,HaBaal Shem Tov LRT Station/Jerusalem blvd.
25236,Yerushalayim Blvd/Vakhtangov
25237,Yerushalayim Boulevard/Dr. Erlich
25244,Heinrich Heine/Shazar
25245,Shazar/Shaked
25246,Shaked/Greenboim
25247,Shazar School/Shazar
25248,Shazar School/Shazar
25249,Shaked/Greenboim
25250,Neve Ofer/Shazar
25251,Neve Ofer/Shazar
25252,Greenboim/Meir Grossman
25253,Greenboim/Meir Grossman
25254,Meir Grossman/Greenboim
25256,Shazar/Tel Giborim
25257,Shazar/Tel Giborim
25258,Brenner School/Meir Grossman
25260,Tel Giborim/Shazar
25261,Tel Giborim/Meir Grossman
25262,Panorama Building/Freigerson
25263,Tel Giborim/Jail
25264,Greenboim/Ben Tsvi Road
25265,Greenboim/Ben Tsvi Road
25267,Ben Tsvi Road/Herzl
25271,HaKeshet/HaHermesh
25272,Lavon/Ben Tsvi Road
25273,Holon Junction Rail Station/Levi Eshkol
25274,Holon Junction Rail Station
25276,Israel Guri Blvd/Gitit
25277,Israel Guri Blvd/Gitit
25278,Israel Guri Blvd/Dick
25279,Israel Guri Blvd/Dick
25280,HaKeshet/HaShofar
25281,Kupat Holim Clalit/Israel Guri Blvd
25282,Kupat Holim Clalit/Israel Guri Blvd
25284,Israel Guri Blvd/Kibbutz Galuyot Road
25287,Kibbutz Galuyot Bridge
25288,Yefet/Dr. Erlich
25291,Yefet/Dr. Erlich
25296,Yefet/Louis Pasteur
25301,Flea Market/Yefet
25302,HaShaon Square
25303,HaShaon Square/Marzuk and Azar
25308,Bloomfield Stadium/Ben Zvi Road
25318,Ben Tsvi Road/Heinrich Heine
25320,Licensing Institute/Ben Tsvi Road
25324,Shlomo Road/Kibbutz Galuyot Road
25329,Bet Etzel/Goldman
25333,Station Complex/Prof.Kaufmann
25334,Prof Koifman/Shenkar
25335,Elifelet LRT Station/Eilat
25336,Textil Center/HaMered
25337,Textil Center/Prof Koifman
25338,Charles Clore Garden/Prof Koifman
25340,HaMered/Pines
25346,Yitshak Elhanan/Hacarmel
25349,Carmelit Terminal/Hacarmel
25354,Carmelit Terminal/Hacarmel
25358,Carmelit Terminal
25360,HaKovshim/Carmelit
25364,HaKovshim/Daniel
25365,HaYarkon/Ezra HaSofer
25366,HaYarkon/Allenby
25372,Kibbutz Galuyot Road/Abulafya
25373,Kibbutz Galuyot Road/Abulafya
25374,Shlomo Road/Ben Atar
25376,Shlomo Road/Abulafya
25380,Shoken/HaPatish
25381,Shoken/Shlomo Road
25383,Shlomo Road/Har Tsiyon Blvd
25384,Eilat/Chelouche
25385,Eilat/Chelouche
25387,Yafo Road/Herzl
25390,HaAliya/Florentin
25392,HaAliya/Frenkel
25393,HaAliya/Wolfson
25394,HaAliya/Matalon
25402,Levinsky/HaAliya
25403,Yafo Road/Nahalat Binyamin
25405,Yafo Road/Nahalat Binyamin
25407,Rothschild Blvd/Allenby
25409,Allenby/Menahem Begin Road
25414,Allenby LRT Station
25420,Allenby/Rothschild Blvd
25423,Mesilat Yesharim/Kibbutz Galuyot Road
25424,Mesilat Yesharim/Kibbutz Galuyot Road
25425,Kibbutz Galuyot Road/Hakhme Lublin
25426,Kibbutz Galuyot Road/Hakhme Lublin
25427,Mesilat Yesharim/Hakhme Israel
25428,Mesilat Yesharim/Hakhme Israel
25429,Salame Road/Mesilat Yesharim
25430,Salame Road/Mesilat Yesharim
25437,Levinsky/Har Tsiyon Blvd
25439,Tel Aviv Central Bus Station 7th Floor/Platforms
25440,Levinsky/Har Tsiyon Blvd
25441,Levinsky/Har Tsiyon Blvd
25454,HaRakevet/Menahem Begin Road
25476,Levinsky/Levanda
25477,Tel Aviv Central Station/Levinsky
25478,Rosh Pina/HaRakevet
25485,Migdal Shalom/Montefiore
25486,Gruzenberg/Yabetz
25508,Allenby/Montefiore
25512,Allenby/Maze
25514,Allenby/Maze
25524,Balfour School/Balfour
25525,Shenkin/Yohanan HaSandlar
25527,HaKovshim/Allenby
25543,Trumpeldor/Pinsker
25552,Bograshov/Pinsker
25554,Bograshov/Bar Kokhba
25556,King George/Rashi
25557,HaMelech George/HaHasmonaim
25564,Dizengoff Center/Tchernichovsky
25565,Dizengoff Center/Dizengoff
25566,Dizengoff Square/Pinsker
25575,Dizengoff Square/Reines
25578,Rothschild Blvd/Nahmani
25579,Balfour/Melchet
25582,Rothschild Blvd/Maze
25584,Rothschild Blvd/Balfour
25586,Shenkin/Fiarberg
25587,Rothschild Blvd/Shenkin
25590,Rothschild Blvd/Hashmona'im
25591,Habima/Rothschild Blvd
25592,Habima/Rothschild Blvd
25604,The Cinematheque/Carlebach
25607,Disengoff Center/Ben Zion Boulevard
25608,Disengoff Center/Ben Zion Boulevard
25609,Dizengoff Center/Dizengoff
25612,Habima/Ben Zion Blvd
25614,Hekhal HaTarbut/Dizengoff
25615,Habima/Tarsat Blvd
25617,King George/Zamenhoff
25618,King George/Zamenhoff
25619,Masaryk Square/King George
25621,Habima/Ben Zion Blvd
25622,Hekhal HaTarbut/Dizengoff
25624,Ibn Gvirol/Dizengoff
25625,London Ministore/Ibn Gabirol
25629,Rabin Square/Malkhe Israel
25631,Ibn Gvirol/HaShoftim
25632,Ibn Gvirol/HaShoftim
25634,Ibn Gvirol/Mahne
25636,HaHagana Rail Station/HeHarash
25637,HaHagana Train Station
25638,HaHagana Train Station
25639,Lehi/Kibbutz Galuyot Road
25640,Lehi/Kibbutz Galuyot Road
25641,HaHagana Road/HaMa'apilim
25642,HaHagana Road/HaMa'apilim
25643,Hatikva Market/Etzel
25644,Shuk HaTikva/HaHagana Road
25645,Hatikva Market/Etzel
25655,La Guardia / HaMa'apilim
25660,Etzel/Lehi
25661,Etzel/Lehi
25662,Etzel/Hanoch
25663,Etzel/Hanoch
25668,Ha'Argazim Quarter/Lehi
25669,Ha'Argazim Quarter/Lehi
25670,Kiryati/Giv'ati
25671,Giv'ati/Kiryati
25673,Moshe Dayan Road/Bar Lev Road
25674,Kiryati/Moshe Dayan Road
25675,Kiryati/Moshe Dayan Road
25677,Giv'ati/HaHagana
25678,Giv'ati/HaHagana
25682,Yigal Allon/HaHayil Blvd
25683,Yigal Allon/La Guardia
25693,La Guardia/HaGibor HaAlmoni
25695,Moshe Dayan Road/Harkavi
25702,HaMasger/Rival
25720,Laskov/Heftman
25721,Dubnov/Kaplan
25722,Ha'Opera/Sha'ul HaMelekh Blvd
25732,Bet Hadar Dafna/Sha'ul HaMelekh Blvd
25735,Yitshak Sade/Yigal Allon
25740,Niv School/Yitshak Sade
25742,Moshe Dayan Road/Yitshak Sade
25743,Moshe Dayan Road/Yitshak Sade
25744,Bloch School/Moshe Dayan Road
25746,Ramat Yisrael/Moshe Dayan Road
25747,Ramat Yisrael/Moshe Dayan Road
25749,Moshe Dayan Road/HaShalom Road
25750,Moshe Dayan Road/HaShalom Road
25761,Migdale Tel Aviv/Nahalat Yits'hak
25764,Emek Bracha/Binyamini
25767,Gordon Beach
25774,Dizengoff/Frishman
25778,Disengoff/Shatz
25785,Dizengoff/Ben Gurion Blvd
25786,Ben Gurion Blvd/Dizengoff
25787,Dizengoff/Yodfat
25794,Dizengoff/Arlozorov
25800,Ben Yehuda/Nordau Boulevard
25801,HaYarkon/Nordau Blvd
25803,HaYarkon/Zion Gate
25805,Reines/Gordon
25809,Ben Gurion Blvd/Shlomo HaMelekh
25811,Dizengoff/Arlozorov
25812,Dizengoff/Arlozorov
25813,Gertz School/Manger
25818,Tel Aviv City Hall/Ibn Gabirol
25819,David HaMelekh Blvd/Ibn Gvirol
25820,Tel Aviv City Hall/Bloch
25821,Tel Aviv City Hall/Bloch
25823,Tel Aviv City Hall/Ibn Gabirol
25830,Dizengoff/Jabotinsky
25831,Jabotinsky/Dizengoff
25832,Dizengoff/Jabotinsky
25833,Dizengoff/Basel
25835,Jabotinsky/Arba Aratsot
25836,Nordau Blvd/Sokolov
25839,Dizengoff/Nordau Blvd
25840,Dizengoff/Nordau Blvd
25841,Dizengoff/Nordau Blvd
25844,Dizengoff/Yirmiyahu
25847,Nordau Blvd/Yehoshua Bin Nun
25848,Jabotinsky/Ibn Gvirol
25851,Nordau Blvd/Yehoshua Bin Nun
25852,Ibn Gvirol/Pinkas
25867,Reading Terminal/Alight
25868,Ibn Gvirol/Rokach Blvd
25869,Ibn Gvirol/Rokach Blvd
25870,Shai Agnon/Ibn Gvirol
25872,Tel Aviv Rabbinate/David HaMelech Boulevard
25875,Bloch/Arlozorov
25876,Arlozorov/Bloch
25877,Gimnasia Herzliya/Jabotinsky
25878,Gimnasia Herzliya/Jabotinsky
25882,Arlozorov/Weizmann
25883,Arlozorov/Weizmann
25886,HaMedina Square/Tashah
25887,HaMedina Square/Weizmann
25888,HaMedina Square/Lipski
25890,Pinkas/Remez
25893,Milano Square/Ibn Gvirol
25894,Milano Square/De Haas
25896,Yehuda HaMakabi/Matityahu
25897,Bet Hachayal/Weizmann
25898,Bet Hachayal/Weizmann
25899,Weizmann/Pinkas
25900,Ironi Yud Alef School/Yehuda HaMaccabi
25902,Yehuda HaMaccabi/Weizmann
25903,Arlozorov/Namir Road
25913,Jabotinsky/HaMedina Square
25914,Jabotinsky/Namir Road
25937,Tel Aviv Savidor Train Station/Park and Go
25938,Pinkas/Namir Road
25939,Pinkas/Namir Road
25942,Yehuda HaMaccabi/Namir Road
25943,Yehuda HaMaccabi/Namir Road
25948,HaRav Herzog/HaZohar
25949,HaRav Herzog/HaZohar
25950,HaRav Herzog/Bavli
25951,Shai Agnon/Israel Galili
25952,Shai Agnon/Levi Eshkol Blvd
25953,Sportek/Rokach Blvd
25954,Shai Agnon/Levi Eshkol Blvd
25955,Levi Eshkol Boulevard/Shai Agnon
25956,Levi Eshkol Boulevard/Shai Agnon
25957,Levi Eshkol Boulevard/Efter
25958,After/Yehuda Burla
25959,Aran School/Yehuda Burla
25960,Levi Eshkol Blvd/Dov Hausner
25961,Aran School/Yehuda Burla
25962,Yehuda Burla/Dov Hausner
25963,Einstein/Levi Eshkol Blvd
25964,Rokach Blvd/Namir Road
25970,Rokach Blvd/Namir Road
25971,Bavli/HaKnesset HaGdola
25972,HaRav Kosovski/Bavli
25973,Tosefta/Yerushalmi
25974,HaKnesset HaGdola/Tosefta
25978,Tennis Courts/Rokach Blvd
25988,Brodetsky/Salvardor
25989,Beit Brodetzsky/Brodetsky
25990,Beit Brodetzsky/Brodetsky
25992,Brodetsky/Reading
25993,Brodetsky/Reading
25995,Brodetsky/Reading
26004,Zivia Lubetkin/Zuckerman
26005,Zivia Lubetkin/Zuckerman
26009,Sheshet HaYamim Blvd/Bar Lev Road
26014,Winter Stadium
26018,Moshe Dayan Road/Tsvi Nishri
26019,Moshe Dayan Road/Tsvi Nishri
26020,Beit Barbur/HaHagana Road
26022,Beit Barbur/HaHagana Road
26024,Assa Kadmoni/Harav Yosef Tsuberi
26025,Assa Kadmoni/Harav Yosef Tsuberi
26026,Bescht School/Zivia Lubetkin
26027,Bescht School/Zivia Lubetkin
26028,HaRav Elnekave/Asa Kadmoni
26029,HaRav Elnekave/Asa Kadmoni
26030,Moshe Dayan Road/La Guardia
26031,Moshe Dayan Road/La Guardia
26035,Moshe Dayan Road/Moshe Steinschneider
26042,HaTayasim Road/HaShalom Road
26051,Sheshet HaYamim Blvd/Teko'a
26052,Sheshet HaYamim Blvd/Teko'a
26053,Mahal/Sheshet HaYamim Blvd
26054,Mahal/Ma'apile Egoz
26055,Ma'apile Egoz/Mahal
26056,Tel Hai School/Ma'apile Egoz
26063,Mahal/Ma'apile Egoz
26064,HaRav Pardes Square/Shalem
26066,HaRav Pardes Square/Shalem
26070,Oded/Aluf David
26071,Oded/Aluf David
26072,HaMa'avak/Amishav
26073,HaMa'avak/Amishav
26074,HaMa'avak/Kaf-Gimel
26075,HaMa'avak/Kaf-Gimel
26078,Aluf David/HaMe'a Ve'Ehad
26080,Aluf Sade/Oded
26084,Yigal Allon School/HaRav Herzog
26087,HaShalom Rd/Rabin
26089,HaShalom Road/Haviva Reik
26091,Nahalat Yitshak Cemetery/Rambam
26092,Cemetery/Rambam
26093,Yitshak Rabin Road/HaShalom Road
26094,Yitshak Rabin Road/Eilat
26096,Yitshak Rabin Road/Revivim
26097,Rambam/Eilat
26098,Rambam/Eilat
26099,Nahalat Yitshak/Aliyat HaNo'ar
26100,Aliyat HaNo'ar/Nahalat Yitshak
26107,Thelma Yellin/Borochov
26110,Borochov/KKL
26111,KKL/Gordon
26112,Menorah/Revivim
26117,Golomb/Weizmann
26119,Weizmann/Rambam
26120,HaRav Herzog/Kaplinsky
26121,Reines/HaKnesset
26123,Golomb/Bereshit
26127,Katznelson/Weizmann
26129,Katznelson/Weizmann
26130,Memorial Garden/Katznelson
26131,Gordon/HaMeorer
26133,Noah Square/Katznelson
26135,Katznelson/Sirkin
26136,Sirkin/Bialik
26137,Sirkin/Bialik
26138,Arlozorov/Bialik
26140,Krinitsi/Bialik
26142,Winter Stadium
26143,Azriel/Giv'ati
26144,Azriel/Giv'ati
26145,Aluf David/Giv'ati
26146,Shalom Alekhem/Giv'ati
26147,Ya'adut Philadelphia/Azriel
26148,Ya'adut Philadelphia/Azriel
26149,Shalom Alekhem/San Martin
26150,Razi'el/Aluf David
26151,Kfar HaMaccabiah/Bernstein
26154,Blich High School/HaMe'a Ve'Ehad
26156,Korazin Terminal
26158,HaRav Herzog/Tabenkin
26159,Kaplinsky/HaRav Herzog
26162,Razi'el/Zekhar'ya
26165,HaRo'e/Yitshak Rabin Road
26166,HaRo'e/Yitshak Rabin Road
26167,Bernstein/Aluf Sade
26168,Bernstein/Aluf Sade
26171,Moshe Dayan/Carl Netter
26172,Moshe Dayan/Carl Netter
26174,Moshe Dayan/HaYarden
26175,Moshe Dayan/HaYarden
26178,Ben Eli'ezer/HaYarden
26180,Neve Yehoshua/Stop
26181,Stop/Neve Yehoshua
26182,Pinhas Rutenberg/Ben Eli'ezer
26183,Reines/Ben Gurion Road
26184,Ben Gurion Road/Golomb
26185,Ben Gurion Road/Kanfe Nesharim
26186,Ben Gurion Road/Kanfe Nesharim
26187,Uziel/Pinhas Rutenberg
26188,HaRo'e/Pinhas Rutenberg
26189,HaRo'e/Pinhas Rutenberg
26190,HaRo'e/Had Nes
26191,HaRo'e/Had Nes
26192,Uziel/Truman
26193,Uziel/Truman
26195,Katznelson/Ben Gurion Road
26196,Katznelson/Ben Gurion Road
26197,Ben Gurion Road/HaRechasim
26198,Ben Gurion Road/Yerushalayim Blvd
26199,Yerushalayim Blvd/Ben Gurion Road
26200,Yerushalayim Blvd/Ben Gurion Road
26201,Ben Gurion/Katznelson
26202,Ben Gurion/HaMa'agal
26203,Ben Gurion/Sirkin
26205,Yerushalayim Blvd/Moriya
26206,Horev School/Uziel
26207,Horev School/Uziel
26208,Yerushalayim Blvd/Uziel
26209,Yerushalayim Blvd/Uziel
26210,Yerushalayim Blvd/Bethlehem
26213,HaRo'e/Truman
26221,Negba Road/HaYarden
26222,Negba Road/Ben Eli'ezer
26223,Negba Road/Ben Eli'ezer
26227,Yerushalayim Blvd/HaRo'e
26228,Yerushalayim Blvd/HaRo'e
26229,HaRo'e/Barkay
26230,HaRo'e/Barkay
26234,Molho/Yerushalayim Blvd
26235,Molho/Yerushalayim Blvd
26236,Yerushalayim Blvd/Molho
26237,Yerushalayim Blvd/Hazon Ish
26239,Rabbi Yehuda HaNasi/Be'eri
26240,Rabbi Yehuda HaNasi/Be'eri
26241,Diamond excahnge market/Central Train Station
26248,Abba Hillel LRT Station
26249,Elit Junction/Arlozorov
26250,Elit Junction/Arlozorov
26255,Aba Hilel Road/Bialik
26257,Bialik/Tuval
26258,Aba Hilel Road/Bialik
26259,Arlozorov/Hahashmona'im
26260,Arlozorov/Hahashmona'im
26264,Jabotinsky Road/Bialik
26269,Bialik/Jabotinsky Road
26271,Jabotinsky Road/Bialik
26272,Gan Hakofim/Arlozorov
26273,Gan Hakofim/Arlozorov
26274,Bialik/HaShoteret
26275,Ramat Gan City Hall/Bialik
26276,Ramat Gan City Hall/Bialik
26277,HaRo'e/Herzl
26278,Bialik/Nordau
26283,Herzl/Jabotinsky Road
26284,Aba Hilel Road/Rokach
26286,Aba Hilel Road/Rokach
26287,Aba Hilel Road/HaTikva
26289,Aba Hilel Road/HaTikva
26290,Light Rail Bialik/Jabotinsky Road
26294,Schteinman/HaRav Kosovski
26295,HaRav Kosovski/Schteinman
26296,Rabin Center/Rokach Blvd
26298,Dekel Country
26302,University Train Station/Rokach Boulevard
26312,University/Haim Levanon
26313,Train Station University/Pick Up
26314,Train Station University/Dropoff
26315,Yeruham Meshel/Dr. George Wise
26323,Bne Efrayim/Behor Shitrit
26326,HaRo'e/Herzl
26331,Krinitsi/Herzl
26332,Herzl/Krinitsi
26333,Krinitsi/Herzl
26339,HaRo'e/HaBanim
26342,Ben Gurion Road/Megadim
26352,Aba Hilel Road/Rashi
26353,Aba Hilel Road/Rashi
26355,Museum for the Arts/Aba Hilel Road
26356,Museum for the Arts/Aba Hilel Road
26369,Aba Hilel Road/Sheshet HaYamim Road
26373,HaRo'e/Hibat Tsiyon
26374,HaRo'e/Hibat Tsiyon
26375,HaRoe/HaYated
26379,HaRav Mohilever/David Pinkas
26380,HaRav Aharonson/David Pinkas
26381,Bne Brak City Hall/Yerushalayim
26383,HaRav Kook/Hevron
26388,Weinberg/David Pinkas
26389,Bne Brak City Hall/Yerushalayim
26390,Ben Zakai/HaRav Hirsch
26391,Ben Zakai/HaRav Hirsch
26394,Ben Zakai/Yitshak Gerschtenkoren
26402,Rabbi Akiva/Shmu'el HaNavi
26410,HaRav Scher/Haim Pearl
26413,Ben Ptachiya/HaRav Scher
26414,Rambam/HaRav Maimon
26415,Bet Ya'akov School/Rambam
26416,Jabotinsky Road/Dov Gruner
26417,Mizrahi High School/HaRav Maimon
26418,Ibn Gvirol/Rambam
26423,Scholem Asch/Kehilat Varsha
26424,Bne Efrayim/Hadar Yosef
26425,Hadar Yosef/Bne Efrayim
26426,Bne Efrayim/Hadar Yosef
26427,Afeka College/Bne Efrayim
26428,Hadar Yosef/Kehilat Varsha
26429,Hadar Yosef/Kehilat Varsha
26430,Hadar Yosef/Kehilat Varsha
26432,Shalom Ash/Kitzis
26434,Hadar Yosef Stadium/Behor Shitrit
26435,Kehilat Varsha/Scholem Ash
26436,Kehilat Yasi/Kehilat Varsha
26438,Ayalon Mall
26445,Yad HaMa'avir/Kehilat Jassy
26446,Kehilat Jassy/Pinhas Rosen
26448,Pinhas Rosen/Mivtza Kadesh
26450,Pinhas Rosen/Mivtza Kadesh
26451,Ashkenazi/Pinhas Rosen
26452,Binyamin MeTudela/Even Sapir
26454,Raul Wallenberg/Mishmar HaYarden
26455,Haruge Malkhut/Mishmar HaYarden
26456,Haruge Malkhut/Mishmar HaYarden
26457,Mishmar HaYarden/Haruge Malkhut
26459,Ha'Aliya HaShlishit/Neve Yehoshua
26461,Ben Eli'ezer/Pinhas Rutenberg
26462,Ben Eli'ezer/Etzel
26463,Etzel/Ben Eli'ezer
26464,Etzel/Ben Eli'ezer
26465,Etzel/HaMahteret
26466,HaTfutsot/Komemiyut
26467,Etzel/HaMahteret
26468,Etzel/HaRav Landers
26469,Kehilot Ya'akov/Rabbi Yosef Tsvi Rimon
26472,Amidar Terminal
26475,Cemetery/Hazon Ish
26476,Cemetery/Hazon Ish
26481,Damesek Eli'ezer/Ezra
26484,Nehemya/Hazon Ish
26485,Nehemya/Hazon Ish
26486,Dvora HaNevi'a/Ezra
26487,Damesek Eli'ezer/Ha'Admor MiViznitz
26488,Damesek Eli'ezer/HaRav Yitshak Nissim
26489,Kehilot Ya'akov/HaRav Yitshak Nissim
26490,HaRav Yitshak Nissim/Kehilot Ya'akov
26491,HaRav Uziel/HaRav Yitzhak Nissim
26492,Kehilot Ya'akov/Har Sinai
26493,HaRav Uzi'el/Kibbutz Galuyot
26499,Avraham Ben David/Kehilot Ya'akov
26500,Avraham Ben David/Kehilot Ya'akov
26501,HaRav Ben Ya'akov/Bar Yohay
26502,HaRav Ben Ya'akov/Bar Yohay
26504,Birenbaum/HaRav Uzi'el
26505,HaRav Kahanman/Admore Schatz
26506,HaRav Kahanman/Kibbutz Galuyot
26516,Hazon Ish/Ha'Admor MiGur
26518,Sokolov/HaRav Kotler
26520,Hazon Ish/Rabenu Tam
26524,HaRav Shach/HaRav Kotler
26525,Ezra/Shlomo HaMelekh
26536,Ibn Gvirol/HaRav Maimon
26537,Sokolov/Ibn Gvirol
26538,Sokolov/Ibn Gvirol
26540,Hashav Soffer/HaRav Shach
26544,Jabotinsky Road/Sokolov
26548,HaShlosha/Aharonovich
26550,Aharonovich/HaRav Reines
26554,Aharonovich/Bne Brak Mall
26555,HaRav Tzirelson/Dr Broyer
26558,Abarbanel/Tsvi Herling
26564,Eshel Avraham/HaRav Rabinov
26565,HaRav Zonenfeld/HaRav Atiya
26566,Eshel Avraham/HaRav Rabinov
26568,Mayane Hayeshua Hospital/HaRav Rabinov
26569,Mayane Hayeshua Hospital/HaRav Rabinov
26570,Moshe Pardo
26571,Moshe Pardo
26572,Ohel Tsviya School/Ben Zoma
26573,Ohel Tsviya School/Ben Zoma
26578,Ma'as School/HaRav Tzirelson
26579,HaRav Bar Ilan/HaRav Kalisher
26580,HaRav Kalisher/Hildsheimer
26581,Abarbanel/HaRav Nuruk
26582,Abarbanel/HaRav Nuruk
26583,Geha Interchange/Jabotinsky Road
26590,Yigal Allon/HaRav Tayeb
26591,Rabbi Avramsky/Rabbi Manzur Ben Shimon
26593,Gan Shapira/HaRav Kovalski
26595,Raul Wallenberg/HaBarzel
26600,Haruge Malkhut/Ole HaGardom
26601,Ole HaGardom/Yisgav School
26603,Ole HaGardom/Haruge Malkhut
26605,Ole HaGardom/Nissan Cohen
26615,HaRav Kovalski/HaRav Nuruk
26618,Levi Eshkol Blvd/Zaritsky
26619,Levi Eshkol Blvd/Zaritsky
26620,Levi Eshkol Blvd/Rodenski
26621,Levi Eshkol Blvd/Rodenski
26623,Tsvi Propes/Levi Eshkol Blvd
26627,Yahdav School/Yehuda HaNassi
26628,Neve Avivim Country/Yehuda HaNassi
26629,Neve Avivim Country/Yehuda HaNassi
26630,Tagore/Andersen
26631,Ramat Aviv Mall/Einstein
26632,Ramat Aviv Mall/Einstein
26635,Einstein/Aharon Bart
26637,Rav Ashi/Dr. Shimshon Chertok
26638,Rav Ashi/Dr. Shimshon Chertok
26639,Kdoshe HaSho'a/Tsvi Propes
26642,Kdoshe HaSho'a/Tsvi Propes
26643,Azorei Chen Terminal
26646,KKL Boulevard/Shlomo Ben Yosef
26648,Shlomo Ben Yosef/KKL Boulevard
26649,Shlomo Ben Yosef/Abba Ahimeir
26650,Abba Ahimeir/Shlomo Ben Yosef
26656,Education City/Shoshana Persitz
26659,Educational Complex
26662,Sea and Sun/Rosenblum
26664,Religious Beach
26666,Arena Mall
26674,Gan Yossef Politi/Oppenheimer
26675,Gan Yossef Politi/Oppenheimer
26677,Haim Levanon/Klatzkin
26682,Tel-Aviv University Terminal
26683,Klatzkin
26688,Abba Ahimeir/Eliyahu Bet-Zuri
26689,Reccanati/KKL Boulevard
26691,Reccanati/KKL Boulevard
26692,Schuster Center/Abba Ahimeir
26693,Schuster Center/Abba Ahimeir
26695,Afeka/KKL Boulevard
26696,KKL Interchange/KKL Boulevard
26701,Pi Glilot/5
26702,Afeka College/Bne Efrayim
26703,Amal School/Bne Efrayim
26704,Amal School/Bne Efrayim
26707,Bnei Efraim/KKL Boulevard
26708,Shlonsky/Bne Efrayim
26709,Shlonsky/Bne Efrayim
26710,Bne Efrayim/Hannah Rovina
26712,Shlonsky/Kehilat Venetsya
26713,Shlonsky/Kehilat Venetsya
26714,Bne Efrayim/Menorah
26716,Cemetery/Kiryat Sha'ul
26718,Petahia MiRegensburg/Pinhas Rozen
26721,Shmu'el Romanelli/Binyamin MiTudela
26724,Dvora HaNevi'a/Moshe Sne
26725,Petahia MiRegensburg/Ze'ev Rechter
26726,Petahia MiRegensburg/Israel Ashkenazi
26727,Dvora HaNevi'a/Matityahu Shoham
26732,Tsahal/Moshe Sne
26734,On School/Veisburg
26735,On School/Veisburg
26736,Tsahal/HaMatsbi'im
26737,Tsahal/HaMatsbi'im
26740,Cemetery/Kiryat Sha'ul
26744,Glilot Junction – Military Base
26747,HaZamir/HaShahaf
26748,Bostanai/Gundar Avraham
26749,Cinema City/Road 2
26751,Abba Eban Boulevard/Arye Shenkar
26752,Marina/HaShunit
26753,Acadia Hotel
26754,Wingate/Medinat HaYehudim
26756,Medinat HaYehudim/Matit'yahu
26757,Medinat HaYehudim/Yahadut HaDmamah
26758,Ramat Yam/HaGvura
26759,Zevulun Beach
26760,Abba Eban/Maskit
26761,Galgale HaPlada/Yohanan HaSandlar
26763,Medinat HaYehudim/Maskit
26765,Basel/HaNassi
26767,Zayin Heshvan/Yitshak Elhanan
26774,Mishmar HaYarden/Marcus
26775,Marcus/Mishmar HaYarden
26776,Marcus/Mishmar HaYarden
26777,Ole HaGardom/Marcus
26779,Marcus/Ole HaGardom
26780,Marcus/Ole HaGardom
26781,Dvora HaNevi'a/Mishmar HaYarden
26782,Mishmar HaYarden/Dvora HaNevi'a
26783,Mishmar HaYarden/Dvora HaNevi'a
26784,Dvora HaNevi'a/Mishmar HaYarden
26785,Dvora HaNevi'a/Tsahal
26790,Dvora HaNevi'a/Raul Wallenberg
26795,Dvora HaNevi'a/Tsahal
26797,Dvora HaNevi'a/Bet El
26798,Bet El/Dvora HaNevi'a
26799,Bet El/Dvora HaNevi'a
26802,Bet El/Ahi Dakar
26804,Tsahal/Yehonatan
26805,Tsahal/Yehonatan
26806,Atidim Terminal
26807,Atidim Terminal
26808,Moshe Sharett School/HaTzanhanim
26811,HaKfar HaYarok Interchange
26816,Ussishkin/Rishonim Road
26817,HaZayit/Shivte Israel
26818,HaZayit/Neve Re'im
26819,Police/Trumpeldor
26820,Kupat Holim/Trumpeldor
26821,Shivte Israel/HaTomer
26822,Shivte Israel/Hannah Szenes
26823,Trumpeldor/HaZayit
26824,Trumpeldor/HaMelakhim
26825,HaMelakhim/Agnon
26826,Hatav Calman/Ussishkin
26827,Ussishkin/Mordekhay
26828,Ussishkin/HaNoter
26829,Hadar School/Ussishkin
26830,Ramat HaSharon City Hall
26831,Bialik Boulevard/City Hall
26832,Ussishkin/Bialik Blvd
26834,Road 4/Morasha Interchange
26835,Morasha Interchange
26836,Haharoshet/HaNevi'im
26837,HaRav Kook/Lotem Lane
26838,Shivte Israel/Wizo Alley
26839,HaRav Kook/HaZohar
26840,Shivte Israel/Ha'Amanuyot
26841,Shivte Israel/Bet HaSho'eva
26842,HaMelakhim/Yehuda HaNassi
26843,HaMelakhim/HaRav Reines
26844,HaRav Kook/HaRav Reines
26845,HaRav Kook/HaRav Reines
26846,HaMelakhim/HaRav Kook
26847,Bet Hilel - Kupat Holim
26848,Bet Hilel - Kupat Holim
26849,Bet Shamai/HaMelakhim
26850,Bet Shamai/HaMelakhim
26851,HaNevi'im/Ovdat
26852,HaNevi'im/Ovdat
26853,Shmuel HaNagid/Bet Shamai
26854,Bet Shamai/Shmuel HaNagid
26855,Bet Shamai/Gamli'el
26856,Bet Hilel/Bar Yohay
26857,Bet Shamai/Marganit
26858,Bet Hilel/Bet Shamai
26859,Bet Hilel/Yehuda HaNassi
26860,Yehuda Halevi/Shmuel HaNagid
26861,HaHaluts/Alharizi
26862,HaHaluts/Alharizi
26863,Kedma Terminal
26864,Yigal Allon/Menachem Begin
26865,Shave Tsiyon/Neharde'a
26866,Shave Tsiyon/Neharde'a
26867,Shave Tsiyon/She'ar Yashuv 3
26868,Shavei Zion/Ezra
26870,Weizmann Blvd/HaYeled Blvd
26871,LaMerhav/Lohme HaGeta'ot
26872,Weizmann Blvd/HaBanim
26873,Kehilat Vilna/Yehi'am
26874,Weizmann Blvd/Zalman Shne'ur
26875,Weizmann Blvd/Zalman Shne'ur
26876,Sokolov Center/Sokolov
26877,Bialik/Sokolov
26881,Rishonim High School/HaRav Kook
26882,Azar/HaHagana
26883,Sokolov/Yavne
26884,Sokolov/Yavne
26886,Yavne/HaShfela
26887,Ussishkin School
26889,Ussishkin/Ga'aton
26890,Yavne/Peduyim
26894,Ben Gurion/HaRav Kook
26895,HaRav Kook/Ben Gurion
26897,HaRav Kook/Weizmann
26898,Weizmann School/Weizmann
26899,Weizmann School/Weizmann
26900,Sokolov/HaNitsanim
26901,Sokolov/HaNitsanim
26902,Ben Gurion/Ha'Atsma'ut
26903,Ha'Atsma'ut/Ben Gurion
26904,Lev Ha'Ir Mall
26905,Sokolov/Ben Gurion
26906,Kehilat Tsiyon/Mohliver
26908,Yerushalayim Road/Berl Katznelson
26909,Yerushalayim Road/Yigal Allon
26910,Yerushalayim/Mt.-Sinai
26911,Yerushalayim/HaBrigada
26912,Yerushalayim Road/HaBrigada HaYehudit
26913,Golan Mountains/Ma'apile Marocco
26915,Har Sinai/Revivim
26916,Mt. Hamoriyah/Har Sinai
26917,Har Nevo/Har Sinai
26919,Zissu/Mt. Shomron
26920,HaSharon Hotel
26921,De Shalit Square
26922,Wingate/Keren HaYesod
26923,Wingate/Baruch Kamin
26924,HaNassi/Yoni Netanyahu
26926,Golda Meir/HaBrosh
26929,Sha'ar HaYam/Netiv HaLamed He
26930,Sha'ar HaYam/Neve Oved Blvd
26945,Ayalon Mall
26946,Ayalon Mall
26956,Carmelit Termianl/Dropoff
26957,Carmelit Terminal
26959,Carmelit
26961,Carmelit Terminal
26963,Carmelit Terminal
26966,Cinema City/Road 2
26967,Rosh Pina/HaGdud Ha'Ivri
26970,Bnei Efraim/KKL Boulevard
26971,Truman/Uziel
26973,Nomi Shemer/Abba Eban
26977,HaRav Kahanman/Ezra
26987,Yafo Road/Herzl
27005,Sharona Complex/Eliezer Kaplan
27010,Tel Aviv Savidor Train St./Al Parashat Drachim
27035,Shlomo Road/Elifelet
27043,Nehemya/Ezra
27044,Nehemya/Ezra
27050,HaHagana Road/Giv'ati
27058,Aharonovitz/Nafha
27059,Aharonovich LRT Station/Jabotinsky road
27063,Geha Interchange/Jabotinsky Road
27065,University/Haim Levanon
27069,KKL Boulevard/Haim Levanon
27070,KKL Boulevard/Chaim Levanon
27071,KKL Interchange/KKL Boulevard
27072,KKL Boulevard/Bne Efrayim
27083,HaKfr HaYarok Junction
27084,Morasha Interchange
27085,Hazon Ish/Nehemya
27086,Carmelit
27088,HaRav Desler/Hazon Ish
27089,HaRav Desler/Raban Yohanan Ben Zakay
27091,Rabban Yohanan Ben Zakai/Jerusalem
27092,HaRav Desler/Raban Yohanan Ben Zakay
27102,Hertsliya Railway Station
27103,Ben Zion Michaeli/Yosef Nevo
27104,HaShunit/Yorde Yam
27107,Retirement Home/HaRav Kook
27108,Weizmann/HaRav Kook
27110,Yehoshua Bin Nun/Abba Eban Blvd
27117,HaRakevet/Salomon
27119,Sha'ar HaYam/Ha'Eshel
27120,Sha'ar HaYam/Ha'Eshel
27121,Medical Center/Ramat Yam
27122,Ramat Yam/HaGvura
27123,Ramat Yam/Medinat HaYehudim
27125,Retirement Home/HaRav Kook
27126,Shiv'at HaKokhavim Blvd/Ben Zion Micha'eli
27131,Yehuda HaNassi/Rabbi Akiva
27134,Bar Kokhba/HaTsanhanim
27135,Bar Kokhba/HaTsanhanim
27136,Commercial Center/Bar Kokhba
27137,Bar Kokhba/Sa'adia Ga'on
27138,Bar Kokhba/Ruhama
27139,Bar Kokhba/Ruhama
27140,Bar Kokhba/Hacarmel
27141,Bar Kokhba/HaTavor
27143,Moshe Dayan Rd - Police
27144,Moshe Dayan Road/Shivat HaKokhavim Blvd
27145,HaSira Junction East
27148,Medinat HaYehudim/Galgale HaPlada
27149,Medinat HaYehudim/Nomi Shemer
27150,Medinat HaYehudim/Matit'yahu
27151,HaNassi/Kdoshe HaSho'a
27152,Zevulun/Modi'in
27154,HaMinhara/Nordau
27155,HaMinhara/Nordau
27156,Brandeis School/Nordau
27157,Brandise School
27158,Nordau/Fishman
27160,Nordau/Dov Hoz
27161,HaNassi/Keren HaYesod
27162,HaLivne/HaNassi
27163,HaNassi Yitshak Ben Tsvi/HaBrosh
27164,Golda Meir/Ha'Erez
27166,Wingate/Keren Yesod
27167,Wingate/HaTish'im VeShalosh Blvd
27169,Zevulun Beach
27170,Jabotinsky/Pinsker
27172,Nathan Alterman/Jabotinsky
27173,Reichman University/Natan Alterman
27174,Reichman University/Natan Alterman
27175,Kanfe Nesharim/Nathan Alterman
27177,HaNasi/Nili
27178,Kanfe Nesharim/Moshe Shamir
27179,Eliyahu Golomb/Kibush Ha'Avoda
27180,Hadar/Kalischer
27181,Hadar/Y. L. Baruch
27182,Hadar/Soltz
27183,Hadar/Kaplinsky
27185,Eliyahu Golomb/Anielewicz
27186,Hadar/Emma Tauber
27187,Ha'Ilanot/HaBustan
27188,Ilanot/HaNe'urim
27189,Kanfei Nesharim/Ha'ilanot
27190,Kanfei Nesharim/Ha'ilanot
27191,Kanfei Nesharim/Igrat Teiman
27192,Kanfei Nesharim/Igrat Teiman
27193,Igeret Teman/Eldad Hadani
27194,Sharabi/Uncaluss
27195,Kanfe Nesharim/Magen David
27196,Kanfe Nesharim/Magen David
27197,Magen David North
27198,Magen David East
27200,HaNadiv/Sokolov
27201,Borochov/Tseire Tsion
27202,Synagogue/Peretz
27203,Y.L.Peretz/Shahal
27204,David Remez/Yitshak Sade
27206,Synagogue/Yitshak Sade
27207,Berl Katznelson/Bat Shahar
27208,HaHitsim/Yitshak Sade
27209,Yetziat Europa/Kibbutz Galuyot
27210,Berl Katznelson/HaHitsim
27211,Morde HaGeta'ot/Af Al Pi Khen
27212,Berl Katznelson/Honi Hame'agel
27213,Berl Katznelson/Borochov
27214,Berl Katznelson/Borochov
27215,Tsahal/Hayore
27216,Berl Katznelson/Borochov
27217,Commercial Center/Berl Katznelson
27219,Yetziat Europa/Avuka
27220,Kibbutz Galuyot/Yetziat Europa
27222,Har Sinai/Revivim
27223,Borochov/Revivim
27224,HaMa'apilim/Nordau
27225,Keren HaYesod/Shalva
27226,Zvia Ulpana
27228,Allenby/Balfour
27246,Dizengoff/Ben Yehuda
27250,Hadar/Ha'Aliya HaShniya
27251,Jewish Brigade
27257,Cinerama/Yitshak Sade
27997,Tel Aviv Savidor Train Station/Alight
28500,Ben Gurion LRT Station/Jabotinsky road
28502,Rabin Education Center
28503,Ibn Ezra/Rashbam
28504,David Shimoni/Leah Goldberg
28505,HaNadiv/Eli Cohen
28506,Bne Binyamin/Tchernichovsky
28507,Bne Binyamin/Gisin
28508,Bne Binyamin/Gisin
28509,Hen Blvd/Bne Brit
28511,Eliyahu Golomb/Kibush Ha'Avoda
28512,HaBanim/HaKeren HaKayemet
28514,Yehuda HaNassi/Kalanit
28515,Kehilat Tsiyon/Anafa
28516,Brener/Yehuda HaNassi
28518,Borochov/Har Sinai
28525,Hazon Ish/HaAdmor MiNadvorna
28538,Textil Center/HaMered
28539,HaMered/Pines
28540,Aba Hilel Road/HaYetsira
28541,Ya'akov Rosenheim/HaRav Kahanman
28542,Assuta/HaSolelim
28543,Wilensky/Levin Kipnis
28544,Eli Tavin/Wilensky
28545,Sasha Argov/Levin Kipnis
28555,Tsahal/Moshe Sne
28558,Rothschild Blvd/Nahmani
28559,Har Tsiyon Blvd/Wolfson
28563,Mishmar HaYarden/Turkow
28564,Mishmar HaYarden/Turkow
28566,Heinrich Heine/Ness LaGoyim
28567,Begin Road/Yitshak Moda'i
28569,Menahem Begin Road/Zysman Shalom
28570,Begin Road/HaTa'as
28571,Begin Road/HaTa'as
28574,Aliyat HaNo'ar/Nahalat Yitshak
28576,Pinkas/De Haas
28577,Ben Eli'ezer/Etzel
28580,Giv'atayim Mall/Yitshak Rabin Road
28581,Sharona Complex/Eliezer Kaplan
28582,Yahdav School/Yehuda HaNassi
28587,HaAliya/Wolfson
28588,Aharonovich/HaShlosha
28594,Simcha Holzberg/Isaac Harif
28596,Ibn Gvirol/Rokach Blvd
28598,HaBanim/Lohme HaGeta'ot
28599,Ani Ma'amin/Ela
28600,Yitshak Elhanan/HaNetz
28601,LaMerhav/HaShaked
28602,LaMerhav/Bostanai
28603,HaDaya/LaMerhav
28604,Levona/HaBosem
28605,Levona/Nataf
28607,Em HaMoshavot Road/HaMaccabim
28608,Em HaMoshavot Road/HaMaccabim
28609,Ayalon Mall/Em HaMoshavot Road
28611,Hachmei Israel Boulevard/Hachmei Lublin Boulevard
28612,Hachmei Israel Boulevard/Hachmei Lublin Boulevard
28616,Levanda/Meron
28617,Shiv'at HaKokhavim Mall/Yosef Nevo
28620,Russel House/Arye Ben Eliezer
28621,Hazon Ish/Rimlat
28623,Glilot Camp/Boarding
28624,Tel Aviv Central Bus Station 6th Floor/Platforms
28625,Tel Aviv Central Bus Station 7th Floor/Platforms
28626,Cinema City
28627,Tel Aviv Central Station 6th Floor/Alight
28628,Razi'el/HaMe'a Ve'Ehad
28632,HaPark HaLeumi/San Martin
28635,Basel/HaNassi
28636,Ha'Atsma'ut/Reines
28637,Hekhal Omanuyot HaBama/Abie Nathan
28638,Jabotinsky/Yosef Nevo
28641,Ha'Atsma'ut/Shimshon HaGibor
28642,Reichman University/Menachem Begin
28643,Yosef Nevo/Abie Natan
28644,Hekhal Omanuyot HaBama/Jabotinsky
28645,Kfar Shmar'yahu School/HaOranim
28652,Rashi/HaMeshoreret Rachel
28653,Rashi/HaMeshoreret Rachel
28654,Nathan Alterman/Rashi
28655,Nathan Alterman/Rashi
28656,Yosef Nevo/Abie Natan
28659,Giv'atayim Mall/Yitshak Rabin Road
28663,Shlomo Road/Har Tsiyon Blvd
28665,Diamond excahnge market/Jabotinsky Road
28668,Raul Wallenberg/Dvora HaNevi'a
28669,Dvora HaNevi'a/Ezra
30000,Rishpon Junction
30001,Bet Dagan Junction
30002,Yavne Central Station
30004,Weizman/HaGalil
30005,Weizman/Nordau
30006,Football Field/Shlomo HaMelekh
30007,Yakum Junction
30008,Kfar Hadarim Retirement Home/Ben Yehuda
30009,Wingate Institute
30011,Ikea/Mark Moshvitz
30012,Jerusalem Gate/4313
30013,Dafna/Dolev
30014,Dafna/Dolev
30015,Menahem Savidor/Antzo Sireni
30016,Menachem Begin Road/Esther HaMalka
30017,Udim Junction
30018,Light Rail HaKomemiyut/Begin Road
30020,Ben Gurion/Herzl
30021,Elkalai/Alharizi
30027,Ben Gurion Blvd/Kehilat Tsfat
30028,Road 411/Zarnuka
30029,Enzo Sereni/Morde HaGeta'ot
30030,Sportech/HaNesi'im
30031,HaNesher/Yerushalayim
30032,Road 411/HaYam Road
30033,HaSayfan/Ha'Ait
30034,HaHayil/Migdal
30035,Rimon Middle School
30037,Shlomo Ibn Ezra/HaTzabar
30039,Shlomo Ibn Ezra/HaTzabar
30041,Road 411/Gan Shlomo
30042,Amnon VeTamar/Ma'apile Egoz
30043,Rabotsky/Ahuza
30044,Road 411/Gan Shlomo
30045,Road 411/Road 410
30046,Brener Junction
30047,Schwartz/Sheshet HaYamim
30048,Maccabi/HaNegev
30049,Hahashmona'im/Maccabi
30050,Hahashmona'im/Maccabi
30052,Road 411/Giv'at Brener
30053,Road 411/Giv'at Brener
30054,Moshe Sne/Shim'on Ben Shetach
30055,Tzipman/HaGadna
30056,Kaplan Hospital/Pasternak Road
30057,Hefets Hayim/Country Hotel
30058,Mordehai Ben Dror/Ravnitski
30059,HaTamar/Shivat HaMinim
30060,Meriland Blvd/Rechavam Ze'evi Blvd
30061,Tsifman/Hankin
30062,Akiva/Ahi Dakar
30063,Kanner/Moshe Sharett
30064,Rabbi Akiva/Rabbi Nehemia Muta
30065,Rabbi Akiva/Rabbi Nehemia Muta
30066,Nitsa Blvd/Sha'ul HaMelekh
30068,Rabin Blvd/Nahal Kishon
30069,Nitsa Boulevard/HaRav Herzog
30070,Ha'Aliya/Sharett
30071,Pa'ame Aviv/Zohar Lane
30072,Shirati/HaKfar Center
30073,Borochov/HaHagana
30076,Pa'ame Aviv/Birkat Am
30077,Kivrot HaMaccabim
30078,Road 443/Yehuda HaMaccabi
30079,Yossi Banai/Yona Wallach
30085,Hadasim - Platforms
30087,Laniado Medical Center/Children
30088,Ahavat Tsiyon/HaBanim
30090,Ahad Ha'Am/Sheshet HaYamim
30092,Matnas Even Yehuda
30094,Ahavat Tsiyon/HaBanim
30095,Dekel School/Schwartz
30096,Kaplan Hospital/Pasternak Road
30097,Andrius/HaRav Kook
30098,HaNoter/Ma'ale Argaman
30099,HaNoter/Ilanot
30100,HaMelakhim/Ahi Dakar
30101,Rabotsky/David Elazar
30102,HaMlachim/HaRav Maimon
30106,Keren HaYesod/HaMered
30107,Hahashmona'im/Maccabi
30108,HaMelakhim/HaGdud Ha'Ivri
30109,HaNurit/Underground
30110,HaNoter/Kalanit
30111,Hahof/Ha'Eshel
30113,HaNoter/HaNitsan
30114,Be'er Ganim/HaMeyasdim
30116,HaMeyasdim Square
30117,Duda'im/Kaktus
30119,Duda'im/Kaktus
30120,HaSharon/HaPragim
30121,HaSharon/HaDuda'im
30122,Commercial Center/Gibore Israel Boulevard
30123,Police Guest House/HaYam Road
30124,Tsuke Yam
30125,HaYasmin/Be'er Ganim
30126,Sirkin Mall/Eliezer Friedman
30127,Milhemet Sheshet HaYamim/Gordon
30129,Police Guest House/HaYam Road
30130,HaTsiv'oni/HaDuda'im
30131,New sports auditorim
30132,Bet Avi School
30133,HaMatmid/Admonit
30134,Kupat Holim Clalit
30135,Histadrut/Tidhar
30136,Netanya Central Station/Platforms
30137,HaHadarim/HaShita
30138,HaHadarim/Ha'Irusim
30141,Ha'Ela/Tel Tsur
30142,Tel Tsur/Sumsum
30143,Rishonim School
30144,Tel Tsur/Hadas
30145,Tel Tsur/Hadas
30147,Ha'Alon/HaOren
30148,Ha'Alon/HaOren
30149,Or Torah School
30150,Netanya Stadium
30151,HaNufar/HaAlmogan
30152,HaYam Road/HaBanim Road
30153,HaRimon/HaBrosh
30154,HaDugit/HaMifras
30155,HaYam Road/HaBanim Road
30156,HaDugit/HaTsedef
30159,Ben Ami Camp
30160,Ben Ami Camp
30161,Bet Yehoshua Railway Station
30164,Grocery store
30165,GK Palmahim Base
30166,Brosh
30167,Shoham-Inds.Zone
30168,HaMeshorerim Square/Yehuda HaLevi
30169,444 highway South/Shlomo HaMelekh boulevard
30170,HaRav Shalom Shabazi/Nelly Sachs
30173,HaRav Shalom Shabazi/Shai Agnon
30174,HaRav Shalom Shabazi/Shai Agnon
30175,Golda Meir/Chaim Herzog
30176,Hadassah Neurim Boarding School/HaShita
30177,Golda Meir/Yigal Allon
30178,Hadasa Ne'urim Youth Village
30179,Golda Meir/Yigal Allon
30180,Yigal Allon/Aluf HaRav Goren
30182,HaYam Road/HaPardesim Road
30184,HaRishonim/Morad HaHadarim
30186,Havatselet HaSharon
30190,Yanay Junction North
30191,Yanay Junction South
30192,Aluf HaRav Goren
30193,Yanai Interchange Westward
30196,Yanai Interchange Southwards
30197,Tirza Atar
30199,HaYam Road/HaKikar
30200,Yanai Interchange Northwards
30205,Nathan Alterman/Yigal Allon
30206,HaKfar Road/Ma'ale HaFikusim
30208,HaHof Road/HaYam Road
30209,Bet Herut School
30210,Mevo'ot Yam
30211,Nathan Alterman/Yigal Allon
30212,Havatselet Interchange
30213,Nathan Alterman
30215,Kokhav HaYam/HaEucalyptus
30218,Bat Hen
30219,Morad HaNahal/HaShaldag
30221,HaFikusim Road/5710
30223,HaFikusim Road/5710
30224,Ruppin/HaGvurot
30225,Moshe Dayan/Ra'am
30226,Dganya Road/Alonim
30229,Al-Andalus B
30232,Bat Hen Junction
30235,Al-Andalus A
30238,Ibn Sina
30240,Ayn Hawd
30241,HaShahaf/Morad HaNahal
30248,HaKfar Road/Ganim Alley
30249,Kokhav HaYam/Almog
30252,Giv'at Shapira
30254,Neve Itamar Junction
30255,Almog/HaShaldag
30257,Sirkin Mall/Eliezer Friedman
30259,HaBanim/Ahavat Tsiyon
30260,Ha'Atsma'ut/HaShomron
30267,Ha'Atsma'ut/Narkisim
30268,Al-Magzian Cemetary
30271,Sha'ar Hefer Junction
30272,Al-Magzian Cemetary
30273,HaMa'apilim/Kibbutz Galuyot
30274,Al-Andalus C
30275,Al-Andalus D
30279,Sha'ar Hefer Junction
30280,HaAtsma'ut/Hen
30282,Al-Magzian
30283,Sha'ar Hefer Junction
30284,Al-Magzian
30286,Matnas
30287,HaSharon Road/HaIlanot Road
30288,HaSharon Road/HaIlanot Road
30290,HaSharon Road/Nira Road
30291,HaSharon Road/HaBanim Square
30292,HaSharon Road/Nira Road
30295,HaSharon Road/Hefer Road
30296,Shalom Otmi/HaGilad
30297,Hefer Road/HaSharon Road
30300,Ort Shapira School/HaSharon Road
30302,Even Yehuda Junction
30304,Even Yehuda Junction
30307,Matnas
30308,Al-Naana
30309,Yeshurun School/Klauzner
30312,Hefer Road/HaRimonim Road
30313,Hefer Road/Sha'ar HaKfar
30314,Bilu/Yehuda HaLevy
30316,Hadassim Junction
30318,Regional Council/Hittin
30321,HaNesher/HaSayfan
30322,HaRishonim/HaEucalyptus
30323,HaRishonim/HaTapuz
30324,Ganot Hadar Junction
30325,Nordiya Boulevard/HaTe'ena
30326,Ramlod High School/HaRama Road
30327,Ilanot Junction
30328,Neve Tirza Prison
30329,HaRishonim/Road 5700
30331,Ilanot Junction
30332,Road 5702/HaHamaniot
30333,HaRishonim/HaKfar Boulevard
30334,HaRishonim/HaTapuz
30335,HaRishonim/Mul HaYam
30337,Ganot Hadar Junction
30339,Kfar Hayim B
30341,Pardesi'ya Junction
30343,Kfar Hayim G
30344,Yaktovski Brothers/Ben Gurion
30345,Pardesi'ya Junction
30346,Madah/Yerushalayim Boulevard
30347,Pardesi'ya Junction
30348,Mata Junction
30351,Kindergarten
30352,Mata Junction
30355,Mata Junction
30356,Matsli'ah B
30357,Sharon Junction Westwards
30358,HaRo'e Junction
30359,HaRo'e Junction
30361,Sharon Junction Southwards
30362,HaRo'e Junction
30363,Yaktovski Brothers/Weizmann
30364,Matsli'ah G
30365,Sharon Junction Northwards
30368,Rambam/Rabi Israel Avi Hatzera
30369,Road 431/Yehuda HaMaccabi
30370,Rabi Yosef Ben Naim/Rambam
30372,Sha'ar Efrayim Junction
30374,Ma'abarot
30375,HaOgen Junction/Road 5700
30376,Kibbutz Mishmar HaEmek Southward
30377,Efrayim Junction/557
30378,HaHalutsim/HaPardessim
30379,HaOgen Junction/Road 5700
30381,El'yashiv
30383,Grocery store
30386,Rupin Junction Southwards
30387,HaMeyasdim/Be'er Ganim
30388,Rambam/Rabbi David Ovadya
30390,Hadar Am Junction
30392,HaMeyasdim/Ben Gurion Boulevard
30394,Rupin Junction Northwards
30395,Hefer Junction
30398,Commercial Center
30399,Uzi Hitman
30401,HaOgen Junction
30402,HaOgen Junction
30403,Herzl/HaPalmah
30404,Hefer Junction
30405,Hefer Junction
30409,Florentin/HaHalutsim
30411,Uzi Hitman
30412,Uzi Hitman/Ehud Manor
30414,Uzi Hitman/Ehud Manor
30415,HaBrosh/HaVered
30417,College
30418,Shalom Shabazi/Yona Fisher
30419,Ehud Manor/Natan Yonatan
30422,Kupat Holim
30423,Clinic
30425,Yitshak Ben Tsvi Blvd/Ahad Ha'Am
30426,Ehud Manor/Moshe Vilensky
30428,Azarya
30429,Shalom Shabazi/Sharett
30431,Hibat Tsiyon Junction
30432,Hibat Tsiyon Junction
30433,Miftan School 1
30434,Hibat Tsiyon Junction
30436,Kvutsat Shiller
30437,Max Ve'Ampro Shein/Moshe Edelbaum
30438,Ramat Alon School
30439,HaRishonim/Udim
30440,Gush Etsyon/Megine HaGalil
30441,Florentin/HaShibolim
30442,Tel Mond Junction
30444,Menachem Begin Road/40
30446,HaShahaf Lane/HaDror Lane
30447,HaRambam/Yona Fischer
30448,Tova VeTuvya Miller/HaRav Herzog
30450,Florentin/HaShibolim
30451,Meyasdim Road/HaEtrog
30452,Mishmeret
30454,Herev Le'et Junction
30457,Yona Fisher/HaYona Lane
30458,Kfar Monash
30462,HaRambam/Nissim
30463,Tel Mond Junction
30466,HaMada/Chaim Pekeris
30467,HaDekel/Hakalanit
30469,HaMeyassdim Road/HaBanim
30472,Amos Danieli/HaLilakh Lane
30473,Sheshet HaYamim/Pinhas Asherov
30475,Mount -Scopus/Mt. HaNegev
30478,Mishmeret Junction
30481,Har HaTsofim/Har Tsiyon
30482,Har HaTsofim
30488,HaDekel/Masada
30490,Dacid Florentin/HaHorashim
30491,Ben Gurion Road/Yehonatan
30493,HaHorashim/Florentin
30495,HaRimon/HaTamar
30496,HaGefen/HaRimon
30497,Ya'akov Freiman/Tnu'ot HaNo'ar
30498,HaDekalim Boulevard/HaVradim
30499,Hogla
30500,HaDekel/HaTe'ena
30502,Rimon Junior High
30504,HaTe'ena/HaTamar
30505,Road 465
30507,Tel Mond Junction
30508,Road 465
30509,Rabin Blvd/Tsalaf
30510,Rabin Blvd/Tsalaf
30511,HaTe'ena/424
30512,HaTe'ena Square/424
30515,Camp 21 Junction
30516,Rabin Blvd./HaAtzma'ut
30517,Shalom Shabazi/Ha'Anafa
30518,Weizmann/Nahal Besor
30520,Ptachia Square
30521,Ha'Atsma'ut/Gilo
30524,Weizmann/Eshel
30525,HaOgen B
30528,El'yakhin Junction
30530,Bar Ilan University/Eshkol Road
30531,Bet HaLevi A
30532,HaZayit A
30533,El'yakhin Junction
30538,Weizmann/Sokolov
30540,HaRishonim Road/HaGan Lane
30543,Bet HaLevi B
30544,Cemetery
30546,Ha'Aliya/Sharett
30548,HaSivim/Country Club
30549,Rechavam Ze'evi/Meriland Blvd
30550,Bet HaLevi G
30552,En Vered Junction
30553,Stolvov/Sheshet HaYamim
30556,En Vered Junction
30558,Water Tower
30559,Sharett/Rimon
30560,Kfar Hess G
30562,Sharett/Rimon
30564,Grocery store/Bet HaLevi D
30567,Giv'at Hayim Junction
30569,Tamar/Oren
30570,Giv'at Hayim Junction
30571,Ish Shalom School/HaBrosh
30574,Clalit HMO
30575,Bet HaLevi V
30577,Hamitspe/Bik'at HaYarden
30578,Agur/Shahaf
30584,HaAgamim Road/Eilat Road
30586,Swimming Pool
30588,Kfar Hess B
30590,Ha'Atsma'ut/Begin Blvd
30592,Begin Boulevard/Hadarim
30593,Bet HaLevi Z
30597,Efroni/Pashosh
30598,Begin Blvd/Ole HaGardom
30599,Begin Blvd/Ole HaGardom
30601,Ha'Atsma'ut/Begin Blvd
30602,HaMelekh Road/HaTikva Boardwalk
30603,Grocery store
30604,Ge'ulim Junction
30605,Hare Yehuda/HaNegev
30606,Educational Center
30607,Ha'Eucalyptus/HaYam Road
30608,HaNegev/Dead Sea
30609,HaYam Road/HaTikva Road
30611,Kfar Hess A
30612,Ge'ulim Junction
30613,Ole HaGardom/Iris
30614,HaTe'ena/Hacarmel
30615,HaCarmel/Ha'Arava
30617,Hani'el Junction
30618,Bar Ilan School
30621,Sports Field
30623,Weizmann/Yaktovski Brothers
30626,Ole HaGardom/Rambam
30629,HaCarmel/Kdoshe HaSho'a
30630,HaLamed He/Hadarim
30631,HaVatikim/HaDekel
30632,HaShahar/Shlonsky
30635,Alfasi/Ole HaGardom
30636,Alfasi/HaLamed He
30638,Police Guest House/HaYam Road
30641,HaMada/Weisgal
30642,Yehuda Leib Josephson/Jacob Berman
30643,Efrayim Katzir/Avram Hershko
30644,HaVatikim/HaGefen
30645,Avram Hershko/Efrayim Katzir
30646,Hani'el/HaHorev
30648,Grocery store
30650,Checkpoint
30651,Checkpoint
30653,HaHashlama/HaHadas
30654,HaMeyasdim Square
30655,HaRishonim/HaHorev
30656,Netiv HaZayit/Mevo HaGefen
30659,HaTamar Blvd/HaLotem
30660,Netiv HaZayit/Mevo HaGefen
30661,Office
30662,Yanuv
30665,Yanuv
30666,HaMahtarot/Spinoza
30669,HaRishonim/HaDekel Lane
30672,Yanuv Junction
30673,Yanuv Junction
30675,Yanuv Junction
30676,Berorim Junction
30677,HaHermon/HaMoriya
30680,HaHermon/HaShomron
30681,HaHadas Road/HaDekel Lane
30682,Office
30684,HaHermon/HaShomron
30685,Tova VeTuvya Miller/Haim Sireni
30686,HaHermon/Horev
30688,Ha'Arets Road/HaBrosh Lane
30690,Ha'Erez Road/HaHadas Road
30693,Tenuvot Junction
30694,Tenuvot Junction
30696,Tenuvot Junction
30697,Ya'akov Peri/Sportek
30700,School
30701,Ya'akov Peri/Sportek
30702,School
30703,Ya'akov Tukhman/Horowitz
30705,Azriel/Exit
30706,Shelter
30707,Ya'akov Tukhman/Pinhas Asherov
30710,HaMelakhim/Ya'akov Dori
30717,HaRimon/HaTe'ena
30721,Ya'akov Tukhman/Kalman Gavri'elov
30722,Nof Sadot/HaYogev Blvd
30723,Simon Dubnow/Sheshet HaYamim
30729,Tsvi Horovitz/Meshulam Saranga
30732,Kalansawa Junction
30734,Be'erotayim Junction
30735,Tsvi Horovitz/Marvad Haksamim
30737,Be'erotayim Junction
30738,Kalansawa Junction
30739,Kalansawa Junction
30740,Be'erotayim Junction
30742,Be'erotayim Junction
30745,Omets Junction
30746,HaYuvalim/HaNehalim
30750,HaDekel/HaLotem
30755,Tsvi Horowitz/Yom HaKipurim
30758,Sha'ar Efrayim Junction
30759,Gan Yoshiya B
30761,Sheshet HaYamim/Lo'a HaAri
30762,HaZeitim Boulevard/HaHarim
30763,Sha'ar Efrayim Junction
30764,Ort Rehovot/Moshe Sharett
30765,HaPrahim/HaSadot Road
30766,King Hassan II/Road 40
30768,Nitsane Oz Junction
30769,Nitsane Oz Junction
30770,King Hassan II/Bussy Saint George
30771,King Hassan II/Bussy Saint George
30772,Yad Hana Junction
30773,HaDayagim/HaToren
30774,Yad Hana
30775,Hefets Hayim/Road 3933
30777,HaMa'avar Junc. Northwards
30778,HaPrahim/Arugot
30779,Gane Tal/Center
30780,Yad Hana B
30781,Bat Hefer Junction
30783,Emek Hefer Blvd/HaShfela Blvd
30786,Bat Hefer/Emek Hefer Boulevard
30787,Bahan Junction
30788,Ha'Almogim/Synagogue
30789,Bat Hefer/Emek Hefer Boulevard
30792,ATV School/5714
30793,HaGalil Blvd/Gilboa
30794,ATV School/5714
30795,HaGalil Blvd/Bet Zayit
30796,Bahan A
30798,ATV School/5714
30800,Bir al-Sikka
30801,Road 574/Bir A. Sikka School
30802,Road 574/Bir A. Sikka School
30803,Ha'Almogim/HaYam
30804,Yerushalayim Blvd/Ben Gurion Boulevard
30805,HaYam/Ha'Almogim
30806,Bne Re'em Exit/Square
30807,San Martin/Arava
30808,San Martin/HaTsiyonut Boulevard
30809,HaMarva/Oren
30811,HaMarva
30812,HaTikva/Pinkas
30813,HaMarva
30814,Ha'Avot Road/Kahal
30815,Ha'Avot Road/Sport Center
30816,Ha'Avot Road/Tsofit
30817,Ha'Avot Road/Atzmon
30818,Ha'Avot Road/Snir
30819,Northern Kupat Holim Clalit
30820,Tapu'ah Pais
30821,Tapu'ah Pais
30822,Al-Razi Medical Center
30823,Kupat Holim Clalit Center
30824,Kupat Holim Clalit Center
30825,Kupat Holim Meuhedet
30827,Ben Gurion Boulevard/Havatzelet HaHof
30828,Ben Gurion Blvd/Tsahala
30829,Ben Gurion Boulevard/Michel Bacos
30830,Ben Gurion Blvd/Tsahala
30831,Ga'ash Junction
30832,Yakum Junction
30833,Commercial Center
30834,Rishpon Junction
30835,Kupat Holim Meuhedet
30836,Ga'ash Junction
30838,Wingate Institute
30839,Tayibe Y
30840,Ring South
30841,Ibn Ezra/Modi'in
30842,Ibn Ezra/Modi'in
30843,Avtalyon/Shmaya
30844,Rimon Center/Rabbi Shimon Ben Shetach
30846,Avtalyon/Rabbi Tarfon
30847,Archeology Park/Shamay
30850,Shamay/Hillel
30851,Nahum Sokolow/Camille Huysmans
30856,Netanya Interchange
30857,Shamay/Hillel
30858,Ben Zakai/Rabbi Akiva
30859,Avtalyon A
30860,Ben Kisma/Ben Zakai
30861,Yohanan Ben Zakay/Passage to Ben Kisma
30862,Bne Torah Synagogue/Ben Kisma
30863,Education Institutes/Shim'on HaTsadik
30864,Commercial Center/Shim'on HaTsadik
30865,Shim'on Ben Shetah East
30866,HaRif/Bartenura
30867,HaLilakh/HaMarganiyot
30868,Synagogues/Yonatan Ben Uzi'el
30869,Ben Tsvi/Kfar Uriya
30870,Yeshiva/Raban Yohanan Ben Zakay
30872,HaYuvalim/HaNehalim
30873,HaYuvalim/Nof Harim
30874,HaYogev Blvd/Magal
30875,Nof Sadot/HaYogev Boulevard
30876,Nof Sadot/HaYogev Blvd
30879,HaRif/Ra'abad
30880,HaRif/Ra'abad
30883,Terminal/Rabbi Yehuda HaNasi
30884,Archeology Park/Shamay
30886,HaHashmona'im Boulevard/Emek Bet She'an
30887,HaBrosh/HaSharon
30888,Avtalyon/Shmaya
30889,Hadarim/Begin Boulevard
30890,Rabbi Shimon Ben Shetach/Ibn Gvirol
30891,Yaktovski Brothers/Weizmann
30893,Ole HaGardom/Begin Blvd
30894,Avtalyon/HaZamir Plaza
30895,Yonatan Ben Uzi'el/Ba'ale HaTosafot
30897,Ono Interchange
30898,HaRif/Ra'abad
30899,Rabbi Shimon Ben Shetach/Rabbi Yehosha
30900,Zchor L'Avraham Syg./Ben Kisma
30901,Rabbi Yehuda HaNasi/Rabbi Me'ir
30902,Raban Yohanan Ben Zakay/Rabbi Tarfon
30903,Eli Hurvitz
30904,E.Hurvitz/Moda'i
30905,Margolin/HaMeyasdim Boulevard
30907,Nimrov/Pinkas
30908,Lod Rail Station/Yoseftal
30909,HaHistadrut/Shlomo HaMelekh
30912,Shlomo HaMelekh Blvd/Iris
30913,HaHistadrut/Gibore Israel
30914,HaHistadrut/Gibore Israel
30915,Religious Kindergarten/Shprinzak
30916,Einstein/Dov Hoz
30917,Einstein/Rosenblum
30919,Gan Yad Avraham/Shlomo HaMelekh Boulevard
30920,HaHistadrut/Shlomo Ben Yosef
30922,Yerushalayim Blvd/Gavri'el
30923,Jabotinsky/HaHistadrut
30924,Arlozorov/Jabotinsky
30925,Jabotinsky/Rimon
30926,Haim Arlozorov/Rachel Alter
30927,Arlozorov/Tavor
30928,Haim Arlozorov/Aharon Feldman
30929,Gavri'el/Ben Gurion Boulevard
30930,San Martin/Arava
30931,David HaMelekh Blvd/HaTsiyonut Blvd
30932,Haim Moshe Shapira/San Martin
30933,Haim Moshe Shapira/Abba Ahimeir
30936,Darke Moshe/Mizrahi
30937,Neve Shalom School
30938,Yasmin School/Yitshak Rabin
30939,Mizrahi/Yitshak Rabin
30940,Darke Moshe/Messilat Rakevet
30941,Halale Egoz/Tsamarot
30942,Halale Egoz/Sd. Miha Reiser
30943,Salnikyu/Tsamarot
30944,Arba Onot/Halale Egoz
30945,Aharon Lublin/Admonit
30946,Yasmin/HaDekel
30947,Nirim/Tsamarot
30948,Arba Onot/Nirim
30949,Maxim Levi Comprehensive School/Lublin
30950,Maxim Levi School
30951,Aharon Lublin/Tsamarot
30953,Matnas/Lublin
30954,Lublin/Arba Onot
30955,Synagogue/Shlomo HaMelekh
30956,Yaacov Plumnik/Elbaz
30958,Twito/Tsahal Boulevard
30959,Sokolov/Katznelson
30960,Farm
30961,Farm
30962,Farm
30963,Office
30964,HaMehkar/HaMasger
30965,Rabbi Eliezer Ben Horkenos/4404
30966,Rabbi Eliezer Ben Horkenos/HaMasger
30967,Pesah Lev/Yisra'el Zmora
30968,Carmel Factory
30969,Zetan
30970,Farm
30971,Synagogue
30972,Religious Center
30973,Farm
30974,Farm
30975,Sapir School/Shapira
30976,Old Cemetery/Shapira
30979,HaHaluts/Hahashmona'im
30980,Moshe Shapira/Savyon
30981,Ha'Etrog/Yasmin
30982,HaDekel/Ha'Etrog
30983,HaGefen/Yagel
30984,Honi HaMe'agel A
30985,Honi HaMe'agel B
30986,E.Hurvitz/Moda'i
30987,Shlomo Shmeltzer Road/Martin Gehl
30988,Shlomo Shmeltzer Road/Martin Gehl
30989,Ha'Atsma'ut Road/Herzl
30990,Shlomo Shmeltzer Road/HaShfela
30991,Em HaMoshavot Road/Zevulum Hamer Road
30992,Rishon LeTsiyon/Shraga Refa'eli
30993,Lod Central Bus Station/Platforms
30994,HaHistadrut/Solomon Hazani
30995,HaMatsbi'im/Hativat Har'el
30996,Tfila LeMoshe Synagogue/HaMatsbi'im
30997,Commercial Center A/HaRama Road
30998,Arye Ben Eliezer/Isaschar. Wegman
30999,Eliezer Kaplan/Shprinzak
31000,HaTsanhanim/The Middle Admor
31001,Shapira/Erez
31002,Old Cemetery/Shapira
31003,Sapir School/Shapira
31004,Haim Moshe Shapira/Abba Ahimeir
31005,Regavim/HaBsor
31006,Regavim/Reisser
31007,Haim Moshe Shapira/Greenboim
31008,Regavim/Reisser
31009,Regavim/Lublin
31010,Emek Ha'Ela/Shiba Road
31011,Shlomo HaMelech Boulevard/Kedoshei Kehilat Mezritsh
31012,Ben Gurion Blvd/Mendes
31013,Ben Gurion/HaPardes
31014,Ashdod Port Junction
31017,Micha'el Wallach/Levi Eshkol Road
31018,Micha'el Wallach/Levi Eshkol Road
31019,Shlomo HaMelekh/Einstein
31020,Mevo'ot/HaMa'agal
31021,Mevo'ot/HaMitnachalim
31022,Regavim/Aharon Lublin
31023,Lod New Cemetery
31024,Lod New Cemetery
31025,HaYotsrim/HaMasger
31026,Ha'Ela/Lod HaYeruka Road
31027,Ha'Ela/Dakar
31029,Gane Aviv Railway Station
31031,Aba Hilel Silver/Nada
31032,Ha'Irusim/Rakefet
31033,Nesher
31034,Weizmann/Yaktovski Brothers
31035,Yagel Intersection
31036,Givat Savyon Commercial Center
31037,Givat Savyon Commercial Center
31038,Yagel Intersection
31039,Aharon Lublin/Sd. Miha Reiser
31040,Rishon LeTsiyon/Zikhron Y'akov
31041,Sd. Miha Reiser/Sokolov
31042,Aharon Lublin/Sd. Miha Reiser
31044,Tsahal/Ben Tsvi
31045,HaNassi/Yehudit Blvd
31046,HaNassi/Ha'Amal
31047,HaNassi/Ya'el Blvd
31048,HaNassi/Ussishkin
31049,HaNassi/Arlozorov
31050,HaNassi/Yehuda HaMaccabi
31051,Ha'Atsma'ut/Hatukha
31052,Ha'Atsma'ut/Herzl
31053,Hare Yehuda/HaRama
31054,Hare Yehuda/HaRama
31055,Hare Yehuda/En Hanokh
31056,HaRama/HaTavor
31057,HaRama/HaTavor
31058,HaShikma/HaZayit
31059,HaShikma/HaDarom
31060,HaShikma/HaGay Lane
31061,HaShikma/HaNof
31062,Tsahal/Keren HaYesod
31063,HaShikma/HaVradim
31064,HaShikma/HaZayit
31065,Kiryat Ono Mall/Levy Eshkol Road
31066,Levy Eshkoln Road/HaTamar
31067,Levy Eshkol/Michael Wolf
31068,Kfar Bilu Junction
31069,Moshe Peled/Moshe Sne
31070,Weizmann/Tsvi Yishay
31071,Weizmann/HaMa'apilim
31072,Site - Commemoration/Weizmann
31073,Gan Yavne Intersection
31074,Nir Galim Junction
31075,Neve Herzog Junction
31076,Moshe Peled/Moshe Sne
31077,Bne Darom Junction
31078,Beit Raban Interchange East
31079,Avshalom Gissin/Baruch Ishakov
31080,Road 7/Kanot Youth Village
31081,Gedera Interchange to East/Gas Station
31082,Herzl/Ben Gurion Avenue
31083,Gedera Central Bus Station
31084,Herzl/Weizmann
31085,Kidron Intersection/Road 40
31086,Tel Nof Camp Intersection
31087,Bet El'azari Intersection
31088,Road 40/Giv'at Brener
31089,Road 40/Bilu Power Center
31090,Kaplan Hospital Intersection/Road 40
31091,Bilu Junction
31092,Kfar Bilu Fork
31093,Herzl/Yaacov Feinstein
31094,Herzl/Ushiot Intersection
31095,Herzl/Rabbi Akiva
31096,Herzl/Bar Kokhba
31097,Herzl/Ezra
31098,Herzl/Rotary
31099,City Market/Lefkowitz
31100,Rehovot Central Bus Station/Platforms
31101,Mevo'ot/Mt. Dafna
31102,Kiryat Ono Religious Council/David Remez
31103,Hashmona'im/Shlomtsiyon
31104,Hashmona'im/Matit'yahu
31105,Hashmona'im/Hodiya
31106,Meron/Meron Broadwalk
31107,Meron/Zalman Shlain
31108,Har Tsiyon/HaNitsahon
31109,HaNitsahon/Har Tsiyon
31110,Shabazi/Shmu'el HaNavi
31111,Herzl/Rabbi Akiva
31112,Herzl/HaShita
31113,Local Council/Herzl
31114,Gisin/HaMaccabim
31115,Mevo'ot/Mt. Dafna
31116,HaMeginim/Ben Gurion
31117,Canada Road/Hayore
31118,Hartsit/Savyon
31119,HaMeginim/Tzahal
31120,Natan Alterman/Shay Ag'non
31121,Nathan Alterman/HaSe'ora
31122,Gilboa/Arbel
31123,HaHaruv/Tel Hai
31124,Shiba Road/Emek Ha'Ela
31125,Ben Gurion School
31127,MADA/HaMaccabim
31128,Police/Honi Hame'agel
31129,Levy Eshkol Road/Stern
31130,Yerushalayim/Hashmona'im
31131,Yerushalayim/Yehuda
31132,Yerushalayim/Ha'Amal
31133,Herzl/Rakefet
31135,Abir Ya'akov/HaShoftim
31136,Ehud Ben Gera/HaNevi'im
31137,HaGiborim/Dvora HaNevi'a
31138,Rimon Shopping Center/Levi Eshkol Road
31139,Honi Hame'agel/Nissim Ga'on
31141,Yitshak Rabin/Menachem Begin
31142,Menachem Begin/HaRakefet
31143,Remez/Herzl
31144,Remez/Hannah Szenes
31146,HaRav Aharon Danin/Moshe Zandani
31147,Council/HaKohanim
31148,HaKohanim/HaTe'ena
31149,Road 3922/HaRav Yihyah Elkashma
31151,Bnei Ayish Junction North
31152,Raban Yohanan Ben Zakay/Rabbi Me'ir
31154,Neighborhood Park/Rabbi Me'ir
31155,Rashbi/Ben Zakai
31156,Raban Yohanan Ben Zakay/Rashbi
31157,Raban Yohanan Ben Zakay/Rashbi
31158,HaShikmim/Moshe Sharett
31159,Levi Eshkol Road/Los Angeles
31160,Mevo'ot/HaShikma
31162,Weizmann/Hivner
31164,Lod Road - Neve Savyon
31165,Ben Zakai/Migdal Hamayim
31166,Da'at Zkenim School/Ibn Gvirol
31169,Rakal/Pinsker
31170,Altalef/Shabazi
31171,Yahadut Canada/Haharoshet
31173,Rashbi/Raban Yohanan Ben Zakay
31174,Ha'Ilanot/HaEucalyptus
31175,Ha'Ilanot/HaBrosh
31176,Ha'Ilanot/HaBrosh
31177,Ha'Ilanot/HaEucalyptus
31178,Ha'Ilanot/HaTapuz
31179,Yalde Tehran/Baskind
31180,Yalde Tehran – Cinema City
31182,Midron Yafo Park/Yaffo Port
31183,Midron Yafo Park/Yaffo Port
31184,Yaffo Port/Yehuda Hayamit
31185,Be'erot Junction
31186,Yaffo Port/Yehuda Hayamit
31187,Be'erot Yitshak 3
31188,Ben Gurion/Yeshurun
31189,Ben Gurion/Shalom Alekhem
31190,Ben Gurion/Shalom Alekhem
31191,Brenner School/Ein Ganim
31192,Ganim School/HaGalil
31193,Neve Gan Community Center/Greenspan
31194,HaYam Road/Ha'Ayalot Road
31195,HaYam Road/HaMelekh Road
31196,Ha'Amakim/Ha'Ayalot School
31197,HaYam Road/HaTikva Road
31198,Herzl/Ets Ha'Afarsek
31199,Merkaz HaBama/Hacarmel
31202,Tel HaShomer Hospital
31203,Beit Brosh/Lieutenant General Yaakov Dori Road
31205,Ben Porat/Rishonim
31206,Weizmann/Hivner
31207,HaAtzmaut/HaHatzav
31208,Yosef Lishanski/David Saharov
31209,Yaktovski Brothers/Lohamei HaGetaot
31210,Kindergartens/Zemer
31211,Rothschild/Yehud
31212,Ben Porat Boulevard/HaLamed He
31213,Tel HaShomer Hospital/Yeladim
31214,Zayit/Rimon
31215,Rimon/Shaked
31216,Te'ena/Haruv
31218,Koresh/Argaman
31219,P'T Park/HaRav Moshe Malka
31220,Road 42/Kfar Aviv
31222,Ben Zakay Junction
31223,Road 42/Ben Zakai
31224,Road 42/Tsofiya Care Center
31225,Yavne Railway Station/Ha'Atsma'ut Boulevard
31227,Hativat Giv'ati/Sanhedrin Garden
31228,Kdoshe Ca'ir/Ha'Amora'im
31229,Kdoshe Kahir/Duani
31230,HaDror/Duani Blvd
31231,HaDror/Abu Hatzeira
31232,Abu Hatzeira/HaHavatselet
31233,Abu Hatzeira/Havalval
31234,HaNessi'im/Ha'Atsma'ut
31235,HaNessi'im/Mameluke Bridge
31236,Bet Gamli'el/Road 410
31239,HaYam Road/Kalman Gavri'elov
31240,HaYam Road/Sheshet HaYamim
31241,Amal School/HaYam Road
31242,Yavne Road/Rozanski
31243,Yavne Road
31244,Yavne Road
31245,Weizmann Institute/Herzl
31246,Police/Herzl
31247,Bet HaPo'alim/Gluskin
31248,Levin-Epstein/Pines
31249,Remez/Kupat Holim
31250,Rozanski/Court House
31251,HaShiv'a Road/Kaplan
31252,HaShiv'a Road/Hamelaha
31253,Odem/HaRav Shalom Yitshak
31254,HaSapir/HaFikus
31255,Hakalanit/HaSapir
31256,Hakalanit/HaPrahim
31257,Ha'Atsma'ut/Duani
31258,Lohamei HaGetaot/Yaktovski Brothers
31259,Ha'Atsma'ut/HaHermon
31260,Road 42/Kfar HaNagid
31261,Kfar HaNagid Junction/Road 42
31262,Broadcasting Station/Road 42
31263,Ayanot Intersection
31264,Bet Oved Junction/Road 42
31265,Road 42/Bet Hanan
31266,Road 42/Neta'im
31267,Tsahal/Havatselet
31268,Ben Porat/HaLamed He
31269,Canada Park/Lod Road
31270,Drorim Mall
31271,Benaya - East
31272,HaSanhedrin Blvd/Yerushalayim Blvd
31273,HaSanhedrin Blvd/HaYarden
31274,Jabotinsky/HaGefen
31275,Jabotinsky/HaZayit
31276,Du'ani Blvd/Jabotinsky Blvd
31277,Nofar/Atad
31278,HaDror/Dukhifat
31279,HaSanhedrin Blvd/Jabotinsky Blvd
31280,Yavne Central Bus Station/Platforms
31281,Benaya - West
31282,Benaya - North
31283,HaMaccabim Road/HaTsiyonut Boulevard
31284,Benaya - South
31285,Levi Eshkol/Yitshak Rabin
31286,Benaya - Center
31287,Benaya - Center
31288,Benaya/Playground
31289,HaGefen/Gedera
31290,Kiriyat HaLeom/Israel Galili
31291,Urban Market/Baron Hirsch
31292,Aharon Meskin/Yatkovski Brothers
31293,HaGefen
31294,Hadar/HaZayit
31295,Wolfson/HaRav Shalom Shabazi
31296,Kibbutz Galuyot/Neve Afikim
31297,HaGiv'a/Hatzafon
31298,Yavne Interchange/South
31300,Yavne Interchange/North
31302,Benaya/Playground
31303,Ha'Aguda/Jabotinsky
31304,HaHachsarot/En Dor
31305,HaHachsarot/En Dor
31306,HaHachsarot/Yesha'yahu
31307,Yavne/Industrial Zone
31308,Moshav Ge'alya
31309,Ha'Atsma'ut/Hadarim
31310,Ha'Atsma'ut/Nili
31311,Herzl/Road 40
31312,HaHatsav/HaYasmin
31313,Haharoshet/Ma'ale HaMigdal
31314,Horesh Terminal
31315,HaHachsarot/Yesha'yahu
31316,Gordon/HaBanim
31317,HaShikmim Ben Gurion
31318,Moshe Sharett/Beit Ha'am
31319,Moshe Sharett/Mashabim
31320,Kibbutz Galuyot/Neve Afikim
31321,Yehud South Junction/Road 412
31322,Levi Eshkol/Israel Galili
31323,Shlomo HaMelekh/HaHadar
31324,Bet Oved
31325,Yitshak Rabin Road/Ha'Alufim
31326,Yitshak Rabin Road/Tarmag
31327,Ness Ziona Central Station
31328,Kenyoter/Weizmann
31329,Weizmann/Margolin
31331,Ha'Amakim/Emek Zevulon Lane
31332,Herzl/Aharon Karon
31333,Ha'Atsma'ut Road/Yaacov Bar Simantov
31334,Ha'Atsma'ut – Yehud West Junction
31335,Ha'Atsma'ut/Yerushalayim
31336,Ha'Atsma'ut Road/Sa'adia Hatukha
31337,Ha'Atsma'ut/Hakalanit
31338,Ha'Atsma'ut – Savyon Junction
31339,Yerushalayim/HaHohit
31340,Commercial Center/Albert Einstein
31341,Yitzhak Shamir Medical Center
31342,HaMaccabim Road/Pica
31343,Herzl/Trumpeldor
31344,Herzl/Trumpeldor
31345,Yotam VeYoav Terminal/Platforms
31346,Herzl/Wingate
31348,Herzl/Wingate
31349,Herzl/Keren HaYesod
31350,Herzl/Remez
31352,Herzl/Golomb
31353,Herzl/Nachlat Yehuda
31354,Lohame Betar/Almog
31355,Lohame Betar/Almog
31356,Yatkovski Brothers/Aharon Meskin
31357,Emek Bet She'an/Mordekhay Gur
31358,Emek HaHula/Hayarden River
31360,Leah Imenu
31361,Moshe Dayan/Dekel
31362,Moshe Dayan/Zamenhoff
31363,Moshe Dayan/Zamenhoff
31365,Emek Harod/Tishrei
31366,Shacham LRT Station/Jabotinsky road
31367,HaPardes
31368,HaPardes/HaKerem
31369,Beni Road/HaRimon
31370,HaMovil/Tariq Abd al-Hay
31371,Rechavam Ze'evi Boulevard/Koresh
31372,Ya'akov Zerubavel/471
31373,Zerubavel/Ha'Atsma'ut
31375,Yaakov Zrubavel/471 way
31376,Yehud West Junction/Road 461
31377,Tel HaShomer Hospital - ER
31378,Hoveve Tsiyon/Montefiore
31379,Wolfson/HaNevi'im
31380,Yosef Lishanski/Etzel
31381,Yatkovski Brothers/Yosef Feldman
31383,Ha'Anafa/Zamir
31384,Yosef Banai/Torah Ve'Avoda
31385,Canada Road/Yehuda Amichai
31386,Menachem Begin Road/Shai Agnon
31387,Bar Yohay/Ehud Ben Gera
31388,Manor/Poleg
31389,Menachem Begin Road/Hayim Nahman Bialik
31390,Menachem Begin Road/HaHatsir
31391,Beneya Intersection/Road 4102
31392,Cemetery/Road 4102
31393,Ben Gurion Boulevard/Herzl
31394,Ben Gurion/Cemetery
31395,David Ben Gurion Boulevard/HaDror
31396,Pines/Ben Gurion Boulevard
31397,Harzfeld Hospital
31400,Weizmann/Pines
31403,Council
31406,Manor/Ayalon
31407,Dorot Geriatric Center/HaNevi'im
31408,Yahadut Canada/Assire Zion
31409,Yahadut Canada/Ha'Atsma'ut
31410,Road 461/Yehud Industrial Zone
31411,Hermelin College/HaMehkar
31412,Shalom Alekhem/Pinhas Lavon Boulevard
31413,Shalom Alekhem/Ben Tsvi Boulevard
31414,Shalom Alekhem/Arugot River Reserve
31415,Shalom Alekhem/Havatselet HaHof
31417,Ha'Agamim Boulevard/Snir Stream Reserve
31418,Dead Sea/HaNegev
31419,Merkaz HaBama
31420,Ha'Agamim Boulevard/Snir Stream Reserve
31421,Agam Kinneret/Dolev River Reserve
31422,Agam Kinneret/Arugot River Reserve
31423,Maor Yitshak Yeshiva
31424,Kiryat Arye Rail Station/Park & Ride
31425,HaGalil/Ha'Amakim
31426,Road 3933/Road 3922
31427,Rabbi Shlomo Goren/Mivtahim
31428,Sapir Railway Station/Boarding
31429,Hativat Alexandroni Road/Mevo'ot
31430,Road 412/Menachem Begin Boulevard
31431,Katznelson/Sheshet HaYamim
31432,Katznelson/HaShlosha
31433,Sapir Railway Station/Alight
31434,Menachem Begin Boulevard/Hayim Nahman Bialik
31435,Zevulun Hammer/Yoni Netanyahu
31436,Cemetery/Modi'in Makabim Re'ut
31437,Ilan Ramon High School/Janusz Korczak
31438,Zalman Shazar/Hel Handasa
31439,Zalman Shazar/Hel HaTothanim
31441,Levi Eshkol/Haside Umot Ha'Olam
31442,Levy Eshkol/Michael Wolf
31444,Moshe Levi/David Saharov
31445,Ramat HaKovesh/Exit
31446,Honim Konim/Lishanski
31447,Recruiting Office/Rav Aluf Yaacov Dori Road
31448,Tsafrir Blvd/Gabi Ashkenazi
31450,Palmachim Camp
31451,Palmahim Beach
31453,HaMeginim/Canada Road
31454,Nitsan/Tsafrir Blvd
31455,Cemetery/HaKomemiyut
31456,Road 40/Magshimim Junction
31457,Anne Frank/HaRav Maimon
31458,HaHistadrut/Ichilov
31459,Mohliver/Ben Tsvi
31460,HaHistadrut/Ehad BeMay
31461,Kugel Boulevard/Sokolov
31462,Fire Fighting/Mohliver
31463,Shlomo HaMelekh/HaHadar
31464,Be'erot Intersection
31467,Tel Hashomer Hospital/Oncology
31468,Nitsan/Gabi Ashkenazi
31469,Nitsan/Gabi Ashkenazi
31470,Rafael Eitan Road/HaDuvdevan
31471,Ya'akov Zerubavel/471
31472,The National Water Carrier
31473,Shlomo HaMelekh -  Mall
31474,HaHistadrut/HaTkuma
31476,Lod Road/Ramat Pinkas Junction
31477,National Water Carrier/HaYarkon
31478,Road 40/Nehalim Yeshiva
31479,HaYarkon/HaTe'enim
31480,HaYarkon/Ha'Atsma'ut
31481,Gane Tikva Council
31482,Herzl/Ets Ha'Afarsek
31483,Rothschild/HaTikva
31484,Gluska/Ha'Atsma'ut
31485,Office
31486,Irit/Yakinton
31487,Carmel/Lakhish
31488,Yaakov Cohen School/Yits'hak Rabin
31489,City Hall/Yits'hak Rabin
31490,Tel HaShomer Hospital
31491,Tel HaShomer Hospital/Eye Institute
31492,Bet Dagan M.K. 343
31494,Dori Camp/Road 461
31495,Marzuk VeEzer/Emile Zola
31496,Rothschild/Fiarberg
31497,Herzl /Varsha Park
31498,HaZamir/HaDror
31499,HaMaccabim Road/Volkani Institute
31501,Ormat School/Nahal Harif
31502,Nahal Harif/Nahal Snir
31503,Nahal Harif/Nahal Snir
31504,Poleg Creek/Irus Ha'Argaman
31505,HaYarkon/Nahal Snir
31506,HaYarkon/Dotan
31507,Yarkon Creek/Paran
31508,Paran/HaYarkon
31509,Hidekel/Paran
31510,HaPerat/HaYarden
31511,HaYarden/HaPerat
31512,Ha'Alon/Ha'Eshel
31513,Ha'Alon/Ginsburg High School
31514,Ha'Alon/Duani
31515,Du'ani Blvd/Sahlav
31516,Aharon Hajaj/HaDror
31517,City Hall/Du'ani Blvd
31518,Gibore HaHayil/Ole HaGardom
31520,HaMeisav/Ha'Amal
31521,East Railway Station
31522,Yerushalayim Blvd/HaSanhedrin Blvd
31523,Yerushalayim Boulevard/Rozmarin
31524,Nurit/Shezaf
31525,HaNurit/Haruv
31526,HaTe'ena/Jabotinsky Boulevard
31527,Ha'Arava/HaZayit
31528,Ma'ale HaShahar/Michael Levin
31529,Sahlav/Petel
31530,Du'ani Blvd/HaDror
31531,Shabazi/Bukhris
31532,Shabazi/Hakalanit
31533,Shabazi/HaYasmin
31534,HaCarmel/Hermon
31535,HaGilboa/Har Nevo
31536,HaGilboa/HaTavor
31537,HaSharon/Avivit
31538,HaSharon/HaShfela
31539,HaShfela/Hatsav
31540,HaNegev/HaShomron
31541,HaShomron/HaNegev
31542,HaGolan/HaShomron
31543,HaGolan/Migdal Hamayim
31544,Yerushalayim Boulevard/Egoz
31545,Egoz/HaBrosh
31546,Du'ani Boulevard/Ha'Arava
31547,Tsalaf/Adad
31548,Yerushalayim Boulevard/HaSharon
31549,HaRimon/HaTe'ena
31550,Meshek 66
31551,Nahar HaYarden/Tzahal
31554,HaRimon/HaTe'ena
31555,Du'ani Blvd/Yerushalayim Blvd
31556,Ha'Alon/Abu Hatzeira
31557,HaZayit/Suva
31558,HaRishonim/Mivtsa Tashah
31559,Ha'Atsma'ut Boulevard/HaNessi'im
31560,Cemetery
31561,Yerushalayim Boulevard/HaNegev
31562,Yavne Railway Station/Ha'Atsma'ut Boulevard
31563,Ono Academic College/Tsahal
31565,Shlomo HaMelekh/Nahal Gamla
31566,Power Center
31567,Neot Margalit Boys School
31568,Yahad Experimental School Modi'in
31569,Emek Bet She'an/Dvora HaNevi'a
31570,Road 461/Neve Monosson Junction
31571,Road 461/Neve Monosson
31574,Yehud Terminal/Alight
31575,Lod Road/Yigal Allon
31577,Road 40/Nehalim Junction
31578,Road 40/Nehalim Junction
31579,HaMaccabim Road/Eli Cohen
31580,HaMaccabim Road - Agricultural School
31581,Yehud Terminal/Boarding
31582,Rothschild/Frankfurter
31583,David Saharov/HaHoma
31584,David Saharov/Eli'ezer Mazal
31585,David Saharov/Eli'ezer Mazal
31586,David Saharov/Elhanan
31587,Ahuza/Rambam
31588,Ariel Religious School/Menahem Begin Road
31589,HaGanan/HaTa'asiyot Blvd
31590,HaTa'asiyot Blvd/HaGanan
31592,Brenner School/Ein Ganim
31593,El'azar Friedman/En Ganim
31594,Tel HaShomer Hospital/Eye Department
31596,City Hall/Eliyahu Sa'adon
31597,Petah Tikva City Hall/Haim Ozer
31598,Yerushalayim Boulevard/Hoshe'a
31599,Amal/Shlomo Micha'elis
31600,HaTa'asiyot Blvd/HaSatat
31601,Road 40/Rinat'ya Mazor
31602,HaTa'asiyot Blvd/HaSatat
31603,HaGanan/HaBanay
31604,Savyon Junction/Road 4622
31606,Yehiel Mihal Pines/Rothschild
31607,Yehiel Michael Pines/Orlansky
31608,Pinsker/HaBaron Hirsch
31609,Martin Gehl/Ha'Ofan
31610,Moshe Dayan/Gdole Israel
31611,Moshe Dayan/Haim Bar Lev
31612,Rothschild/Bilu
31613,HaGanan/HaSatat
31614,Ha'Ofe/HaMiktso'ot Blvd
31615,Ha'Ofe/HaMelakhot Blvd
31616,HaMelakhot/HaOfe
31617,HaMelakhot Blvd/HaHarat
31618,HaHarut/HaMelakhot Blvd
31619,HaSdera HaMerkazit/HaZriha
31620,Tsahal/Dan Creek
31621,Tsahal/Nahal Snir
31622,Bedek Junction
31624,HaMa'ayan/Tsela HaHar
31625,Square/HaMa'ayan
31626,HaTayasim Junction
31627,Square/HaMa'ayan
31628,Bareket Junction to East
31630,HaMa'ayan
31631,HaMa'ayan
31632,Hartsit/Emek Ayalon
31633,Hartsit/Loa HaAri
31634,Hemed Junction
31635,Hemed Junction
31636,Tayasim Junction
31637,Giv'at Ko'ah
31638,Yehud West Junction/Road 461
31640,Messubim Interchange - Eastbound
31641,Savion Junction/Westward
31642,Savion Junction/Eastward
31643,Sirkin Junction/40 highway
31644,Hartzit/Khalit HeHarim
31645,Amishav Junction
31646,Tsafriya Intersection
31647,Tsafriya Junction
31648,Road 40/Rinat'ya Mazor
31650,Hartsit/Helmonit
31651,Ha'Ilanot/HaTapuz
31652,Histadrut/Haim Ozer
31653,Yehzekel Kazaz/Montefiore
31654,Modi'in Macabim Re'ut Central Station
31655,Modi'in Macabim Re'ut Central Station/Alight
31656,Yehud Industrial Zone/Road 461
31657,Shivat HaKokhavim Area
31658,Rothschild/Balfour
31659,Ha'Ilanot/HaTapuz
31660,HaHashmona'im Blvd/Lev Ha'Ir
31661,HaAtzmaut/David Elazar
31662,Yehzekel Kazaz/Lod Road
31663,Yehzekel Kazaz/Lod Road
31664,Commercial Center/Yehzekel Kazaz
31667,Hasida/Sal'it
31668,Neve Monosson/Road 461
31671,Kiryat Ono Mall/Shlomo HaMelekh
31672,Yits'hak Rabin Blvd/Shaldag
31673,Kaplan/David Remez
31674,Rothschild/K.K.L.
31675,Hasida/Shaldag
31676,Commercial Center/Ha'Atsma'ut
31677,Shaldag/Dukhifat
31678,Square/Dukhifat
31679,Shlomo HaMelekh/HaHadar
31681,Dukhifat
31682,Herzl/Ussishkin
31683,Moshe Levi/Naftali Faltin
31684,Dukhifat/Shaldag
31685,Rojanski/Moshe Levi
31686,Rothschild/Jabotinsky
31687,Rothschild/Herzl
31688,Rothschild/Dov Hoz
31689,Rothschild/Remez
31690,Rothschild/Ben Gurion
31691,Rothschild/Shprinzak
31692,Rothschild/Hayim Cohen
31693,Rothschild/Gad Makhnes
31694,Tsukit/Dukhifat
31695,Dukhifat/Tsukit
31696,Rothschild/HaSade
31697,Dukhifat/Nahli'eli
31698,Tsukit/Yits'hak Rabin Blvd
31700,Hasida/Nahli'eli
31705,Yits'hak Rabin Blvd/Tsukit
31706,Hasida/Dukhifat
31707,David Remez/Marzuq veAzar
31709,Dukhifat/Hasida
31710,Shivte Israel/Tnu'at Noar
31711,Shivte Israel/Tnu'at Noar
31712,Shivte Israel/rRe'uven
31713,Ramat Pinkas/Road 461
31714,Shivte Israel/rRe'uven
31715,Menachem Begin Road/Leah Imenu
31716,Menahem Begin Road - Terminal
31718,HaHashmonaim Boulevard/Tzukit
31719,Ya'alom/Bareket
31720,Ya'alom/Yashpe
31721,Ya'alom/Yashpe
31722,Sapir/Leshem
31723,Sapir/Hoshen
31724,Shivat HaKokhavim Area
31725,HaAtzmaut/HaHistadrut
31728,Yehoshua Ben Nun/Afik
31729,Yehoshu'a Bin Nun/Shalom Mantsura
31730,Nahshonim Camp Gate
31731,Segula Train Station/40 highway
31732,Segula Train Station/40 highway
31736,Ha'Atsma'ut Road/Weizmann
31737,Gildsgame/Aharon Katzir Blvd
31738,Sheba Hospital/Aharon Katzir Boulevard
31739,Recruiting Office/Rav Aluf Yaacov Dori Road
31740,Beit Brosh/Lieutenant General Yaakov Dori Road
31741,Yerushalayim/Shlomo
31743,Petah Tikva South Interchange Northwards
31744,Herzl/HaDugit
31745,Shaariya Interchange Southward
31746,Tel HaShomer Hospital/Madah
31747,HaDugit/HaDayagim
31748,HaDugit/Herzl
31749,HaDayagim/HaToren
31750,HaDugit/HaDayagim
31751,HaHistadrut/Golda Meir
31752,HaDugit/HaShayatim
31753,Rothschild LRT Station/Herzl
31755,Hativat Giv'ati/Kdoshe Kahir
31756,Hativat Giv'ati/HaTsedef
31757,Road 40/Magshimim Junction
31759,Gibore HaHayil/HaMesav
31760,E.Cohen/Exodus
31761,Cohen/Gibore Isr
31762,E.Cohen/Glazer
31764,Jaljul Exit/5233
31765,Farm
31767,Tirat Yehuda
31768,Farm
31769,HaRimon/HaTamar
31770,B.Gurion/HaLevy
31771,Shabazi/Shilo
31772,B.Gurion/Weizman
31773,B.Gurion/Weizman
31774,B.Gurion/N.Zaks
31775,B.Gurion/N.Zaks
31776,Ben Gurion/Golda
31777,Golda/Ben Gurion
31778,Golda/Shabazi
31779,Herzog/Sh.Ofir
31780,Golda Meir/Chaim Herzog
31781,Allon/Ofir
31782,Allon/Y.Yarkoni
31783,Aluf HaRav Goren/Yigal Allon
31784,Alterman/Herzog
31785,Herzog/Alterman
31786,HaRav Shalom Shabazi/Nelly Sachs
31787,Bet Gamliel/Ctr
31788,HaTamar/HaRimon
31789,HaGefen/HaRimon
31790,HaGefen/HaTe'ena
31791,HaTamar/HaGefen
31792,Bt Gamliel/Entry
31793,HaNamal/HaSipun
31794,Beit Raban Interchange South
31795,Kvuts Yavne/Exit
31796,Nir VaGal/Dolev
31797,Nir VaGal/Dolev
31798,Nir Galim/Ctr
31799,Ashalim/Tsiv'oni
31802,Bne Darom Industrial Zone/Shimon Greenbaum
31804,Neve Herzog Jct
31805,Neve Herzog Jct
31806,N.Herzog Yeshiva
31807,N.Herzog Yeshiva
31808,Nir VaGal/Arava
31809,Nir VaGal/Nurit
31810,Bne Darom/Ctr
31811,Herzog/Golda
31813,Kfar Truman
31814,Herzog/Sh.Ofir
31815,Herzog/Alterman
31816,Ben Gurion/Shlomo HaMelekh
31817,Y.Allon/T.Atar
31819,Yehezkel/Yirmiyahu
31820,Aluf HaRav Goren/Yigal Allon
31821,Recruiting Office
31822,HaRav Shalom Shabazi/Chaim Weizmann
31823,Dead Sea/Ha'Arava
31824,Lea Imenu/Sara
31825,Youth Club/Begin
31826,David Saharov/Moshe Levi
31827,Tamar/Rimon
31829,Yatkovski Brothers/Yosef Feldman
31830,Al-Ilm wa'l Iman/Al-Qadisiyya
31831,HaBsor/HaHevel
31832,HaBsor/HaTa'anakh
31834,HaBsor/HaYarden
31835,Yizre'el/HaHoshen
31836,Maccabim/HaKeshet
31837,Kedem/HaZohar
31838,Al-Ilm wa'l Iman/Al-Najah
31839,Kedem/Gazit
31840,Kedem/Sagi
31841,HaKeshet/Maccabim
31842,Al-Najah/Markaz Al-Tifl
31843,Maccabim/HaKeshet
31844,Al-Najah/Al-Tubul
31845,Youth Club/Hayarden River
31846,Al-Hikma School
31847,Al-Amal/Al-Hikma
31848,Rimon/HaHoresh Road
31849,Rimon/Tamar
31850,Moshe Dayan Railway Station
31851,Yigal Allon/HaRav Teibowitz
31852,Yigal Allon/Greenspan
31853,Rishonim Mall/Nim Avenue
31854,Rishonim Mall/Nim Avenue
31855,Yigal Allon/Morde HaGeta'ot
31857,Ben Tsvi Boulevard/Agam Kineret Boulevard
31858,Al-Baladiya/Samih Al-Qasm
31859,Al-Baladiya/Samih Al-Qasm
31860,Lev Ha'aretz Industrial zone
31861,Shoshana Damari
31862,Shoshana Damari/Uzi Hitman
31863,Pines/Feinberg
31865,HaShiryon/Oskar Schindler
31866,Gordon/Herzl
31867,Horshim Interchange
31868,El Nur senior citizens' home
31869,Tahana Rishona Square
31870,Tahana Sofit Square
31871,Cemetery
31872,Tayibe Municipality/Al-Baladiya
31873,Dganya Road
31874,HaPrahim/HaDafna
31875,HaPrahim/HaGan Road
31876,HaPrahim/HaRotem
31877,Hatsar Ga'ash Commercial Center
31878,HaHardufim/HaKalanit Lane
31879,HaPardes/HaKfar
31880,HaPrahim/HaKfar
31881,Holon Parking/Departure Station
31882,HaTe'ena/HaTapuz Lane
31883,HaOranim/HaPrahim
31884,Ramot Me'ir/Office
31885,Gane Hadar/Playground
31886,Kibbutz Na'an/Center
31887,Na'an Junction/Road 4233
31888,Gan Darom Junction/Exit to Road 4
31895,Salah Mantsur School/Abu Bakr
31896,Bne Re'em Junction
31897,Begin/Rahel
31898,Ole Bavel Synagogue/Yosef Hayim
31899,Hativat Alexandroni/HaAvoda
31900,Aharon Katzir Boulevard/Simcha Holtzberg
31901,Aharon Katzir Boulevard/Mendes
31902,Aharon Katzir Blvd/Mendes
31903,Aharon Katzir Boulevard/Kfar Azar
31904,Anshe Bereshit/HaNahal
31905,Tayibe Municipality/Al-Baladiya
31906,Al-Baladiya/Nada Al-Salam
31907,Al-Baladiya/Al-Barid
31908,HaKalanit - Office
31910,Tariq Abd al-Hay/Mahmoud Qasim
31911,Banks/Amal College
31912,Kalansawa 1
31914,Tsur Natan Junction
31915,Tira Junction
31916,Tira Urban Market
31917,Tira College/Yafo Road
31918,Tariq Abd al-Hay/Mahmoud Qasim
31919,Tariq Abd al-Hay/Qalqilya
31920,Tariq Abd al-Hay/Bal el Khan
31921,Tariq Abd al-Hay/Bal el Khan
31922,Commercial Center/Tariq Abd al-Hay
31923,Tariq Abd al-Hay/Hamza
31924,Abd al-Hai/Hamza
31925,Industrial Zone
31926,Industrial Zone
31927,Tira A
31928,Events hall
31929,Mosque
31930,Mosque
31931,Northern Kupat Holim Clalit
31932,Shari'a Court
31933,Northern Exit from Ring
31937,Gas Station
31939,Southern Entry to Ring
31940,Al-Ilm Al-Iman Mosque
31941,Ring South
31942,Mahmud Darwish/alBuhari
31943,Kupat Holim Leumit
31944,Al-Razi Medical Center
31945,Al Iman School
31946,Al Iman School
31947,Road 7080
31948,Kupat Holim Maccabi
31949,Nahal Alexander/Hadas Creek
31950,Nahal Alexander/Nahal Ayalon
31951,Dan/Dalton
31952,Gilboa/Shvile Golan
31953,HaGil'ad/Gilboa
31954,Gilboa/Golan
31955,HaGil'ad/Bet El
31956,Bet El/HaGil'ad
31957,Bet El/Bat Shlomo
31958,Egoz A
31959,Egoz/Alon
31960,Amal College/Banks
31961,HaPrahim Road/Hadas
31962,Dan/Dor
31963,Commercial Center/Hadar
31964,Hadar/Nof HaSharon
31965,Hadar/Zayit
31966,Hadarim/Ha'Oranim Road
31967,Hadarim/Dom HaDekel
31968,HaNehalim/5511
31969,HaNehalim/HaRishonim
31970,Kibbutz Galuyot/Migdal Hamayim
31971,Kibbutz Galuyot/Migdal Hamayim
31972,Kibbutz Galuyot/HaPardes
31973,HaPardes/Kibbutz Galuyot
31974,HaPardes/HaRishonim
31975,Grocery store/Anshe Bereshit
31976,Hurshat Ha'ecalyptus/Anshe Bereshit
31977,Hurshat Ha'ecalyptus/Anshe Bereshit
31978,Moshe Dayan/Hativat HaNegev Square
31979,Eliyahu/HaNeviim
31980,Alonim School/Sara Imenu
31981,HaAshalim Blvd/Bet HaBad Road
31982,Adar/Shvat
31987,Rabin High School/Ben Yehuda
31989,Angel/Weinberg
31990,Dimri Center/Sapir
31991,Yeruka Quarter Terminal
31992,Tsur Yig'al Terminal/Kokhav Ya'ir
31994,HaShayatim/HaMifras
31995,Shoham Terminal
31996,Bahan Junction
31998,Amal College/Hasan Musa
31999,Eyal A
32000,HaNehoshet/Hamelaha
32002,Neve Herzog Junction
32003,Nir Galim Junction
32004,Ashdod Port Junction
32005,Keren HaYesod/HaHaganah
32006,Arye Shenkar/HaTaglit
32007,Tsahal/Ibn Ezra
32008,State Religious School
32009,Yits'hak Rabin Blvd/Anava Blvd
32010,Jaljulya Junction
32011,Rosh HaAyin South Junction to the South
32013,Rosh HaAin Junction South/444 highway
32014,Horshim Junction
32015,Hagor Junction
32016,Road 444/Shlomo HaMelekh Boulevard
32017,Kesem Railway Junction
32019,Road 444/HaRakefet
32021,Rosh HaAyin South Junction to the North
32022,Nahshonim Junction
32024,Kesem Junction
32028,HaHoresh Rd/Te'ena
32029,Bareket Junction to West
32030,HaShiv'a Road/HaMachtesh to the East
32031,Givat HaShlosha Junction East/483 highway
32032,Givat HaShlosha Junction West/483 highway
32033,Afek Park Junction West/483 highway
32034,Road 42/Neta'im
32035,Road 42/Bet Hanan
32036,Road 42/Bet Hanan
32037,Bet Oved Junction
32038,Ayanot/Road 42
32039,Road 42/Bezek Broadcasting Station
32040,Kfar HaNagid/Road 42
32041,Road 42/Kfar HaNagid
32042,Ha'Atsma'ut Boulevard/HaSanhedrin
32043,HaAtzamaut Boulevard/Aharon Hajaj
32044,Ha'Atsma'ut/Duani
32045,Ha'Atsma'ut/Industrial Zone
32046,Yavne Railway Station/Ha'Atsma'ut Boulevard
32047,Road 42/Tsofiya Care Center
32048,Moshav Ben Zakay
32049,Road 42/Yeshuve Gderot Intersection
32051,Road 42/Kfar Aviv
32052,Rosh Ha'Ayin-North Railway Station
32053,Grocery store
32054,HaHoresh Rd/HeHaruv
32055,HaHoresh Rd/HeHaruv
32056,Emek Ayalon Boulevard/Bdolach Plaza
32057,El-Al Junction
32058,Odem/HaRav Shalom Yitshak
32060,Israel Galili/HaTkuma
32061,HaGefen/Hakalanit
32062,Levi Eshkol/HaDagan
32063,HaHoresh Road/Rimon
32064,Hasan Musa/Abu Bakr Al-Sadik
32065,Jaljulya Exit
32066,Jaljulya Entry
32067,Community policing
32068,Kikar HaMoshava/Sokolov
32069,Ami Asaf School
32070,Hasan Musa/Al-Rashid
32071,Marina Terminal/Ben Gurion Road
32072,Atidim/HaYetsira
32073,HaTa'asiya/Renanim
32074,HaNesi'im/HaHayil
32075,Sportech Neve Zemer/Naomi Shemer
32076,Naomi Shemer/Moshe Wilensky
32077,Ra'anana South Rail/Alight
32078,Ra'anana South Rail/Boarding
32079,HaShoshanim/5702
32080,HaBe'er Road/Nordia Blvd
32081,HaBe'er Road/Nordia Blvd
32082,HaPrahim/HaLotus
32083,Yitzhak Rabin Boulevard/Yahalom
32084,Hashmona'im Blvd/Nof Ayalon
32085,Road 7/Kanot Youth Village
32086,Hashmona'im Blvd/Nof Ayalon
32088,En Horesh Junction
32089,Hakalanit/HaNarkis
32090,HaNurit/HaRakefet
32091,Hakalanit/HaYasmin
32092,HaNurit/Ha'Iris
32093,HaNurit/HaNarkis
32094,HaNurit/HaRakefet
32095,HaNurit/HaHavatselet
32096,Horshim Exit
32097,Salah ad-Din/Al Zetun
32098,En Horesh Junction
32099,Gad Feinshtein Road/Moti Kind
32100,Gad Feinshtein Road/Moti Kind
32101,Gad Feinshtein Road/Aluf Ya'akov Peri
32102,Gad Feinshtein Road/Aluf Ya'akov Peri
32103,Naomi Shemer/Yehuda Amichai
32104,Yarhiv - 2
32105,Farm
32106,Office
32107,Farm
32108,Farm
32110,Afek Rd/Ha'Ilanot
32111,Afek Road/HaBanim
32112,Ha'Ilanot/Har Tsiyon
32114,Ha'Ilanot/Afek Road
32115,City Market/Lefkowitz
32116,Herzl/Weizmann
32117,Police/Herzl
32118,Weizmann Institute/Yavne Road
32119,Yavne Road/KKL
32120,Yavne Road/Ha'Etzel
32121,HaYam Road/HaManof
32122,American City Commercial Center/HaYam Road
32123,HaYam Road/Gavri'elov
32124,Kfar Gvirol Intersection
32125,Moshav Ge'alya
32127,Bet Gamli'el/Road 410
32128,HaNessi'im/Mameluke Bridge
32129,Abu Hatzeira/Ha'Atsma'ut
32130,Abu Hatzeira/HaHavatselet
32131,HaDror/HaZamir
32132,HaDror/Duani Blvd
32133,Kdoshe Kahir/Duani
32134,Kdoshe Ca'ir/Ha'Amora'im
32135,Hativat Giv'ati/Gibore HaHayil
32137,HaYam Road/Gad Feinstein Road
32138,Nofar/Atad
32139,Jabotinsky Boulevard/Egoz
32140,Jabotinsky Blvd/HaTe'ena
32141,Jabotinsky/HaHaruv
32142,Gan Yavne Intersection
32143,Mazor Nofakh Junction
32144,Ehud Manor/Dudu Dotan
32145,Herzl/Arlozorov
32146,Herzl/Sa'adia Ga'on
32147,Herzl/Ibn Ezra
32148,Herzl/Ya'acobi Boulevard
32149,Herzl/Kfar Bilu Intersection
32150,Herzl/HaGalil
32151,Yeshiva/Yarden
32152,Grocery store
32153,Bilu Junction/Road 40
32154,Road 40/Kaplan Hospital Intersection
32155,Giv'at Brener/Road 40
32156,Bet Ela'azari Camp
32157,Road 40/Tel Nof Camp
32158,Road 40/Moshav Kidron
32159,Herzl/Weizmann
32160,Herzl/Ben Gurion Boulevard
32162,Gedera Interchange to South
32164,HaKohanim/HaShaked
32165,Council/HaKohanim
32166,HaRav Aharon Danin/HaHita
32167,Gordon/Hazon Ish
32168,HaSe'ora/HaKossemet Lane
32169,Gordon/Ya'akov Rabinovitch
32170,Menachem Begin/HaVered
32171,Yitshak Rabin/Menachem Begin
32172,Avshalom Gissin/Basel
32173,HaHaroshet/HaRav Nisenbaum
32174,Avshalom Gissin/Moshe Dayan
32176,Ahad Ha'Am/HaRav Kitroni
32177,Rabin School/Yitshak Rabin Road
32178,Ben Gurion School/Yitzhak Rabin
32179,HaHaruv/HaRimon
32180,Gilboa/Arbel
32181,Nathan Alterman/HaKama
32182,Nathan Alterman/HaShibolim
32183,HaMeginim/HaMalkosh
32184,Hartsit/Savyon
32185,Canada Road/Admonit
32186,HaMeginim/Ben Gurion
32187,Local Council/Herzl
32188,Herzl/Etzel
32189,HaNitsahon/Herzl
32190,HaNitsahon/Har Tsiyon
32191,Har Tsiyon/HaNitsahon
32192,Meron/Har Sinai
32193,Meron/HaTavor
32194,Hashmona'im/Hodiya
32196,Binyamin Blvd/Sha'ar HaGay
32197,Moshe Arens Terminal/Avshalom Gisin
32198,Ha'Atsma'ut/Yosef Yavnai
32199,Kupat Holim Meuhedet/Ha'Atsma'ut
32200,HaGiborim/Dvora HaNevi'a
32201,HaHadarim/HaNevi'im
32202,Abir Ya'akov/HaShoftim
32203,HaNitsahon/Herzl
32204,Yerushalayim/Ha'Amal
32205,Yerushalayim/Zamir
32206,Yerushalayim/Yehuda
32207,Gan Yavne Intersection
32208,HaAtsma'ut/Abu Hatsera
32209,Jabotinsky Boulevard/Du'ani Boulevard
32210,Binyamin Mintz/Yosefsberg
32211,Binyamin Mintz/Yechiel Gordon
32212,Binyamin Mintz/Henrietta Szold
32213,Ben Gurion Blvd/Zalman Shneur
32214,Country Club/Mintz
32215,Uzi Hitman/Ben Gurion Blvd
32217,HaDror/Dukhifat
32218,HaSanhedrin Boulevard/HaDror
32219,HaSanhedrin Blvd/Jabotinsky Blvd
32220,HaSanhedrin Blvd/HaYarden
32221,HaSanhedrin Blvd/Yerushalayim Blvd
32223,HaTavor/Meron Broadwalk
32224,Yerushalayim/Hashmona'im
32225,Herzl/Road 40
32226,Brener/Yavne
32230,Avshalom Gissin/Moshe Sneh
32231,Avshalom Gissin/Basel
32232,HaArazim Blvd/HaOranim Blvd
32233,Sport Campus/Weizmann
32236,Dr.Weisburg/Masaryk
32237,Kupat Holim/Degel Reuven
32238,Kupat Holim/Degel Reuven
32239,Degel Re'uven/Weizmann
32240,Degel Re'uven/Weizmann
32241,Junior High School Alumim/Degel Re'uven
32242,Degel Re'uven/Ben Gurion
32243,Junior High School Alumim/Degel Re'uven
32244,Wolfson/City Hall
32245,Wolfson/Rambam
32246,Wolfson/En Ganim
32247,David Frankfurter/Rothschild
32248,David Remez/Egoz Square
32249,David Remez/Dolev Square
32250,Rishonim Interchange/Railway Station
32252,Pikud Ha'oref Camp
32253,Weizmann/HaMe'a Ve'Ehad
32254,Kenyoter/Weizmann
32256,Rabin Road/HaMazmera
32257,Yitshak Rabin Road/Emek HaShoshanim
32258,Yitshak Rabin Road/Ha'Alufim
32259,Jabotinsky/HaSivim
32260,Shenkar LRT Station/Jabotinsky road
32262,Jabotinsky/Yitshak Sade
32263,Jabotinsky/Orlov
32264,Bet Dagan Junction/Road 44
32266,Dankner LRT Station/Jabotinsky road
32267,Ze'ev Jabotinsky Road/HaSivim
32268,Jabotinsky/HaMorim
32269,Beilinson Hospital/Jabotinsky
32270,Shenkar LRT Station/Jabotinsky road
32271,Dankner LRT Station/Jabotinsky road
32272,Egoz/Shaked
32274,Ze'ev Jabotinsky Road/HaYetsira
32276,Geha Interchange/Jabotinsky
32277,Shacham LRT Station/Jabotinsky road
32279,Library/Menachem Begin
32280,Menachem Begin Road/HaShofar
32282,Menachem Begin Road/Hannah Rovina
32283,Begin Road/Avraham Rein
32284,Menachem Begin Road - Bet Ya'akov School
32285,Menachem Begin Road/Weinberger
32286,Tova VeShimshon Dranger/HaSivim
32287,Mesilat Barzel
32288,HaRav Ovadia Yosef/Neve Re'im
32290,Shaked/Egoz
32291,Kfar Aviv
32292,Yerushalayim/HaVatikim
32293,HaVatikim/David Remez
32294,HaVatikim/Brener
32296,Bet Rivka Hospital
32297,HaHamisha Terminal
32298,Kiryat Arye Parking/Haheresh
32299,HaYetsira/Ef'al
32300,Ilan Ramon Terminal/Menachem Begin Road
32301,Menachem Begin Road/HaMeginim
32302,Bar Yohay/Ehud Ben Gera
32303,MADA/HaMaccabim
32304,Bareket/Canada Road
32306,Macabim School/Zamir
32307,Commercial Center/Hashmona'im
32308,Gan Darom Junction/Road 42
32309,Yitshak Rabin Boulevard/Kovshe HaHermon
32310,Herzl/HaBanim
32312,Herzl/HaSavyonim
32313,Kfar Bilu B Intersection
32314,Weizmann/Sverdlov
32315,Council House/Pines
32317,Pines/HaZayit
32318,Harzfeld Hospital
32319,Cemetery/Ben Gurion Boulevard
32320,Ben Gurion Boulevard/Hazit HaDarom
32321,Beit Raban Interchange North
32324,Beneya Intersection/Road 4102
32325,HaSivim/HaShilo'ah
32326,Bareket/Rimon
32328,Ha'Atsma'ut – Pais Center
32329,Ha'Atsma'ut/Diker
32330,Koblenz Square
32331,Ha'Atsma'ut/Dr. Naftali Kaventzal Alley
32333,Ha'Atsma'ut/Weizmann
32334,Ha'Atsma'ut/Weizmann
32335,HaAtsma'ut/Aba Ahime'ir
32336,HaNitsahon/Hadas
32337,Har Tsiyon/Ha'Ilanot
32338,El'yakim/Har Tsiyon
32339,Bareket/Rimon
32340,Hagra/Landau
32341,Herzog/Yerushalayim
32342,HaRav Tse'iri/Malakhi
32343,Ya'alom/Bareket
32344,HaRav Kitroni/Shalom Shabazi
32345,Ahad Ha'Am/HaRav Kitroni
32346,Bareket/Yahalom
32347,Exit to Road 461
32348,David Wolfson/Lipa Vinitzki
32349,Wolfson/En Ganim
32350,City Hall/David Wolfson
32351,HaRav Ovadia Yosef/Shalom Tsalah
32352,Sportek/HaRav Ovadia Yosef
32353,HaRav Ovadia Yosef/Yekuti'el Adam
32354,Sportek/HaRav Ovadia Yosef
32355,HaRav Ovadia Yosef/Neve Re'im
32356,HaRav Ovadia Yosef/Shalom Tsalah
32357,Menahem Begin Blvd/HaAtsma'ut Road
32358,HaRav Ovadia Yosef/Menahem Begin Rd
32359,Moshe Dayan Road/Ta'ashur
32360,Ze'ev Orlov/Bar Kokhba
32361,Bet Hilkiya Junction
32362,Yesodot Junction
32363,Hulda Center
32364,Hulda Intersection
32365,Naomi Shemer School/Zikhron Y'akov
32366,Ahad Ha'Am High School/Zikhron Y'akov
32368,Kibbutz Hulda Intersection
32369,Mishmar David Intersection
32370,Hazon Ish - Shim'oni School
32371,Hazon Ish - Shim'oni School
32372,Dov Hoz/Haim Arlozorov
32373,Yad-LaBanim/Arlozorov
32375,Hayim Arlozorov/Tsahal
32376,Arlozorov/Tsahal
32378,Haim Ozer/Spiegel Zussia
32379,Sha'are Avraham Junction
32380,Haim Ozer/Wolfson
32381,Palmachim Camp
32382,Road 4311/HaMada
32384,Hatam Sofer/HaSdera
32385,Tiberias/Shevet Binyamin
32386,Tiberias/Safed
32387,Tiberias/Shevet Binyamin
32388,Trumpeldor/Pica
32389,Gane Yohanan/HaTsiv'oni
32390,Trumpeldor/Binyamin Yahalom
32391,Trumpeldor/Binyamin Yahalom
32392,Trumpeldor/Degel Re'uven
32393,Trumpeldor/Degel Re'uven
32395,Gane Yohanan/HaRakafot
32396,HaTamar
32397,Yehoshua Stampfer/Yehoshua Hankin
32398,Yehoshua Stampfer/Yehoshua Hankin
32399,Stampfer/Haim Ozer
32400,Stampfer/Bar Kokhba
32401,Yehoshua Stampfer/Rambam
32402,Stampfer-Police
32403,Stampfer/Abarbanel
32404,Stampfer/HaMaccabim
32405,Dani Community Center/Stampfer
32406,Yo'el/Yona
32407,HaTamar/HaGefen
32408,Yosef Sapir/HaYarkonim
32409,Yosef Sapir/HaYarkonim
32410,Yatsits/Keter Torah Synagogue
32411,Michal Pines/Rothschild
32412,Yehi'am/Amikam
32413,HaTamar Exit
32416,HaRakefet/HaYasmin
32417,Bilu Junction
32418,Kiriyat Alon Quarter/Yerushalayim
32419,Na'an Junction
32420,Yerushalayim/Gordon
32421,Bilu Camp
32422,Sirkin Junction/40 highway
32423,Yashresh Junction
32425,Yerushalayim Road/Hoshe'a
32427,Ganim Junction/Yerushalayim
32428,Knesset Israel/Ruth
32429,Knesset Israel/Hoshe'a
32430,Yo'el/Knesset Israel
32431,Knesset Israel/Ovadia
32432,Glosca/Knesset Israel
32433,Yo'el/Knesset Israel
32434,Knesset Israel/Hoshe'a
32435,Moshe Dayan Road/Tid'har
32436,Montefiore/Baron Hirsch
32437,HaRav Ovadia Yosef/Menahem Begin Rd
32439,Knesset Israel/Micha
32440,Yona/Micha
32441,Havakuk/Micha
32442,HaSharon Medicdal Center/Michal Leib Katz
32443,Michal Leib Katz/Shalom Kolker
32444,HaSharon Medicdal Center/Michal Leib Katz
32445,Menachem Begin Road/Hannah Rovina
32446,Menachem Begin Road - Kupat Holim
32447,Menachem Begin Road/Ezra VeNehemiah
32448,Commercial Center/Menachem Begin Road
32449,Menachem Begin Road/Weinberger
32450,Arye Ben Eliezer/Menachem Begin Road
32451,Bet Ya'akov School/Menachem Begin Road
32453,Martin Gehl/Ha'Ofan
32454,HaYetsira/Ha'Ofan
32456,Brigadir Kish/Moshe Duvdevani
32457,Shacham LRT Station/Moshe Dayan
32458,Avshalom Gissin/Moshe Dayan
32460,Mose Sneh/Isser Harel
32461,Moshe Sne/Avshalom Gissin
32462,Mose Sneh/Isser Harel
32463,HaHoresh Road
32464,Ofakim/Neve Re'im
32465,Segula Junction East/40 highway
32466,Ben Zion Galis/Gazit
32467,Shmu'el Salant/Ahad Ha'Am
32468,Shmu'el Salant/Ahad Ha'Am
32469,Shmu'el Salant/Bialik
32470,Shmu'el Salant/Bialik
32471,Shmuel Salant/Yehiel Michel Pines
32472,Shmuel Salant/Yehiel Michel Pines
32473,Ades Shafiq - Kupat Holim
32474,Ades Shafiq/Shevet Levy
32475,Ades Shafiq - Kupat Holim
32476,Menahem Begin Blvd/Herzog
32477,Policinig Center/Ezra VeNehemiah
32478,Ezra Ve Nehemia-Policing Center
32479,Sirkin Junction/Ein Ganim
32480,En Ganim School
32481,En Ganim/Ahad Ha'Am
32482,En Ganim/Ahad Ha'Am
32483,En Ganim/Yehuda Camp
32487,Trigossin/Road 44
32488,Amal/Shlomo Micha'elis
32489,Batsra Interchange
32492,Yehiel Michael Pines/Zvi Hirsch Kalischer
32493,Frankfurter/Trumpeldor
32494,Frankfurter/Trumpeldor
32495,Frankfurter/Rothschild
32496,Tsvi Hirsh Kalisher/Shalom Shabazi
32497,Tsvi Hirsh Kalisher/Zekharya Hillel
32498,Tsvi Hirsh Kalisher/Zekharya Hillel
32499,Brigadir Kish/Tsvi Hirsh Kalisher
32500,HaMeisav/Ha'Atsma'ut
32502,Gibore HaHayil/HaTana'im
32503,City Hall/Du'ani Blvd
32504,Ha'Atsma'ut Boulevard
32505,HaAtzamaut Boulevard/Aharon Hajaj
32506,Aharon Hajaj/HaTsiv'oni
32507,Du'ani Blvd/Kdoshe Ca'ir
32508,Du'ani Boulevard/Ha'Alon
32509,Ha'Alon/Du'ani Boulevard
32510,Ha'Alon/Abu Hatzeira
32511,Ha'Alon/HaOren
32512,Ha'Alon/Ha'Eshel
32513,HaYarden/HaSanhedrin
32514,HaPerat/HaYarden
32515,Hidekel/Paran
32516,Yarkon Creek/Paran
32517,HaYarkon/Dotan
32518,HaYarkon/Nahal Snir
32519,Poleg Creek/Havatselet HaHof
32520,Nahal Harif/Nahal Snir
32521,Nahal Harif/Paran
32522,Shidlovski/Paran
32523,HaRishonim Boulevard/Ha'Atsma'ut Boulevard
32524,HaRishonim/David Elazar
32525,HaGilboa/Har Sinai
32526,HaGilboa/Mt. HaZeitim
32527,Shabazi/HaYasmin
32528,Shabazi/Hakalanit
32529,Shabazi/Bukhris
32530,Schneider Terminal
32531,Sahlav/Petel
32532,HaZayit/HaTsibur Alley
32534,Jabotinsky/Nurit
32535,HaNurit/Jabotinsky Boulevard
32536,Nurit/Shezaf
32537,Yerushalayim Boulevard/Rotem
32538,Yerushalayim Boulevard/HaKishon
32539,Tsalaf/Adad
32540,Du'ani Boulevard/Ha'Alon
32541,Du'ani Boulevard/Ha'Arava
32542,HaGolan/Yerushalayim Boulevard
32543,Almog/Ben Zakai
32544,HaShomron/Barkan
32545,HaNegev/HaShomron
32546,HaShfela/Hatsav
32547,Du'ani Boulevard/Yerushalayim Boulevard
32548,HaSharon/Avivit
32549,HaSharon/HaShfela
32550,Ha'Egoz/Jabotinsky Boulevard
32551,Yerushalayim Blvd/Egoz
32553,HaCarmel/Hermon
32554,Telem High School/Shprinzak
32555,Telem High School/Shprinzak
32556,Shprinzak/Pines
32557,Shprinzak/Pines
32558,Shprinzak/HaHamisha
32560,Segula Railway Station
32563,Mishmar-David Center
32564,Menahem Begin Blvd/Moshe Dayan Road
32565,Kdoshe Mitsrayim/Herzl
32567,Bar Ilan University/Aharon Katzir Boulevard
32568,Azarya Junction
32569,Kesem Interchange
32570,Kesem Interchange/444
32571,Road 444/HaMerets
32572,Rosh HaAin Junction North/444 highway
32573,Rosh Ha'ayin College/Mivtsa Bazak
32574,Rosh Ha'ayin College/Mivtsa Bazak
32576,Yad Rambam Junction
32578,Bet HaKeshet/Barkan
32582,HaTsiyonut Road/HaDror
32583,HaTsiyonut Road/Bazelet
32584,HaTsiyonut Road/Yona
32585,HaTsiyonut Road/Bazelet
32586,HaTsiyonut Road/Yona
32587,Tal School/Menachem Begin Road
32588,Gvanim Middle School/Menachem Begin
32589,Gvanim Middle School/Menachem Begin
32591,Menachem Begin Road/HaPrahim
32592,Begin Road/Dan
32593,Menachem Begin Road/HaPrahim
32594,Tsvi Yishay/Baikowski
32595,Neve Afek Quarter/He Be'Iyar
32596,Dani Operation Garden/He Be'Iyar
32597,He Be'Iyar/Mivtsa Dani
32598,He Be'Iyar/Bezeq
32599,He Be'Iyar/Mivtsa Hiram
32600,Afek Park Junction
32601,Hamelaha/Amal
32602,Handicapped Employment Center/Hamelaha
32603,HaMerets/HaYetsira
32604,Industrial Zone
32605,HaMerets/444
32607,HaNevi'im/Wolfson
32608,HaNevi'im/Wolfson
32612,HaRav Shalom Shabazi/Ba'al Mlekhet Shlomo
32613,HaRav Shalom Shabazi/Ba'al Mlekhet Shlomo
32614,HaRav Shalom Shabazi/Ha'Atsma'ut
32615,HaRav Shalom Shabazi/Shlomo HaMelekh
32616,Eli Cohen Square/HaRav Shalom Shabazi
32617,Shabazi/Altalef
32618,Mitspe Afek/HaRav Shalom Shabazi
32619,HaRav Shalom Shabazi/Tsahal
32620,HaRav Shalom Shabazi/Shlomo Mantsura
32621,Mitspe Afek/HaRav Shalom Shabazi
32622,HaMeshorerim Square
32623,HaRav Shalom Shabazi/Ramat HaGolan
32624,HaRav Shalom Shabazi/Ramat HaGolan
32625,Shabazi/Wolfson
32626,HaRashash/HaNevi'im
32629,Ibn Ezra/Hagra
32630,HaRashash/HaNevi'im
32631,Mohliver/Katznelson
32632,Wolfson/HaNevi'im
32633,Tenenbaum/Zuckerman
32635,Jabotinsky/Shilo
32636,Jabotinsky/Karmel
32637,Jabotinsky/Karmel
32638,Karmel Junction
32639,Commercial Center/Jabotinsky
32640,Jabotinsky/Moshe Dayan
32641,Jabotinsky/Zayit
32645,Yehuda Halevi/Shilo
32647,HaRav Shalom  Shabazi/HaLehi
32648,Yehuda Halevi/HaNevi'im
32649,Yehuda Halevi/Tsahal
32650,Shikma/Alon
32652,Yehuda Halevi/Malkhe Israel
32653,Yehuda Halevi - Begin High School
32654,Yehuda Halevi/Rashi
32655,Yehuda Halevi/Rashi
32656,Begin High School/Yehuda Halevi
32657,Yehoshua Bin Nun/Tsahal
32658,Yehoshua Bin Nun/Yahya YYitshak HaLevI
32661,Yehoshua Bin Nun/Kanfe Nesharim
32662,Yehoshua Bin Nun/Yahya YYitshak HaLevI
32663,Neve Yamin B
32664,Sibel Park/Exit to Road 5
32665,Gan Hayim Junction
32669,Malkhe Israel/Aliza Begin
32670,Malkhe Israel/Aliza Begin
32671,Malkhe Israel/Yehuda Halevi
32672,Malkhe Israel/John Kennedy
32673,Yehuda Halevi/Malkhe Israel
32674,Shlomo Mantsura/HaRav Shalom Zekharya
32675,Shlomo Mantsura/Rabbi Akiva
32676,Shuk/Mantsura
32677,Mantsura/HaMerets
32678,Public Garden/Moshe Dayan
32679,Moshe Dayan/Menachem Begin
32680,Moshe Dayan/Dan
32681,Manor/Neve Afikim
32682,Rosh Ha'ayin College/Neve Afikim
32683,Neve Afikim/Bashan
32684,Bet HaKeshet/Neve Afikim
32685,Rosh Ha'ayin College/Neve Afikim
32686,Neve Afikim – Matnas Lev Afek
32688,Manor/Neve Afikim
32689,Neve Afikim – Matnas Lev Afek
32690,Nahal Raba - Gvanim Junior High School
32691,Nahal Raba/HaTsiyonut Road
32692,Nahal Raba - Gvanim Junior High School
32693,Natan Shaul/Yehuda Halevi
32694,Cemetery Terminal
32695,Cemetery
32696,Amal A
32697,Amal/Hamelaha
32698,Tenenbaum/HaShalom
32699,Tsahal/Zekharya Moshe
32700,Zuckerman/Sukenik
32701,Tsahal/Hazon Ish
32702,Tsahal/Hazon Ish
32703,Tsahal/Yehoshua Bin Nun
32704,Tsahal/HaShiryon
32705,Tsahal/Ibn Ezra
32706,Tsahal/HaRashash
32707,Tsahal/HaRashash
32708,Tsahal/Modi'in
32709,Tsahal/Modi'in
32710,Kesem Interchange
32712,Bet Berl
32713,Kibbutz Galuyot/Jabotinsky
32714,Rashi/HaHaluts
32715,Rashi/Tsedek
32716,Rashi/HaGalil
32717,Rashi/HaGalil
32718,Rashi/Re'ut
32719,Rashi/Sheshet HaYamim
32720,Rashi/Sheshet HaYamim
32721,Rashi/Shilo
32722,Rashi/Shilo
32723,Rashi/Re'ut
32724,Shlomo HaMelekh Blvd/Etsel
32725,Shabazi Junction
32726,Shlomo HaMelekh Blvd/Afek
32727,Shabazi Junction
32728,Office
32729,HaMevo'ot/HaOranim
32732,Ramat Hakovesh Pardess
32733,Police School/444
32734,Azrieli Mall Hod HaSharon/Ramatayim Road
32735,Beit Meitar School/HaSdera
32737,Tel HaShomer Hospital/Administration
32740,Ramat HaKovesh Junction
32742,Tel HaShomer Hospital/Miun
32745,Zuckerman/Yonatan Netanyahu
32746,Mohliver/Shlomo Kaplanski
32748,Sheba
32750,Tsur Natan Junction
32751,Herzl/HaPalmah
32752,Tel HaShomer Hospital/HaRof'im Housing
32753,Shlomo Kaplanski/Mohliver
32754,Shita/Shikma
32755,Shikma/Shiv'at HaMinim
32756,Tsvi Yishay/Baikowski
32758,Hadar Am Junction
32759,Emek Ayalon Blvd – Anafa Square
32760,Emek Ayalon Blvd – Shahaf Square
32761,Emek Ayalon Blvd/Tarshish
32762,Emek Ayalon Blvd/Modi'im
32763,Emek Ayalon Blvd – Anafa Square
32764,Emek Ayalon Blvd – Yas'ur Square
32765,Emek Ayalon Blvd – Shaldag Square
32766,Emek Ayalon Boulevard/Tefen
32767,Emek Ayalon Boulevard/Modi'im
32768,Emek Ayalon Boulevard/Hermon
32769,Emek Ayalon Blvd/Ha'Odem
32770,Emek Ayalon Blvd/Tarshish
32771,Emek Ayalon Blvd/Modi'im
32772,HaHoresh Road
32774,Shacham LRT Station/Moshe Dayan
32776,Nes Tsiyona/Rosh Pina
32777,Behor Shitrit/Henrietta Szold
32778,Asaf Simhoni/Zamenhoff
32779,Em HaMoshavot Mall
32780,Rothschild/Motzkin
32781,Ma'barot Junction
32782,Ma'barot Junction
32783,Yehoshua Bin Nun/Yahya YYitshak HaLevI
32784,El'yashiv Junction
32786,Local Council/Zemer
32787,Yama Junction
32788,Yama A
32789,HaBanim/Ha'Afarsemon
32790,Odem/Topaz
32791,Naomi Shemer Blvd/Hatane Pras Israel
32792,Hatane Pras Israel Promenade/Naomi Shemer
32794,Kupat Holim/HaMoshava
32795,HaMoshava/HaAtsma'ut
32798,HaRav Tsalah/Kibbutz Galuyot
32799,Ramat Ef'al/Shiba Road
32800,CBS Petach Tikva LRT Station/Bar Kochva
32801,Lotem School/Gad Feinstein
32802,Ha'Atsma'ut/Kol Israel Haverim
32805,Tsivoni/HaLotem
32806,Ring South/Al-Buhari
32807,Science High School/Anda
32809,Science High School/Anda
32810,Kupat Holim Clalit
32811,HaYarkon/Yehuda Halevi
32812,HaBrosh/Zin Creek
32813,HaBrosh/HaPekan
32814,Ben Gurion boulevard/57 highway
32815,Kfar Yona Mall/Ben Gurion boulevard
32817,HaBanim/Herzl
32818,Kalansawa Industrial Zone
32820,Ring East/Shamer Ibn Al-Khattab
32821,Marvad Haksamim/Road 411
32822,Museum for the Arts
32823,Middle School A/Abd al-Hai
32824,Middle School A/Abd al-Hai
32825,El Najah School/HaMovil
32826,El Najah School/HaMovil
32827,Great Synagogue/HaBiluyim
32831,Science High School/HaMovil
32833,Science High School/HaMovil
32834,Shrhabil/Shuhada
32835,Shrhabil/Shuhada
32836,Postal Boxes/Sharhabil Ibn Hasana
32837,Weizmann/HaMa'apilim
32843,David Remez/Vitkin
32849,HaBanim/Nordau
32850,Rambam/HaBanim
32852,Postal Boxes/Sharhabil Ibn Hasana
32864,HaNevi'im/Henrietta Szold
32867,Miftan School Tira/Anda
32868,Petah Tikva Central Station
32869,Zalman Shne'ur/Shlomo Natan
32870,Zalman Shne'ur/Poznansky
32872,Zalman Shne'ur/Aba Hilel Silver
32877,Nehemya/Ovadia
32878,Nehemya/Ya'akov Boulevard
32879,Nehemya/Gid'on
32880,Avi Oren/Yitshak Rabin Road
32881,Avi Oren/Kaplan
32882,Avi Oren/Kaplan
32883,Avi Oren/Denmark
32884,Atsma'ut/Yefe Nof
32885,Yefe Nof Square
32886,Morde HaGeta'ot/Ha'Etrog
32887,Yehoshua Bin Nun/Kanfe Nesharim
32888,Yehezkel HaNavi/Tsfanya HaNavi
32889,HaSitvanit/HaRakefet
32890,Hatsav Industrial Zone
32891,Auditorium
32892,Nehemya/Yehezkel HaNavi
32893,Kaplinski Square
32894,Morde HaGeta'ot/HaOren
32895,David Ben Gurion/Mivtsa Kadesh
32896,Bialik - City Hall
32897,Lohme HaGeta'ot/Bialik
32899,Gan Dekel/HaNassi
32900,HaZeitim/HaNasi
32901,HaZetim/Ha'Avoda
32902,HaGiv'a Mall/Yoni Netanyahu
32903,Zevulun Hammer/Yoni Netanyahu
32904,Uri Tsvi Greenberg/Jabotinsky
32906,Bar Ilan University/Max VeAnna Webb
32907,Wahl Center/Max VeAnna Webb
32908,Max VeAnna Webb/Jabotinsky Road
32909,Jabotinsky/Greenberg
32910,Ramon Park/Menachem Begin Boulevard
32911,Menachem Begin Boulevard/Hayim Nahman Bialik
32912,HaZetim/Ha'Avoda
32913,HaZetim/Be'eri
32914,Miftan School Tira/Anda
32915,Salah Mantsur School/Abu Bakr
32917,Lohame HaGeta'ot Blvd/Bialik
32918,Bialik - City Hall
32919,Migdale Ha'Ir/Ya'akov Boulevard
32920,Ya'akov Boulevard/HaRakefet
32921,Ya'akov Boulevard/HaHatsav
32922,Ya'akov Boulevard/Hakalanit
32923,Yerushalayim/Neve Ze'ev
32924,Yerushalayim/Ya'akov Boulevard
32925,Remez/HaGalil
32926,Remez/Ole HaGardom
32928,Yehuda Halevi/HaGdud Ha'Ivri
32930,Pinsker/Habad
32932,Katznelson/Prof Nahum
32934,Anielewicz/Shalom Ash
32936,Anielewicz/HaRav Moshe Ivgy
32937,Hannah Szenes/Zalman Shne'ur
32938,Sha'ul HaMelekh/Malkhe Israel
32939,Nehemya/Malakhi
32940,Max VeAnna Webb/Jabotinsky Road
32941,Wahl Center/Max VeAnna Webb
32942,Bar Ilan University/Max VeAnna Webb
32943,Bar Ilan University/Max VeAnna Webb
32944,Nehemya/Marvad Haksamim
32946,HaMeyasdim/HaBroshim
32947,HaMaccabim Road/HaTsiyonut Boulevard
32950,Ze'ev/HaNegev
32951,HaNegev/Har Sinai Lane
32952,HaHistadrut/HaHavura
32954,Barzilae'i/Sha'ubi
32956,Hirshenzon/Ben Tsvi School
32957,Hirshenzon/Herzl
32958,Mordekhay Anielewicz/Bussel
32959,Volcani/Kosover
32960,Volcani Boulevard/Vider
32962,HaNurit/HaParag
32966,HaNevi'im/Moshe Duvdevani
32967,HaNeviim/Raziel
32969,De Shalit School
32970,Gorodiski/Menuha VeNahala
32971,Gorodiski/HaPalmach
32972,Ben Yehuda/Herzl
32973,Science Park/Weizmann
32974,Yahad Shivte Israel Blvd/Shevet Yehuda
32977,Shabazi/Ibn Ezra
32984,Simha Erlich/Levi Eshkol
32989,Gordon/Ben Gurion
32990,Ben Gurion Blvd/Kehilat Tsfat
32991,Tnu'at HaMeri/Kaplan
32992,Yig'al Alon/Emek HaEla
32993,Yig'al Alon/Moshe Sne
32996,Hod Hasharon Municipality/Ramatayim Road
32998,Tel Nof Camp
33000,Kaplan Hospital/Ha'Arava
33001,Metula/Hadera
33002,Aseret/Shadmot
33003,Beni Road/Riza
33004,Ha'Orzim/Ha'Amal
33005,Beni Road/HaPardes
33006,Yerushalayim/Gordon
33007,Krol LRT Station
33008,Shtulim Intersection/Road 3703
33010,Paz/Avne Hoshen
33011,Bilal Ibn Rabah/Al-Ikhwa
33013,Bilal Ibn Rabah/Mahmud Darwish
33014,HaOren/HaBe'er Lane
33017,HaOren/HaBe'er Lane
33019,A Sultani/Salah a Din
33020,Bilal Ibn Rabah/Ein Jalut
33021,Abd al-Karim Qasim/Al-Halil
33022,Ibn Ezra/Hagra
33023,A Sultani/Abd al-Karim Qasim
33024,Al Ghazali School
33025,A Sultani/Al-Burak
33027,Zemer Junction
33028,Lea Imenu/Menahem Begin Road
33030,Northern Entrance
33032,Yoseftal/HaTsanhanim
33033,Tayiba X-Ray Centre
33034,Yoseftal Square
33036,Yoseftal/HaTsanhanim
33038,Southern Exit from Ring
33039,Museum for the Arts
33040,Pharmacy
33041,Yitshak Rabin Road/Leshem
33043,Avner Ben Ner/Hoshen
33045,Yerushalayim Boulevard/Tel Hai
33046,Ayalon Prison
33047,Avner Ben Ner/HaShoftim
33049,B.Ela'azari Camp
33051,Esther Malka/Menahem Begin Road
33052,Lod Mall/Yerushalayim Boulevard
33053,HaShiryon/Gva'ot HaKurkar Road
33054,Gva'ot HaKurkar Road/Sorek
33055,Gva'ot HaKurkar Road/Sorek
33056,Shalom Lachmi/Tukan
33057,HaShiryon/Gva'ot HaKurkar Road
33058,Snunit/Flamingo
33059,Road 5533/Nahal Alexander
33060,Hahashmona'im/Kehilat New York
33063,Gane Sharonim/HaShomron
33064,Hahashmona'im/RA
33065,Hahashmona'im/Kehilat New York
33066,Sportan/Greenspan
33067,HaHaluts/Struma
33069,Greenspan/HaRav Moshe Malka
33070,Fardisiya/Khaled Ibn Al-Walid
33072,Neve Yarak
33073,Kfar Saba Central Bus Station/Drop-off
33074,Petah Tikva Central Station/Alight
33075,Rehovot Central Bus Station/Alight
33076,Ramla Central Bus Station/Alight
33077,Ramla Central Bus Station/Platforms
33078,HaMeyasdim/Avraham Golani
33079,Ra'anana Terminal/HaYahalom
33080,HaShfela/Imber
33081,HaShfela/Imber
33082,Light Rail November 29
33083,Paz/Avne Hoshen
33084,Mivtsa Sinai/Ha'Arazim
33089,Haheresh/HaNagar
33090,Hekhal HaTarbut/Mivtsa Sinai
33092,Henrietta Szold/HaGefen
33093,Modi'in Railway Station/Center
33094,Dakar/Lod HaYeruka
33095,Lod HaYeruka Road/Ha'Ela
33097,Tsvi Shechterman/HaPlada
33099,HaZetim/HaGefen
33100,Sport Center/Ha'Etrog
33101,Adar/Shvat
33103,Dukhifat
33105,HaTikva/Pinkas
33106,Gibore Israel/Shalom Shabazi
33108,Shalom Shabazi/Gibore Israel
33109,Yad Mordekhay School/Katznelson
33111,Mivtsa Sinai/Ha'Arazim
33112,Luz/Be'eri
33113,HaShiv'a Road/Herzl
33114,Luz/HaTapuz
33115,Road 44/Meteorological Station
33116,Trigossin - South
33117,Habad Junction
33118,Road 44/Hayim Herzog Road
33119,Yafo Gate/Yits'hak Shamir Medical Center
33120,Industrial Zone Tsrifin
33121,Wholesale Market
33122,Nir Tsvi Junction
33123,Luz/HaTapuz
33125,Ben Gurion/HaHistadrut
33126,Begin Blvd/Pola Ben Gurion
33127,Begin Blvd/HaShahar
33128,Jabotinsky/Begin Boulevard
33129,Jabotinsky/Kiryat Sefer
33131,Atsma'ut/Yits'hak Sade
33132,Ya'akov Freiman/Tnu'ot HaNo'ar
33134,Sharet/HaAliya
33135,Playground/Tsiv'oni
33136,Margolin/Weizmann
33138,Margolin/Nahshon
33139,Margolin/Rambam
33140,Yitzhak Rabin Boulevard/Yahalom
33141,Be'er Ya'akov Rail Station
33142,Medical Center/Yitshak Rabin Boulevard
33143,Ayala/Hayim Road
33144,Ayala/Dizengoff
33145,HaBanim/Netser Sereni
33147,HaBanim/Dizengoff
33149,Ayala/Shahaf
33150,Ponevez Yeshiva/Jabotinsky
33151,Jabotinsky/Nahum
33152,Jabotinsky/Aba Hilel Silver
33153,Shiv'at HaMinim/HaGefen
33154,Keren HaYesod/Tsahal
33155,Arba Aratsot/Zerubavel
33156,HaZayit/Keren HaYesod
33157,Comprehensive School/Yehuda Stein
33158,Yehuda Stein/HaLohem
33159,Ben Tsvi/Mivtsa Moshe
33160,Ben Tsvi/Shabazi
33161,Levi Eshkol/Ben Tsvi
33163,HaTana'im/Ha'Amora'im
33164,Commercial Center/Yoseftal
33165,Bar Ilan/Shabazi
33166,Bar Ilan/Avraham Hillel
33167,Weizmann/Bar Ilan
33168,City Hall/Weizmann
33169,Herzl Boulevard/HaHaganah
33170,Herzl Blvd/Dani Mass
33171,Ahavat Adam/HaYedidut
33172,City Market/Herzl Boulevard
33173,Ahavat Adam/HaYedidut
33175,Weizmann/Bar Ilan
33176,Meir Bar Ilan/HaRav Avraham Hillel
33177,Meir Bar Ilan/HaRav Mohilever
33178,Yoseftal/Tsahal
33179,Yoseftal/Tsahal
33180,Ahavat Adam/HaOsher
33181,Ben Tsvi/Levi Eshkol
33182,Ahavat Adam/HaOsher
33183,Ben Tsvi/Schtein
33184,Yehuda Stein/Gibore Israel
33185,HaOsher/HaMish'alot
33186,Keren HaYesod/Yehuda Stein
33187,Keren HaYesod/HaTish'a
33188,Golda Meir/Moshe Sharett
33189,Schtein/El'azar
33190,Holtzberg/Buganim
33191,Holtzberg/Kremer
33192,Holtzberg/Schatz
33193,Schatz/Holtzberg
33194,Mivtsa Yonatan/Havatselet
33195,Levi/Twina
33196,Eilat/HaTana'im
33197,Har'el School/Ben Gurion
33198,Commercial Center/Ben Gurion
33199,Ben Gurion/Schtein
33200,HaOsher/HaAhava
33201,Herzl/Mivtsa Kadesh
33202,Abba Ahimeir/HaRav Mordekhay Sharabi
33203,Abba Ahimeir/Shmu'el Tamir
33204,Abba Ahimeir/Stern
33205,Stern/Hetz
33206,Aharonovich/HaTsiyonut
33207,Afriat/Stern
33208,Afriat/Arye Levin
33209,Levin/Ahimeir
33210,Ahimeir/Shar'abi
33212,Herzl Boulevard/Shivat Zion
33213,Yoseftal/Tsahal B
33214,Yoseftal/Hadas
33215,Ha'Ilanot/Ha'Ela
33216,Ha'Ilanot/Topaz
33217,Ha'Ilanot/HaNitsan
33218,Moshe Dayan/Barlev
33219,Amihai/Meir Bineth
33220,Aharonovich/HaZionut
33221,Matnas/Moshe Sharett
33222,Aharonovich/David Remez
33223,Aharonovich/Hoofien
33224,Ge'ulim/Yerushalayim Boulevard
33225,Levi Eshkol/HaRav Haim Shapira
33226,Levi Eshkol/Hazon Ovadia
33227,Aharonovich/Hoofien
33228,Ahavat Adam
33229,Ha'Alonim/Ha'Arazim
33230,HaHistadrut/Ha'Avot
33233,Shenkar/Arlozorov
33235,Azrieli Mall Ramla/David Raziel
33236,Razi'el/Zekhar'ya
33237,Azriel Mall Ramla/Shimshon HaGibor
33238,Shimshon HaGibor/HaMisgad
33239,Bialik/HaRav Ovadya Somekh
33240,Homa VeMigdal/Ehad BeMay
33241,Bialik/Shmu'el HaNavi
33242,Tartsav/Zamenhoff
33243,Sokolov/Hankin
33244,Matsli'ah D
33245,Matsli'ah Het
33246,Matsli'ah Z
33247,Matsli'ah V
33248,Matsli'ah H
33249,Matsli'ah Y
33250,Matsli'ah A
33251,Ahavat Adam/HaOr
33252,Moshav Bet Uzi'el
33253,Mikvah
33254,HaZayit D
33255,HaZayit G
33256,HaZayit B
33257,HaZayit A
33258,Bet Uzi'el Intersection
33259,Petah'ya Intersection
33261,Synagogue
33262,HaOren/Ha'Alon
33263,Ekron A Creek
33264,Ekron B Creek
33265,Petah'ya Junction
33266,Tamar/Oren
33267,Karme Yosef Intersection
33268,Karme Yosef Intersection
33269,Pedaya Junction
33270,Petah'ya Intersection
33271,Bet Uzi'el Intersection
33272,Shiv'at HaMinim/HaDekel
33273,Shiv'at HaMinim/HaZayit
33274,Shiv'at HaMinim/HaTe'ena
33275,Shiv'at HaMinim/HaTe'ena
33276,Shiv'at HaMinim/HaGefen
33277,Shiv'at HaMinim/HaGefen
33278,Shiv'at HaMinim/HaDekel
33279,Camp 104 Junction
33280,Nir Tsvi Junction
33281,Wholesale Market
33282,Industrial Zone Tsrifin
33283,Ahavat Adam/HaOsher
33284,Ahavat Adam/HaOsher
33285,Trigossin/Road 44
33286,HaShiv'a Road/Tsvi Ze'ira
33287,HaShiv'a Road/Herzl
33288,Azor/HaShiv'a Road
33289,Fardisiya/Khaled Ibn Al-Walid
33290,Gilo/Moriya
33291,Hankin/Sokolov
33292,Begin/Trumpeldor
33294,HaBanim/Kaplan
33295,HaGolan/Kaplan
33296,HaZayit/HaYovel
33297,Shabazi/HaHadas
33298,Menachem Begin Boulevard/Shabazi
33299,Menachem Begin Boulevard/Katznelson
33302,Kfar Habad Het
33303,Synagogue
33304,Grocery store
33305,Admor HaRits/HaRav Shne'or Zalman Gorelick
33307,Admor HaRits/HaRav Mordekhay Shmuel Ashkenazi
33309,Grocery store
33310,Atid High School
33312,Jabotinsky/Aba Hilel Silver
33313,Yeshivat Neve Erets/Jabotinsky
33314,Ponevez Yeshiva/Jabotinsky
33315,Jabotinsky/HaYarden
33316,Medical Center/Yitshak Rabin
33317,Sokolov/Hankin
33318,Margolin/Nahshon
33319,Margolin/Rambam
33320,Margolin/Komarov
33321,Bareket/Begin Blvd
33322,Weizmann/Pikud Ha'Oref
33323,Hayim Weizmann/Herzl
33324,Herzl/Moshe Hess
33326,Herzl/Sokolov
33328,Benny Berman/Arik Lavie
33329,Jabotinsky/Tarmab
33330,Benny Berman/Arik Lavie
33331,Begin Boulevard/Yohana Jabotinsky
33332,Ben Gurion Blvd/HaMa'ayan
33333,Ben Gurion Boulevard/Begin Boulevard
33334,Ben Gurion/Katznelson
33336,Kfar Truman
33339,Modi'im/Ayalon
33340,Modi'im/Gefen
33341,Modi'im/Zayit
33342,Sport Center/Lapid
33343,Club/Tarshish
33344,Dov Hoz/Henrietta Szold
33345,City Hall/HaTsoran
33346,Soho Area/Mepi
33347,Kugel Boulevard/HaLohamim
33348,Ikea/Mepi
33350,HaMa'apilim/Dov Hoz
33351,HaHevel/HaYarden
33352,Lakhish/HaBsor
33353,Lahish Garden/Lakhish
33354,Synagogue/HaYarden
33355,Segev/Tefen
33356,Binyamin/Dundikov
33359,HaMa'apilim/HaRambam
33360,HaHermon/Maccabim
33361,Segev/HaYarden
33362,Lahish Garden/Lakhish
33363,Lakhish/HaHevel
33365,Rinot Center/Begin Blvd
33367,Hermon/Tavor
33369,Bareket/Hoshen
33370,Emek Ayalon Blvd/Natif Plaza
33371,Tarshish/Leshem
33372,Topaz/Leshem
33373,Arba Aratsot/HaSanhedrin
33374,Ha'Odem/Sapir
33375,Ha'Odem/Sapir
33376,Ha'Odem/Sapir
33377,Topaz/Leshem
33378,HaLapid/Ha'Odem
33379,Modi'im/Hita
33380,Football Field
33381,Modi'im/Gefen
33382,HaSanhedrin/HaSavora'im
33383,Tarshish/Water Tower
33385,Yossi Banai/Dalia Ravikovitch
33386,Shoham Junction/Road 453
33387,Yossi Banai/Lea Goldberg
33388,Krol LRT Station
33389,HaMa'apilim/HaLohamim
33390,Hametsuda/Lehi
33392,Kiryat Sharett High School/Giv'at Hatahmoshet
33393,Ramla Central Bus Station
33394,Giv'at Hatahmoshet/Keren HaYesod
33395,Nisher Plant South Intersection
33396,Begin Blvd/HaBrosh
33397,Ramat HaGolan/Sheshet HaYamim
33398,Old Train Terminal/Boarding
33399,Ramat HaGolan/Sheshet HaYamim
33400,Moshav Azarya G
33401,Moshav Azarya A
33402,Grocery store
33404,HaMaccabim Road/Elazar Horan
33405,Kfar Shmu'el A
33406,Grocery store
33407,HaTirosh Road/Netiv HaMata'im
33408,Kfar Shmu'el Junction
33409,Gezer Junction
33411,Mishmar Ayalon - North Junction
33412,Yeshiva
33413,Flour mill
33414,Mishmar Ayalon Junction
33415,Dining Room
33416,Gezer Junction
33417,Kfar Shmu'el Junction
33418,Bet Hashmonay Junction
33419,Moshav Azariya Intersection
33420,Sheshet HaYamim/Moshe Sharett
33421,Basketball Field
33422,Moshav Azarya B
33423,Nesher Plant North Intersection
33424,Giv'at Hatahmoshet/Keren HaYesod
33426,Old Train Terminal/Alight
33427,Tiltan/Dam HaMakabim
33428,HaSivim/Shlomo Zlotnik
33430,Avi Oren/Amsterdam
33431,Ganot Interchange/Road 4
33432,Messubim Interchange
33433,Begin boulevard/Jabotinski
33434,Herzl Boulevard/Engel
33436,Clalit Health Center/Bialik
33437,Avshalom Gissin/Moshe Sneh
33438,HaRav Pinto Mas'ud Asher/Azriel
33439,Habad Junction
33440,Bet Dagan Junction
33441,Nursing Home/Khaled Ibn Al-Walid
33442,Pikud Ha'oref Camp
33443,Rafael Eitan Road/Yits'hak Rabin
33444,Gedera Central Bus Station
33445,Commercial Center B/HaRama Road
33446,Yehuda Stein/David Razi'el Blvd
33447,Mivtsa Yonatan/Ha'Alonim
33448,A.S. Levy/Taitelbaum
33449,Levi/Vradim
33450,Commercial Center/Ben Gurion
33451,Amal School/Ben Tsvi
33452,Ben Tsvi/Tsahal
33453,Tsahal/Ben Tsvi
33454,Tsahal/Ben Tsvi
33455,Commercial Center/Yoseftal
33456,City Hall/Weizmann
33457,HaKalanit/HaRama
33458,Sapir/Ha'Irusim
33459,Sapir/HaPa'amonit
33460,Ha'Irusim/Sapir
33461,Ha'Alonim/Hakalanit
33462,Moshe Sharett/Amihai
33463,Tsahal/Keren HaYesod
33464,Tsahal/Ben Tsvi
33465,Uzi Hitman/Hanoch Levin
33466,Yehezkel/Mor
33467,Levi/Sa'adia Mordekhay
33468,Kiryat Sharett High School/Giv'at Hatahmoshet
33469,Weizmann/Shimshon HaGibor
33470,Hekhal HaTarbut/Weizmann
33471,Ya'ir Stern/Menashe Tsalah
33473,Haim Weizmann Boulevard/Yehuda Stein
33475,Dakar/Yoseftal
33476,Shapira/Greenboim
33477,Shalhevet School/Nof Ayalon
33478,Struma/Exodus
33479,Alrazi School/Exodus
33480,Matnas/Exodus
33483,Pikud Ha'Oref
33484,Ramla Central Bus Station
33485,Shaham/Leshem
33486,Bet Rivka Girls School
33487,Admor HaRashav/Ateret Rosh
33489,Asaf Mall/44
33490,Yaffo Gate
33491,Tzrifin/Supply Base
33493,Base 108
33494,Jerusalem Gate/4313
33495,Base 108
33496,Tsrifin  Camp/Bahad 11
33497,Yerushalayim/Shlomo Pomborovsky
33498,Nir Tsvi Junction
33500,Jerusalem Gate/4313
33501,Gdud Amirim
33502,Tsrifin  Camp
33503,Tsrifin  Camp/Military Police
33504,Yerushalayim/Shlomo Pomborovsky
33505,HaSivim/HaBitahon
33506,Mizlach camp 6820
33507,Jerusalem Gate/Bahad 20
33508,Food Base
33509,Tzrifin/Food Base
33510,Mizlach camp 6800
33511,Tova VeShimshon Draenger/Shaham
33512,Rishon LeTsion Central Station/Platforms
33513,Rishon LeTsiyon Central Bus Station/Alight
33515,Margolin/Etzel
33518,Ben Tsiyon Galis/Aharon  Beker
33519,Ben Gurion/Ha'Atsma'ut
33521,Krol LRT Station
33523,Mazkeret Batya Rail Station/Boarding
33524,Mazkeret Batya Rail Station/Alight
33525,Ben Gurion Blvd
33526,General HaRav Goren/Tirza Atar
33527,Rabbi Goren/HaEtrog
33529,Elishama Junction
33530,HaShikma/Hametsuda
33532,Tel Yitshak/Ahuzat Poleg
33533,Tel Yitshak/Massuah Museum
33534,Giv'at Brener/Kalnoioth Parking
33535,Raphael Suissa/Golda Meir
33536,Raphael Suissa/Milka Wolfson
33538,Raphael Suissa/Rachel HaMeshoreret
33539,Raphael Suissa/Milka Wolfson
33540,Raphael Suissa/Golda Meir
33542,Cemetery/Motta Gur
33543,Menachem Begin/Moshe Hershkovitz
33544,Menachem Begin/Ya'akov Gold
33545,Menachem Begin/Arkin
33546,Rothschild Boulevard/HaGoren
33547,HaMeshuryan Square/Motta Gur Boulevard
33548,Tali School/HaPrahim
33550,Kiryat Ono Terminal
33551,Kiryat Ono Terminal
33552,Peres Academic Center/Eli Hurvitz
33553,Haim Arlozorov/Hartzfeld
33558,Shamay/Opposite Tipat Halav
33559,Avtalyon/HaRitva
33560,Yehiel Mihal Pines/HaCohen
33561,Menachem Begin Road/Koresh
33562,Oshiland Mall/Atir Yeda
33563,Oshiland Mall/Atir Yeda
33564,Kfar Saba HaYeruka Mall/Menachem Begin boulevard
33565,Kfar Saba HaYeruka Mall/Menachem Begin boulevard
33566,Rabbi Akiva/Rabbi Yehuda HaNasi
33567,Raban Yohanan Ben Zakay/Rabbi Tarfon
33568,Aharon Ben Hamo/Yosef Nedava
33569,Gedera Interchange to North
33570,Bnei Ayish Junction West
33572,Dizengoff/Ayala
33573,Highway 4304/Joseph Klausner
33574,Hefets Hayim Junction
33575,HaMelekh Road/HaTikva Road
33576,HaMelekh Road/HaYam Road
33577,Airport Terminal 3/Departures floor
33578,Airport Terminal 3/Arrivals floor
33579,HaHagana/Weisburg
33581,Science Park/Weizmann
33582,Ludiov/Grynszpan
33583,Sportan/HaRav Moshe Malka
33584,Yigal Allon/Re'em
33587,Yerushalayim/Sara Ve'Eliyahu
33588,Ahad Ha'Am/HaRav Shalom Sibahi
33589,Pinsker/HaRav Kook
33590,Pinsker/Rothschild
33591,Ahad HaAm/Itamar Ben Avi
33592,Yerushalayim/Bilu
33593,Yerushalayim/Balfour
33594,Yerushalayim/David HaReuveni
33595,Yerushalayim/HaShomer
33597,Yigal Allon/Mishor
33598,Moshe Arens Terminal/Alight
33599,Moshe Arens Terminal/Platforms
33600,Shoham/Bareket
33601,Sereni/HaBesht
33602,HaHagana/Lehi
33603,HaSivim/Shoham
33604,Synagogue
33605,Yad Binyamin Junction
33606,Shiv'at HaMinim/Square
33607,Bar Kokhva/Petah Tikva Central Station
33609,Shivat HaMinim/HaHita
33610,Re'em Masmiya Junction
33611,Schmuel HaRofe  Hospital
33613,Talmud Torah Shevet HaLevi/Sa Ness
33614,Talmud Torah Shevet HaLevi/Sa Ness
33615,Nir Tsvi Junction
33616,HaRav Kook/Keren HaYesod
33617,HaRav Kook/Yehuda
33618,Eliyahu/HaRav Kook
33620,Savyon/Nomi Shemer Boulevard
33621,Eliyahu/Savyon
33622,Eliyahu/HaZayit
33624,Eliyahu/Hadar
33625,Eliyahu/Hadar
33628,Kupat Holim Clalit
33629,Netser Sereni A
33630,Tsukim School/Emek Ayalon Boulevard
33631,Bosmat/Narkis Square
33632,Ha'Odem/Leshem
33633,Milka Wolfson/Lea Goldberg
33634,Kfar Ganim School/Yud Dalet HaBanim
33636,Sheshet HaYamim/Moshe Sharett
33637,Yeshurun School
33638,HaMashbir/HaHofer
33639,HaSanhedrin/Shmuel HaNagid
33640,Ramla Lod High School/HaRama Road
33641,Yerushalayim Boulevard/HaRama Road
33642,Grocery store
33643,Yossef Shprinzak/Motzkin
33644,Flour mill
33645,Borochov/HaRambam
33646,Gezer Junction
33647,Gezer Junction
33648,Yad Rambam
33649,Eliezer Kaplan/Borochov
33650,Hadas/Giora Yoseftal
33651,Borochov/Ibn Gvirol
33652,Milka Wolfson/Lea Goldberg
33653,Ginaton Junction
33654,Rafael Swissa/Rahel Yana'it Ben Zvi
33655,Raphael Suissa/Rachel HaMeshoreret
33656,Nursing Home/Khaled Ibn Al-Walid
33657,Kfar HaNoar Ben Shemen/443
33658,Gimzo Junction
33659,Football Field
33660,Gimzo A
33661,Gimzo B
33662,HaDekel/4316
33663,4313 Way/4316 Way
33664,Modi'im (gimzu) Intersection
33665,Ha'Irus/HaNarkis
33666,Ha'Irus/HaRakefet
33667,Ha'Irus/HaSavyon
33668,HaSavyon/Hakalanit
33669,Office/HaSavyon
33670,HaSavyon/HaYasmin
33671,Ha'Irus A
33672,Ha'Irus/HaSavyon
33673,Synagogue/HaRimon
33674,Ha'Ela/Ha'Alon
33675,Kfar Truman D
33676,HaShoftim/Dvora HaNevi'a
33677,HaNevi'im/Dvora HaNevi'a
33678,Bet Arif A
33679,Bet Arif B
33680,Bet Arif G
33681,Bet Arif D
33682,Matnas/Bet Arif
33683,HaRimon/HaTapuah
33684,Bet Arif V
33685,HaVered Road/HaYasmin Road
33686,HaVered Road/HaKalanit Road
33687,HaVered Road/HaKalanit Road
33688,HaKalanit Road/HaHatsav Road
33689,Bet Nehemya H
33690,Tel Hadid
33691,Khaled Ibn Al-Walid/Ein Jalut
33692,Shoham Junction/Road 453
33693,Etan/Arava
33694,Rimon/Etan
33695,Rimon/Gefen
33696,Dekel/Arava
33697,Dekel/Tse'elon
33698,Tse'elon/Dekel
33699,Tse'elon/Etan
33700,Yearot Israel/Ya'ar Ben Shemen
33702,Gedera Interchange/Public Transport Lane
33704,Airport Authority Blvd
33705,Yearot Israel/Ya'ar Ben Shemen
33707,Uzi Hitman/Dalia Rabikovitch
33708,Ra'anana Center Junction
33710,Kfar Sava Ra'anana North Junction
33711,Kfar Sava Ra'anana North Junction
33712,Ye'arot Israel/Ye'arot Be'eri
33714,Ben Gurion/Lavon
33715,Ben Gurion Blvd/Simha Erlich
33716,Ben Avi Blvd/Ben Gurion Blvd
33717,Yaarot Israel/Yaar Beeri
33719,Balfour/Perlstein
33722,Dganya Road/HaRav Yehuda Unterman
33723,HaSayarim Shopping Center/HaMerkava
33726,HaRokmim/HaKhishur
33727,Avraham Bar/Rojanski
33728,Rehovot-West Junction to East
33729,Ben Gurion Blvd/Simha Erlich
33731,Be'er Ya'akov Rail Station/HeHayim Road
33732,HaSharon/Shedema
33734,Hekhal HaTarbut/HaMacabim
33735,Aluf Rehav'am Ze'evi/Rihon LeTsiyon
33736,Electricity Company Warehouse/Highway 412
33737,Bet Dagan Junction
33738,Zevulum Hamer Road/Em HaMoshavot Road
33739,Lapid North Junction
33740,Ben Shemen Junction
33741,Shlomo Shmeltzer Road/Zevulun Hamer Road
33742,Yarkon Cemetery/Entry
33743,Kdumim South Junction
33744,Yarkon Cemetery/Exit
33745,Tom Lantos Blvd/HaAri
33746,Tom Lantos Blvd/Hartom
33747,Tom Lantos Blvd/Hartom
33748,Tom Lantos Blvd/Professor Yosef Klausner
33749,Nitsanim School/Tzoran
33750,HaNevi'im/Bezalel
33751,Honi HaMe'agel G
33754,HaKomemiyut/HaMarina
33755,Ben Gurion Road/Yitshak Sade
33756,Ort Sciences/HaNevi'im
33757,Yirmiyahu/HaShoftim
33758,HaNevi'im/Yirmiyahu
33759,Yirmiyahu/HaShoftim
33760,Yirmiyahu/Gid'on
33761,Yirmiyahu/Prof Shorr
33762,Ge'ulim/Yerushalayim Boulevard
33763,Zeev Yabetz/Shim'on Dubnov
33764,Yirmiyahu/Gid'on
33765,Hamelaha/HaShiv'a
33767,HaHistadrut/David Elazar
33768,Hamelaha/HaShiv'a
33770,Khaled Ibn Al-Walid/Al-Ruq
33775,National Insurance Institute/Khaled Ibn Al-Walid
33777,Khaled Ibn Al-Walid/Mahmud Darwish
33778,Hasan Musa/Al-Imana
33779,Bilal Ibn Rabah/Musa Hasan
33781,Atid High School Tayibe
33782,Hahashmona'im/Tsahal Boulevard
33787,Yehuda Stein/Levi Eshkol
33792,Atid High School Tayibe
33794,Football Field
33796,Ayalon Prison
33797,Berorim Junction
33798,Rehovot-West Junction to South
33799,Bet Hanan
33800,Bet Hanan Intersection
33802,Yesodot Intersection
33804,Nahal Soreq Camp/LaDarom
33806,Nesharim Interchange
33808,Camp 104 Junction
33810,Bne Tsiyon Junction
33812,HaFikus/HaBrosh
33813,Neve Yamin A
33814,Herzl/HaYasmin
33815,Eli Cohen/HaMuchtar
33816,Yerushalayim/Daniel
33817,Ge'ulim/HaHistadrut
33818,Ge'ulim/HaHistadrut
33819,Hankin/Homa VeMigdal
33820,Hankin/Homa VeMigdal
33821,Homa VeMigdal/Shenkar
33822,HaBanim/HaMa'apilim
33823,Levi Eshkol/HaLohamim Square
33827,Prof Shorr/HaPeled
33828,Prof Shorr/Hanapah
33829,Prof Shorr/HaPeled
33831,Mikve Yisrael School/Road 44
33832,Prof Shorr/Yirmiyahu
33834,Rothschild/Hacarmel
33838,Anielewicz/HeHaluts
33840,Amos Danieli/David Kokhavi
33844,Ramatayim Road/HaMa'avar
33845,Ramatayim Road/Moshe Sharett
33846,Nevalat Junction
33847,Electricity Company
33855,HaBanim/Bne Brit
33856,HaNarkis/HaVradim
33859,Gan Darom Junction/Road 42
33862,Gan Yavne
33863,Ibn Rushd School
33864,Ibn Rushd School
33865,Khaled Ibn Al-Walid/Al-Razi
33866,Amal Technological School
33868,Rehovot-West Junction to North
33869,Bet Berl Junction
33870,Bet Berl Junction
33871,Sports Hall/Bet Berl
33872,HaYovel Boulevard/HaOranim
33875,Sde Warburg Junction
33876,Hadarim/HaYeled Lane
33878,Hadarim/HaPrahim Rd
33879,HaHadarim
33880,Hadarim/HaYeled Lane
33885,Rothschild/Netiv HaShayarot
33886,Hadarim/Alon
33887,Hadarim/Alon
33888,Yehoshua Tahon/Klomel
33889,HaHistadrut/Ehad BeMay
33891,Light Rail Balfour
33895,Holon Municipality/Weizmann
33896,Yerushalayim Boulevard/Sokolov
33897,Yerushalayim Boulevard/Sokolov
33898,Ramat HaGolan/Mifrats Shlomo
33899,Hod Hasharon Center/HaBanim
33902,Sokolov/Aviv
33911,Bne Re'em Junction
33913,Ramat HaGolan/Mifrats Shlomo
33915,Abd Al-Rahim Mahmud/Bilal Ibn Rabah
33916,Ha'Ela/Ha'Alon
33918,Lod Road/Yigal Allon
33923,Rozanski/Yavne Road
33925,HaAri/HaAhdut Bridge
33929,Herzl/Weizmann
33930,Herzl/Moshe Sharett
33931,Yitshak Sade/Jabotinsky
33932,Yitshak Sade/Manya Shochat
33933,Ben Gurion Road/Jabotinsky
33934,Ben Gurion/Yitshak Ben Tsvi
33935,Ben Gurion Road/Katznelson
33936,Ben Gurion Road/Katznelson
33937,Ben Gurion/Shapira
33938,Ben Gurion Road/Jabotinsky
33939,Katznelson/Ahad Ha'Am
33940,Herzl/Weizmann
33941,Herzl/Moshe Sharett
33942,Yitshak Sade/Manya Shochat
33943,Yitshak Sade/Jabotinsky
33944,Ahad Ha'Am/Katznelson
33945,Kaplan/HaShalom
33946,Eliyahu Boulevard/Mohliver
33947,Kfar Malal Junction
33951,Bareket Junction
33954,Giv'at Ko'ah Junction
33955,Giv'at Ko'ah Junction
33959,Ha'Atsma'ut/Sanhedrin
33969,Eliyahu Boulevard/Lilakh
33970,Herzl/Moshe Sharett
33971,Hod Hasharon Municipality/Ramatayim Road
33973,Herzl Avenue/Yosef Koizner
33975,Herzl Avenue/Tel Hai
33981,Sheshet HaYamim/Yom HaKipurim
33983,Sha'ul Tchernichovsky/Ibn Ezra
33984,Tchernichovsky/Sa'adia Ga'on
33985,HaPo'el HaTsa'ir/Yehoshua Forer
33986,HaPo'el HaTsa'ir/Golomb
33987,Moshe Farid/Borochov
33988,Egged Ushioth Terminal
33990,Katzir School/Be Zion Fogel
33992,Zekharya Medar/Kovshe HaHermon
33993,HaHistadrut/Ledizinski
33995,Ben Zion Fogel/Katzir School
33996,Gorodiski/Margolin
33997,Tel Hai/ Herzl Avenue
33999,Marvad Haksamim
34000,Tsvi Horovitz/Kalman Gavri'elov
34001,Modi'in - East Junction
34002,Makabim-Re'ut Junction
34003,HaAhdut Bridge/Exit to Highway 2
34004,Beilinson Hospital/Jabotinsky
34006,Avshalom Gissin/Hanan Levitan
34007,Ahuza/Rambam
34010,Tsafriya Center
34011,Pais Community Center/Ha'Atsma'ut
34012,HaTamar/HaOmer Blvd
34014,Alufe Tsahal/David Elazar
34015,Alufe Tsahal/Bethlehem
34016,Alufe Tsahal/Bethlehem
34017,Shilat Junction
34018,Mevo Modi'im Junction
34019,Neot Kedumim Junction
34020,Mitkan Adam Junction
34021,Mitspe Modi'in Junction
34022,Modi'im Junction
34023,Ben Shemen Junction
34024,Ginaton Junction
34025,Aba Hilel Silver/Pesah Lev
34026,Aba Hilel Silver/Ha'Amelim
34027,Sokolov/Katznelson
34028,Katznelson/Hannah Szenes
34029,HaNassi/Gratball
34030,David HaMelech blvd./Hubert Humphrey
34031,David HaMelekh/Shlomo HaMelekh Boulevard
34032,David HaMelekh/Leah Goldberg
34033,Hativat Yiftah Boulevard/David HaMelech Boulevard
34034,Yoseftal
34035,Yoseftal/Electricity Company
34036,Herzl/Frenkel
34037,Herzl/Weizmann
34040,City Market/Herzl Boulevard
34041,Yerushalayim Boulevard/HaRama Road
34042,Dr Mordekhay VeHava Friman/HaHaluts
34043,Bet Diur Mogan
34044,Yerushalayim Boulevard/Jabotinsky
34045,Tel Hai/HaRama Road
34046,Ayalon Prison
34047,Israel Aerospace Industries Junction
34049,Bedek Junction
34050,Giv'at Hayim Ihud/Center
34052,Savyonim Mall/461
34053,Supermarket/Rehov 2
34054,Rehov 172/Rehov 1
34055,Sport Ground/Rehov 172
34056,Rehov 167/Rehov 172
34057,169 Street/166 Street
34058,Alufe Tsahal/David Elazar
34059,Aharonovich/David Remez
34060,Yerushalayim Blvd/Bezalel
34061,Herzl/HaDugit
34062,Herzl/HaTsiyonut Blvd
34063,Beilinson-Ovnat Mall/Yotam and Yoav Terminal
34065,Matsli'ah Junction
34066,Eilat/David Remez
34067,Eilat/Yoseftal
34069,Bet Nehemya Junction
34073,Sovev Kirya/Gefen
34075,Shilat Junction
34076,Kfar Rut East Junction
34077,Gilboa School
34078,HaOranim Boulevard/Tavor
34079,Irusim/HaPrahim Blvd
34080,Lilakh/Nitsan
34081,Agricultural Ministry/HaMaccabim Road
34082,Hayarden River/Ma'ale Gid'on
34083,Hayarden River/Zippori Creek
34084,Galim Creek/Nahal Na'aman
34086,Migdal HaLevanon/Zin Creek
34087,Zohar Creek/Tzalmon Creek
34088,Zohar Creek/Nahal Sorek
34089,Shivte Israel/Yosef
34091,Leah Imenu/Shivte Israel
34092,Sara Imenu
34093,Sara Imenu
34094,Nahal Paran/Emek HaHula
34095,Emek Dotan/Levona
34096,HaHashmona'im Boulevard
34097,Avi HaAsirin Terminal
34098,Commercial Center/HaMel'akhot Boulevard
34099,Pa'ate Modi'in Railway Station
34101,Emek Bet She'an/HaHashmona'im Blvd
34102,Eliyahu HaNavi/Yirmiyahu HaNavi
34103,HaNevi'im/Eliyahu HaNavi
34104,Emek Ha'Ela/Eliyahu HaNavi
34105,Zekharya HaNavi/Emek Ha'Ela
34106,Emek Ha'Ela/Tishre
34107,Emek Ha'Ela - Lev Ha'Emek
34108,Emek Ha'Ela/Halu'ah Ha'Ivri
34109,Dvora HaNevi'a/Emek Ha'Ela
34110,HaNevi'im/Yehezkel HaNavi
34111,Yehezkel HaNavi/Shmu'el HaNavi
34112,Yehezkel HaNavi/Emek Bet She'an
34113,Mordehai (Mota) Gur/Emek Bet She'an
34114,Mordehai (Mota) Gur/David Elazar
34115,Bar Lev/Laskov
34116,David Elazar/Ya'akov Dori
34117,Moshe Dayan/David Elazar
34118,Haim Barlev/Moshe Dayan
34119,State T' School/Moshe Dayan
34120,Tkhelet/Avne Hoshen
34121,Tkhelet/HaMenorah Tower
34122,Leshem/Tkhelet
34123,Tarshish/Avne Hoshen
34124,Odem/Yahalom
34125,Yahalom/Ginot Zevulun
34126,Emek Zevulun/Inbar
34127,Avne Hoshen/Emek Zevulun
34128,Amphitheatre/Emek Zevulun
34129,Emek HaHula/Emek Dotan
34130,Country Center/Emek HaHula
34131,Emek HaHula/Hayarden River
34132,Emek Yezre'el/Zin Creek
34133,Sherbet Center/Emek HaHula
34134,Nahal Ga'aton/Emek HaHula
34135,Bezeq Creek/Nahal Ga'aton
34136,Nahal Ga'aton/Dalia Creek
34137,Emek Dotan/Nahal Ga'aton
34138,Pool/Emek Dotan
34139,Klil HaHoresh/Emek Dotan
34140,Emek Dotan/Levona
34141,Levona/Almogen
34142,Emek Ayalon/Levona
34143,Sara Toledano
34144,Sharonim Mall/Ramatayim Road
34145,Dam HaMaccabim/Hinanit
34146,Yerushalayim Blvd/Moshe Sharett
34147,Yerushalayim Boulevard/Professor Shorr
34148,City Hall
34149,Dam HaMaccabim/Hartsit
34150,Tse'elon/Marva
34151,Tse'elon/Shir HaShirim
34152,Emek Ayalon/Tse'elon
34153,Emek Ayalon/Kahlit HaHarim
34154,Tiltan/Emek Ayalon
34155,Emek Ayalon/Tiltan
34156,Emek Dotan/Nahal Ga'aton
34157,Ya'ir Parag Road/Emek Dotan
34158,Emek HaHula/Emek Yezre'el
34159,Zin Creek/Nahal Sorek
34160,Migdal HaLevanon/Ma'ale Namer
34161,Migdal HaLevanon/Ma'ale Gid'on
34162,Tzalmon Creek/Zohar Creek
34163,Yitshak Rabin/Tzalmon Creek
34164,Yehuda/Yitshak Rabin Boulevard
34165,Yehuda/Yosef
34166,Yehuda/Re'uven
34167,Shivte Israel/Yosef
34168,Shivte Israel/Levi
34169,Mevo Re'ut/Yefe Nof
34170,Ulpana/Levi
34171,Sara Toledano
34172,Dam HaMaccabim/HaHashmona'im Blvd
34173,Shomre HaHomot/Ne'ot HaDeshe
34174,Shomre HaHomot/Afike Mayim
34175,Emek Ayalon/Almogen
34176,Yerushalayim Blvd/Bezalel
34178,Nir Eliyahu Junction
34179,Maoz HaMaccabim School/Israel Peled
34180,HaMaccabim Boulevard/Peled Road
34181,Dr.Israel Peled Road/Kanarit
34182,Ela/HaOranim Boulevard
34183,Hadarim - Re'ut Makabim High School
34184,Commercial Center/Omarim Boulevard
34185,Mevo Re'ut/HaOranim Boulevard
34186,Mevo Re'ut/Nitsan
34187,Tiltan/Loa Ha'Ari
34189,Bashan/Arve Nahal
34190,Irusim/Yakinton
34191,Irusim/Havatselet
34192,Hare Yerushalayim/446
34193,HaZayit/HaShikma
34194,HaZayit/HaOranim
34195,Yerushalayim Blvd/Moshe Sharett
34198,Ehud/HaGiv'a
34199,HaShikma/Ha'Arazim
34201,Udim Junction
34202,Netanya Interchange
34203,Hayarden River/Ma'ale Amiaz
34204,Yitshak Rabin - Nitsanim School
34205,Yitshak Rabin - Nitsanim School
34206,Bne Tsiyon Junction
34208,Hashmona'im/431
34209,Esther HaMalka/Sara Imenu
34210,Yuvalim/Dan Creek
34211,Yuvalim/Nahal Lakhish
34212,Yuvalim/Poleg Creek
34213,Moshe Dayan/Emek Bet She'an
34214,Yosef/Naftali
34215,Yosef
34216,HaHashmona'im Boulevard/Dam HaMaccabim
34217,Yahalom/Inbar
34219,Azrieli Mall
34220,Ecological Farm/Hashdera Hamerkazit
34221,Sovev Kirya/Lotem
34222,Road 431/Hashmona'im
34223,Esther HaMalka/Sara Imenu
34224,Ala School/Shapira
34225,Yashresh Junction
34226,Sitriya Junction
34227,HaVradim/Hakalanit
34228,Shimon Peres Boulevard/Carmel
34229,Carmel/Shimon Peres Boulevard
34230,Weizmann Institute
34231,Faculty of Agriculture
34232,Rehovot Railway Station
34233,Rehovot Train Sttn/Intra-Municipal Platforms
34235,Ezra/Weiss Yom Tov
34236,Batsra Interchange
34237,Hadarim Interchange
34238,Hasharon Prison/Hadarim
34239,Tsofit Junction
34241,Sheikh Mas'ud
34244,Sports Field
34247,HaRakefet - Grocery Store
34249,Bet Berl Junction
34250,HaShoftim/Yirmiyahu
34251,Tsur Natan Junction
34252,Road 444/Tayibe
34253,Sheikh Mas'ud
34254,Police
34255,Hasharon Prison/Hadarim Interchange
34257,Tsofit Junction
34259,Weizman Avenue/HaHaroshet
34261,Ein Hai/HaMeyasdim
34262,HaHistadrut/Weizmann
34263,Yerushalayim Boulevard/Professor Shorr
34264,Office/Gan Sorek
34265,Kibbutz Palmachim Center
34269,Kiryat David/Bar Ilan
34270,Sereni/HaHagana
34271,Gush Etzion/Rahamim Tzarfati
34272,Gush Etsyon/HaRav Maimon
34276,Zekharya Medar/HaHagana
34277,HaNassi HaRishon/HaRav Mohilever
34278,Gibore Israel/HaShnayim
34279,HaRav Tsalah/HaTamar
34280,Volkani Institute/HaMaccabim Road
34281,Marvad Haksamim/Tsvi Horovitz
34285,David Elazar/HaShezaf
34286,Bet Hilkiya Junction
34287,Yerushalayim/Megine HaGalil
34288,Yerushalayim/Lehi
34289,Yerushalayim/Zekharya Medar
34290,Nahal Soreq Camp
34293,Harduf/Ben Gurion Road
34300,Bet Rivka Girls School
34303,HaRimon/Mevo HaGefen
34307,Yesodot Junction
34309,Yerushalayim/HaGdud Ha'Ivri
34310,Yerushalayim/David HaReuveni
34311,Rothschild/Weisbard
34313,Remez/Har Tsiyon
34314,Katznelson/Kaplan Eliezer
34316,Yehuda Halevi/Kidush HaShem
34317,Giv'ati/Yehuda Halevi
34318,Margolin/Brandeis
34319,Jabotinsky/Moshe Dayan Blvd
34322,HaFikusim Road/Giv'at HaBrekha
34323,HaHayil/Ha'Aliya HaShniya
34324,HaFikusim Road/Giv'at HaBrekha
34325,HaRav Tsalah/Ha'Agam
34327,Rechavam Ze'evi Boulevard/Yosef Sapir
34328,Fire Fighting School/Rechavam Ze'evi
34330,Hannah Szenes/Mordekhay Anielewicz
34331,HaRav Yosef Azran/David HaMelekh
34332,Sha'ul HaMelekh/Malkhe Israel
34334,Carmel/Meron
34339,Rothschild/HaGoren
34340,Carmel/Meron
34343,Yosef Sapir/Shim'on Yisraeli
34344,Yosef Sapir/Minister Haim Shapira
34345,Moshe Sharett/Glosca
34347,Katznelson/Lilienblum
34348,Katznelson/Kaplan Eliezer
34350,Mishmar David Intersection
34351,Rishon Gate/Yerushalayim
34354,Carmel/Tavor
34355,Kalansawa Junction
34357,Kalansawa Junction
34359,Border Police Camp
34362,HaRav Zecharia Madar/Ra'al Motta Gur
34367,Dolinski/Mivtsa Litani
34368,HaTamar/HaMeyasdim
34369,HaZayit/HaTe'ena
34376,Hankin/Jabotinsky
34377,Hankin/Mikve Israel
34380,Magav Mishmar Ayalon
34381,Magav Mishmar Ayalon
34382,Eyal Junction
34384,Prof Shorr/HaNevi'im
34385,Tel Nof Camp Junction
34389,Mordekhay Popel/Al Kanfe Nesharim
34392,Menachem Begin Boulevard/Katznelson
34394,Ya'akov Tukhman/Zelkind Stolebov
34395,Stolvov/Horowitz
34396,Gavri'elov/Tuchman
34397,Ya'akov Tukhman/Kalman Gavri'elov
34398,Asher/Weizmann
34399,Shprinzak/Asher
34400,Shprinzak/Danziger
34401,Eged Parking/Hurshat Hayovel
34402,Egged Parking/Dan Shomron
34405,HaMerkava/Hamelaha
34408,Kaplan/HaShiv'a
34409,Arbel/Karmel
34412,Neve Amit Retirement Home
34413,Neve Amit Retirement Home
34414,Rechavam Ze'evi Boulevard/Koresh
34416,Koresh/Zalman Shazar
34421,Frishman/Weisgal Center
34422,Davidson Garden/Segal
34425,Herzl/Agamiya
34426,Bet Hilkiya/Entry
34430,Ben Gurion/Menachem Begin
34433,Yerushalayim/Sara Ve'Eliyahu Kaplan
34434,Giv'ati/Ha'Ahim Suliman
34435,Ezra/Ya'akov Boulevard
34437,Kenyoter/Bilu
34438,Canaan/Arbel
34439,Canaan/Tavor
34440,Democratic School/Tre Asar
34442,Shimon Peres Boulevard/Canaan
34443,Kupat Holim/Pinsker
34444,Ole HaGardom/Arye Ben Eliezer
34445,Arye Ben Eliezer/Horowitz
34447,Mifrats Shlomo/Kiryat Shmona
34448,Mifrats Shlomo/Giv'at Hatahmoshet
34449,Keren HaYesod/Bethlehem
34450,Mifrats Shlomo/Giv'at Hatahmoshet
34451,Mifrats Shlomo/Kiryat Shmona
34454,Sharf/Nahman
34457,Neot Kdumim
34458,Light Rail November 29
34459,Shlomo HaMelekh Blvd/Jabotinsky
34462,HaRav David Israel/Hirshenzon
34464,Brener/Negba
34466,Golda Meir/Hahartsit
34467,Golda Meir/HaSahlav
34469,Tchernichovsky/Arlozorov
34472,Shimon Peres Boulevard/Hermon
34481,HaKishon/Remez
34490,HaHagana/Margolin
34493,Arba Aratsot/Dolfin
34494,Aharonovich/Begin
34496,Cemetery
34500,Ahuza/Schwartz
34501,Weizman Avenue/Akiva
34502,Water Tower
34504,Tariq Abd al-Hay/Al-Jum'aa
34505,Water Tower/Tariq Abd al-Hay
34506,Police
34507,Ben Gurion/HaHadarim
34509,Rambam/Manor
34510,Eli-Cohen/Sha'ul HaMelekh
34511,Ben Gurion/HaBanim
34512,HaBanim/HaGalil Lane
34513,Ben Gurion/HaTsanhanim
34514,Yafo Road/A Salam
34517,HaMerkava/HaBanai
34518,HaMerkava/HaBanai
34519,HaMerkava/HaMashbir
34520,High School B/Tareq Al Hay
34521,Bilal/Ahmed Hurani
34522,Ramat HaKovesh Junction
34526,HaMeyassdim Road/Giv'at Ha'Ilanot
34527,HaMeyassdim Road/HaMagshimim Road
34530,Marjah B
34531,Ibtin
34532,Ibtin Northern Exit
34533,Ibtin/Zemer
34534,Marjah G
34535,Sports Field/Zemer
34538,Marjah A
34539,Yama B
34540,Bir al-Sikka
34541,Zemer Junction
34543,HaYarkon/Zavit Creek
34545,HaBrosh/HaYarkon
34549,Rabin Boulevard/Nahal Kama
34550,Yehuda Leib Pinsker/Avshalom Gissin
34551,Hadar School
34554,Zalman Shlain/Meron
34555,Yemenite Synagogue
34564,HaKishon/Remez
34566,Arye Ben Eliezer/Nahal Sorek
34567,Yo'el Drubin/Shlomo Kaplansky
34573,HaBanim/Efrayim Boulevard
34576,Pinhas Ben David Kapra/HaRav David Israel
34578,Prof. E.D. Bergman/HaMada
34579,Greenspan/Bernstein
34581,Bekhor Levi School
34583,Weizmann Institute/HaNasi HaRishon
34584,Madar/Abarbanel
34586,Ben Zion Fogel/Dov Ber Borochov
34589,Morde HaGeta'ot/Ze'ev
34590,HaRakefet/Patria
34591,Yesodot Center
34593,HaGefen/HaTamar
34594,Sadab Center/Rabinowitz
34595,Rabinovich/HaYahalom
34596,Rabinovich/HaYahalom
34597,Sadav Center/Rabinovich
34607,Neve Ne'eman School
34609,Airport/Termin 1
34613,Bet Berl College
34616,HaBanai/HaMashbir
34625,Ariel School - Merkhav Mugan/Alterman
34626,Alterman/Ahuza
34629,HaHayil/Migdal
34634,Tchernichovsky/Levi Eshkol
34635,Gavri'elov/Moshe Yatom
34637,Rothschild/HaRav Zinger
34643,KKL/Rahav
34644,KKL/Katznelson
34648,Golda Meir/Israel Galili
34649,Hay Kef/Golda Meir
34650,Yehuda Halevi/HaGdud Ha'Ivri
34652,Yitshak Sade/Herzl
34653,Yitshak Sade/Herzl
34655,Noam Hatzvi School
34664,Nordau/Shu'ale Shim'on
34665,Yom HaKipurim/Marvad Haksamim
34668,Kesher Center
34669,Yaffo Gate
34670,Bahad 6
34671,Mizlach camp 6821
34672,Bahad 20
34673,Bamtza
34674,Food Center
34675,Food Base 6522
34679,Magav
34680,Magav
34683,Simon Dubnow/Ben Zion Vogel
34686,Zalman Shazar/Hel HaRaglim
34689,Ya'akov/Max Nordau
34690,Herzog/Meltzer
34693,Herzog/Weizmann
34696,Binyamin/Max Nordau
34700,HaCarmel/Herzl
34702,Nehemya/Zerubavel
34705,Post Office
34709,Yoseftal/Maimon
34712,HaHistadrut/Ben Gurion School
34714,Jabotinsky LRT Station/HaAtzmaut blvd.
34715,HaShomer/Mazya
34718,Beit Gil HaZahav
34719,Kesem Interchange
34721,HaTe'ena/HaRimon
34725,Bne Brit/HaRishonim
34727,Yeshurun/HaBanim
34732,David Elazar/Begin
34733,David Elazar/Begin
34735,Margolin/Nahshon
34737,Herzl/Gan HaIr
34738,Tchernichovsky/Arlozorov
34742,Shimon Peres Boulevard/Hermon
34743,Sereni/Gorodiski
34749,Tchernichovsky/Brener
34751,Shabazi/HaBanim
34754,Yerushalayim/Kdoshe Ca'ir
34760,Hirshenzon/Herzl
34761,HaYarden/Herzl
34762,HaYarden/HaDganyot
34763,Hakalanit/HaRotem
34767,Vinik/Gan Zamski
34768,Sport Center/Ben Gurion Boulevard
34771,Ben Yehuda/Tchernichovsky
34775,Ben Gurion Blvd/HaMa'ayan
34781,Golda Meir/Israel Galili
34782,Israel Galili/HaSahlav
34783,Yerushalayim/Balfour
34784,Ma'apile Marocco/HaNevi'im
34793,Rabinovich/Laskov
34795,Wolfson Hospital
34797,Yirmiyahu/Prof Shorr
34798,Hel HaTothanim/Hel HaShiryon
34800,Rechavam Ze'evi Boulevard/Yosef Sapir
34803,Yisrael Galili/Zvulun Hamer
34804,Ha'Atsma'ut/Mulik Eyal
34805,Amal School
34806,Abu Sara
34807,Hasan Musa/Al-Imana
34810,Cemetery
34811,Panorama Print
34812,Tayiba Junction
34813,Giv'ati/Shlomo Eliraz
34817,Nehemya/HaRakefet
34820,Ha'Almogim/HaShayatim
34821,HaAlmogim/HaReshet
34822,HaNahshol/HaLivyatan
34823,HaNahshol/HaDayagim
34824,HaNahshol/Aba Hilel Silver
34825,HaNahshol/HaTsedef
34826,Community Center Silver
34827,Community Center Silver
34829,Bet Berl Junction
34830,Bet Berl Junction
34832,Tzofit Interchange
34836,Weizman/Ehud Manor
34837,Tel Yitshak
34838,Yitzhak Rabin Boulevard/Shoshan Tzahor
34842,Renanim Mall/HaTa'asiya
34843,Kokhav Ya'ir Junction
34844,M.N. Yamin Mizrah
34845,Shikma/Brosh
34847,Sde Hemed
34848,Sde Hemed
34849,Neve Yamin Junction
34850,Eyal Junction
34851,Be'er
34852,Yarhiv - Council
34854,Egoz/Oren
34855,Egoz/Ela
34857,Bet El/Biranit
34858,Ha'Arets Boulevard/Gilad
34859,Dan/Dikla
34862,HaPrahim Road/HaLotem
34864,Kokhav Ya'ir Junction
34865,Ha'Arets Boulevard/Bet El
34866,Ha'Arets Boulevard/HaShfela
34867,Eyal Junction
34869,HaGolan/HaZayit
34873,HaHistadrut/Homa uMigdal
34877,Kupat Holim Remez/Rozanski
34879,HaHagana/Menuha VeNahala
34882,Fire Brigade Holon/HaRokmim
34883,Fire Brigade Holon/HaRokmim
34888,Walid Zadek
34890,Al Arid
34892,Tayiba Junction
34893,Road 444/Ring South
34895,Zerubavel/Ben Gurion
34905,Etzel/Nadav Baskind
34906,Commercial Center/Etzel
34907,Morde HaGeta'ot/HaOren
34908,Morde HaGeta'ot/HaShezif
34909,HaRakefet/Ha'Amora'im
34910,Nehemya/Yehezkel HaNavi
34911,Yehezkel HaNavi/Nehemya
34912,Yigal Allon/Rabbi Yehuda HaNasi
34913,Menachem Begin/Electric Company Warehouse
34919,HaHistadrut/Alumot
34921,Nehemya/Alfasi
34922,Har Sinai/Sa'adia Ga'on
34923,Ledizinski/Feinstein
34924,Kfar Saba Central Bus Station/Platforms
34926,Gorodiski/Menuha VeNahala
34934,Haheresh/Amal
34935,Bareket/Hoofien
34937,Kugel School/Bareket
34939,Amal School
34942,HaMaccabim Road/Freiman
34943,K. Sharet Terminal
34944,Kiryat Sharett Terminal/Yerushalayim Boulevard
34946,Struma/Ha'Atsma'ut
34947,HaEtrog/HaLimon
34952,Etzel/Lishanski
34953,Etzel/Aliyat HaNo'ar
34954,Ha'Orgim/HaMerkava
34956,HaManor/HaRokmim
34957,Ra'anana Terminal/HaPnina
34958,Ma'apile Marocco/HaNevi'im
34960,Shmotkin/Freiman
34962,Zvi Frank/HaGdud HaIvri
34963,Yo'el Drubin/Ha'Ahim Smilchansky
34964,Yo'el Drubin/Tsvi Hirschfeld
34966,Gale Hadar/Country
34968,Bilban/Pica
34969,Shmotkin/Bershevsky
34971,Yehoshua Gibstein/Haim Ben Efrayim
34972,Yehoshua Gibstein/Yona Zvi Feinstein
34977,Yaacobi/Herzl
34978,Yaacobi/Sha'ul Tchernichovsky
34979,Borochov/Frishman
34980,Kaplinsky/Zamski Boulevard
34981,Hayim Moshe Shapira/Dr.Mordechai & Hava Freeman
34982,Anielewicz/HaHaluts
34984,Yitshak Rabin/Menachem Begin
34989,Bezalel/HaNevi'im
34991,Ort Sciences/Yerushalayim Boulevard
34992,Dvora HaNevi'a/HaNevi'im
34994,Road 562/Lev HaSharon Road
34995,Tchernichovsky/Ort School
34996,Sha'ul Tchernichovsky/Moshe Mizrah
34997,Weizman Avenue/Geula
34998,Katznelson/Peretz
35003,Emek Ayalon/Hartsit
35004,Levona/Fikus
35005,Levona/Limon
35006,Emek Dotan/Ayoun Creek
35007,Emek Dotan/Emek Yezre'el
35008,Nahal Ga'aton/Dalia Creek
35009,Nahal Ga'aton/HaBsor Creek
35010,Nahal Paran/Emek HaHula
35011,Sherbet Center/Emek HaHula
35012,Emek HaHula/Emek Yezre'el
35013,Emek HaHula/Ayoun Creek
35014,Arar/Emek Dotan
35015,Emek Zevulun/Yigael Yadin
35016,School/Emek Zevulun
35017,Emek Zevulun/Mordekhay Maklef
35018,Nir Eliyahu Junction
35019,Yahalom/Tarshish
35020,Yahalom/Shvo
35021,Yahalom/Odem
35022,Avne Hoshen/Tkhelet
35023,Leshem/Tkhelet
35024,Tkhelet/Avne Hoshen
35025,Mamlachti Tet
35026,Haim Barlev/Moshe Dayan
35027,David Elazar/Mordekhay Maklef
35028,Mordehai (Mota) Gur/David Elazar
35029,Mordehai (Mota) Gur/Hativat Har'el
35030,Mordehai (Mota) Gur/Emek Bet She'an
35031,Yehezkel HaNavi/Emek Bet She'an
35032,Emek Ha'Ela/Ginot Ha'Ela
35033,Eliyahu HaNavi/Emek Ha'Ela
35034,Moshe Dayan/Emek Bet She'an
35035,Yehuda/Yitshak Rabin Boulevard
35036,Levi/Yitshak Rabin
35037,Levi/Naftali
35038,Shivte Israel/Yosef
35039,Shivte Israel/Yehuda
35040,Yehuda/Yosef
35041,Tzalmon Creek/Yitshak Rabin
35042,Tzalmon Creek/Zohar Creek
35043,Nahal Sorek/Migdal HaLevanon
35044,Nahal Yavne'el/Nahal Sorek
35045,Nahal Sorek/Ma'ale Doron
35047,Zin Creek/Nahal Sorek
35048,Ya'ir Parag Road/Emek Dotan
35049,Emek Ayalon/Klil HaHoresh
35050,Tse'elon/Shir HaShirim
35051,Dam HaMaccabim/Tse'elon
35052,Tiltan/Dr. Moshe Sne
35053,Moshe Dayan/Hativat Golani
35054,Dam HaMaccabim/Tiltan
35055,Lapid West Junction
35056,Kfar Rut West Junction
35061,Hoofien/HaHaluts
35063,Hayarden River/Zohar Creek
35064,Yitshak Rabin Boulevard/Nahal Na'aman
35066,Yo'el Drubin/Ha'Ahim Smilchansky
35067,Ole HaGardom/HaHayal Ha'Almoni
35072,Mazkeret Batya Junction/Road 411
35073,Mazkeret Batya Junction/Road 411
35074,M. Batya/Eastern Exit
35078,Mitspe Modi'in Junction
35079,Mitkan Adam Junction
35080,Neot Kedumim Junction
35081,Mevo Modi'im Junction
35082,Ayalon Prison
35083,Yerushalayim Boulevard/Gavri'el
35084,Henrietta Szold/Eilat
35085,Hahashmona'im/HaRav Toledano
35086,Ala School/Shapira
35087,Mordechai and Hava Friman/Shafir
35088,Ramla Central Bus Station
35090,Herzl Boulevard/Trumpeldor
35092,Herzl Boulevard/Aharon Ben Yosef
35093,Ramla North Junction
35094,Electricity Company
35095,Beit Chabad B for Boys/Yoseftal
35096,Lod Rail Station/Yoseftal
35097,Hativat Yiftah/Ben Hakun
35098,David HaMelekh Boulevard/Leah Goldberg
35099,David HaMelekh/Shlomo HaMelekh
35101,Commando Square
35102,Herzl/Brener
35103,Lod Municipaliy/Herzl
35105,Aba Hilel Silver/Pesah Lev
35106,Ginaton Junction
35107,Ben Shemen Junction
35108,Ben Shemen Junction
35109,Gimzo Junction
35114,Road 562/Lev HaSharon Road
35121,Nahum/Yehezkel Ben Buzi
35122,Nahum/Yehezkel Ben Buzi
35123,Hagra/Don Yosef HaNasi
35124,Yehud Junction
35125,HaKalir/Rambam
35126,Bedek Junction
35128,Israel Aerospace Industries Junction
35134,Meir Hospital/Moshe Sneh
35135,Dr.Moshe Sne/Barkan
35137,Makabim-Re'ut Junction
35138,HaHashmona'im Blvd/Yitshak Rabin Boulevard
35139,HaHashmona'im Blvd/Shomre HaHomot
35140,Motta Gur/HaMichlala Le Minhal
35143,Azur-M. Spinoza/Palmach
35144,Azur-M. Spinoza/Palmach
35145,Hayarden River/Zippori Creek
35146,Hayarden River/Ma'ale Amiaz
35147,Yehuda/Re'uven
35148,Dan/Yosef
35149,Emek Yezre'el/HaYarmuch Creek
35150,City Hall
35151,Migdal HaLevanon/Zin Creek
35152,Migdal HaLevanon/Ma'ale Doron
35154,Nahal Sorek/Zin Creek
35155,Nahal Sorek/Ma'ale Gid'on
35156,Nahal Yavne'el/Nahal Sorek
35157,Zohar Creek/Nahal Na'aman
35158,Zohar Creek/Yagur Creek
35159,Yosef
35160,Esther HaMalka/Shivte Israel
35161,Esther HaMalka/Efrayim
35162,Sara Imenu/Ya'el HaGibora
35163,Rekhassim/Mt. Shaul
35164,Sara Imenu
35165,Sara Imenu
35166,Sara Imenu
35167,HaMeyassdim Road/Gefen
35168,HaMeyassdim Road/Marganit
35169,Pashosh/Lavi
35170,Avital/Atzmon
35171,Almogen/Levona
35173,Rekhassim/Mt. Sneh
35174,Rekhassim/Mt. Varda
35175,Re'ut Makabim High School
35176,Bareket/Sapir
35177,Azrieli Mall
35179,Emek Bet She'an/Ya'akov Dori
35180,Zekharya HaNavi/Emek Ha'Ela
35181,Ecological Farm/Hashdera Hamerkazit
35182,Ecological Farm/Hashdera Hamerkazit
35183,Leah Imenu
35185,Faculty of Agriculture
35188,Zekharya Medar/Miryam Mizrahi
35189,Yerushalayim/Ami
35190,Sitriya Junction
35191,Yashresh Junction
35192,Yerushalayim/Parshani
35193,Yerushalayim Road/Dr.Herman Maas
35197,Hametsuda/Ha'Ikarim
35198,Moshe Sharett/Shprinzak
35199,Moshe Sharett/Shprinzak
35200,Radak/HaKalir
35201,HaTurim/Radak
35202,Radak/HaTurim
35203,Bne Darom Junction
35205,Bne Darom Junction
35207,Nili/Yaakov Weiss
35208,Geva/HaTzhanhanim
35209,Geva/Struma
35210,Bnei Brit Garden/Mordei HaGetaot
35211,Oron Yarden Garden/Mordei HaGetaot
35212,Ha'Atsma'ut/HaNessi'im
35216,Bnei Ayish Junction South
35224,En HaKore Junction
35226,Nehemya/Arik Einstein
35227,Nehemya/Marvad Haksamim
35229,Lev HaSharon Road/Road 562
35230,Road 562/Road 5613
35231,HaArava/HaTe'ena
35232,Ness Ziona Central Sttn/Weizman
35233,Ya'alom/Shoham
35234,Tom Lantos Blvd/Professor Yosef Klausner
35235,En HaTkhelet Terminal/Alight
35236,En HaTkhelet Terminal/ Boarding
35237,Yad Harutzim Terminal/Pick Up
35238,David El'azar/Israel Schmidt
35240,Rimon/Hadar
35241,Shoham/Tarshish
35242,Road 562/Road 5613
35243,Road 5613/Road 562
35244,Professor Yosef Klauzner/Deganya Road
35245,HaLohamim Terminal/DMV
35246,HaLohamim Terminal/DMV
35247,Yahad Shivte Israel Blvd/Shevet Yehuda
35248,Road 5613/Road 562
35249,Yahad Shivte Israel Blvd/Shevet Shim'on
35250,Yahad Shivte Israel Blvd/HaRav Elyashiv
35251,Yahad Shivte Israel Blvd/HaRav Ovadya Yosef
35252,Yahad Shivte Israel Blvd/Shevet Yisakhar
35253,Yahad Shivte Israel Blvd/HaRav Ovadya Yosef
35254,Yahad Shivte Israel Blvd/Shevet Yisakhar
35255,Yits'hak Rabin Road/Totseret HaArets
35256,Yearot Israel/Yehuda HaMaccabi
35257,Yearot Israel/Yehuda HaMaccabi
35258,HaTizmoret/HaPsanter
35259,HaMa'ayan/HaShdera HaMerkazit
35260,Tennis Court/Dr.Israel Peled Road
35261,Ahisemekh Junction
35262,Ahisemekh Junction
35263,Deganya/Denmark
35264,Deganya/Yits'hak Rabin Road
35265,Nahlieli/Dukhifat
35266,HaMa'pil Junction
35267,HaMa'pil Junction
35268,HaTamar/HaGefen
35269,HaTamar/HaRimon
35270,HaRimon/HaTamar
35271,HaTe'ena/HaGefen
35272,HaTe'ena/HaZayit
35273,HaZayit/HaTamar
35274,HaZayit/HaTamar
35275,Airport Terminal 3/Public transport floor
35276,Commercial Center/Giv'at Brener
35277,HaTe'ena/HaGefen
35278,Giv'at Brener Regional School
35279,Giv'at Brener Regional School
35280,Pinhas Eilon/Menahem Begin
35281,Pinhas Eilon/Menahem Begin
35282,Rabi Yehuda HaNasi/HaSanhedrin
35283,Rabi Y. HaNasi/Shamgar
35284,Rabi Nasi/HaRav Levi
35285,HaMaharal MiPrag/HaRav Hayim David HaLevi
35286,HaMaharal MiPrag/Ovadya
35287,HaHistadrut/Rothschild
35288,Mahane Yehuda/En Ganim
35289,Mahane Yehuda/Yits'hak Ben David
35290,Yad Binyamin Junction
35291,Mahane Yehuda/Zvi Hirsch Kalischer
35292,Hefets Hayim Junction
35293,Hefets Hayim Junction
35294,Shraga Refaeli/Rivka Guber
35295,Shraga Refaeli/Rivka Guber
35296,Avshalom Gisin/Yehuda Leib Pinsker
35297,Katriel Rapaport/Hannah VeMikha'el Levin
35298,Hannah VeMikha'el Levin/Yerushalayim
35299,HaDayagim/HaSira
35300,HaDayagim/Ha'Iltit
35301,General Ya'akov Dori Road/Levi Eshkol Road
35302,Schlesinger/Ha'Avoda
35303,Ahituv Junction
35309,Yehuda Halevi/Yohanan HaSandlar
35310,Road 562/Begin Boulevard
35311,Alexander Zaid/Stuck
35312,Alexander Zaid/HaRimon
35313,Ha'Aviv/Shlomo Kaplansky
35314,Levi Eshkol/HaHavatselet
35315,Haharoshet -Or Yehuda Terminal
35318,Golda Meir/HaSitvanit
35319,HaGiv'a/HaGiv'a Lane
35320,HaGiv'a/HaGderot
35321,HaGderot/HaHargol
35322,HaGderot/HaHermesh
35323,Golda Meir/Hay Kef
35324,HaTamar/Mevo HaTe'ena
35325,HaRimon/HaGefen
35326,Meshek 36
35328,HaGalil/Emek Yezre'el
35329,Ben Tsvi High School/Shlomo HaMelekh
35331,Emek Ayalon Blvd/Basmat
35333,Levi Eshkol Road/Haruge Malkhut Bavel
35334,Road 471/Jabotinsky
35335,Or Yehuda Terminal
35336,Bar Kokhba/Liebrecht
35337,Ha'Amakim/Emek Zevulon Lane
35338,Yad HaBanim/Zerubavel
35341,Or Yehuda Terminal
35344,Yehoshua Stampfer/Orde Wingate
35345,Ben Gurion Boulevard
35348,Baron Hirsch/Montefiore
35350,Ha'Atsma'ut/Moshe David Meisner
35351,Yefe Nof Square
35352,Bialik/HaRav Kitroni
35353,Tsvi Hirsh Kalisher/Shalom Shabazi
35354,Brigadier Kish/Kedoshe Kahir
35355,HaNevi'im/Moshe Duvdevani
35358,HaHamisha/Re'uven Alley
35364,Menachem Begin Boulevard/David Remez
35365,Ben Gurion Blvd/Dwight David Eisenhower
35366,HaRav Shalom Shabazi/Shlomo Ma'uda
35367,Jabotinsky – Commercial Center
35368,Cemetery
35369,Yehoshua Bin Nun/HaRashash
35370,Menachem Begin Road/Dan
35372,Tal School/Menachem Begin Road
35373,Krol LRT Station/Orlov
35374,Mazkeret Batya/Zikhron Y'akov
35375,Tel HaShomer Camp
35376,Rothschild/Gordon
35377,Kiryat Arye Railway Station
35378,Kiryat Arye Railway Station
35379,Mehtsavot Junction
35380,HaTamar/Seyfan Lane
35381,HaTamar/Kalanit Lane
35382,Ha'Arava/HaBrosh
35383,HaOren/Ha'Arava
35384,HaOren/HaNarkis Alley
35385,David Navon/HaOren
35386,Herzl/Teller
35387,Ra'anana West Park
35388,Zafrir - Neve Rabin Quarter
35389,Nitsan-Sc' Neve Rabin
35390,HaKibbutzim Blvd./Zvi Appel
35391,Farm
35392,HaRimon/HaOmer Blvd
35395,Eliyahu HaNavi/Yirmiyahu HaNavi
35397,Ono Interchange/Road 471
35400,Rishon LeTsiyon/Rehovot
35401,Jabotinsky/Bar Ilan Road
35402,Ludiov/Grynszpan
35403,Hanan Levitan/Bruriah Bat Teradion
35405,Ludyov/David Tabatshnik
35406,Ra'anana North Junction
35408,Eliyahu HaNavi/Yirmiyahu HaNavi
35411,Nordau
35412,Shabazi/HaLulav
35414,HaGolan/Kaplan
35415,HaBanim/Kaplan
35416,Religious School/HaBanim
35417,HaZayit/Shabazi
35418,Shopping Center
35419,Emek Ayalon Boulevard/444
35420,Yehuda Halevi/Rashi
35421,Rashi/HaHaluts
35422,Rashi/Yehuda Halevi
35424,Rashi/Tsedek
35425,Tverya/Ezra U Nehemya
35426,HaRav Elbaz/Safed
35427,Eliyahu HaNavi/Miryam HaNevia
35428,Tiberias/Shevet Dan
35429,Tverya/Ezra U Nehemya
35430,David Ben Gurion/Mivtsa Kadesh
35431,ELiyahu HaNavi/Shmuel HaNavi
35434,Segula Railway Station
35435,Mehtsavot Junction
35436,Bareket Junction
35437,HaDekel/HaHoshen
35438,HaDekel/HaSapir
35439,Emek Ayalon Blvd/HaHevel
35441,Yitshak Rabin Road/Haika Grossman
35443,Shlomo Shmeltzer Road/HaShfela
35444,Road 562/Begin Boulevard
35445,Henrietta Szold/Zamenhoff
35446,Brigadir Kish/David Razi'el
35447,P'T Park/HaRav Moshe Malka
35449,Yona/HaRav Tse'iri
35450,HaNevi'im/Yehoshua Bin Nun
35451,Brener/Masaryk
35452,Eliyahu HaNavi/Amos HaNavi
35453,Eliyahu HaNavi/Zekharya
35454,Hativat Alexandroni/HaHistadrut
35455,Miryam HaNevia/Eliyahu HaNavi
35458,Miryam HaNevia/Shmuel HaNavi
35459,Havakuk/Miryam HaNevia
35460,Havakuk/Miryam HaNevia
35461,Eliyahu Blvd/Rakefet
35462,HaHistadrut/Mohliver
35463,Shmuel HaNavi/Ahiya HaShiloni
35464,Shmuel HaNavi/Ahiya HaShiloni
35465,Ma'ayan/Afik
35467,Weizmann/Dolev
35469,Weizmann Blvd/Ela
35470,Ma'ayan/Afik
35471,Stampfer/Bar Kokhba
35472,Ben Gurion Blvd/Aharon Katzir Blvd
35474,Aluf Ya'akov Dori Road/Gildesgame
35475,HaGalil/Dvir
35477,Mikve Israel School
35478,Albert Einstein/Neli Sacks
35479,Albert Einstein/Neli Sacks
35480,Begin Boulevard/Road 562
35481,Hayim Herzog/Nisim Aloni
35483,HaRav Herzog/Shmuel Haim Landoi
35484,Yitshak Rabin Road/Haika Grossman
35485,Yitzhak Rabin Road/Dganya
35488,Ono Interchange/Yitzhak Rabin Road
35489,Weizmann/HaBrosh
35490,Amishav Junction
35491,Yitzhak Rabin Road/Yitzhak Wittenberg
35493,Yitzhak Rabin Road/Yitzhak Wittenberg
35496,Eliyahu/Eskhol
35497,Azriel/Entry
35502,HaAtsma'ut Blvd/HaRav Uziel
35504,Eliyahu Blvd/HaShotrim
35505,Light Rail Rothschild/Herzl
35506,HaNevi'im/Menahem Begin Road
35507,Road 562/HaOsher
35509,Bet Rivka High School
35510,Balfour/HaAtsma'ut Blvd
35511,Menahem Begin Blvd/Hel HaTot'hanim
35512,Ben Ami Camp/Entrance
35514,Sourkis School
35515,Ben Ami Camp/Exit
35517,Shoham Junction
35518,Shoham Junction
35519,HaNahshol/Mivtsa Moshe
35520,Zchor L'Avraham Syg./Ben Kisma
35521,Ben Kisma/Shim'on HaTsadik
35523,Ben Ami Camp
35525,Shim'on HaTsadik
35526,El'ad Junction
35528,HaNahshol/Moshe Dayan Boulevard
35529,Hayim Hefer/Dudu Dotan
35534,Moshe Dayan/Levi Eshkol
35537,Rabbi Yehuda HaNasi/City Entry
35538,El'ad Junction
35539,Honi Hame'agel/Rabbi Yehuda HaNasi
35540,Rabbi Yehuda HaNasi/Honi Hame'agel
35542,Hayim Hefer/Dudu Dotan
35545,Gil Alley/Enzo Sereni
35546,Dudu Dotan/Hayim Hefer
35547,Raban Yohanan Ben Zakay/Rabbi Tarfon
35550,Raban Yohanan Ben Zakay/Shmaya
35551,Gan Esther/Ben Zakai
35552,Ben Zakai/Gan Esther
35553,Hillel/Rabbi Shmu'el HaNagid
35554,Shmuel HaNagid/Shamay
35556,Rabi Akiva/Hayim Hefer
35558,Rabbi Yehuda HaNasi/Raban Yohanan Ben Zakay
35559,Honi Hame'agel/Rav Nissim Ga'on
35560,Rabbi Yehuda HaNasi/Honi Hame'agel
35561,Rabi Akiva/Hayim Hefer
35564,Raban Yohanan Ben Zakay/Hillel
35566,Raban Yohanan Ben Zakay/Hillel
35568,Ahi'ezer Synagogue/Yehuda HaNassi
35569,Rabbi Yehuda HaNasi/Rabbi Akiva
35570,Rabbi Yehuda HaNasi/Rabbi Akiva
35571,Ben Zakai/Ben Kisma
35572,Rabbi Akiva/Raban Yohanan Ben Zakay
35573,Ben Zakai/Ben Kisma
35575,Raban Yohanan Ben Zakay/Me'ir
35576,Rabbi Me'ir/Raban Yohanan Ben Zakay
35577,Road 562/HaOsher
35578,Yonatan Ben Uzi'el/Rabbi Me'ir
35579,Rabbinate Bureau/Rabbi Me'ir
35580,Road 57/Road 562
35581,Pinhas Ben Ya'ir/Rambam
35582,Ben Ya'ir/Rabbi Me'ir
35583,Yonatan Ben Uzi'el B
35584,HaShilo'ah/HaLapid
35585,Ben Zakai/Rabenu Behaye
35586,Rabbi Yehuda HaNasi/Rabbi Me'ir
35587,Rabbi Yehuda HaNasi/Ibn Gvirol
35588,Rabbi Yehuda HaNasi A
35589,Rabbi Yehuda HaNasi B
35590,HaShilo'ah/HaMagshimim
35591,Yegi'a Kapayim/HaPsagot
35592,Yegi'a Kapayim/HaPsagot
35593,Yonatan Ben Uzi'el A
35594,Rabbi Pinhas Ben Ya'ir/Rambam
35596,Rashbi/Rabi Pinhas Ben Ya'ir
35597,Raban Yohanan Ben Zakay/Rashbi
35599,Rabbi Yehuda HaNasi/Rabbi Shimon Ben Shetach
35600,Primary Education Center
35603,Nir Eliyahu Office
35606,HaYekev/HaYogvim
35607,Einat Junction North/444 highway
35608,HaYekev/HaZmora
35610,444 highway North/Shlomo HaMelekh boulevard
35614,HaKomemiyut/Anna Frank
35615,HaYetsira/HaKidma
35616,Ha'Irus/HaHavatselet
35617,Shlomo Mantsura/Sa'adia Ga'on
35619,HaYetsira/Ef'al
35621,Chaim Ozer/HaMeyasdim Square
35622,Ben Gurion/Buber
35624,High School Education Center
35625,Ben Zakai/Migdal Hamayim
35626,Rabbi Yehuda HaNasi/Rabbi Shimon Ben Shetach
35627,Rabbi Yehuda HaNasi/Rabbi Shimon Ben Shetach
35628,Rabbi Yehuda HaNasi/Raban Yohanan Ben Zakay
35629,Ben Zakay/HaNasi
35635,Sportek Terminal
35636,Honi Hame'agel/Bet Ya'akov
35637,Ben Kisma/Ben Zakai
35639,Da'at Zkenim School/Ibn Gvirol
35640,Rabbi Shimon Ben Shetach/Rabenu Ovadya MiBartenura
35644,Shmuel HaNatsiv/Y.H.Brener
35645,Rabbi Shimon Ben Shetach/Ibn Gvirol
35650,Kesem Interchange
35656,Miryam HaNevi'a/Amos HaNavi
35658,Miryam HaNevi'a/Amos HaNavi
35662,HaLohamim/HaMaapilim
35664,Modi'im Junction
35666,HaTsiyonut Blvd/HaMakabim Road
35667,Klauzner/Bialik
35672,HaBesht/Haim Weissburg
35673,HaBesht/Haim Weisburg
35674,Menuha VeNahala/Ezra
35675,Shalvata Hospital/Aliyat HaNo'ar
35676,Shalvata Hospital/Aliyat HaNo'ar
35677,Brener Junction
35679,Beit Raban Interchange West
35680,Road 57/Road 562
35681,Abba Hillel Silver/Menahem Begin Road
35683,Ginaton Junction
35684,Hakalanit/Ha'Irus
35685,Hefets Hayim
35687,Shiv'at HaMinim/Square
35690,Yesodot/Office
35691,Shiv'at HaMinim/Synagogue
35698,Moshe Dayan/Yitshak Ben Tsvi
35699,HaMetziltayim/HaTizmoret
35700,HaMetziltayim/Homa VeMigdal
35701,HaTizmoret/HaOrgan
35702,HaTizmoret/HaMapuchit
35703,HaTizmoret/HaPsanter
35704,HaTizmoret/Hahatsotsra
35705,Hahatsotsra/Motta Gur
35706,Hahatsotsra/HaTizmoret
35708,Tor HaZahav/HaRashba
35711,Tor HaZahav/Ben Saruk
35712,Gdole Israel/Haim Bar Lev
35722,HaSukkah/HaDagan
35723,Neot Sinai/Yitshak Rabin
35724,HaMashbir/HaLahav
35725,Road 562/Road 57
35727,Yekutieli Intersection
35729,Ha'Arets Boulevard/HaDekalim Boulevard
35730,Ha'Arets Boulevard/HaPrahim Road
35731,Ha'Arets Boulevard/HaDekalim Boulevard
35732,Ha'Ilanot/Brosh
35733,Kindergartens/Ha'Ilanot
35734,Nof Harim/Snunit
35735,Nof Harim/Margalit
35736,Nof Harim/Netafim
35737,Nof Harim/Haluke Nahal
35738,HaDekalim Blvd/Giv'on
35739,HaDekalim Blvd/HaPsagot
35740,HaDekalim Blvd/Ha'Ilanot
35742,Menahem Begin Road/HaMada
35743,Menahem Begin Road/HaMada
35744,Rishon LeTsiyon Central Station
35746,Efrayim Boulevard/Atsma'ut
35748,Begin Boulevard/Ben Gurion
35749,Shlomo HaMelekh Blvd/Jabotinsky
35751,Greenspan/HaKukiya
35752,Mishon HaNof School/Yehoshua Gibstein
35755,Eged Terminal/Bilu Center
35756,Power Center
35757,Shprinzak/Shim'on
35758,Sokolov/Zerubavel
35760,Culture Center/HaShiryon
35763,Sheshet HaYamim/HaTayasim
35764,Culture Center/Bilu
35765,Kenyoter/Emek HaShoshanim
35767,KKL/Katznelson
35771,Kalanit/Tsivoni
35772,Kalanit/Havatselet
35773,Lapid Intersection
35774,Road 423/Hanafat HaDegel Road
35777,Hanafat HaDegel Road/Road 423
35778,Laskov/Rabinowitz
35780,Herzog/Tsadok
35781,Rivka Gover/Weizman Avenue
35783,Yehoshua Gibstein/Arye Berger
35788,Begin/Bareket
35792,Mazkeret Batya/Entrance East
35793,Kiryat Ekron
35794,Begin/Bareket
35795,Bareket/Begin
35796,Bar Lev/Begin
35797,Shazar School/HaRav Nisenbaum
35799,Yitshak Benari/Bustan
35801,Simcha Holtzberg/Ben Gurion School
35803,Motta Gur/Murray Gell-Mann
35804,Etsel/Altalena
35805,Etzel/Yosef Lishanski
35808,Haim Bar Lev/Gdole Israel
35809,David Elazar/HaHistadrut
35810,Yerushalayim Boulevard/Mifrats Shlomo
35812,HaHistadrut/Borochov
35814,Erlich/Moshe Dayan
35815,Yitzhak Rabin/Haim Bar-Lev
35816,Ha'Amora'im/HaTana'im
35821,Pekris/Plaut
35822,Meyer Weisgal Road/Pinhas Sapir
35823,Pinhas Sapir/Einstein
35824,Einstein/Holtzman
35825,Bergman/Plaut
35826,Oppenheimer/Bergman
35827,Road 423/Margolin
35830,Road 553/Bet Yehoshua Railway Station
35831,Road 553/Bet Yehoshua Railway Station
35832,Abir Junction
35836,Road 444/HaMerets
35838,David Saharov/Moshe Levi
35843,Bet Hashmonay
35844,Central Park 2000 Industrial zone/Atir Yeda
35845,Central Park 2000 Industrial zone/Atir Yeda
35846,National Insurance/Bareket
35847,Hatzi Hinam/HaMerkava
35848,Hatzi Hinam/HaMerkava
35852,Mifrats Shlomo/Ramat HaGolan
35853,National Insurance/Bareket
35854,HaBanai/Ha'Orgim
35855,Bar Lev/Moshe Dayan
35857,HaMerkava/HaMashbir
35858,HaMerkava
35861,HaRav Shalom Shabazi/HaRav Shlomo Madar Alley
35863,HaYovel Boulevard/Nachlat Yehuda
35864,HaRav Shalom Shabazi/Yehuda Halevi
35866,Ha'Omanut/Yad Harutsim
35867,Margolin/Israel Schmid
35869,HaNehoshet/Hamelaha
35871,David Elazar/Kibbutz Galuyot
35873,Bershevsky/Menachem Cohen
35874,Marvad Haksamim/Ba'ale HaMel'akha
35875,Weizmann/Katznelson
35876,Weizmann/Ha'Atsma'ut
35877,Menachem Begin/Ha'ilanot Road
35878,Struma/Menashe
35880,Weizmann/Lilienblum
35881,Yirmiyahu/HaNevi'im
35882,HaRokmim/HaLahav
35883,HaRokmim/HaLahav
35886,HaRishonim Railway Station
35887,Margolin/Israel Schmid
35889,Yehoshua Gibstein/Yona Zvi Feinstein
35892,Holon Mall/Hankin
35893,Nof Kdumim/HaMaccabim Blvd
35894,Aviv High School
35898,Rabinovich/Ben Gurion
35900,Aharonovich/Moshe Dayan
35901,Rabinovich/Ben Gurion
35902,Nahshonim Junction
35904,Sorek Interchange/Road 3
35905,HaHistadrut/Kupat Holim
35908,Herzl/HaRav Herzog
35909,Ein HaKore/Herzl
35910,Carmel/Jabotinsky
35913,Azar/Moshe Dayan
35914,Azur Garage
35915,Yigal Allon/Yehezkel HaNavi
35916,Levi Eshkol/Tor HaZahav
35917,Hanassi Estate
35919,Neve Dekalim/Refidim
35920,HaHalutsim/Nov
35921,HaHalutsim/Nov
35922,Neve Dekalim/Nahal Yam
35923,Ta'as
35924,Airport/Termin 3
35927,HaSnunit/HaDror
35928,South Entrance/Shalom Shabazi
35929,Regavim/HaBsor
35931,HaTe'ena/HaTamar
35932,Shmotkin/Bershevsky
35933,Tsvi Frank/Giv'ati
35935,Haim Bar Lev/Moshe Dayan
35936,HaSivim/HaBitahon
35937,Jabotinsky/Golda Meir
35939,HaTizmoret/Ha'Ugav
35941,Rantis Checkpoint
35942,Rantis Checkpoint
35946,Ein Hai/HaMeyasdim
35949,Eyal G
35959,Yitshak Benari/Simcha Holtzberg
35961,University/Dganya Road
35967,Harzfeld Hospital/Derekh Erets
35968,Yosef Klauzner/Tom Lantus
35970,Yad-LaBanim/Arlozorov
35971,Haim Arlozorov/Gaysot HaShiryon
35973,Eliyahu Golomb/HaRav Moshe Bloy
35987,Sinai/Ha'Etzel
35989,Atidim/HaYetsira
35990,Ha'Emek/HaTe'ena
35995,HaTa'as/HaSadna
35998,HaBarbur/HaZamir
35999,Haim Bar Lev/Gdole Israel
36000,Negba/Homa VeMigdal
36001,Negba/Bet Yehoshua
36002,Negba/Kfar Hitim
36003,Negba/Hanita
36004,Sorek Interchange/Road 7
36005,Ya'akov Boulevard/Yesha'yahu HaNavi
36006,HaShira Ha'Ivrit/HaRav Kapah
36007,HaShira Ha'Ivrit/HaMeshoreret Rachel
36008,HaShira Ha'Ivrit/Gdole Israel
36009,Moreshet Israel/Ribal
36010,Moreshet Israel/HaRav Neriya
36011,Gdole Israel/Shaike Ofir
36012,Gdole Israel/Elkabetz
36013,HaOmanut/Gibore Israel Blvd
36014,Homa VeMigdal/Usha
36015,Negba/Usha
36016,Homa uMigdal/Yitzhak Rabin
36017,Homa VeMigdal/HaHistadrut
36018,Sapir Train Station/Yad Harutzim
36019,Negba/Sde Nahum
36020,Jabotinsky Blvd/Matityahu Dankner
36021,Negba/Dan
36022,Jabotinsky Blvd/Gad Machnes
36023,HaHistadrut/Golda Meir
36024,HaTkuma/Israel Galili
36025,HaTekuma/HaYakinton
36026,Tor HaZahav/Levi Eshkol
36027,Tor HaZahav/Levy Eshkol
36028,Gad Machnes/Matityahu Dankner
36029,HaAtsma'ut Square/Gad Machnes
36030,Rashi/Etsel
36031,HaTkuma/Shomera
36032,HaTekuma/HaMoran
36035,Hayim Herzog/Nisim Aloni
36036,Afik/Yehoshua Ben Nun
36038,Naomi Shemer Blvd./Eliyahu
36039,Tzahal Road./Keren HaYesod
36040,Rothschild/HaShaked
36042,Gan HaZikaron/HaTekuma
36043,Moshe Dayan Boulevard/HaRav Yosef Azran
36044,Moshe Dayan Boulevard/HaTkuma
36045,Moshe Dayan Boulevard/Sha'ul HaMelekh
36046,Moshe Dayan Blvd/Sha'ul HaMelekh
36047,Beit Lid Camp
36048,Jabotinsky/Spinoza
36049,Beit Dagan Junction/Highway 412
36050,Jabotinsky/Begin Boulevard
36051,Madah/Jabotinsky
36052,Madah/Jabotinsky
36053,HaRishonim Railway Station
36054,Center Station/HaHistadrut
36055,Avi HaAsirin Terminal
36056,Jabotinsky/Ha'Ahim Smilchansky
36057,Center Station/HaHistadrut
36058,Dganya Road/Eliezer Kaplan
36059,Dganya Road/Zvi Shechterman
36060,Rothschild/Herzl
36061,Ole HaGardom/Rutenberg
36062,Hekhal HaTarbut/Jabotinsky
36063,Hekhal HaTarbut/Jabotinsky
36064,Mall/Weizmann
36066,Yerushalayim/HaHohit
36069,Margolin/ZG Banot
36070,HaGdud HaIvri/Habad
36071,HaGdud Ha'Ivri/Margolin
36072,Ya'akov Boulevard/Ha'Eshel
36073,Ya'akov Boulevard/HaVered
36074,Weizmann/Elkalay
36075,HaMeshi Road
36076,Nissenbaum Terminal/Menahem Begin Road
36077,Sa Ness – Be'er Ya'akov Yeshiva
36078,Commercial Center/Keren HaYesod
36079,Commercial Center/Keren HaYesod
36080,Rehovot Train Station
36081,Operating Station/Pinhas Ben David Kapara Boulevard
36082,Jerusalem Road/Shraga Ben Ari
36083,Habad Junction
36084,Jerusalem Road/Israel Belkind
36086,Zalman Shazar/Hal HaYam
36087,Zalman Shazar/Signal Corps
36090,Koresh/Rechavam Ze'evi
36091,Koresh/Zalman Shazar
36093,Heil HaTotkhanim/Ahi Hetz
36094,Hel HaTothanim
36097,HaKomemiyut/HaNevi'im
36098,HaKomemiyut/HaNevi'im
36099,Eged Parking
36100,Marina Beach/Ben Gurion Road
36101,Yitshak Sade/Balfour
36102,Yitshak Sade/Balfour
36103,Balfour/Yitshak Sade
36104,Balfour/Yitshak Sade
36105,Western Shapirim Parking Aleph
36108,Light Rail HaKomemiyut/Begin Road
36110,Haim Bar-Lev/Ma'as
36111,HaKomemiyut/Naha
36114,HaKomemiyut/HaRav Nisenbaum
36115,HaKomemiyut/HaRav Nisenbaum
36116,HaAmal/Ehud Kinnamon
36117,HaAmal/Ehud Kinnamon
36118,HaRav Nisenbaum/HaKomemiyut
36119,Light Rail HeAmal/Rav Nisenbaum
36120,Light Rail HeAmal
36121,HaNevi'im/HaKomemiyut
36122,HaNevi'im/Yitshak Sade
36124,Western Shapirim Parking Beit
36125,General Koenig/HaNevi'im
36126,Ort Israel/General Koenig
36127,Ort Israel/General Koenig
36128,Nitsba Complex
36129,Yitshak Sade/HaNevi'im
36130,Balfour/Max Nordau
36131,Bne Tsiyon School/HaNevi'im
36133,Nitsba Complex
36134,Light Rail HeAmal/Rav Nisenbaum
36135,HaRav Nisenbaum/HaRav Maimon
36136,HaRav Nisenbaum/HaRav Maimon
36137,HaHatzlaha Road/Yosef Tommy Lapid
36139,Bne Tsiyon School/HaNevi'im
36140,HaNeviim/HaSar Rabinowitz
36142,HaNeviim/HaSar Rabinowitz
36145,Park and Go Rishon LeZion/HaHatzlaha Road
36146,Park and Go Rishon LeZion/Yosef Tommy Lapid
36147,Tchernichovsky School/Hagra
36148,HaBonim/Giborei Israel
36149,HaZamir/HaShahaf
36150,Ziona Zarfat Boulevard/Lea Goldberg
36151,Ramot Comprehensive School/Keren HaYesod
36152,Ramot Comprehensive School/Keren HaYesod
36153,Sara Aaronshon/Lea Goldberg
36154,Sportek/Sara Aaronsohn
36155,Anne Frank/HaKomemiyut
36156,Sportek/Sara Aaronsohn
36157,Cemetery/HaKomemiyut
36158,Anne Frank/HaRav Maimon
36159,Light Rail November 29
36160,HaRav Nisenbaum/Haharoshet
36161,Light Rail November 29
36162,HaRav Levi/HaDekel
36163,Kaf Tet BeNovember/HaRav Levi
36164,Kaf Tet BeNovember/Anne Frank
36165,HaRav Levi/HaDekel
36166,Light Rail November 29
36167,Shazar High School/HaRav Levi
36168,Anne Frank/Kaf Tet BeNovember
36169,Anne Frank/Kaf Tet BeNovember
36170,Kaf Tet BeNovember/Anne Frank
36171,Kaf Tet BeNovember/Eli Cohen
36172,Kaf Tet BeNovember/Eli Cohen
36173,Eli Cohen/Hatsor
36174,Eli Cohen/Hatsor
36175,Eli Cohen/Metsada
36176,HaYovel Gas Station/Moshe Dayan
36177,Etgarim Park/Moshe Dayan
36178,Eli Cohen/David Razi'el
36179,Eli Cohen/Yoseftal
36181,Eilat/Ha'Avoda
36182,Tomashin High School/Eilat
36183,Tomashin High School/Eilat
36184,Eilat/David Remez
36187,Eilat/Yoseftal
36188,Galim Lookout/Ben Gurion Road
36189,Ben Gurion Road/Max Nordau
36190,Yoseftal/Ben Gurion Road
36191,Ben Gurion Road/Jabotinsky
36192,Ben Gurion Road/Jabotinsky
36193,Yoseftal/Masaryk
36194,Hasela Beach/Ben Gurion Road
36195,Hasela Beach/Ben Gurion Road
36196,Ben Gurion Road/Rothschild
36197,Rothschild/Ben Gurion Road
36198,Balfour/Max Nordau
36199,Yoseftal/Dakar
36200,Yoseftal/Borochov
36202,Haim Herzog/Tze'ela
36203,Light Rail Balfour
36205,Light Rail Jabotinsky/Ha'atzmaut Avenue
36206,Herzl/Balfour
36207,Balfour/Jabotinsky
36208,Light Rail Binyamin/Yoseftal
36209,Light Rail Binyamin/Yoseftal
36210,Bar Ilan Blvd/Haharoshet
36211,Hahashmona'im/Yoseftal
36212,HaRav Uzi'el/Daniel
36214,Balfour/HaRav Kook
36215,Balfour/HaRav Kook
36216,Balfour/Yerushalayim
36217,Herzl/Hannah Szenes
36218,Light Rail Rothschild
36219,Sara Aaronshon/Tze'ela
36220,Light Rail Rothschild
36221,Balfour/Rothschild
36222,Rothschild/Balfour
36223,HaRav Uzi'el/Ha'Atsma'ut Boulevard
36224,HaRav Uzi'el/Ha'Atsma'ut Boulevard
36225,Yerushalayim/Daniel
36226,Light Rail Ha'atzmaut
36227,Light Rail Ha'atzmaut
36228,Rothschild/Weizmann
36229,Weizmann/Rothschild
36230,Yerushalayim Blvd/Simcha Holzberg
36231,Yerushalayim Blvd/Simcha Holzberg
36232,Balfour/Simcha Holzberg
36233,Balfour/Simcha Holzberg
36234,Yoseftal Light Rail
36235,Yoseftal Light Rail
36236,Bat Yam Mall/HaRav Levi
36237,Yoseftal/HaRav Nissenbaum
36238,Yoseftal/Katznelson
36239,Katznelson/Yoseftal
36240,Anielewicz/Daniel
36242,Katznelson/Anielewicz
36243,Katznelson/Anielewicz
36244,Anielewicz/Katznelson
36245,Bat Yam Mall/Yoseftal
36246,Bat Yam Mall/Yoseftal
36247,Mivtsa Sinai/Katznelson
36248,Mivtsa Sinai/Struma
36249,Hekhal HaTarbut/Mivtsa Sinai
36251,Yerushalayim/HaShlosha
36252,Yerushalayim/HaShlosha
36254,Akiva School/HaShlosha
36256,Katznelson/HaHagana
36257,Yerushalayim School/Katznelson
36258,KKL/Rahav
36259,Netivot Rivka School/HaPalmach
36260,Weizmann/Kdoshe Lutsk
36262,Weizmann/HaShlosha
36263,HaShlosha/HaPalmach
36264,HaShlosha/Weizmann
36265,Yosef Tommy Lapid/HaHatzlaha Road
36266,Mivtsa Sinai/Yoseftal
36267,Mivtsa Sinai/Yoseftal
36268,Mivtsa Sinai/Ha'Arazim
36269,Yoseftal/Eilat
36270,Yoseftal/Eilat
36271,Herzl Boulevard/HaGdud HaIvri
36272,Eilat/HaHistadrut
36273,Eilat/Tse'elim
36274,HaHistadrut/Eilat
36275,Eilat/Tse'elim
36276,KKL/Yigal Allon
36277,Dov Hoz/Giv'ati
36278,Dov Hoz/Giv'ati
36279,Kibbutz Galuyot/Gush Etsyon
36280,Kibbutz Galuyot/HaShlosha
36281,Hazit Hamesh/HaBanim
36282,Hazit Hamesh/HaBanim
36283,Dov Hoz/HaMa'apilim
36284,Dov Hoz/HaMa'apilim
36285,HaMa'apilim/Dov Hoz Blvd
36286,HaMa'apilim/Dov Hoz
36287,HaBanim/Hazit Hamesh
36288,HaBanim/Yafo
36290,HaBanim/Har'el
36291,HaMa'apilim/HaBanim
36292,HaMa'apilim/HaBanim
36293,HaRav Aviad/HaGiborim
36294,HaRav Avi'ad/Helmit
36296,Mahrozet/Nardur
36298,Wolfson Hospital
36299,Herzl Boulevard/Shapira
36301,Hametsuda/Hazit Hamesh
36303,Hametsuda/HaHavatselet
36305,Wolfson Hospital
36310,Haim Bar-Lev/Parshani
36312,Yosef Lishanski/David Saharov
36315,Yosef Lishanski/Shaike Dan
36317,Albert Einstein/Golda Meit
36318,Albert Einstein/Golda Meit
36319,Ben Gurion/Rabinovich
36320,Ben Gurion/Rabinovich
36321,Moshe Dayan/Ben Gurion
36323,Aharonovich/Moshe Dayan
36324,Max veJessi Hacohen/Aharonovich
36325,Max veJessi Hacohen/Aharonovich
36326,Hoofien/Weizmann
36327,Hoofien/Bialik
36328,Golda Meir/Reuven Bareket
36329,Hoofien/Bareket
36330,Holon Mall/Golda Meir
36331,Meditech/Golda Meir
36332,Holon Mall/Golda Meir
36333,Kougel High School/Golda Meir
36334,Sharett School/Keren HaYesod
36335,Sharett School/Keren HaYesod
36338,HaHistadrut/Smolenskin
36339,HaHistadrut/Smolenskin
36340,HaHistadrut/Motzkin
36341,HaHistadrut/Motzkin
36342,Moshe Sharett/Mifrats Shlomo
36343,Moshe Sharett/Mifrats Shlomo
36344,Yamit 2000/Mifrats Shlomo
36345,Yamit 2000/Mifrats Shlomo
36346,Mifrats Shlomo/Ramat HaGolan
36348,Moshe Sharett/Keren HaYesod
36349,Keren HaYesod/Moshe Sharett
36350,Moshe Sharett/Keren HaYesod
36351,Alufe Tsahal/Moshe Sharett
36352,Alufe Tsahal/Moshe Sharett
36353,Moshe Sharett/HaHistadrut
36354,Building Technology College/Yerushalayim Blvd
36355,Yerushalayim Blvd/Alufe Tsahal
36356,Yerushalayim Blvd/HaLahav
36357,Yerushalayim Blvd/HaLahav
36358,Hamelaha/HaRokmim
36359,Hamelaha/HaRokmim
36360,Ha'Orgim/Hamelaha
36361,Ha'Orgim/HaSatat
36362,Hamelaha/Ha'Orgim
36363,Holon Municipality/Weizmann
36365,Yehuda Halevi/HaRav Kalaf
36366,Weizmann/HaHistadrut
36367,Weizmann/Sokolov
36368,Weizmann/Sokolov
36369,Dov Hoz/Henrietta Szold
36371,Sokolov/Henrietta Szold
36372,Sokolov/Kugel Boulevard
36373,Sokolov/Kugel Boulevard
36374,Albert Einstein/Shai Agnon
36375,Kugel Boulevard/Sokolov
36376,HaLohamim/HaLohamim Square
36377,Albert Einstein/Shai Agnon
36379,Kugel Boulevard/HaLohamim
36380,Arye Shenkar/Yavne
36381,HaHistadrut/Hankin
36382,Shenkar/HaHistadrut
36383,Shenkar/Sokolov
36384,Shenkar/Sokolov
36385,HaHistadrut/Rosh Pina
36386,HaHistadrut/Rosh Pina
36387,HaHistadrut/Mohliver
36388,Tel Giborim/Hametsuda
36389,Tel Giborim/Hametsuda
36390,HaMa'apilim/HaLohamim
36391,Country Holon/HaLohamim
36392,Licensing Bureau/HaLohamim
36393,Ta'as
36394,HaLohamim/Tel Giborim
36395,HaLohamim/Tel Giborim
36396,Highway 200/Moshe Arens
36397,Highway 200/Moshe Arens
36398,HaHistadrut/Ge'ulim
36399,HaHistadrut/Ge'ulim
36400,HaHistadrut/David Elazar
36401,HaPeled/Prof Shorr
36402,HaPeled/Ha'Ofan
36403,HaPeled/Ha'Ofan
36404,Timna Parking/Timna
36405,Timna Parking
36406,Moshe Arens/Highway 200
36407,Highway 200/Moshe Dayan
36408,Mikve Yisrael School/44
36409,Highway 200/Moshe Dayan
36410,Haim Bar-Lev/Mouksey
36411,Israel Belkind/Moshe Forer
36415,Ha'Orgim/HaBanai
36416,Ha'Orgim/HaBanai
36417,Ha'Orgim/HaManor
36418,Megine HaGalil/Uri Cohen
36419,Hamelaha/HaMashbir
36420,Hamelaha/HaMashbir
36421,HaPeled/Hamelaha
36422,HaPeled/Hamelaha
36423,Givati Brigade/Nathan Alterman
36424,Givati Brigade/HaZionut Boulevard
36425,Givati Brigade/HaZionut Boulevard
36426,Givati Brigade/Ahuva Ozeri
36427,Givati Brigade/Ahuva Ozeri
36428,Herzl Boulevard/Dvora Omer
36429,Herzl Boulevard/Dvora Omer
36430,Ganot Interchange/Road 4
36431,Herzl Boulevard/Rachel the Poetess
36432,Herzl Boulevard/Naomi Shemer
36433,Swimming Pool
36434,Kfar Habad/Boys School
36435,Or Simcha Yeshiva
36436,Regional Council
36438,Sheba
36439,Herzl Boulevard/Naomi Shemer
36440,Tel HaShomer Hospital/Cardiac Institute
36441,Tel HaShomer Hospital/Cardiac Institute
36442,Herzl Boulevard/Uzi Hitman
36443,Herzl Boulevard/Dahlia Ravikovitch
36444,HaZionut Boulevard/Herzl Boulevard
36445,Givati Brigade/Nathan Alterman
36446,Tel Hashomer Hospital/Oncology
36447,Golda Meir/Mosha Dayan
36450,HaZionut/Jabotinsky
36451,Ha'Arazim Blvd/Ha'Atad
36453,HaMaccabim Road/Elazar Horan
36454,Shopping Center/HaBatzir
36455,Naomi Shemer/Moshe Wilensky
36456,Ehud Manor/Uzi Hitman
36457,Ehud Manor/Moshe Vilensky
36458,Ehud Manor/Moshe Vilensky
36459,Cemetery
36460,HaRav Ovadia Yosef Boulevard/Yahad Shivtei Israel Boulevard
36462,Ramat Ef'al/Shiba Road
36463,Odem/Hoshen
36464,Ramat Ef'al/Shiba Road
36465,HaReches Boulevard/Yehuda HaMaccabi
36466,Ya'akov Peri/Gad Feinstein
36467,HaReches Boulevard/HaTzmiha
36468,HaReches Boulevard/HaHoresh
36469,HaReches Boulevard/HaHoresh
36470,Bne Dror East Junction
36471,Bne Dror West Junction
36472,Dror Interchange to North
36473,Dror Interchange to East
36474,Dror Interchange
36475,Dror Interchange
36476,Dror Interchange to South
36477,Dror Interchange to West
36478,Road 553/Rabin Road
36479,Road 553/Rabin Road
36480,Emek Ha'Ela/Aharon Katzir Blvd
36481,Mendes/Aharon Katzir Blvd
36482,Israel Post Sorting Center/HaReches Boulevard
36483,Israel Post Sorting Center/HaReches Boulevard
36484,HaReches Boulevard/HaYaar
36485,HaReches Boulevard/HaYaar
36486,Gas Station/HaReches Boulevard
36487,Gas Station/HaReches Boulevard
36488,Eged Parking
36489,Road 5720/HaEi Road
36490,Okef Darom Road/HaKfar Road
36491,HaTzanhanim/Yoseftal
36493,Main Boulevard/Tzela HaHar
36494,Ephraim Kishon/Arik Einstein
36497,HaTamar/HaZayit
36498,HaRakon/HaMaccabim
36499,Giv'at Shmu'el Junction
36500,Giv'at Shmu'el Junction
36501,Shalvata Hospital intersection
36502,Moshe Dayan/Haim Bar Lev
36503,HaRav Herzog/Yehoshua Thon
36504,Nitza Boulevard
36506,David HaMelech/Nitza Boulevard
36507,Weizmann/Sheshet HaYamim
36508,Raziel Road/Y.M. Pines
36509,Geva/Petah Tikva
36511,Geva/Petah Tikva
36512,Mordei HaGetaot/Efraim Aaronsohn
36513,Nili/Efraim Aaronsohn
36514,Don Isaac Abarbanel Road/Lehi
36516,Don Isaac Abarbanel Road/Etzel
36517,Military Base
36518,Ben Gurion Boulevard/HaNassi
36519,Ben Gurion Boulevard/HaNassi
36520,Spiegelmann/Ben Nathan
36521,Spiegelmann/Professor Joseph Klausner
36522,Campus Dora of Arts
36523,Dora Community Center
36524,Shmuel/HaNeviim
36526,Herzl/Nordau Blvd
36527,Daniel/Elisha
36528,Netanya Stadium
36529,Netanya Stadium
36530,HaMehkar/HaGavish
36531,Cinema City/HaMehkar
36533,Hanafat HaDegel Road/Weizmann
36534,Jabotinsky/Rambam
36535,Hanafat HaDegel Road/HaHadarim
36536,Hanafat HaDegel Road/Avner Ben Ner
36538,Hashmonaim Boulevard/Menahem Begin Road
36539,Hashmonaim Boulevard/Menahem Begin Road
36540,Lohme HaGeta'ot/Yitshak Sade
36541,Lohme HaGeta'ot/Yitshak Sade
36543,HaNamal/HaSipun
36544,HaNamal/HaZionut Boulevard
36545,HaZionut Boulevard/HaNamal
36546,HaZionut Boulevard/HaNamal
36547,HaZionut Boulevard/HaSipun
36548,HaZionut Boulevard/HaSipun
36549,Cemetery/HaZionut Boulevard
36550,HaNassi/Uzi Hitman
36551,Cemetery/HaZionut Boulevard
36552,Giborei HaHayil/Hativat Givati
36553,Geha Interchange/Jabotinsky
36554,Herzl Boulevard/Nathan Alterman
36555,HaReut Road/Sagi
36556,Al-Amal/Industrial Zone
36557,HaHistadrut/Yehoshua Hankin
36558,HaRav Goren/Haim Bar-Lev
36559,HaRav Goren/Haim Bar-Lev
36560,HaNassi/Lohme HaGeta'ot
36561,Weizmann/Moshe Dayan
36562,HaRav Ovadia Yosef/David Pinchas
36563,David Pinchas/HaRav Ovadia Yosef
36564,Netanya Train Station
36565,HaYarkonim/Yona Grin
36568,Yaarot Israel/Yaar HaZorea
36569,Yaarot Israel/Yaar HaZorea
36570,Shacham LRT Station/Itzhak Rabin road
36571,Road 40/Weizmann
36573,Hanafat HaDegel Road/HaHadarim
36574,Hanafat HaDegel Road/Ayalon
36575,Hanafat HaDegel Road/Ephraim Katzir
36576,Road 412/Neve Efraim
36577,Road 412/Neve Efraim
36578,Road 412/Neve Rabin
36579,Road 412/Neve Rabin
36580,Avshalom Gissin/Moshe Dayan
36581,Nof HaYarkon/Ramatayim Road
36582,Nof HaYarkon/Ramatayim Road
36583,Ha'Ofan/Haheresh
36584,Shlomo Shmeltzer Road/Granite
36585,Shlomo Shmeltzer Road/Granite
36588,Road 465/Nahshonim Camp
36592,Ya'akov Freiman/Menahem Cohen
36593,Levi Eshkol Road/Yerushalayim
36595,Herzl Re'ut School/Zissu
36596,Levy Eshkoln Road/HaTamar
36597,Lev HaPark/Weizmann
36598,Mul HaPark Rercreation Center/Yerushalayim Road
36599,Loewenstein Hospital/Yerushalayiim Road
36600,Beit Loewenstein/Ahuza
36601,Beit Loewenstein/Ahuza
36602,Weizman/Rivka Gover
36603,Weizman/HaNesher
36604,Kfar Batia Educational Institute/Yerushalayim Road
36605,Kfar Batia Educational Institute/Yerushalayim Road
36606,Synagogue/Peretz
36607,Jerusalem Road/Weizman avenue
36608,Y.L. Peretz/Geula
36609,Geula/Y.L. Peretz
36610,Ge'ula/Peretz
36611,Ahuza/HaMeitar
36612,Ahuza/Etsyon
36613,Ahuza/HaMelakhim
36614,Ahuza/Migdal
36615,Ahuza/Migdal
36616,HaTehiya/HaTkuma
36617,Kiryat Sharet Center/HaTikva
36618,HaTehiya/Kibbutz Galuyot
36619,Ness Ziona Stadium
36620,Kibbutz Galuyot/HaHaluts
36621,Morde HaGeta'ot/HaNurit
36622,Mishmar HaSharon
36623,HaYam/Dolfin
36624,HaShita/Havatzelet
36625,Hadassah Neurim School
36626,Yacon Community Center
36627,Ilan Ramon/HeHadarim
36628,Ariel Sharon/HaHadarim
36629,Ariel Sharon/Chaim Weizmann
36630,Ilan Ramon School/Patchornik
36632,Ilan Ramon/Ayalon
36633,Shapirim Parking/Pick-Up
36634,Ari'el School/Hare Yehuda
36635,Rishonim School/HaGalil
36636,Shapirim Parking/Drop-Off
36637,HaShaked/HaAlon
36638,HaShaked/HaTe'ena
36639,HaGalil/Giv'on
36640,Kdoshe HaSho'a Square
36641,HaRav Yosef Elyashiv/HaRav Shlomo Machlouf Orgad
36642,Uzi Hitman/Ehud Manor
36643,Moshe Dayan/Golda Meir
36644,Ben Gurion Boulevard/Ben Avi Boulevard
36645,Moshe Levi/Highway 200
36646,Menachem Cohen/HaTsofim
36649,Moshe Dayan/Highway 200
36650,Rabnitsky/Ben Zion Galis
36651,HaHohit/HaPashosh
36652,HaShaldag/HaZamir
36653,Haim Holtzman/David Fikes
36654,HaZetim/HaGefen
36655,Or BaGiva Center/Jerusalem
36656,Dam HaMaccabim/HaHashmona'im Blvd
36657,Wingate Institute/HaKshatot Circle
36658,Ya'akov Peri/Gad Feinstein
36659,Harav Yosef Elyashiv
36663,HaHof HaYarok Term.
36664,Moshe Sharet/Pinkas
36665,Menahem Begin Road/Yehuda Leib Yosefson
36666,Menahem Begin Road/Yehuda Gorodesky
36667,Bet Rivka
36668,Yehonatan/Ben Gurion
36669,David Elazar/Yehonatan
36670,Menahem Begin Road/Jerusalem Road
36671,Sheshet HaYamim Road/Shalom Peretz
36672,Haim Weizmann/Ariel Sharon
36673,Haim Weizmann/Ariel Sharon
36675,Education Complex Science Park/Platforms
36676,Rehavam Camp/40 Highway
36677,Haim Weitzman/Hanafat HaDegel Road
36679,Al-Shahada/Hitin
36680,Hitin/Al-Shahada
36681,Hittin
36682,Hittin
36683,Hittin/Al-Morabton
36684,Khaled Bin Al-Walid/Al-Morabton
36685,Khaled Bin Al-Walid/Al-Khefaier
36686,Khaled Bin Al-Walid/Al-Khefaier
36687,Al-Khefaier/Khaled Bin Al-Walid
36688,Vav School
36689,Vav School
36690,Khaled Bin Al-Walid/Al-Sultani
36691,Al-Sultani/Khaled Bin Al-Walid
36692,Al-Sultani/Ibn Khaldoun
36693,Al-Sultani/Ibn Khaldoun
36695,Lev HaPardes School
36696,Al-Sultani/Tareq Abd Al-Hay
36697,Al-Sultani/Tareq Abd Al-Hay
36698,Ban Al-Khan/Al-Sultani
36699,Al-Sultani/Bab Al-Khan
36700,Gimel Middle School
36701,Gimel Middle School
36702,Municipal Stadium
36704,Municipal Stadium
36705,Omar Ibn Al-Hatab Mosque
36706,Omar Ibn Al-Hatab Mosque
36707,Omar Ibn Al-Hatab/Ibn Sina
36708,Ibn Sina/Omar Ibn Al-Hatab
36709,Trumpeldor/Pica
36710,Ibrahim Qasem High School/Ibn Sina
36711,Bab Al-Khan/Hamza
36712,Rand High School/Bab Al Khan
36713,Al-Quds/Yum Al-Ard
36714,Al-Quds/Yum Al-Ard
36715,Al-Quds/Amru Bin Al-As
36716,Amru Bin Al-As/Al-Quds
36717,Amru Bin Al-As/Qalqilya
36718,Amru Bin Al-As/Qalqilya
36719,Al-Iraqian/Qalqilya
36720,Jabotinsky/Rothschild
36721,Al-Iraqian/Qalqilya
36722,Al-Iraqian/Alef Middle School
36723,Al-Iraqian/Alef Middle School
36725,Zevulum Hamer Road/Avshalom Gissin
36726,Lol Square/Jaffa Road
36728,Commercial Center/Avshalom Gissin
36729,Al-Rahma Medical Center
36730,Al-Salam/Tariq Al-Ghaba
36731,Em HaMoshavot Mall/Rishon LeTsiyon
36732,Uthman Bin Afan Mosque
36735,Al-Salam/Uthman Bin Affan
36736,Science School Abd Alhamid Attili
36738,Har HaTsofim/Mt. Meiron
36740,Canada Park/Lod Road
36741,Mount -Scopus/Mt. HaNegev
36742,Operational Station Wolfson Terminal
36743,Eliyahu Ben Hur/Aluf Rechavam Ze'evi
36745,Har HaTzofim/Har Avital
36746,HaMlachim/Trei Asar
36747,Levi Eshkol/HaNevi'im
36748,Levi Eshkol/HaIlanot
36749,Rehvam Zeevi Boulevard/Discount
36751,Rehvam Zeevi Boulevard/Discount
36752,Yaakov Fichman/HaHistadrut
36753,Dekel/Erez
36754,Hita/Tamar
36755,HaEtrog/HaLimon
36756,HaEtrog/HaTapuz
36757,HaEtrog/HaTapuz
36758,HaEtrog
36759,HaEtrog
36760,City Hall/Haim Ozer
36761,HaEtrog/HaEshkoliot alley
36763,Tapuz/Etrog
36764,Urban Market/Baron Hirsch
36766,HaEtrog/HaTapuz 1
36767,HaEtrog/HaTapuz 1
36768,Science School Tira A
36769,Mount -Scopus/Ya'akov Peri
36770,Science School Tira B
36771,Hen Junction to East
36772,Hen Junction to West
36778,Al-Naana
36779,Family Health Clinic
36780,Petach Tikva Central Bus Station/Terminals
36781,Family Health Clinic
36782,Regional Council/Hittin
36783,Horowitz/Pines School
36788,Kalanit/Yasmin
36789,HaYovel/Alon
36790,Begin Avenue/Sharet
36791,Dan/HaLotus
36792,Dan/Shoham
36793,Dan/Nahal Poleg
36794,Atid Junion High School/Dan
36795,Sharona Terminal
36797,Rehovot Central Bus Station/Bilu
36798,Simcha Erlich/Laskov
36799,Homa VeMigdal/Shenkar
36800,Ben Gurion Avenue/Michael
36801,Moshe Dayan/Ha'atzmaut
36802,Moshe Dayan/Menachem Begin Avenue
36803,Road 5803/Gan Yeshaya
36804,Road 5710/Gan Yeshaya
36805,Southern parking/Dropoff
36806,Southern Parking/Pickup
36807,Golda Meir/Yitzhak Ben-Zvi
36808,Golda Meir/Levy Eshkol
36809,Golda Meir/Yitzhak Shamir
36810,Golda Meir/Ariel Sharon
36811,Golda Meir/Yitzhak Navon
36813,Yigal Allon/Nim Boulevard
36814,Emek Hefer/Shimon Peres
36815,Emek Hefer/Yitzhak Shamir
36816,Ha'atzmaut/Moshe Dayan
36817,Ha'Atsma'ut/Ben Gurion
36820,HaMelachim/Ha'Omer
36821,Safed/Shevet Dan
36822,Dgania Road/Hartum
36823,Dganya Road/Benny W. Reich
36824,HaPark Road/HaRav Neriya
36825,HaPark Road/Alonim
36826,Petach Tiqwa/Geva
36827,Petach Tiqwa/HaPortzim
36828,Rav Maimon/Divrei Haim
36829,Haklir/Ha'ari
36830,Jerusalem Avenue/Usishkin
36831,Ben Gurion Avenue/Ha'Ela
36832,Rav Reiness/HaRofeh Rivka
36833,Rakal Shenkar/Albert Einstein
36834,Rakal/Pinsker
36835,Arieh Shenkar/HaMeretz
36836,Alburak/Al Aqsa
36837,Almuchtar/Hatin
36838,Hatin/Alfurat
36839,Hatin/Alburak
36840,Safed/Shevet Gad
36841,Balal Rabach/Djala
36842,Shevet Binyamin/Shevet Asher
36844,Djala/Balal Rabach
36845,Yossef Serlin/Sokolov
36847,Yossef Serlin/Ze'ev Jabotinsky
36848,Yossef Serlin/Ze'ev Jabotinsky
36849,Gan Shlomo Junction/Road 411
36850,Yossef Serlin/Eliyahu Karozah
36851,Mikveh Yisrael/Yehoshua Henkin
36853,Mikveh Yisrael/Yehoshua Henkin
36854,Mikveh Yisrael/Arieh Shenkar
36855,Mikveh Yisrael/Arieh Shenkar
36856,Mikveh Yisrael/Kugel Avenue
36857,Arieh Shenkar/HaGalil
36859,Tzela HaHar/HaMa'ayan
36860,Yerushalayim/Gordon
36861,Tzela HaHar/David Ben Gurion
36862,Tzela HaHar/David Ben Gurion
36863,Tzela HaHar/HaNevita
36864,Tzela HaHar/HaNevita
36865,Tzela HaHar/Main Avenue
36866,Ester HaMalka/Dr.Weisburg
36867,Herzl/Winnipeg
36868,Herzl/Winnipeg
36869,Rav Shapira/Shavit
36870,Rav Shapira/Shavit
36873,HaHagana/Kretshnif
36875,Netanya Rail Station
36876,HaZamir/Tzofit
36877,Kalman Gavrielov/HaRav David Nathan
36878,Ha'Emek/Onot HaShana
36880,Ha'Emek/HaKarmim
36881,Weizmann/Hanafat HaDegel
36882,HaPardessim/Ha'Emek
36883,Max & Ampro Shein/Moshe Sne
36884,Ha'Emek/HaKarmim
36886,Tarmag/Yitzhak Rabin
36890,Emek HaShoshanim/Menachem Begin
36892,Emek HaShoshanim/Menachem Begin
36894,Givat HaKurkar/David Landa
36895,Givat HaKurkar/HaShoshanim
36896,Rehovot East Junction
36897,Beit HaPnai/M. Levy
36898,Beit HaPnai/M. Levy
36899,Krol LRT Station/Orlov
36900,HaHistadrut/101
36904,Ha'ogen/HaShayetet
36905,HaBanim/Yitshak Sade
36906,HaBanim/Rambam
36907,HaBanim/Rehavam Ze'evi
36908,Israel Shamir/Rehavam Ze'evi
36910,David Elazar/Keshet
36911,Hoshen/Topaz
36913,Hoshen/Topaz
36917,Ben Gurion/Gordon
36918,Ben Gurion/Weizman
36919,Road 57/Dganya Road
36920,Shabazi/Shilo
36922,HaZamir/Tzofit
36923,Golda Meir/Shimon Peres
36924,Hadera Junction East/Road 9
36925,Shlomo Levy/Jerusalem
36926,Shlomo Levy/Yafo Gate
36927,Nirit Gate/Exit
36928,HaIlanot/HaHadarim
36929,HaIlanot/HaRakefet
36930,Tzarchaniya/HaNarkis
36932,HaKalanit/HaVradim
36934,Balfour/Yoseftal
36935,Pinhas Eylon/Ilona Feher
36937,Ha'ogen/HaShayetet
36939,HaHadarim/Tel Tzur
36940,HaHadarim/HaAlon
36941,Country Club/HaZamir
36942,HaHadarim/HaSharon
36944,HaMeyasdim/Tirosh
36945,HaMovil Road/Ha'Agurim
36946,Adanim junction East
36948,Maccabi
36949,HaHadarim/Shahaf
36950,Drom HaSharon Regional Council
36952,Neve Yarak Junction
36953,Elishama Junction
36955,Neve Yarak Junction
36957,Adanim Termianl/Drom Hasharon Regional Council
36958,Adanim Termianl/Drom Hasharon Regional Council
36960,Yitzhak Shamir Avenue/Emek
36962,Yitzhak Shamir Avenue/Katzir
36963,Yitzhak Shamir Avenue/Katzir
36964,Yitzhak Shamir Avenue/Dagan
36965,Yitzhak Shamir Avenue/Dagan
36966,Weizman Avenue/HaTidhar
36967,Guy/Yitzhak Shamir Avenue
36968,Yitzhak Shamir Avenue/Guy
36969,Guy/Yitzhak Shamir Avenue
36970,Nahal Alexander/Road 5533
36971,Guy/Sadot
36972,Sadot/Omer
36973,Sadot/Omer
36974,Kramim/Guy
36976,Shraga Raphaeli/Eliyahu Ben Hur
36977,Shraga Raphaeli/Eliyahu Ben Hur
36978,HaShfelah/Shlomo Shmeltzer Road
36979,Mivtsa Kadesh/Yehuda Leib Pinsker
36980,Road 5533/Nahal Alexander
36981,Halutzat HaPardesanut/Dr. Herman Fogel
36982,HaSivim/Drezner
36983,Barkan/Bezeq
36984,Yitzhak Wittenberg/Shechem
36985,Barkan/Arbel
36986,Neve Afikim/Bashan
36987,Yitzhak Wittenberg/Shechem
36988,Moshe Dayan Avenue/Nadav Baskind
36989,David Wolfson/Gordon
36990,Moshe Dayan Boulevard/Avraham Bar
36991,HaMa'ayan/HaShdera HaMerkazit
36994,HaYarkon/Ha'Aliya
36995,Tsivoni/Yakinton
36996,Bareket/Hoshen
36997,Bareket/Izmargad
36999,Begin Boulevard/Tsivoni
37001,Avraham Bar/Tehran Children
37002,Avraham Bar/Tehran Children
37003,Avraham Bar/David Saharov
37004,HaZahav Shopping Mall/Avraham Bar
37005,BH Yarkon Gate
37006,Yarkon Cemetery
37007,Yarkon Cemetery HaGe'ula Gate
37008,HaRahamim Gate
37009,Yarkon Cemetery HaHesed Gate
37010,HaZahav Shopping Mall/Avraham Bar
37011,Shaike Dan/Lazarov
37012,Egged Parking/Dan Shomron
37013,Ahuza/HaRav Yitshak Nissim
37014,HaReches Boulevard/HaTzmiha
37015,Ra'anana Terminal/HaYahalom
37016,Ra'anana Termianl/Ra'anana Junction
37017,Tchernichovsky/Weizmann
37018,Tchernichovsky/Weizmann
37019,Weizmann/Ze'ev Geller
37020,Weizmann/Ze'ev Geller
37021,HaReches Avenue/HaZricha
37022,Sokolov/Shamir
37023,Moshe Dayan Boulevard/Yosef Lishanski
37024,Atid Yeda Termina/Dropoff
37025,Atid Yeda Terminal/Pickup
37026,Kfar Habad Train/HaGeula
37027,Weizmann/Gordon
37028,National Insurance Institute/Weizman
37030,Arim Mall/Weizmann
37031,Weizmann/Yerushalayim
37032,Weizmann/Yerushalayim
37033,Weizmann/Rothschild
37034,Weizmann/Rothschild
37035,Kfar Saba Central Bus Station/Weitzman
37036,Weizman/HaGalil
37037,Rabbinate Hanna Road/HaGeula
37038,Weizmann/Gaysot HaShiryon
37039,Simha Erlich/Ben Zvi Avenue
37040,Weizmann/HaTaas
37041,Weizmann/HaTaas
37042,Ta'as/Weizmann
37043,G Mall/Weizman
37044,HaTa'as/Galgale HaPlada
37045,HaTa'as/Galgale HaPlada
37046,David Remez/HaGalil
37047,G-Mall/55 way
37048,HaTa'as/Yohanan HaSandlar
37049,HaTa'as/Yohanan HaSandlar
37050,HaTa'as/Yad Harutsim
37051,HaTa'as/Yad Harutsim
37052,Ahuza/Motzkin
37053,Ahuza/Sokolov
37054,Ahuza/Ben Gurion
37055,Ahuza/Ben Gurion
37056,Ahuza/Jabotinsky
37057,Ahuza/Jabotinsky
37058,Ra'anana Municipality/Achuza
37059,Ra'anana Municipality/Achuza
37060,Eliav Center/Schwartz
37061,Ahuza/Rabotsky
37062,Ahuza/Rabotsky
37063,Eilat/Eliezer Hoffein
37064,Kfar Sava Industrial Zone
37065,Ben Yehuda/HaPo'el Road
37066,HaTikva Road/Eiloat Road
37067,HaTikva Road/Eiloat Road
37068,HaTikva Road/HaMelech Road
37071,HaTikva/HaEkaliptus Road
37072,HaMeshi/HaYam Road
37073,HaMeshi/HaTikva Road
37074,Road 55/HaMovil Road
37075,Shapirim Parking West C
37076,Shapirim Parking West C/Dropoff
37077,Hapoel road/Eli Horovitz road
37078,Hapoel road/Eli Horovitz road
37079,Shapirim Parking West B/Dropoff
37080,Shapirim Parking West A/Dropoff
37081,Operational Station HaHof HaYarok Terminal
37082,Ha'Atzmaut/Idelman
37083,
37084,Ben Yehuda/Hativat HaNahal
37085,Ben Yehuda/Hativat HaNahal
37086,Remez School/Eli Horowitz Road
37087,David Center/Ben Yehuda
37088,Remez School/Eli Horowitz Road
37089,Geller Center/Levi Eshkol
37090,Geller Center/Levi Eshkol
37091,
37092,
37093,David Elazar/Golda Meir
37096,Yerushalayim/Ya'akov Hazan
37100,Municipal Pool/Yair Stern
37101,Lev HaPark center/Rivka Gover
37102,Tennis Center/Elimelekh Rimalt
37106,Bet Rivka/Yossef Shprinzak
37109,Cemetery Terminal/Drop-Off
37113,Cemetery Terminal/Pick-Up
37114,Ben Gurion Road/Max Nordau
37115,Levita Stadium/Hapoel road
37118,Ari'el School/Hare Yehuda
37119,Ra'anana Terminal/Netiv Ha'avot
37123,Bet Yehoshua Railway Station
37128,Jabotinsky/Max veAnna Webb
37130,Yehezkel/Bar Yehuda
37132,Sheshet HaYamim/HaYam Road
37134,Sa Ness – Local Council
37135,Court House/Tchernichovsky
37136,Road 4/Bar Ilan Interchange
37137,Moshe Yatom/Sheshet HaYamim
37138,Moshe Yatom
37139,Moshe Yatom/Gavri'elov
37140,Yitz'hak Katz Rd/Rd 410
37143,HaGa'on Ben Ish Hay/Public Garden
37145,Har HaTsofim/Har Nevo
37147,Mount -Scopus/Commercial Center
37148,Mount -Scopus/Ya'akov Peri
37149,Ben Gurion/Atad
37150,HaNevi'im/Yesha'yahu
37151,David Center/HaNevi'im
37152,David Center/HaNevi'im
37153,Adanim junction South
37154,Moshe Yatom
37156,David Elazar/Avner Ben Ner
37157,David Elazar/Keshet
37158,Jerusalem
37159,HaBanim/Nordau
37161,Schmidt/Rechavam Ze'evi
37162,Snunit/Dror
37164,HaMeyasdim/Avner Ben Yehuda
37165,Saadia Nahum
37166,HaZamir/Saadia Nahum
37168,Yarkonim Shopping Center/40 highway
37169,Adanim junction North
37170,Azrieli Mall Hod HaSharon/Ramatayim Road
37171,Neve Neeman Junction//Ramatayim Road
37172,Hadarim High School/Jabotinsky
37173,Azriel Hod HaSharon Mall/Jabotinsky
37174,Yarkona Junction//Ramatayim Road
37175,HaMa'apilim/Emek Shoshanim
37176,Ganei Am junction/Ramatayim Road
37178,Hod Hasharon Center/Ramatayim Road
37179,Magdi'el Road/HaParsa
37180,Magdi'el Road/Eskhol
37181,Magdiel Square/Magdiel Road
37182,HaRishonim/Sokolov
37184,Sokolov/Ephraim Katzir
37185,Atidim Park/HaHomesh
37186,Hankin/HaHomesh
37187,Hankin/Netsah Israel
37188,Sheshet HaYamim/Golomb
37189,Sheshet HaYamim/Kibbutz Galuyot
37190,Sheshet HaYamim/Mivtsa Moshe
37191,HaHermon/HaMa'agal
37192,HaGolan/HaHermon
37193,Golomb/Seshet HaYamim
37194,Golomb/HaRama
37195,HaHermon/HaMa'agal
37196,Sheshet HaYamim/Kibbutz Galuyot
37197,Sheshet HaYamim/Golomb
37198,Hankin/Sheshet HaYamim
37199,Hankin/Netsah Israel
37200,HaHomesh/Hankin
37201,HaNessi'im/Yitshak Ben Tsvi
37203,Magdiel Square/Sokolov
37204,Shalvata Hospital intersection
37205,Magdi'el Road/HaParsa
37206,Hod Hasharon Center/Ramatayim Road
37207,Ramatayim Road/Ha'Emek
37208,Yarkona Junction//Ramatayim Road
37209,Neve Neeman Junction//Ramatayim Road
37210,Jabotinsky/HaTsiyonut
37211,Ha'Aguda/Jabotinsky
37212,Jabotinsky/HaShoshanim
37213,HaMahtarot/Jabotinsky
37214,HaGanim/HaShomer
37215,HaShomer/HaPalmach
37216,HaShomer/Hativat Yiftah
37217,HaShomer/Sinai
37218,Jabotinsky/HaShomer
37219,Football Field/HaMahtarot
37220,HaMahtarot/Ha'Arava
37221,Henrietta Szold/Yorde HaYam
37222,Henrietta Szold/HaHagana
37223,Henrietta Szold/Kokhvan
37224,HaBanim/Henrietta Szold
37225,HaBanim/HaLilakh
37226,HaBanim/Ha'Irus
37227,Gordon/HaBanim
37229,HaBanim/HaBrosh
37230,Hod Hasharon Center/HaBanim
37233,HaBanim/Mashabim
37234,HaBanim/HaShikmim
37235,HaBanim/Gordon
37236,HaBanim/HaHachsarot
37237,HaBanim/HaLilakh
37238,HaBanim/HaShita
37239,Henrietta Szold/HaTe'ena
37240,Henrietta Szold/Yorde HaYam
37241,HaDvash/Henrietta Szold
37242,Football Field/HaMahtarot
37244,Jabotinsky/HaZamir
37245,Hadarim High School/Jabotinsky
37246,HaShiryon/Junior High Schools
37250,Shahal
37251,Shahal/Har Meron
37252,Sokolv/Sheshet HaYamim boulevard
37253,Neve Rivka Hostel
37254,Sharonim Mall/Ramatayim Road
37255,HaNevi'im/Yesha'yahu
37258,HaBanim/Tsivoni
37259,HaBanim/HaMekasher
37261,Itamar Ben Avi/Yeshurun
37262,Moshe Sharett/Mashabim
37263,Mashabim/Sha'ul Tchernichovsky
37264,HaShikmim/Hodshe HaShana
37265,Ben Gurion/HaShikmim
37266,Ben Gurion/Gordon
37268,Shlomtsiyon/Shim'on HaTsadik
37269,Ra'anana Termianl/Retzifim
37280,Mental Health Medical center
37283,Tarmag/Parag
37285,Ha'Emek Boulevard/HaTe'ena
37288,City Hall
37289,Hativat HaRishonim/Peduyim
37294,Hativat Alon/HaHayil
37295,Rabotsky/Ahuza
37296,Rashi/Shivte Israel
37297,Nili/Shivte Israel
37299,HaTe'ena/HaTamar
37300,HaTe'ena/Ha'Aviv
37301,HaTe'ena/HaRimon
37302,HaTe'ena/HaGefen
37303,HaTe'ena/Ha'Emek
37306,Kfar Aharon Intersection
37307,HaMa'apilim/HaShayetet
37308,Emek Shoshanim/Ma'apilim
37310,Ben Gurion
37311,Ben Gurion/Weizmann
37315,En HaKore Interchange
37316,Eli Wiesel/Motta Gur
37317,Center/Harutzim
37319,HaMinim/Hurshat Ha'ecalyptus
37320,HaMinim/HaTiltan
37321,HaRishonim/HaNehalim
37322,HaPardes/Kibbutz Galuyot
37323,HaPardes/HaRishonim
37325,Kibbutz Galuyot/4
37326,Haim Bar Lev/HaHalutsim
37327,Ya'akov Boulevard/Morde HaGeta'ot
37328,Herzl/Assa
37329,Moshe Sharett/Kanner
37332,Central Station
37333,Jerusalem Gate
37334,HaRav Yosef Azran/Shenhav
37335,Mivtsa Moshe/HaNahshol
37336,HaNahshol/He Be'Iyar
37337,Kfar Batia Educational Institute
37342,Hadas/Hakalanit
37343,Rabotsky/Sheshet HaYamim
37348,Kibbutz Seminar/Shai Agnon
37349,Tariq Abd al-Hay/Omar Bin Al-Khattab
37350,A Zahara School/Al Quds
37351,A Zahara School/Al Quds
37352,A Zahara/Tariq Abd al-Hay
37354,Kalkiliya Street/Yum al Ard
37355,Yum al Ard/Kalkiliya Street
37356,Yum al Ard/Middle School A
37357,Middle School A/Yum al Ard
37358,National Transportation Institute/HaMovil
37360,Haifa Street
37361,Club/Haifa Street
37362,Club/Haifa Street
37363,Salah ad-Din/Al Zetun
37364,BS Omar Ben al H'atav
37365,Kafr Bara Local Council
37366,Abu Oavadya
37367,Al Zeitoun
37368,Pais Club
37369,Hitin
37371,Alsalam
37372,Salah al Din
37373,160 Street
37374,160 Street
37375,Kupat Holim Maccabi
37376,Club/160 Street
37378,New Comprehensive School
37379,New Comprehensive School
37381,1 Street/162 Street
37382,1 Street/122 Street
37385,2 Street/117 Street
37386,117 Street/2 Street
37387,117 Street/12 Street
37388,Ibtin Northern Entry
37390,Kindergartens/Zemer
37391,Marjah D
37392,Marjah G
37393,Zemer Junction
37394,Kalansawa/Northern Exit
37395,Kalansawa 1
37396,Kalansawa 1
37397,Ibn Rashid School
37398,Ibn Rashid School
37399,Kalansawa 2
37400,Kalansawa 2
37401,Haled Ibn El School
37402,Haled Ibn El School
37403,Ibn Sina High School
37404,Ibn Sina High School
37406,Omar Bin Al-Khattab School
37407,Kalansawa 3
37408,Kalansawa Local Council
37409,Kalansawa 4
37410,Razi'el Road/Herzl
37411,HaNessi'im/Yitshak Ben Tsvi
37412,Mivtsa Yonatan/Pinsker
37413,HaZahav Mall Terminal
37414,Tariq Abd al-Hay/A Zahara
37415,Ben Gurion Boulevard/Pines
37416,Pines/KKL
37417,Ben Gurion Boulevard/HaNehalim Road
37418,Menachem Begin Boulevard/Ben Gurion Boulevard
37419,Menachem Begin Boulevard/Chaim Herzog
37420,Herzfeld Hospital/Derekh Erets
37421,Pirhe Bar/HaPrahim Road
37422,Menachem Begin Boulevard/Chaim Herzog
37423,HaMoshava Commercial Center/Ben Gurion Boulevard
37426,Ra'anana Music Center/Etsyon
37427,Ra'anana Music Center/Etsyon
37430,HaMehkar/Aba Hilel Silver
37431,Menachem Begin Boulevard/Road 7
37432,Menachem Begin Boulevard/Road 7
37433,Sara Imenu/Leah Imenu
37435,Gan Sorek/Harhava
37438,HaMagshimim Road/HaMeyassdim Road
37439,HaMeyassdim Road/Grocery store
37440,Road 4311/HaTaglit
37441,Ha'Aliya HaShniya/Hahayil
37442,Kiryat Sharett Terminal
37443,Ravnitski/Haim Soutine
37444,Ravnitski/Mordehai Ben Dror
37446,Mordehai Ben Dror/Dorani Shalom
37449,Mivtsa Horev/Mivtsa Yiftah
37451,Conservatorium/Mivtsa Yiftah
37453,Jabotinsky Blvd/HaToren
37454,Ben Avi Boulevard/Binyamin Boulevard
37456,HaTkuma/HaHistadrut
37458,HaBaron Menashe Park/Angel
37459,HaBaron Menashe Park/Angel
37460,Shlomo VeHaya Engel/Masha VeDov Skibin
37461,Skivin/Engel
37462,Skivin/Sapir
37463,Sapir/Skivin
37464,Kfar Saba HaYeruka Mall/Angel
37465,Sapir/Rapaport
37466,Engel/Ostrovsky
37471,Yanve-West Railway Station
37472,HaTe'ena
37473,Balfour/Yerushalayim
37474,HaHalutsim/Yonatan
37475,HaHalutsim/En Zivan
37476,Hannah VeMikha'el Levin/Olga VeYehosu'a
37477,Rene Cassin/Yitshak Rabin Boulevard
37487,Licensing Bureau/HaLohamim
37501,Sha'ar Avraham Intersection
37504,HaYovel Boulevard/Pinsker
37506,Herzl/Ben Ze'ev
37509,Tsvi Frank/HaRav Tsadok
37520,Yits'hak Shamir Medical Center
37522,Tsafriya Intersection
37526,Ha'Atsma'ut – Kaplinsky Square
37528,Airport Terminal 3/Public transport floor
37531,Tom Lantos/Liber Ze'ev
37532,HaHermon/Hartum
37533,Ganim Mall/HaRav Haviv Biton
37540,Kanaf
37543,Nesharim Interchange
37544,Airport Authority Boulevard
37545,HaYarkonim/Yona
37546,Dakar/Ben Shemen
37547,Community Center/Ha'Ayalon
37550,Mishmar David
37553,HaRav Shalom Shabazi/Shlomo Ma'uda
37555,Maccabim/Bazelet
37557,Yehuda Halevi/HaRav Kalaf
37560,Hashmona'im/Rabin
37561,Mevo Horon Intersection
37562,Modi'in Railway Station/Center
37563,HaHashmonaim Boulevard/Zecharia HaNavi
37566,Weizmann/HaHistadrut
37569,Ben Gurion Airport Terminal 2
37570,Dganya/Perach
37571,Anne Frank/HaKomemiyut
37582,Admor HaRits/HaRav Mordekhay Shmuel Ashkenazi
37592,HaHayil/Har Sinai
37597,HaSukkah/HaTirosh
37598,HaShiv'a Road/HaMelacha to the East
37602,Yerushalayim/Ha'Ahad Asar
37604,HaShiv'a Road/Hamahtesh
37605,Giv'ati/Kiryati
37606,Hannah VeMikha'el Levin/Haim Sharf
37607,Givati/Rashi
37609,Hamelaha/HaPeled
37611,Kalansawa 2
37615,Gan Hayim Junction
37620,Modi'in - East Junction
37622,Tsvi Frank/Brandeis
37623,Rothschild/Jabotinsky
37624,Herzl/Tarmav
37625,Herzl/Yanovsky
37626,Herzl/En HaKore
37628,Yosef Sapir/Minister Haim Shapira
37630,HaSdera/HaKeshet
37632,Holon Junction
37634,Herzl/Tashah Boulevard
37635,David Elazar/Keren HaYesod
37639,Herzl/Avi Ha'Asirim
37644,Herzl/Hacarmel
37645,Tariq Abd al-Hay/HaMovil
37647,City Hall
37650,Tsvi Frank/Yohanan HaSandlar
37651,Tsvi Frank/Yacobson
37652,Tariq Abd al-Hay/Abu Bakr
37655,Geha Interchange/Jabotinsky
37658,Segal/Pica
37659,Eilat/Hatserim
37660,Yoseftal/Eli Cohen
37661,Ben Gurion Airport Terminal 2
37662,Petah Tikva Central Station
37663,Yits'hak Shamir Medical Center/Tsrifin
37664,Tsrifin  Camp
37665,Rothschild/Helzner
37666,Menachem Begin/Motta Gur
37668,El-Al Junction
37674,Kokhav Ya'ir Junction
37675,Atidim/Weizmann
37677,Giv'at Brener/Harhava
37679,Sharon/Golan
37680,Golan/Negev
37681,Aharon Bokser/Alterman
37684,Aharon Bokser/Bar Lev Haim
37685,Sverdlov/Meginim
37688,Ness Ziona City Hall/HaBanim
37689,Atsma'ut
37691,HaBanim/Yitshak Sade
37693,Ben Gurion/HaBanim
37697,Ness Ziona City Hall/HaBanim
37699,HaBanim/Nordau
37702,HaHistadrut/Dolinski
37705,Margolin/HaShomrim
37706,Ezra/Max Nordau
37707,Menuha VeNahala/Taran
37708,Sereni/Gorodiski
37716,Volcani/Yad VaShem
37717,Sports Hall/Bet Berl
37720,Moshe Yatom/Sheshet HaYamim
37721,Road 40/Kiryat HaUmanim
37724,Ben Tsvi School
37725,Ezra/Nahmani Lane
37731,Bilu Camp
37735,Bilu Junction
37738,HaDganyot/HaGalil
37740,Na'an Junction
37741,HaGalil/HaYasmin
37747,Kehilat Toronto/Road 411
37750,Weizmann/HaBanim
37759,Yashresh Junction
37762,HaTayasim/Yefe Nof
37770,Aharon Bokser/Koberski
37774,Hakalanit/HaRakefet
37776,Mevo Modi'im
37777,Sokolov/Anielewicz
37779,HaShiv'a Road/Kaplan
37780,Tel HaShomer Hospital/Ma'abadot
37781,Tel HaShomer Hospital/Madah
37783,Tayiba Industrial Zone
37784,HaLohamim/HaLohamim Square
37785,El-Al Junction
37789,Morasha Interchange
37792,Rishonim Interchange/Railway Station
37794,Nahal Ayalon/Nahal Paran
37795,Nahal Ayalon/Poleg Creek
37796,Nahal Ayalon/Road 5533
37797,HaRimon/HaKerem
37798,HaRav Mahluf Yona Square
37799,Grocery store
37800,Beit Lid Terminal
37802,Sharett/Ashu'ah
37804,HaDekel Lane/HaHadas Road
37805,HaHorev/HaGiv'a
37806,HaHorev/HaGiv'a B
37807,HaHorev/HaGiv'a
37808,Library/HaHorev
37809,Ge'ulim Junction
37810,HaVatikim/HaDekel
37811,Netiv HaZayit/HaRimon
37812,HaHermon/Masada
37813,HaHermon/Masada
37814,HaYuvalim/HaNehalim
37815,Nof Harim/HaYuvalim
37816,HaYogev Boulevard/Morag
37817,HaYogev Boulevard/Magal
37818,Nof Sadot/HaYogev Boulevard
37819,HaNehalim/HaPeleg
37820,HaNehalim/HaYuvalim
37821,Nitsane Oz Junction
37822,Yad Hana A
37823,Emek Hefer Boulevard/HaGalil Boulevard
37824,Emek Hefer Boulevard/Hita
37825,HaSharon Boulevard/Ha'Arava Boulevard
37826,Nordiya Boulevard/HaHerut
37827,Herev Le'et D
37828,Herev Le'et H
37829,HaRimon/HaTamar
37831,Hogla
37833,Gan Yoshiya A
37834,HaSharon Road/HaBanim Square
37835,Sha'ar HaKfar/HaParsa
37836,Road 5700/Zo HaDerekh
37837,Kibbutz Mishmar HaEmek Northward
37839,Sha'ar HaKfar/HaParsa
37840,Bet HaLevi H
37841,Bet HaLevi Het
37842,Bet HaLevi T
37843,Bet HaLevi Y
37844,Bet HaLevi Yud Alef
37845,Kfar Monash
37846,HaOgen Junction
37847,HaOgen A
37848,Andrius/Shlomo HaMelekh
37850,Police Guest House/HaYam Road
37851,Police Guest House/HaYam Road
37853,Havatselet Interchange
37855,Road 5710/Te'ena
37856,Road 5710/Te'ena
37857,Bat Hen
37858,Yanay Interchange
37859,Mishmeret Junction
37860,Bet Yehoshua Junction
37861,Ra'anana Terminal/HaSharon Road
37863,Udim Junction/Road 553
37864,Udim Junction/Road 553
37865,Ra'anana North Interchange
37866,Ibhtan/Zemer
37867,College/HaHof Road
37868,Dining Room
37870,HaShomron/Agmon
37871,HaMeyassdim Road/HaShikmim Road
37872,HaDekel/HaRimon
37873,HaDekalim Boulevard/562
37874,Shilo/Rashi
37875,Shilo/Rashi
37876,Ben Gurion/Moda'i
37877,Ben Gurion/Blumenfeld
37878,HaHalutsim/HaPardessim
37879,Florentin/HaHalutsim
37880,Florentin/Dukhifat
37881,Kfar Monash Center A
37882,Kfar Monash Center B
37883,Kfar Monash Center G
37884,Kfar Monash Center D
37886,HaKfar Road/Ganim Alley
37887,Local Council/HaKfar Road
37888,Local Council/HaKfar Road
37889,Hefer Plants/Tsave HaNahal
37890,Hefer Plants/Nahal Alexander
37891,Hefer Plants/Nahal Alexander
37892,Hefer Plants/HaMezach
37893,HaDekel/Ha'Erez
37894,HaGefen/HaDekel
37895,HaRimon/HaDekel
37896,HaRimon/HaGefen
37897,HaRimon/HaGefen
37898,Ahituv A
37899,Ahituv B
37900,HaGefen/HaZetim Boulevard
37901,HaGefen/HaTe'ena
37902,HaTe'ena/HaZetim Boulevard
37903,HaPrahim/HaShibolim
37904,Alumot/Shibolim B
37905,Alumot/Shibolim
37906,Arugot/HaShlosha
37907,Shibolim/HaShlosha
37908,Alumot/Shibolim
37909,Alumot/Shibolim
37910,Nitsane Oz/HaSadot Road
37911,Nitsane Oz/HaSadot Road
37912,Arugot/Shibolim
37913,Office
37914,Ra'anana North Interchange
37915,Ra'anana North Interchange
37916,Secretary/Azriel
37917,Jabotinsky/Hankin
37919,Shenkar/Mikve Israel
37920,Krauze/Jabotinsky
37921,Shenkar/Jabotinsky
37922,Commercial Center/Yerushalayim
37923,MediaTech Cultural Center/Pinhas Eylon
37924,Synagogue/Ben Shemen
37927,Sokolov Railway Station
37928,Fire Fighting School/Rechavam Ze'evi
37933,Ma'ale HaPardes/HaRishonim
37934,Ma'ale HaPardes/HaRishonim
37935,HaPardes/Ha'Ahava
37936,HaPardes/Ha'Ahava
37939,Katriel Rapaport/Chaim Herzog
37943,HaGavish/HaMahshev
37944,Simcha Holzberg/Isaac Harif
37969,Giloh/Bashan
37981,Road 5803/Gan Yeshaya
37983,Marja A
37984,Zemer
37985,Zemer
37988,Ibtin
37990,Sports Field/Zemer
37993,Eilat/Yoseftal Boulevard
37995,Shaariya Interchange Westward
37996,Shaariya Interchange
37997,Hahashmona'im/Herzl
38001,Ben Gurion/Ofarim
38002,Weizmann/Katznelson
38005,Menahem Begin/Ziona Zarfat
38008,HaPrahim Road/Irus
38009,HaPrahim Road/Tsiporen
38010,Efrayim/Struma
38012,Gamli'el/Weizmann
38013,Weizmann/HaRambam
38016,Avraham Buma Shavit/HaTaglit
38019,Avraham Buma Shavit/Mark Moshvitz
38020,HaTizmoret/HaTof
38021,HaTizmoret/HaKlarnit
38022,HaMichlala Le Minhal/Motta Gur
38023,Bet El'azari
38024,Bet El'azari
38025,Dr.Moskovich/Sh.Ben Tsiyon
38026,Israel Teller/Sokolov
38027,Ahad Ha'Am/Ya'akov
38030,Rehovot East Junction
38031,Efrayim Boulevard/Etzel
38033,Ben Nun Junction
38036,Farm
38037,HaTe'ena/HaTamar
38038,HaTe'ena/HaHita Road
38039,Farm
38042,Savyon Junction
38043,Bet Eged/HaYarden
38044,Bet Eged/HaYarden
38047,Superland/Meriland Boulevard
38048,Superland/Meriland Boulevard
38049,Ikea/HaYozma
38050,Farm
38052,Bet Nehemya Junction
38053,Pinkas/Shlomo HaMelekh
38054,HaRama Road/HaMatsbi'im
38055,Frenkel/Borochov
38056,Shoshana Damari/Road 4304
38059,New Cemetery/David Razi'el
38060,New Cemetery/David Razi'el
38062,Levi/Mivtsa Yonatan
38063,HaNamal/Gibore HaHayil
38064,HaNamal/Ha'Almog
38065,HaShayatim/HaToren
38066,HaDayagim/HaDugit
38067,HaDayagim/HaDugit
38068,HaShayatim/HaToren
38069,HaNamal/Ha'Almog
38070,Gibore/Namal
38071,Gibore HaHayil/HaTsiyonut Blvd
38072,Har'el School/Arye Ben Eliezer
38073,Ben Eli'ezer/Isaschar. Wegman
38074,Dimri Center/Shlomo and Haya Angel
38075,Angel/Weinberg
38076,Rachel HaMeshoreret School/Neomi Shemer
38077,Nomi Shemer/Ya'ir Rosenblum
38078,Moshe Vilenski/Jo Amar
38079,HaSimcha/Dr. Moshe Sne
38080,Dafna/HaTidhar
38081,Dafna/HaTidhar
38082,HaRif
38083,HaGiv'a/HaPisga
38085,Ehud/HaGiv'a
38086,HaShikma/HaZayit
38088,Hare Yerushalayim/HaShikma
38089,HaRif
38091,Yuvalim/HaMaayanot Creek
38092,Emek Zevulun/Hativat Sheva
38093,Emek Zevulun/Paz
38095,Tishre/Halu'ah Ha'Ivri
38096,Kramim School/Emek Harod
38098,Nof Ayalon/HaHashmona'im Boulevard
38102,Ashkenazi/Weizmann
38104,Weizmann/Kdoshe Mitsrayim
38105,Weizmann/Remez
38106,Hare Yehuda/En Shemesh
38107,Yehuda Halevi/Yesha'yahu
38109,Dead Sea/Ha'Arava
38110,Levi Eshkol Road/Yerushalayim
38111,Yehuda Halevi/Yesha'yahu
38112,Merkaz HaBama/Kdoshe HaSho'a
38113,Levi Eshkol Road/Yitshak Rabin
38114,Mevo'ot/Hativat Alexandroni Road
38115,Levi Eshkol Road/Haruge Malkhut Bavel
38116,David Remez/Micha'el Wallach
38117,Mendes/Gaponov
38118,Weizmann School/Mendes
38120,Rimon Shopping Center/Levi Eshkol Road
38121,Kiryat Ono Mall
38122,Mevo'ot/Hativat Alexandroni Road
38123,Levi Eshkol Road/Tsahal
38124,Ramat Ef'al/Shiba Road
38125,Remez/Yaacov Bar Simantov
38126,Remez/Kaplan
38127,Remez/HaRo'e
38128,Bar Ilan University/Eshkol Road
38129,Bar Ilan University
38130,Sheba Road/HaArazim Blvd
38131,Tel HaShomer Hospital - Administration
38132,Tel HaShomer Hospital/Shikum
38133,Tel HaShomer Hospital
38134,Tayasim Junction
38135,Yahadut Canada/Ha'Avoda
38136,Mohliver/Nordau
38137,Bar Kokhba/Liebrecht
38138,Eliyahu Sa'adon Boulevard/Sklare Loo
38139,Herzl/Nordau Blvd
38140,Golomb - Matnas
38141,HaRav Moshe Malka/Avshalom Gissin
38143,Avshalom Gissin/Moshe Dayan
38144,HaMaccabim Road/Eli Cohen
38145,David Elazar/HaBanim
38146,David Elazar/HaShita
38147,Ben Porat/Nili
38148,Ben Porat Boulevard/Ephraim Gueta
38149,Ben Porat Boulevard/HaRishonim
38150,Jabotinsky/Azar
38152,HaNof/Ha'Etrog
38153,Ha'Amakim/Hare Yehuda
38154,Ha'Amakim/Hare Yehuda
38156,Tel HaShomer Hospital/Yeladim
38157,Levi Eshkol/Haside Umot Ha'Olam
38158,Giv'at Ko'ah Intersection
38159,Heichal Hatarbut/Eliyahu Sa'adon Boulevard
38160,Sheba Hospital/Aharon Katzir Boulevard
38161,Altalef/Shabazi
38162,Rothschild/HaRav Ilovitzki
38163,Merhavya School
38164,Tel HaShomer Hospital/Geriatrics
38165,Volkani Institute/HaMaccabim Road
38166,Tel HaShomer Hospital/Geriatrics
38167,Menachem Begin Boulevard/Moshe Dayan Boulevard
38168,Hakalanit/Or HaMizrah
38169,Moshe Dayan Boulevard/Avne HaHoshen
38170,Moshe Dayan Boulevard/Avraham Bar
38171,Moshe Dayan Boulevard/Baskind
38172,Moshe Dayan Boulevard/HaNahshol
38173,Levi Eshkol/Hayain
38174,Beit Dagan Junction/Highway 412
38175,Dori Camp
38176,Farm
38177,Farm
38178,Tirat Yehuda
38179,HaRimon/Mevo HaGefen
38180,HaGefen/HaHita Road
38181,Farm
38184,Farm
38185,Farm
38186,Bousi Farm
38187,Givat HaShlosha Junction East/483 highway
38188,Givat HaShlosha Junction West/483 highway
38189,Afek Park Junction West/483 highway
38190,Rosh HaAin Junction West/483 highway
38191,Yarhiv - Exit
38192,Horshim Interchange
38193,Horshim Junction to East
38196,HaRakefet/444
38197,Nirit
38198,Matan - Entry
38199,Matan Yarhiv Intersection
38200,Kafr Bara
38201,Kafr Bara
38202,Salah ad-Din/Entry
38203,Ha'Ilanot/HaMarganiyot
38204,Ha'Ilanot/HaSavyonim
38205,Ha'Irusim/Hagfanim
38206,Hagfanim/HaKalaniot
38207,Afek Road/Hagfanim
38208,Ha'Ilanot/HaKalaniot
38210,HaMeyasdim/HaYogev
38211,HaMeyasdim/HaNote'a
38212,HaMeyasdim/HaNote'a
38213,HaMeyasdim/HaYogev
38214,HaYasmin/HaShahar
38215,HaYasmin/HaShahar
38216,Grocery store
38217,HaShahar/HaTsiv'oni
38218,HaShahar/HaPardes
38219,Ha'Ilanot/HaShlosha
38220,Ha'Ilanot/Eilat
38222,Ha'Ilanot/HaShlosha
38223,HaShlosha/HaTapuz
38224,HaShlosha/HaTapuz
38225,Nof HaSharon/Tsur
38226,Local Committee/Nof HaSharon
38227,Matan School/Nof HaSharon
38228,Nofekh/Sapir
38229,Dan/40
38230,Dan/Hermon
38231,Nehalim
38232,Nehalim
38233,Yarden/Snir
38234,Yarden/Snir
38235,Yeshiva/Yarden
38236,Nahshonim Entry/Road 4711
38237,Pool
38238,Pool
38240,Nirit Sha'ar/Entrance
38241,Einat Bread Plant
38242,Yarkonim Shopping Center/40 highway
38243,Segula Junction North/40 highway
38244,David Wolfson/Gordon
38245,Gordon/Amitsur Avraham
38246,Gordon/Yerushalayim
38247,Abarbanel/Etzel
38248,Orlanski/Ahad Ha'Am
38249,Albert Einstein/Zalman Shne'ur
38250,Albert Einstein/Maze
38251,Albert Einstein/Hatsfira
38252,Eliyahu Ben Hur/Aluf Rechavam Ze'evi
38253,Arye Shenkar/Amal
38254,Avshalom Gissin/Basel
38255,HaKanyon HaGadol
38256,Bazel/Shimshon  HaGibor
38257,Bitterman/Levi Eshkol
38258,Mordechai Bitterman/Shlomo Kaplansky
38260,Ben Zion Galis/HaRekhev
38261,Ben Zion Galis/HaRekhev
38262,Ben Zion Galis/Tsvi Bergman
38263,Galis/HaRav Pinto Mas'ud Asher
38264,Ben Zion Galis/HaBursekai
38265,Ben Zion Galis/HaHaim Road
38266,Ben Zion Galis/Ravnitzky
38268,Binyamin Mintz/HaYarden
38269,Binyamin Mintz/Yehiel Mihal Pines
38270,Binyamin Mintz/HaYarden
38273,Brigadir Kish/Rivka Novik
38274,David Remez/Hadas Square
38275,David Remez/Gomes Alley
38276,David Remez/David Bader
38277,Abarbanel/Zerah Barnett
38280,Sportan/Meir Dankner
38281,Sportan/Meir Dankner
38283,HaMaccabim/Shlonsky
38284,HaNevi'im/Henrietta Szold
38285,HaNevi'im/HaRav Tse'iri
38286,HaNevi'im/Shlomo
38287,HaNevi'im/Hoshe'a
38288,40 highway/Shmuel HaNagid
38289,Ganim Junction/40 highway
38290,Henrietta Szold/HaShoftim
38291,Henrietta Szold/HaShoftim
38292,HaNessi'im/Yatkovski Ahim
38293,HaNessi'im/Yatkovski Ahim
38294,HaNesi'im/HaLevi
38295,HaNessi'im/Yud Dalet HaBanim
38297,Koblenz Square/Ha'Atsma'ut
38298,Haim Ozer/Wolfson
38300,Ba'al Shem Tov/Tsvi Hirsh Kalisher
38301,Ganim Junction/HaRav Herzog
38302,Ganim Junction/40 highway
38303,Segula Junction/HaYarkonim
38304,Sirkin Junction/HaRav Ovadia Yosef
38305,Safed/Shevet Dan
38306,Safed/Shevet Binyamin
38307,Safed/HaRav Elbaz
38308,Safed/Shevet Asher
38309,Safed/Tiberias
38310,Schneider Hospital/Kaplan
38311,Kaplan/Arlozorov
38312,Agricultural Farm/Kaplan
38313,Kaplan/HaNarkisim
38314,Kaplan/Degel Re'uven
38315,Schneider Hospital
38316,Agricultural Farm/Kaplan
38317,Hanan Levitan/Bruriah Bat Teradion
38319,Yerushalayim - Kiryat Alon Qtr
38321,Ruth/Tfutsot Israel
38322,Ruth/Bavli
38325,Rehovot/Gedera
38326,Rishon LeTsiyon/Rehovot
38327,Rama/HaSdera
38328,Commercial Center/Shaham
38329,Shaham/Tova VeShim'on Drenger
38330,Shalom Tsalah/HaRav Alkalay
38331,Shalom Tsalah/Shpik
38332,Shalom Tsalah/Shpik
38333,Shalom Tsalah/HaRav Alkalay
38334,Zevulon Hamer Road/Shlomo Shmeltzer Road
38335,Avshalom Gissin/HaRav Moshe Malka Road
38336,Einat Junction South/444 highway
38337,HaHoshen Square
38338,HaHoshen Square
38341,Shal'evet Governmental School
38342,Shal'evet Governmental School
38344,Menachem Begin Road
38345,Gilboa School/Arve Nahal
38347,Brosh/Nurit
38349,Emek Zevulun/Hativa Sheva
38350,Menachem Begin Road
38351,Tishre/Halu'ah Ha'Ivri
38352,Tishre/Hoshen
38353,Tishre/Hoshen
38354,Municipal Ort School/Emek Harod
38355,Kramim School/Emek Harod
38356,Yaakov Cohen School/Yits'hak Rabin
38358,Menachem Gindi/Chaim Herzog
38359,Yosef Burg/Menachem Gindi
38360,Katriel Rapaport/Ha'Ahad Asar
38361,Katriel Rapaport/Dr Yosef Burg
38362,Yosef Burg/HaHityashvut
38364,HaTidhar/Dafna
38370,Hadar/HaTapu'ah
38374,HaZayit/Hahartsit
38394,Hefets Hayim/Gane Tal
38398,Ha'Avot Road/Hitchhikers station
38400,HaMigdal Square/Ali Abu Ibn Taleb
38401,Philfili/Abd al-Karim Qasim
38402,Ali Ibn Abi Talib/A Safa
38403,Ali Ben Abu Taleb/Bader
38404,Philfili/Abd al-Karim Qasim
38405,Almanar School/Ali Ibn Abi Talib
38406,Omar Bin Al-Khattab/El Medina
38407,Omar Bin Al-Khattab/El Medina
38408,Omar Bin Al-Khattab/Al-Muhajirun
38409,Harsa Junction
38410,Kupat Holim/Omar Bin Al-Khattab
38411,Omar Bin Al-Khattab/A-Raduan
38412,Omar Bin Al-Khattab/Khaled Ibn el Walid
38413,Omar Bin Al-Khattab/Al-Ansar
38414,Commercial Center/Sultani
38415,A Sultani/Salah a Din
38416,A Sultani/A Nur
38417,Al Ghazali School
38418,Migdal Square/Abd al-Karim Qasim
38419,Abd al-Karim Qasim/Al-Halil
38420,A Sultani/Omar Bin Al-Khattab
38421,Omar Bin Al-Khattab/A Tawba
38422,Omar Bin Al-Khattab/Ali Ibn Abi Talib
38423,Ali Ibn Abi Talib/A Safa
38424,Ali Ibn Abi Talib/Khaled Ibn el Walid
38425,Emek Dotan/Emek HaHula
38426,Peres Academic Center/Gad Feinstein
38427,Peres Academic Center
38428,Rishonim Interchange/Railway Station
38429,She'are Tvuna/Rabbi Hiyya
38430,Rabbi Hiyya/Rabbi Yosef Caro
38432,Nesiya/HaTa'asiyan
38433,Binyamin Shmotkin/Tulipman
38435,Shmotkin/Pinhas Ben David
38436,Shmotkin/Freiman
38437,Shmotkin/Tulipman
38438,Sportek/Levi Eshkol Road
38439,Ha'Atsma'ut/Rimon
38440,HaShaked/Road 553
38448,Hasharon Hayarok Broadwalk
38449,Greenspan/Asire Tsiyon
38450,Sportan/Greenspan
38451,Neve Gan Community Center/Greenspan
38452,HaKomemiyut Rail Station
38453,Komemiyut Train Station
38454,HaKomemiyut/HaNevi'im
38455,HaKomemiyut/HaNevi'im
38456,Bat Yam Amphitheatre/Ha'Atsma'ut Boulevard
38457,Bat Yam Amphitheatre/Ha'Atsma'ut Boulevard
38458,Rothschild/HaAtzmaut Boulevard
38460,HaZionut Boulevard/Elimelech Tzamir
38462,Wolfson Railway Station
38463,Bet Berl/School of Arts
38464,Ha'Atsma'ut Boulevard/Du'ani Boulevard
38466,Yits'hak Rabin Road/Tova VeShimshon Draenger
38467,Yitshak Rabin Road/Ha'Atsma'ut
38468,Neve Oz Pool/Yitshak Rabin Road
38469,Yitshak Rabin Road/Avi Oren
38470,Yitshak Benari/Simcha Holtzberg
38472,Nehemya/Dvora HaNevi'a
38474,Menuha VeNahala/Shim'oni
38476,Magdiel/Peduyim
38478,Pines/Ben Gurion
38479,Motta Gur Boulevard/Netiv HaShayarot
38489,HaPeleg/HaNehalim
38490,HaNehalim/Ha'Afik
38491,Bat Hefer Junction
38495,Hannah VeMikha'el Levin/Yerushalayim
38496,Weizmann/Kaplan
38497,Weizmann/Kaplan
38498,Azor/Mr. Shpinoza
38500,Bne Darom Junction
38501,HaGolan/HaShomron
38504,HaHita/Ofek School
38505,Gedera Interchange to West
38507,Moshe Dayan/Avraham Bar
38511,Ginaton Junction
38514,Military Base
38520,Rabban Yohannan Ben Zakkai/Baalei HaTosafot
38521,Ben Zakai/Shim'on HaTsadik
38522,Rabbi Pinhas Ben Ya'ir/Rashbi
38524,Terminal/4711
38525,Rabbi Yehuda HaNasi/Honi Hame'agel
38526,Rabbi Yehuda HaNasi/Rabbi Shimon Ben Shetach
38527,HaRan Yeshiva/Rabbi Yehuda HaNasi
38529,Rabi Yehuda HaNasi/Rashbi
38530,HaRan Yeshiva/Rabbi Yehuda HaNasi
38538,Borochov/Giv'at Hayim
38540,HaZamir/HaHasida
38544,Bet Gil HaZahav/HaShaked
38563,Ben Ya'ir/Rambam
38565,HaTahhzuka Monument/444
38568,Mall
38572,Ginot Savion
38578,Dueni Blvd/Shabazi
38580,HaSadna/HaTa'asiya
38582,HaHagana/Palmach
38584,Makabim Junction
38585,Nahshonim Junction
38586,Ben Zakay/HaNasi
38587,Raban Yohanan Ben Zakay/Shim'on HaTsadik
38588,Rabbi Akiva/Raban Yohanan Ben Zakay
38589,Raban Yohanan Ben Zakay/Rabbi Tarfon
38591,Me'ir/Rabbi Pinhas Ben Ya'ir
38594,Rabbi Hiyya/HaMe'iri
38595,She'are Tvuna/Rabbi Hiyya
38596,Rabbi Hiyya/Rabbi Yosef Caro
38597,Rashbi/Rabi Yehuda HaNasi
38598,Primary Education Center A
38599,Rashbi/Rabi Chaya
38602,HaHamisha/Brigadier Kish
38603,Honi Hame'agel/HaTe'ena Plaza
38604,Honi Hame'agel/HaTe'ena Plaza
38605,Bartenura/HaRif
38606,Yerushalayim Boulevard/Koranit
38607,Golda Meir/HaHarduf
38609,Behar School/HaShomron
38610,Hadassim
38614,HaTsiv'oni/HaDuda'im
38615,HaNoter/Kalanit
38618,Ya'ara/Ad'ad
38621,HaHadarim/Efroni
38627,Ha'Ela/Tel Tsur
38630,Jabotinsky/Rambam
38631,Ha'Orgim/HaSatat
38632,Yoseftal Rail Station
38633,Yoseftal Rail Station
38634,Moshe Dayan Railway Station
38635,Moshe Dayan Railway Station
38636,"Makamz""ar"
38637,Equipment Base
38638,South Gate
38639,Masa 7000
38640,HaBankim/Al-Baladiya
38643,Hativa 451 Htl
38644,"Makash""har"
38646,Gasoline Center
38647,Yehidat Binouy
38648,Meitzag Heilot
38649,Magen David Adom
38650,Shalechet Gate
38653,Metav
38654,Bar Kokhba/Frumkin
38655,Pardes Haim Cemetery
38657,Road 5710/HaBe'er Road
38658,Gorodiski/Haim Sireni
38659,Hayim Sereni/Hekhal HaSport
38661,Menachem-Begin/Cemetery
38662,Israel Belkind/Dorian
38663,Alumim School/Ben Gurion
38674,Tchernichovsky/Brener
38679,Shim'on Peres/Henri Kissinger
38680,Shim'on Peres/Paul Samuelson
38681,Shim'on Peres/Khimiya Alley
38683,Motta Gur/Yitshak Rabin
38684,Neve Dekalim/Pri Gan
38685,Shim'on Peres/Ma'agal HaShalom
38686,Katznelson/Arlozorov
38687,Menachem Begin/Calgari
38688,Road 444/Tayibe
38690,Road 4311/Moshvitz
38691,Avne HaHoshen School/He Be'Iyar
38692,Avraham Buma Shavit/HaTaglit
38693,HaTayasim/Bilu
38694,Avraham Buma Shavit/Mark Moshvitz
38697,HaYovel Avenue/Kol Israel Haverim
38698,Bet Yehoshua Junction
38699,Bekhor Levi School
38701,Shim'on Peres/Warburg
38702,Shim'on Peres/Ma'agal HaShalom
38706,En HaKore Junction
38707,Retirement Home/Lev Avot
38708,Harduf/David Elazar
38710,David Elazar/Ben Gurion
38711,HaYam Road/Yitzhak Katz Road
38713,Prof Shorr/Yirmiyahu
38714,HaHagana/Haim Sireni
38719,Zalman Shne'ur/Zeitlin
38721,En HaKore Junction
38722,Weizmann/Herzl
38723,Max & Ampro Shein/Edelbaum
38726,HaPrahim/Vered
38728,Irit/Amnon VeTamar
38729,Dan/Menachem Begin Road
38730,Karmel/Alon
38738,Dan/Ziv
38739,Ben Gurion/HaShoter Square
38740,Hativat Alexandroni Road/Mevo'ot
38741,Lehi/Haim Bar-Lev
38742,Dolinski/Menashe Ben Israel
38744,Dolinski/Mivtsa Litani
38746,Hirshenzon/HaRav David Israel
38747,HaRav David Israel/Rambam
38748,HaRav David Israel/Pinhas Ben David
38749,Pinhas Ben David/HaRav David Israel
38750,Kronenberg/Argaman
38751,Kronenberg/Leshem
38752,Israel Belkind/Hahartsit
38753,HaParag/HaOren
38754,Haim Laskov/HaPereg
38756,Okashi/Golda Meir
38757,David Landa/Slovis
38765,Rechavam Ze'evi Boulevard
38767,Ein Hai/HaTalmid
38768,Ein Hai/HaTsanhanim
38771,Levi Eshkol/Okashi
38772,Rehovot Train Sttn/Inter-Municipal Platforms
38774,Oppenheimer/Bergman
38775,Prof Bergman/Professor Menahem Plaut
38776,Mehtsavot Junction
38777,Hamahtesh/HaShiv'a Road
38779,Simcha Holtzberg/Ben Gurion School
38780,HaRav Jacob Berman/Moshe Kipnis
38782,HaHistadrut/Shenkar
38788,HaBanim/Bar Hayim Yehuda
38789,Neve Amit Retirement Home
38793,Aharon Bokser/Yo'ash
38794,HaMa'apilim/HaShiryon
38795,HaShiryon/HaTayasim
38796,Sokolov Railway Station
38798,Hannah VeMikha'el Levin/Haim Sharf
38799,Military Cemetery/Yosef Burg
38800,Road 461/Weizmann
38801,En HaKore Junction
38802,Haim Bar Lev/Moshe Dayan
38803,Baskind/Hakh'sharat HaYeshuv
38804,Gdole Israel/HaShira Ha'Ivrit
38805,Ben Gurion/Gordon
38806,Schmidt/David Elazar
38809,Golda Meir/HaSitvanit
38810,Anielewicz/Zeitlin
38811,Road 4311/Road 412
38812,Road 4311/HaMada
38813,Road 4311/Moshvitz
38814,Road 4311/Neta'im
38815,En HaKore Junction
38816,Menachem Begin/Nurit
38817,HaTizmoret/HaKlarnit
38818,HaTizmoret/HaGitit
38820,Motta Gur/Cemetery
38823,Neve Dekalim/HaHalutsim
38824,Neve Dekalim/Netiv Ha'Asara
38825,HaTizmoret/HaTof
38826,Yitshak Rabin/Motta Gur
38827,Shabazi/HaBanim
38828,Shabazi/Ha'Alon
38829,Eli Cohen/Shabazi
38830,Eli Cohen/Lohme HaGeta'ot
38831,Bar Lev School/Ben Yehuda
38832,Herzl/Bilu Junction
38833,HaNahshol/HaDayagim
38834,Moshe Fried/Yitzhak Mashke
38836,Lod Central Bus Station/Alight
38837,Hana Avrekh/Volcani
38838,Herzl/Moshe Sharett
38839,HaBanim/Eli Cohen
38840,Weizmann/HaBanim
38841,Ha'Irus/Hakalanit
38842,Hakalanit/HaNarkis
38844,Eli Cohen/Lohme HaGeta'ot
38845,Shabazi/Shevet Ahim
38846,Shabazi/Weizmann
38847,Haim Bar-Lev/Yizhak Rabbin Blvd.
38848,Lev Hasharon Medical Center for Mental Health
38849,Lev Hasharon Medical Center for Mental Health
38851,Monument to the Fallen/Imanu'el Helsner
38852,Holtzman/HaMada
38854,Tsrifin  Camp/Club
38855,Herzl/Golani
38856,HaRotem/HaDganyot
38859,Ha'Arava
38860,Mevo HaGefen/Morad HaTe'ena
38861,Mevo HaGefen/HaHarhava
38862,HaHarhava A
38863,HaHarhava B
38864,HaHarhava/HaVatikim
38865,Airport Authority/Ha'Aliya
38866,Kanaf/Brosh
38867,HaHavura/Dov Hoz
38869,Bet HaLevi H
38870,HaRishonim/Road 5700
38872,HaGa'on Ben Ish Hay/Tse'elon
38873,Okashi/Levi Eshkol
38875,Menuhah veNahalah/Yaakov
38876,Gorodiski/Yechiel Palsi
38878,HaPark Road/HaRav Neriya
38879,HaTe'ena/HaGefen
38880,HaTe'ena/Ha'Alon
38881,HaPrahim Road/Yasmin
38882,HaRav Baharan Ulpana/Pines
38883,Yitshak Rabin/Pinhas Sapir
38884,Menachem Begin/Yitshak Rabin
38885,Chaim Herzog/Menahem Begin Boulevard
38886,Gvanim School/Erez
38887,Ha'ilanot Road/Alon
38888,Ha'ilanot Road/Menachem Begin
38889,Ha'Atsma'ut/Weizmann
38890,Weizmann/Marvad Haksamim
38891,Tse'ela/Almog
38892,Gan Hatzav/Tse'ela
38893,Council House/Pines
38894,Feinberg/Schevitz
38895,Ben Gurion/Fuchs
38898,Levi Eshkol/HaRav David Israel
38899,Rehovot Train Sttn/Drop-Off
38901,HaRav David Israel/Arye Dulchin
38902,Bershevsky/Menachem Cohen
38903,Kronenberg/Argaman
38904,Ya'akov Freiman/Binyamin Shmotkin
38905,Anielewicz/Shalom Ash
38906,Nehemya/Cemetery
38907,Yehuda HaLevi/Giv'ati
38908,HaHagana/Hish
38909,Kiryat Ekron/Road 411
38910,Hulda Junction/Road 411
38911,Greenspan/Yigal Allon
38912,HaShomer/Ha'Avot
38913,Moshe Sharett/Ya'akov Kanner
38914,HaDayagim/HaNahshol
38916,Yosef Burg/Masu'ot Yitshak
38917,Yosef Burg/Katriel Rapaport
38918,Max Nordau/Binyamin
38919,Weizmann/Haheresh
38920,Moshe Dayan Boulevard/Yosef Lishanski
38921,Minister Haim Shapira/Yosef Sapir
38922,Minister Haim Shapira/HaRav Shalom Jerufi
38923,Weizmann/Haheresh
38924,Tel HaShomer Hospital/Shikum
38925,Engel/Levenberg
38926,Engel/Anchikovsky
38929,Kfar Saba HaYeruka Mall/Rappaport
38930,Angel/Lea and David Levenberg
38935,Tel Hai/HaBanim
38936,Tel Hai/HaBanim
38937,Amana High School/Tel Hai
38938,Ruppin/Tel Hai
38939,HaAtsma'ut/Aharon Uzan
38940,Synagogue/HaRav Yehuda Tsvi Meltzer
38941,Lehi/Hafetz Haim
38942,Ort Rehovot/Moshe Sharett
38944,HaKibbutzim Boulevard/Mivtsa Litani
38945,HaHagana/Menachem Begin Road
38946,HaHagana/Menachem Begin Road
38947,HaKibbutzim Boulevard/Herzl
38948,Lehi/Hossem
38949,HaGa'on HaBen Ish Hay/Begin School
38956,HaNevi'im/Kennedy
38958,Yes Planet Complex
38959,Technological Institute/Yaacov Pichman
38960,HaSanhedrin Boulevard/Ha'Atsma'ut Boulevard
38961,HaSanhedrin Boulevard/HaDror
38963,Netanya Rail Station
38966,Yitshak Rabin Boulevard/Shoshanat Ha'Amakim
38967,Yitshak Rabin Boulevard/Shoshanat Ha'Amakim
38968,Ben Tsvi Boulevard/Agam Kineret Boulevard
38970,HaYovel Boulevard/Ha'Atsma'ut
38971,HaTsiyonut Boulevard/Ha'Atsma'ut
38973,Hativat Giv'ati/Jabotinsky Boulevard
38974,Hativat Giv'ati/HaDugit
38975,Hativat Giv'ati/Helmonit
38977,Jabotinsky Boulevard/Hativat Giv'ati
38980,City Hall/Yits'hak Rabin
38981,Yerushalayim/Sha'ul HaMelekh
38982,Kiryat Ono Mall/Yerushalayim
38983,Nahal Gamla/Shlomo HaMelekh
38984,Ma'ale HaShahar/Michael Levin
38985,HaHashmal/HaOren
38986,Yehuda HaMaccabi/HaNassi
38987,Gimlaim Neshelsek Club/Wingate
38988,Herzl /Varsha Park
38989,Green Square/Los Angeles
38990,Maccabim/HaSela
38991,Maccabim/Hermon
38992,Maccabim/HaZohar
38994,Maccabim/Hermon
38995,Kedem/HaZohar
38996,Kedem/HaSela
38997,Kedem/HaSela
38998,HaTavor/Karmel
38999,Kedem/Sagi
39001,Yaakov Blvd./Nehemia
39002,Yaakov Blvd./Yosef HaNasi
39004,Leib Yosefson/Ya'akov Berman
39005,HaRav Ya'akov Berman/HaRav Yehuda Tsvi Meltzer
39006,Berman/Meltzer
39007,HaNassi HaRishon/Weizmann Institute
39008,HaNassi HaRishon/Kipnis
39009,Simcha Holtzberg/Avraham Likhtenshtein
39010,Simcha Holtzberg/Avraham Likhtenshtein
39012,HaYarden/Ha'Arava
39013,HaYarden/Harod
39014,Ha'Alonim/HaDekel
39015,Ha'Alonim/Shmu'el Shapira
39017,Ha'Alonim A/HaDekel
39018,Shilat Industrial Park
39019,Shilat Industrial Park
39024,City Hall Modiin
39025,Hativat Alexandroni/Hativat Golani
39028,Haim Barlev/Mordekhay Maklef
39029,Haim Barlev/Mordekhay Maklef
39031,Hativat Golani/Mordekhay Maklef
39032,Klil HaHoresh/Migdal David
39033,Klil HaHoresh/Migdal David
39035,Almog Center/Ephraim Kishon
39039,Hakal garden/Rabat
39040,Hakal garden/Rabat
39041,Ramla Lod Mall/Dukhifat
39042,HaYetsira/HaTikva
39043,HaYetsira/HaTikva
39044,Amal/HaYetsira
39045,Neve Tirtsa
39048,Israel Frenkel/HaRambam
39051,Israel Frankel/Dov Hoz
39052,Yoseftal/Hadas
39054,Amihai/Meir Bineth
39055,HaShiryon/HaTsanhanim
39056,A'aron Buganim/Moshe Sharett
39057,Gershon Shatz/Simcha Holzberg
39058,Holtzberg/Schatz
39059,Eskhol/HaRav Shapira
39060,Yehuda Stein/Keren HaYesod
39066,Shimshon HaGibor/HaMisgad
39068,Bialik/Hanita
39069,Clalit Health Center/Bialik
39070,Levi/Sa'adia Mordekhay
39071,Razi'el/Zekhar'ya
39072,Harod A
39073,Harod/HaYarden
39074,HaYarden/Dan
39075,HaYarden/Dan
39076,Uzi Hitman/Shoshana Damari
39077,Uzi Hitman/Dalia Rabikovitch
39078,Uzi Hitman/Hanoch Levin
39079,Ehud Manor/Hitman
39080,Shoshana Damari/Ehud Manor
39081,Shoshana Damari/Ehud Manor
39082,Ehud Manor/Uzi Hitman
39083,HaAmanim School/Uzi Hitman
39086,Ha'Oranim Road/Brosh
39087,Shaked/HaOranim
39088,HaHaruv Road/Gefen
39089,HaHaruv Road/Gefen
39090,HaHaruv A
39091,HaHaruv A
39092,Kfar Rut
39098,Giv'at Washington College
39100,Green Beach
39101,Poleg Beach/Ramat Poleg
39102,Poleg Beach/Ramat Poleg
39103,Ehud Manor/Shosh Atari
39104,Ehud Manor/Dudu Dotan
39105,Zalman Shazar/Mordechai Gur
39106,Zalman Shazar/Benny Berman
39107,Ir Yamim Mall/Zalman Shazar
39108,Odem/Shoham
39109,Golda Meir Boulevard/Kipnis Alley
39110,Abir Junction/Road 553
39111,Yahalom/Sapir
39112,Yahalom/Shani
39113,Office
39114,HaOrzim/HaAri
39115,IKEA/Gibore Israel Blvd
39117,Oved Ben Ami Blvd/Kehilat Tsfat
39118,Irus Ha'Argaman/Havatselet HaHof
39119,Ir Yamim Mall/Zalman Shazar
39120,Havatselet HaHof/Irus Ha'Argaman
39121,Shne'ur/Ben Gurion
39122,Zalman Shne'ur/Arieh Leib Yoffe
39123,Shay Ag'non/Keren HaYesod
39125,Giv'at Ha'Irusim/Irus Ha'Argaman
39126,Havatselet HaHof/Irus Ha'Argaman
39127,HaBrigada HaYehudit/HaHafetz Haim
39128,Simha Erlich/Ben Gurion Boulevard
39129,David Reznik/HaHafetz Haim
39130,Levi Eshkol/Ya'akov Dori
39131,Arye Motzkin/Dr. Stop
39132,Arye Motzkin/Dr. Stop
39133,HaBrigada HaYehudit/Haim Barlev
39134,Blumenfeld/Ya'akov Dori
39135,Simha Erlich/Ben Gurion Boulevard
39136,Levi Eshkol/Ya'akov Dori
39138,Simha Erlich/Levi Eshkol
39139,Ben Ami/Simha Erlich
39141,Eldad School/Golda Meir Boulevard
39142,Ben Ami/Kehilat Tsfat
39144,Ne'ot Golda A
39145,Ne'ot Golda B
39146,Ne'ot Golda/Hazani
39147,Pinkas/57
39148,Shai Agnon/Janusz Korczak
39149,Pinhas Lavon Boulevard/Pinhas Rotenberg
39150,Shai Agnon/Yitshak Epstein
39152,Zalman Shne'ur/Shai Agnon
39153,Pinhas Lavon Boulevard/Thedor Weisselberger
39154,Yitshak Katznelson/Dr Weiselberger
39155,Rutenberg/Nordau
39156,Pinhas Lavon/Israel Bar Yehuda
39157,Minister Israel Bar Yehuda/Nordau
39158,Mendele Mokher Sfarim/Nordau
39160,Yitshak Katznelson/Pinhas Lavon Boulevard
39161,Pinhas Lavon Boulevard/Itzhak Katzenelson
39162,Pinhas Lavon Boulevard/Sholem Aleichem
39163,Lavon/Shalom Alekhem
39164,HaRav Abu Hatzeira/HaRav Refa'el Anekave
39166,BIG Center/Gibore Israel
39167,Gibore Israel Boulevard/HaBonim
39168,Gibore Israel Blvd/HaBonim
39170,Gibore Israel Blvd/HaTrufa
39171,Gibore Israel Blvd/HaOmanut
39172,Yad Harutzim Terminal
39173,Sapir Rail Station
39174,Gibore Israel Boulevard/HaTrufa
39175,HaTrufa/Arye Regev
39176,Si'im Park
39177,Teva Factory
39178,Avik Factory
39179,Hadarim/HaRishonim
39180,Gibore Israel Blvd/Ha'Omanut
39181,HaShalom/HaGavish
39182,HaMahshev/HaTzoran
39183,City Hall
39184,Yitshak Grinboim/Ephraim Alnaqua
39185,Yits'hak Gruenbaum/Dr.Shmurak
39186,Greenboim/Ben Tsvi
39187,Ben Tsvi/Greenboim
39188,Police/Ben Tsvi
39189,Henrietta Szold/Stop
39190,HaNevi'im/Ben Tsvi Blvd
39191,HaNevi'im/Netsah Israel
39193,Ben Tsvi Blvd/Simha Erlich
39194,Yehezkel/HaNevi'im
39195,Ben Tsvi/Plugat Maccabi
39196,Ben Tsvi/Nahum
39197,Nahum/Yesha'yahu
39198,Nahum/Yesha'yahu
39199,HaBukharim Synagogue/Ben Buzi
39200,Yehezkel Ben Buzi/Nahum
39201,Yehezkel/Nahum A
39203,Ben Tsvi/Nahum
39204,Tchernichovsky School/Ben Tsvi
39205,Tchernichovsky School/Ben Tsvi
39206,Shapira School
39207,Dorot Geriatric Center/HaNevi'im
39208,Ben Ami/Koenig
39209,Ben Ami Blvd/Tsahala
39210,Ben Ami/Tsahala
39211,Oved Ben Ami Blvd/Baruch Ram
39212,Jabotinsky/Smilansky
39213,Ben Avi Blvd/HaRe'ut
39214,Jabotinsky/Carlebach
39215,Ben Tsvi/Hagra
39216,Ben Tsvi Blvd/HaYahaloman Avraham
39217,Tchernichovsky School/Hagra
39218,Ovadya Ben Shalom/Shalom Shabazi
39220,Binyamin Blvd/Shalom Shabazi
39221,Binyamin Blvd/HaRav Tabib
39222,Ben Avi Blvd/Binyamin Blvd
39223,Ovadia Ben Shalom/Rambam
39224,Ovadia Ben Shalom/Rambam
39225,Eliezer Ben Yehuda/Avraham Abu Shdid
39226,Smilansky/Yirmiyahu Halperin
39228,Smilansky/Yerushalayim Boulevard
39229,Dizengoff/Yerushalayim
39230,Jerusalem Avenue/Smilansky
39231,Ben Avi Boulevard/Binyamin Boulevard
39232,Ben Avi Blvd/Binyamin Blvd
39233,Binyamin Boulevard/Tchernichovsky
39234,Binyamin Blvd/Tahkemoni
39235,Yerushalayim Blvd/Binyamin Blvd
39236,Binyamin Blvd/Yerushalayim Blvd
39237,Binyamin Blvd/Yerushalayim Blvd
39238,HaAri/HaRav Harlap
39239,Ha'Ari/Dan Shomron
39240,Petah Tikva/Etsel
39242,Petah Tikva/Ben Avi
39243,Petah Tikva/Efrayim Aharonson
39244,Petah Tikva/Tiomkin
39245,Petah Tikva/HaHalutsim
39246,Herzl/Ole HaGardom
39247,Herzl/Ole HaGardom
39248,Ussishkin/Yerushalayim Blvd
39249,Ussishkin/Rishon LeTsiyon
39250,Dizengoff/David Remez
39251,David HaMelekh/Studio
39252,Dizengoff/Herzl
39253,Sheshet HaYamim/Weizmann
39254,Perlman Square
39255,David HaMelekh/Nitsa Blvd
39256,Yehuda HaNassi School
39258,Andrius/Borochov
39259,Borochov/Yehuda HaNassi
39260,Borochov/Yehuda HaNassi
39261,Dr. Yehoshua Tahon/Leon Reich
39262,HaRav Herzog/Shlomo HaMelekh
39263,Yehoshua Tahon/Ichilov
39264,Yehoshua Tahon/Herzog
39265,Dr.Yehoshua Tahon
39267,Netanya Central Station
39269,Chaim Weizmann Boulevard/Shaar HaEmek
39270,Urban Market
39271,Weizmann/Sheshet HaYamim
39272,Milhemet Sheshet HaYamim/Israel Zangvil
39273,Herzl/Mintz
39274,Herzl/Binyamin Mintz
39275,Razi'el Road/HaYahalom
39276,Razi'el Road/Milhemet Sheshet HaYamim
39277,Razi'el Road/Milhemet Sheshet HaYamim
39278,HaRav Yitshak Nissenbaum/Moshe Glikson
39279,Razi'el Road/HaRav Reines
39280,Razi'el Road/HaRav Reines
39281,Brenner/Haim Weizmann Blvd
39282,Weizmann/Shapira Moshe
39283,Weizmann Boulevard/Yehuda HaNassi
39284,Weizmann/Sharett
39285,Chaim Weizmann/Moshe Ichilov
39286,Weizmann/Ichilov
39287,HaRav Herzog/Haim Weizmann Boulevard
39288,Weizmann Blvd/Sokolov
39289,Bet HaBe'er/Nahum Sokolow
39291,HaRav Reines/Emek Hefer
39292,Golomb/Trumpeldor
39293,Sharett/Eliyahu Golomb
39294,Nahum Sokolow/Pierre Gilbert
39295,Nahum Sokolow/Pierre Gilbert
39296,Laniado Hospital
39297,HaGdud Ha'Ivri/Divre Hayim
39298,Ahi Dakar/Divre Hayim
39299,Laniado Hospital
39300,HaRav Maimon/Moriya
39301,HaRav Maimon/Moriya
39302,HaGefen/HaGdud Ha'Ivri
39303,HaGefen/HaHaruv
39304,HaGefen/En HaTkhelet Blvd
39305,HaGefen/En HaTkhelet Blvd
39306,Camille Huysmans/Rabbi Akiva
39307,Kamil Havismas/Balfour
39310,HaGefen/HaShaked
39311,HaGefen/HaShaked
39314,Tel Yitshak Junction
39316,Kfar Neter A
39317,Clinic
39318,HaHadarim/HaHaruv
39319,HaHadarim/HeHaruv Lane
39320,HaHadarim/Amami
39321,HaHadarim/Amami
39323,HaShomron/Vatikim
39324,HaShomron/Vatikim
39325,HaHadarim/HaLohamim
39326,HaHadarim/HaLohamim
39327,HaMatmid/HaNote'a
39328,HaNote'a/Rakafot
39329,HaMeyasdim/Tsabar
39330,Local Council
39333,Ha'Atsma'ut/Narkisim
39334,Road 4/HaShomron
39337,Road 4/Tel Tsur
39339,Kfar Neter HaTzeira
39340,Ha'Atsma'ut/Rimon
39341,Kfar Neter HaTzeira
39342,HaHadarim/HaShalom
39343,Ha'Alon/HaHadarim
39345,Ha'Alon/HaHadarim
39346,HaBanim Park/HaBanim
39347,Gan HaBanim/HaBanim
39348,Lantus Blvd/Yosef
39349,Tom Lantos/Liber Ze'ev
39350,Dganya Road/Benny W. Reich
39351,Dganya Road/Liber Ze'ev
39352,Tom Lantus/Dr.Yehuda Perah
39355,Shpiegelman/HaGolan
39356,Cemetery
39357,Dganya/Klauzner
39358,Dganya Road/Professor Yosef Klauzner
39360,David Center/Dganya Road
39361,Hurshat HaSergeantim/University
39362,Hartum/Ruth HaMoaviya
39364,Netanya College/HaHinuch HaIvri
39365,HaPark Road/University
39366,HaHaskala/University
39367,HaHaskala/University
39368,HaHaskala/HaRav Yehuda Unterman
39369,HaHaskala/HaRav Yehuda Unterman
39370,HaBanim/HaMahteret
39371,HaBanim/Marvad Haksamim
39372,HaBanim/HaVradim Lane
39373,HaBanim/HaVradim Lane
39374,Hadassim Junction
39375,Hadassim Junction
39376,HaBarbur/HaZamir
39377,HaZamir/HaShahaf
39378,HaZamir/HaNesher
39379,HaLord Road/Avni
39380,HaVradim/Yonek HaDvash
39381,Ha'Erez/HaShezaf
39382,Gordon/Katznelson
39383,Yoseftal/Maimon
39385,Gordon/Rosenbach
39386,Gordon/Brener
39387,Gordon/Janusz Korczak
39388,Yitshak Ben Tsvi Blvd/Janusz Korczak
39389,Jabotinsky/HaHistadrut
39390,Ahi Dakar/HaHistadrut
39391,Ha'Alon/HaHistadrut
39392,Shabazi/Yitshak Ben Tsvi Blvd
39393,Ahi Dakar/Ha'Orev
39394,Mem Gimel/HaHistadrut
39395,Mem Gimel/Eli Cohen
39396,Shabazi/Sa'adia Avni
39397,Shabazi/Bar Yehuda
39398,HaDekel/Hakalanit
39399,HaDekel/HaRakefet
39400,HaDekel/HaNarkis
39401,HaDekel/HaShaked
39402,Ha'Erez/HaTsiporim
39403,Ha'Erez/HaShaldag
39404,Ha'Erez/HaShikmim
39405,Ha'Erez/HaShikmim
39406,HaDekel/HaTamar
39407,Road 562/Ha'Anafa
39408,HaYovel/HaTapuz
39409,Welding Workshop/Mem Gimel
39410,Shabazi/Eli Cohen
39411,Mem Gimel/Shabazi
39412,Kadima Industrial Zone
39413,HaDekalim Boulevard/562
39414,En Vered Junction
39415,Herzl/Ha'Irusim
39416,Herzl/Tidhar
39417,Herzl/Morde HaGeta'ot
39418,Herzl/Morde HaGeta'ot
39419,Yitshak Ben Tsvi Blvd/Henrietta Szold
39420,Yitshak Ben Tsvi Blvd/Rimon
39421,Ben Tsvi/Ahad Ha'Am
39422,Council
39423,Ort Square
39424,Shpiegelman/Hartum
39425,Ort School
39426,Netanya Rail Station
39427,Ha'Orzim/Ha'Amal
39428,Hadarim Mall
39429,Dganya Road/HaRav Yehuda Unterman
39430,Commercial Center/Ha'Ari
39431,Esther HaMalka/HaRav Yehuda Unterman
39432,David Pinkas/HaRekhev
39433,HaNagar/HaPlada
39434,Tri-Wall plant
39435,Arlozorov/HaShomer
39436,HaRav Tzirelson/HaShomer
39437,HaHaskala/HaShomer
39438,Arlozorov/Halperin
39439,David Pinkas/Tsvi Shechterman
39440,David Pinkas/Tsvi Shechterman
39443,Pinkas/HaKadar
39444,Tsvi Shechterman/HaPlada
39445,Tsvi Shechterman/HaPlada
39446,Zvi Shechterman/Dganya Road
39447,Zvi Shechterman/Dganya Road
39448,Yoseftal/Glikson
39449,Moshe Glikson/Simon Frug
39450,David Frishman/Moshe Glikson
39452,Elkalai/Barak Ben Avino'am
39453,Emek Hefer/Eliyahu Golomb
39454,Dov Hoz/Reines
39455,Nahum Sokolow/Emek Hefer
39456,Emek Hefer Mazeh
39457,Professor Albert Einstein/T. P. Hayout
39458,Prof.Albert Einstein/Shlomo Dror
39459,Dov Hoz/Spinoza
39460,Elkalai/Yiftah HaGil'adi
39461,Professor Albert Einstein/Professor Shorr
39462,Professor Albert Einstein/Professor Shorr
39463,Shay Ag'non School/Shimon Bar Yohay
39464,Yossef Shprinzak/Mich'ael Halperin
39465,HaRav Gold/HaRav Tzirelson
39466,HaRav Gad Machluf/Shmuel Landau
39467,Yossef Shprinzak/HaRav Hager
39468,Dganya Road
39469,Yossef Shprinzak/Yosef Vitkin
39470,Yossef Shprinzak/Ovadia Avraham HaCohen
39471,Shprinzak/Sara Malkhin
39472,Yossef Shprinzak/HaRav Menachen Zemba
39473,Eliezer Kaplan/Yosef Aharonovich
39474,Eliezer Kaplan/Sara Malkhin
39475,Eliezer Kaplan/Yossef Shprinzak
39476,Yossef Shprinzak/Moshe Montefiore
39477,Emek Hefer/Mazeh
39479,Emek Hefer/Masaryk
39481,HaGdud Ha'Ivri/HaHagana
39482,Clinic
39484,HaGdud Ha'Ivri/HaShomer
39485,HaGdud Ha'Ivri/HaShomer
39486,HaGdud Ha'Ivri/HaBanim
39487,Clalit HMO
39488,HaRishonim/HaBrachot
39489,Barbur/Agur
39490,Office
39492,Road 562/Ha'Ilanot
39493,HaHadarim Zoran/HaShikma Tzoran
39494,HaHadarim Zoran/Ha'Ilan Tzoran
39495,Lev HaSharon Road/HaGefen
39496,Ha'Ilanot/HaDolev
39497,HaHadarim Zoran/HaGefen Tzoran
39498,Lev HaSharon Road/HaZayit
39499,HaHadarim Zoran/HaHadas Tzoran
39500,HaHadarim/HaHaruv
39501,Havatselet HaHof/Irus Ha'Argaman
39503,Carmel Hotel/Ben Gurion Boulevard
39504,Dr Stop/Henrietta Szold
39505,Motzkin/Cohen Megure
39506,Simha Erlich/Aryeh Motzkin
39507,Oved Ben Ami Boulevard/Pierre Koenig
39508,Petah Tikva/Lilienblum
39509,HaTsoran/Harry Truman
39511,Ha'Oreg/HaPlada
39512,Ort School/Pinkas
39513,David Pinkas/Tsvi Shechterman
39514,HaGavish/HaMehkar
39515,Pinhas Lavon/Golda Meir
39516,IKEA/Gibore Israel Blvd
39519,Ha'Ilanot/HaDolev
39520,Ha'Ilanot/HaZayit
39521,Lev HaSharon Road/Ha'Ilan
39522,Netanya Central Station/Alight
39523,Netanya Central Station
39524,Neve Itamar Junction
39525,University/Dganya Road
39526,HaPark Road/HaZamir
39527,Dganya Road/Liber Ze'ev
39528,Dganya Road/HaRav Shalom Ifargan
39529,HaShikma/HaShaked
39531,Sha'ar Avraham Intersection
39533,HaNesher/HaZamir
39534,Ha'Orzim/Tsvi Shechterman
39535,Rigler School/Hativat Alexandroni
39536,Nesharim Interchange
39538,HaRav Ovadia Yosef/Deganya Road
39539,Ha'Orzim/Ort
39540,Benny W.Reich /Adar
39541,Benny W.Reich /Adar
39544,Hermelin College/HaMehkar
39545,Shay Agnon School/HaRav Yosef Elyashiv
39547,Alonim/Dganya Road
39553,Shmuel HaNatsiv/Brenner
39554,Bet Yehoshua Railway Station
39557,Modi'im/Hita
39558,Kalanit/Yasmin
39559,Tom Lantos/Tishre
39560,Lantus Blvd/Yosef
39561,HaShalom Bridge/HaGavish
39566,HaRimon/HaTamar
39568,Razi'el/Levi
39569,Anielewicz/Shlomo HaMelekh
39570,Rom Center/Avshalom Gissin
39571,Moshe Sne/Gisin
39574,Alonim/HaNofar
39575,Mazkeret Batya/Zikhron Y'akov
39581,Gush Etsyon/HaTsiyonut
39582,Cultural Center
39583,Gan Yoshiya D
39584,Herev Le'et Junction
39585,HaRishonim/Udim
39586,HaZetim/HaRimon
39588,Pinhas Lavon Boulevard/Shai Agnon
39589,Herzog/Ovadia MiBartenura
39590,Raban Yohanan Ben Zakay/Shmaya
39593,Herev Le'et G
39594,Ma'apil A
39596,El'yakhin Junction
39597,HaGefen/HaRashash
39598,HaRashash/Kanfe HaNesharim
39599,Havatselet HaSharon/Shaked
39600,HaGefen/HaTamar
39601,Havatselet HaSharon/HaYasmin
39602,Havatselet HaSharon/Kanfe HaNesharim
39603,HaRashash/HaSavyon
39604,HaRashash/Marvad Haksamim
39606,Shfayim Interchange
39607,Shfayim Intersection
39608,Shfayim
39609,Shfayim
39611,Ha'Erez Road/HaHadas Road
39612,HaHadas Road/HaDekel Lane
39614,HaRishonim/HaHorev
39615,HaRishonim/HaDekel Lane
39616,Ha'Arets Road/HaBrosh Lane
39617,HaHorev/HaRishonim
39618,HaZetim Blvd/HaGefen
39621,Educational Center
39622,Zamir/Agur
39625,HaMa'avar Junc. Southwards
39626,HaZetim/HaRimon
39627,Ben Gurion Blvd/Zalman Shne'ur
39628,Petah Tikva Central Station
39629,Tel HaShomer Hospital - Administration
39631,Ha'Erez/Klil HaHoresh
39632,Yahalom/Shani
39634,Refreshing Station/Na'an Dor Alon Road 6
39635,HaRav Herzog/Nitsa Blvd
39637,Emek Hefer/Trumpeldor
39641,Kfar Neter A
39645,Pinhas Lavon/Golda Meir
39647,Ha'Atsma'ut/HaPetel
39650,Rambam School/HaRav Shalom Shabazi
39651,HaVradim/HaNitsan
39653,Ha'Erez/Klil HaHoresh
39654,HaMeyasdim/Ramat Ben Gurion
39655,HaVradim/HaShaked
39656,HaDekalim Blvd/HaVradim
39657,Kamil Havismas/Balfour
39658,Ovadya Ben Shalom/HaAri
39659,Petah Tikva/Dr.Mordechai Schreiber
39660,Sibel Park/Exit from Road 5
39661,Rosh Ha'Ayin East Interchange
39662,Rosh Ha'Ayin East Interchange
39669,Kibbutz Galuyot/Nahal Raba
39670,Kibbutz Galuyot/Begin Road
39672,Grocery store
39673,Ma'ale Ha'Ashalim/HaHof Road
39675,Ben Gurion Boulevard/Uzi Hitman
39676,Alonim/HaMoran
39679,Tchernichovsky/Wizo
39681,HaPark Road/Alonim
39684,Yarkon Interchange
39685,Yarkon Interchange
39686,Yarkon Interchange
39690,Arim Mall/Weizmann
39700,HaTsdafim/HaYam
39705,Kesem Interchange
39707,Rosh Ha'Ayin North Rail Junction
39709,Kesem Interchange
39711,Industrial Park
39714,Ha'Egoz/HaDganit
39715,Ha'Egoz/Ha'Etrog
39716,Ha'Alon/HaYakinton
39717,Neve Yamin/East
39718,Netanya Rail Station
39719,Wolfson Terminal
39721,G/Yalde Tehran
39722,Rabotsky/David Elazar
39723,Open University/Ravutzky
39725,Elderly Center/HaHagana
39726,Pardes Meshutaf/Herzl
39730,Ha'Atsma'ut/Ha'Aliya
39731,HaYam Rd/HaZayit
39732,Kalansawa Junction
39733,Kalansawa Junction
39734,Eyal Checkpoint
39735,Eyal Checkpoint
39736,Ha'Atsma'ut Boulevard/Rothschild
39737,David Elazar/Keren HaYesod
39738,Hani'el Junction
39739,HaHistadrut/Shenkar
39741,Yanuv Junction
39742,Tenuvot Junction
39743,Ha'Ikarim/Hametsuda
39744,Be'erotayim Junction
39745,Moshe Sharett/Herzog
39747,HaManor/HaRokmim
39749,Hankin Campus/Hankin
39750,Hoofien/Zalman Aran
39751,Yarkon Interchange
39755,Hankin Campus/Hankin
39756,Tira Junction
39757,Tira Junction
39758,Tayiba Junction
39761,Industrial Park
39763,Hakalanit/HaHavatselet
39764,Shaldag/HaShki'a Path
39765,Hamelaha/Ha'Orgim
39766,Mevo'ot Yam School
39767,Yad Harutsim/HaTrufa
39769,Netanya Central Station
39770,Begin/Pinhas Eylon
39771,Pinhas Eylon/Begin
39772,Tre Asar/Elisha
39774,Pinhas Eylon/Ha'Aluf Yariv
39775,HaRokmim/HaBanai
39776,HaLahav/HaRokmim
39778,Emek HaHula/Emek Zevulun
39779,Emek HaHula/Emek Hefer Alley
39781,HaGefen/HaRimon Lane
39782,HaGefen/Ha'Oren Lane
39784,Farm
39785,HaOren/HaBrosh
39787,Ha'Orgim/HaMerkava
39788,Nahshonim B
39789,Yitshak Rabin Road/Ha'Atsma'ut
39790,Emek HaHula/Emek Ayalon
39791,G Mall/Weizman
39792,Nordau/Ruppin
39794,Nordau Train Station
39795,Sokolov Railway Station
39796,Kdumim Road/Hativat HaNahal
39797,Kdumim Road/Hativat Yiftah
39798,Kdumim/HaMovil
39799,HaMovil road/Biqat Beit Netofa
39800,Dukhifat/HaMovil Road
39801,HaMovil Road/Dukhifat
39802,HaMovil Road/Ha'Agurim
39803,Nahli'eli/Efroni
39805,HaZamir/HaNesher
39806,Zamir/Nahli'eli
39807,Zamir/HaNesher
39808,Country Club/Ben Yehuda
39809,City Shooting Range/Ben Yehuda
39810,Pais Center for Science and Arts/Ben Yehuda
39812,Azar/Prof.Dinur
39813,Tirat Tsvi/HaGalil
39814,Azar/Tel Hai
39815,Yavne/Hevron
39816,Bar Ilan/Hadas Creek
39817,Azar/Bar Ilan
39818,Zamenhoff/Moshe Dayan
39819,Gordon School/HaGalil
39820,HaGalil/Ne'urim
39821,HaCarmel/Tel Hai
39822,Kfar Saba Central Bus Station/Weitzman
39824,HaCarmel/HaShir Alley
39826,HaCarmel/Ha'Avoda
39827,HaShahar/HaShalom
39829,Arim Mall/Berl Katznelson
39830,Meir hospital/Tcharnichovsky
39831,Meir hospital/Tcharnichovsky
39832,Fire Fighters/Tchernichovsky
39833,Tchernichovsky/Golomb
39834,Tchenichovsky/Lilienblum
39835,Tchernichovsky/Smilansky
39836,Tchernichovsky/Ben Yehuda
39837,Tchernichovsky/Menachem Begin boulevard
39838,Menachem Begin boulevard/Tchernichovsky
39839,Tchernichovsky/Remez
39840,David Remez/Tchernichovsky
39841,Tchernichovsky/Kanfe Nesharim
39842,Tchernichovsky/Kanfe Nesharim
39843,David Remez/Ha'Ahva
39844,Commercial Center/Remez
39845,David Remez/Vitkin
39846,David Remez/Vitkin
39847,Remez – Youth Center
39848,Menachem Begin boulevard/Moshe Sne
39849,Menachem Begin boulevard/Moshe Sne
39850,Dr. Moshe Sne/Ehud Manor
39851,Midrashit Noam/Dr. Moshe Sne
39852,Central Park 2000 Industrial zone
39853,Central Park 2000 Industrial zone
39854,Central Park 2000 Industrial zone
39855,Central Park 2000 Industrial zone
39856,Tre Asar/Gid'on
39857,Yesha'yahu/Bat Yiftah
39858,HaShahar/Pines
39859,Galili High School/Asher Barash
39860,Galili High School/Asher Barash
39862,Education Center/Azar
39863,Education Center/Azar
39864,Ya'ara/Levinsky
39867,Ben Gurion/Pardes Meshutaf
39870,Aviv High School/HaPrahim
39872,HaMelakhim/Ya'akov Dori
39874,Fichman/Hoofien
39875,HaMelachim/Yitzhak Sadeh
39876,HaNessi'im/Wingate
39877,HaNessi'im/Wingate
39879,HaHayil/Hefets Hayim
39880,Hafetz Hayim/HaHayil
39882,Eli Cohen/Hefets Hayim
39883,Keren HaYesod/Golomb
39884,Keren HaYesod/Golomb
39885,Borochov/HaNegev
39886,Borochov/Hahashmona'im
39887,HaHistadrut/Borochov
39889,HaHistadrut/Bar Ilan
39890,HaHistadrut/Keren HaYesod
39891,Borochov/HaHagana
39892,Borochov/HaPalmach
39893,Metro West High School/HaPalmach
39894,Metro West High School/Borochov
39895,Borochov/Berl Katznelson
39896,Borochov/Weizmann
39897,Borochov/Weizmann
39898,Weizmann/Keren HaYesod
39899,Keren HaYesod/Weizmann
39900,Weizman Avenue/HaHaroshet
39901,HaYam Rd/HaZayit
39902,Akiva/Ha'Ela
39903,Akiva/HaYarden
39905,Millenium House/HaTidhar
39907,HaTidhar/HaTa'asiya
39908,HaTidhar/HaTa'asiya
39910,HaTa'asiya/Zarhin
39911,Haharoshet/HaMasger
39912,Haharoshet/HaMasger
39913,Haharoshet/Weizmann
39914,Haharoshet/Weizmann
39915,Renanim Mall
39917,HaSadna/HaTa'asiya
39918,Country/HaSadna
39919,Esther HaMalka/Atidim
39920,Dov Hoz/Yohanan Ben Zakay
39921,Dov Hoz/Sa'adia Ga'on
39922,Weizman Avenue/Yafa Yarkoni
39923,Weizmann/Keren HaYesod
39924,Shelter/Shmuel HaNagid
39925,Izzy Shapira/Shabazi
39927,Keren HaYesod/HaKomemiyut
39928,Keren HaYesod/HaHistadrut
39929,Elderly Center/Modechai Anielewicz
39930,Migdal/HaHagana
39931,HaMahtarot/Spinoza
39932,Golda Meir/Moshe Sharett
39934,Nahshonim A
39936,Yoseftal/Mivtsa Sinai
39937,Rojanski/David Razi'el
39938,Rojanski/David Razi'el
39939,Library/HaHorev
39940,Kfar Hess D
39941,HaZahav Mall Terminal
39942,Avraham Bar/Rojanski
39943,David Saharov/Avraham Bar
39944,Israeli Furniture Center/Avraham Bar
39945,Commercial Center/Sharon
39947,Minheret HaIr Road/Lod HaYeruka Road
39948,Weizman Avenue/Yerushalayim Road
39950,Elimelikh Rimlat/HaGilboa
39951,Tennis Courts/Yair Stern
39952,Sportech/Weizman Avenue
39953,Sportech/Weizman Avenue
39954,Weizman Avenue/Migdal
39955,Eliav Center/Schwartz
39957,Grocery store
39958,Dekel School/Schwartz
39959,Ahuza/Ben Gurion
39961,Ra'anana Terminal/HaPnina
39962,Akiva/Tsifman
39963,Ben Gurion/Ostrovsky
39964,Akiva/Ahi Dakar
39966,Sokolov/Sheshet HaYamim
39968,Blum/Ge'ula
39969,Ze'ev Geler/Ma'ale HaOranim
39970,Igal Alon School/Sheshet HaYamim boulevard
39971,Enzo Sereni/HaKovshim
39972,Enzo Sereni/Kibbutz Galuyot
39973,Enzo Sereni/Haviva Reik
39974,Midrashit Noam/Dr. Moshe Sne
39976,Shprinzak/Yehi'am
39977,Rabin High School/HaHish
39978,Bar Lev School/Tel Hai
39979,Ben Gurion/Rothschild
39980,Arim Mall/Berl Katznelson
39981,Haim Weizman/Yitzhak Ben Zvi
39984,Haim Weizman/Yitzhak Ben Zvi
39987,HaGibor/Shahar
39988,HaGibor/HaMa'ala
39991,HaTsiyonut/HaYahalom
39992,HaTsiyonut/HaYahalom
39993,Jabotinsky/Hadassim
39994,Jabotinsky/Ha'Eshel
39995,Sharonim Mall/HaRakon
39996,Shim'on HaTsadik/Hahashmona'im
39997,Emek Ayalon Blvd – Agamit Square
39998,Emek Ayalon Blvd – Saknay Square
40001,Amphitheatre
40003,Kibbutz Sdot Yam
40005,Moshav Bet Hananya
40006,Kibbutz Sdot Yam
40007,Caesarea National Park
40008,HaShalom/Aharon Aharonson
40009,Aharon Aharonson/HaShalom
40010,Moshav Geva Karmel
40011,Moshav Dor
40012,Aharon Aharonson/HaShalom
40013,Bne Akiva Yeshiva/HaShalom
40014,HaBonim Junction
40015,Hillel Yaffe Hospital
40016,Bne Akiva Yeshiva/HaShalom
40017,A'aron A'aronsohn/Har Tsin
40018,Moshav HaBonim
40019,Hillel Yaffe Hospital
40021,HaShalom/En HaDvash
40022,Kibbutz HaHotrim
40023,HaShalom/Bar Ilan
40024,A'aron A'aronsohn/Yigal Allon
40025,A'aron A'aronsohn/Yigal Allon
40027,David HaMelech Boulevard/HaShikma
40029,A'aron A'aronsohn/Yitshak Grinboim
40032,Neot-Gulf
40033,Caesarea Hotel
40034,David Shimoni/Yehi'am
40036,Hadar/Etrog
40038,Ofer Junction
40039,Moshav Kerem Maharal
40040,Rothschild/HaRimon
40041,Caesarea Hotel Intersection
40042,Rothschild/HaMigdal
40045,Commercial Center/HaShalom
40046,Golf Club/Rothschild
40047,Kibbutz Nahsholim
40048,Caesarit Hotel
40049,Road 6511/Rothschild
40050,Commercial Center/HaShalom
40051,Moshav En Ayala
40052,Northern Industrial Zone
40053,David Shimoni/Ariel Sharon Bridge
40054,Hadar/Mandarina
40055,En Hod/Entrance East
40057,Northern Industrial Zone
40058,Merav Center
40059,Heftsiva Junction/Road 4 to South
40060,Haroshet Junction
40061,Haroshet Junction
40062,Ikea
40064,Ikea
40066,Main Road 1
40067,Rothschild/Zamir
40068,Rothschild/Iris
40070,Manai
40071,Heftsiva Junction/Road 4 to North
40072,Hadar/Rothschild
40073,Road 4/Carmel Beach
40076,Rothschild/Snapir
40077,Neve Hayim Junction
40078,David Shimoni/Klaz
40079,She'are Hadera/Road 4
40080,Tal Interchange
40081,Beit Ya'akov School/Ibn Gabirol
40082,Southern Industrial Zone
40083,Southern Industrial Zone
40085,HaPdut/Marvad Haksamim
40089,Hadera Junction
40091,Kibbutz Galuyot/Aharon Road
40092,Road 4/HaHerut Boulevard
40093,Mishmar HaGvul/Gush Halav
40094,Cemetery
40095,Hadera Junction
40096,Cemetery
40097,Hadera River Junction
40098,Hadera River Junction
40100,David HaMelech Boulevard/Merkavot
40101,Road 653/HaShahaf
40102,Bialik/Herzl
40104,Hadera Central Bus Station
40105,Sara Road/Eliyahu Golomb
40106,HaZagag/HaMasger
40107,Moshav Megadim
40108,Kibbutz Ma'agan Mikha'el
40110,Hadera Central Bus Station
40111,Bialik/Rothschild
40112,Rambam/HaRav Herzog
40113,Kibbutz Ma'yan Tsvi
40114,Rambam/Herzog
40116,Hadera High School/Rambam
40117,Hadera River Junction
40118,Menachem Tzioni/Aliza Yensen
40120,Herzl/Menachem Tzioni
40121,Moshav Ofer
40123,Ayn Hawd
40124,Kibbutz En Karmel
40125,Moshav Tsrufa
40126,Yitshak Ben Tsvi/Yosef Sapir
40127,Yitshak Ben Tsvi/Yosef Sapir
40128,Nir Ets'yon
40129,Tal Interchange
40130,Dukhifat
40131,Dukhifat
40132,Dukhifat/Snunit
40133,Rothschild/Menachem Tzioni
40134,Yitshak Ben Tsvi/Assire Zion
40135,Yitshak Ben Tsvi/Assire Zion
40136,National Insurance/Ahad Ha'Am
40139,Dukhifat/Snunit
40140,Taram School/HaRimon
40141,Dukhifat/Agur
40143,Ibn Gvirol/Haim Hazaz
40144,Hillel Yaffe/Herbert Samuel
40146,Yansen School/Aliza Yensen
40147,HaNassi Weizmann/Hillel Yaffe
40148,Aliza Yanssen/HaNasi Weizmann Blvd
40149,Dukhifat/Shaldag
40151,Haheresh/Ha'Oman
40153,Yerushalayim Boulevard/Yehuda Halevi
40154,David Elazar/HaNassi
40155,Ha'Oman/HaZagag
40156,Ein Gedi/Lekhah Dodi
40159,HaNassi Weizmann Blvd/Hay Tayeb Lane
40160,HaNassi Weizmann Blvd/Hay Tayeb Lane
40161,Pal-Yam Junction
40162,HaTsukim/HaCarmel
40163,HaNassi Weizmann Blvd/HaGiborim
40166,Chernin Square/Road 6511
40167,Kfar Hayam/Entry
40168,Weizmann/Halale Dakar
40169,Frank/David Shimoni
40170,HaNassi Weizmann Blvd/HaNevi'im
40171,Weizmann/Herzog
40172,HaNassi Weizmann Blvd/Herzog
40174,Pal-Yam Junction
40175,Pal-Yam Junction
40176,Sammy Ofer- To Haifa
40177,HaZayit/HaHadas
40178,Nir Ets'yon Junction
40179,Ahad Ha'Am/Samsonov
40180,HaNassi Weizmann/HaBanim
40181,HaNassi Weizmann/HaBanim
40184,Herbert Samuel/Rothschild Blvd
40187,En Hod West
40188,David HaMelekh Boulevard/Gelfenstein
40189,David HaMelekh Blvd/HaRimon
40190,En Hod East
40191,David HaMelekh Boulevard/HaSigalit
40192,HaRimon/David HaMelekh Blvd
40193,Shidlovski Blvd/Nili
40195,HaGiborim/Herbert Samuel
40196,Industrial Building Center/HaZayit
40197,HaGiborim/Herbert Samuel
40199,HaZayit/Arava
40200,HaGiborim/Ha'Aliya HaRishona
40201,Kabirim/Levona A
40202,HaGiborim/HaNassi Weizmann
40203,Jabotinsky/HaGiborim
40204,Gershon Shofman/Yitshak Rubinstein
40205,HaZayit/Ha'Arava
40206,Protected Area Boys
40207,HaGiborim/HaNassi Weizmann
40208,Klauzner/Ben Tsvi
40209,HaGefen/Weizmann
40210,Tarna/Jabotinsky
40211,HaRimon/HaTe'ena
40212,Herbert Samuel/HaGiborim
40213,HaNassi Weizmann/HaGefen
40214,HaNassi Weizmann/Lavochkin
40215,En Hod facing the Mosque
40216,Tamar/HaGefen
40217,Yemin Ord
40219,Industrial Zone
40221,Industrial Zone
40222,Givat Havivah Junction
40224,Kopelovitch/Weizmann
40225,Herbert Samuel/Hativat Golani
40226,Bat Hen/Dukhifat
40227,HaNassi Weizmann/Yerushalayim
40228,Or Akiva Junction to West
40229,Ort Bialik School
40230,Or Akiva Junction to East
40231,Be'er Alsmaa
40232,Hativat Golani/Hevrat Ezra
40234,Be'er Alsmaa
40235,Ma'agan Mikha'el Junction
40237,Tsahal/Arlozorov
40239,Hativat HaNahal/Hevrat Ezra
40240,Bet Hananya Junction
40241,Bet Hananya Junction
40243,Bet Hananya
40244,Bet Hananya
40246,Tsahal/HaEucalyptus
40247,Tsahal/HaEucalyptus
40249,Binyamina Junction
40251,Binyamina Junction
40252,Mix Complex/Tzahal
40253,Ma'agan Mikha'el Junction
40254,Ma'agan Mikha'el Junction
40255,Mix Complex/Tzahal
40256,Tsahal/Arba Agudot
40257,Zisso/Yafo
40258,Ha'Atsma'ut Road/HaNadiv
40260,Ha'Atsma'ut Road/Nurit
40262,Hativat HaNahal/Zin Creek
40267,Police/Nili Boulevard
40268,Iron School
40269,Ha'Atsma'ut Road/Irit
40270,Bar Yehuda/Paz Bridge
40271,Bar Yehuda/Gdud 21 Bridge
40272,Ha'Atsma'ut Road/HaNevi'im
40273,Histadrut/Kiryat Ata Junction
40274,HaShita/651
40275,Yefe Nof/HaHagana
40276,HaShita/651
40278,Refineries/HaHistadrut Boulevard
40279,Nili Road/HaHagana
40280,Hadera East Junction
40281,Hadera East Junction
40283,Dover Shalom/Yalag
40284,HaShita/651
40285,HaHalutsim/Tsur
40286,Ma'agan Mikha'el Junction
40287,HaHalutsim/Tsur
40289,Ha'Atsma'ut/HaHagana
40290,Ha'Atsma'ut/HaTmarim
40292,HaKovshim/HaHalutsim
40293,Abba Hushi/Sha'ar Haifa
40294,HaPardes/Shpak
40295,Biram Road/Yigal Allon
40296,Ha'Aliya Road/HaHagana
40297,Malal/Ye'ari
40298,Eliaz Wineries/HaMessila
40299,HaGiborim/Nahalat Jabotinsky
40300,HaGiborim/Nahalat Jabotinsky
40301,HaMessila Road/Dekel
40302,Shpak/Eilat
40303,HaPardes/HaShezaf
40304,Shpak/Ha'Avukado
40305,Halamish/651
40307,HaPardes/HaPekan
40308,Ha'Atsma'ut/Ha'Aviv Blvd
40309,Technion/School of Practical engineering
40310,Halamish/Tarshish
40311,Technion/Chemical engineering
40312,Hadera East Junction
40314,HaPardes/Shketzer
40318,Nesher/Dukhifat
40320,Yagur/Kfar Hasidim
40321,Tarshish/Granit
40322,Yagur Interchange
40324,Ancor/Nahli'eli
40327,Binyamina Rail Station
40328,HaTe'enim/Rabbi Tsiyon Hadad
40329,Road 22/Haifa Road
40330,HaShezaf/Yetziat Europa
40331,Atidim School
40332,HaPardes/Wolfberg
40333,HaShoshanim
40335,Zamir/Tehiya
40336,Atidim School
40339,Herzl/Yabetz
40340,Bilu
40341,Herzl/Nili Boulevard
40343,HaGranot Road/Herzl
40344,Bilu Shivat Zion
40345,Nesher Stadium
40346,Yetziat Europa/Gadot
40349,Derekh Lamerhav/Havakuk
40351,HaShikma/HaTe'enim
40352,Bar Yehuda/HaShayish
40353,HaVatikim/Shivat Zion
40355,HaMesila/Malakhi
40356,Derekh Lamerhav/Havakuk
40357,Ancor/Shaldag
40358,HaTehiya/HaKerem
40359,Kfar Tapuz/652
40360,HaMesila/Malakhi
40362,Nesher Stadium
40365,Savion Institute/652
40366,HaMeyasdim/HaGranot Road
40367,Shivat Zion
40368,Shivat Zion/Bar Ilan
40370,Derekh Lamerhav/Tehiya
40372,HaKovshim/HaMeyasdim
40374,Ya'akov Steinberg/Lilienblum
40375,Yitshak Ben Tsvi/Schteinberg
40376,Ha'Atsma'ut/Shalom Salah
40377,Peretz/Frishman
40378,Hativat Golani/Nahalal
40379,Hativat Golani/Nahalal
40380,Branseis Square
40381,Library/HaDagan
40385,Adanim/Malakhi
40386,Ancor/Hasida
40388,Gan Shmu'el Junction
40390,Jabotinsky/HaNadiv
40392,Tslil School/HaShikma
40396,Hasida/Bet El
40397,Derekh Lamerhav/HaGa'on
40399,Yam Tikhon/Habad
40400,Sara Road/Struma
40401,Aharon Road/Agricultural Farm
40402,Aharon Road/Sara Road
40403,HaShikma/Public Garden
40404,Ort School/Road 652
40406,Matnas
40407,Cemetery
40408,Derekh Lamerhav/HaGa'on
40409,Ada Junction
40410,Granot Junction/Gan Shmuel
40411,Football Field
40412,HaHof
40413,A-Shati School
40414,Sara Road/Struma
40415,Ort HaShomron/Road 652
40418,HaShikma/HaTut
40419,HaShikma/HaTut
40420,Granot Junction/Gan Shmuel
40421,Ramat Hanadiv Gardens/652
40422,Hen Factories/Road 652
40423,Ramat Hanadiv Gardens/652
40424,Ada Junction
40425,Bet El/Hashmona'im
40426,Aharon Road/Beit Hatothan Road
40427,Hen Factories/Road 652
40428,Horev School/Hashmona'im
40429,Ada Junction
40430,Al Sadra/Al Quds
40431,Al-Quds
40432,Ben Gurion Boulevard/HaNarkis
40433,Yitshak Rabin Road/Pashosh
40436,HaTirosh/Sports Field
40437,Aharon Road/Road 652
40438,Hashmona'im/Modi'in
40439,Hashmona'im/Modi'in
40441,Derekh Lamerhav/Hashmona'im
40443,BIG Check Post/Bar Yehuda Road
40445,BIG Check Post/Bar Yehuda Road
40446,Derekh Lamerhav/Hashmona'im
40447,Hashmona'im/Hagay
40449,Derech HaYam/HaRakevet
40450,Sara Road/Eliyahu Golomb
40451,Sara Road/Kedma
40452,Alon Junction
40453,Derekh Lamerhav/Shave Tsiyon
40457,Alon Junction
40458,Talme El'azar Junction
40459,Razi'el/Ya'akov Pat
40460,Arad/Ta'anakh
40461,Derekh Erets/Eshel
40462,Packing house/Pica Road
40463,Packing house/Pica Road
40465,Gefen/Eshel
40466,Packing house/Pica Road
40468,Masada/Maccabim
40469,Gefen/Alon
40470,Derekh Lamerhav/Tel Tsvi
40471,Gefen/Alon
40472,Etsyon/Hevron
40473,Gefen/Te'ena
40474,Giv'at Na'e
40475,Gefen/Te'ena
40476,Giv'at Na'e
40477,Gefen/Dafna
40479,Gefen/Tamar
40481,Predot - Camp
40482,Gefen/Tamar
40483,Derekh Lamerhav/HaBotnim
40486,Pica Road/Shlomtsiyon HaMalka
40487,Tamar/Gefen West
40488,Pica Road/Shlomtsiyon HaMalka
40489,Derekh Lamerhav/HaBotnim
40490,Tamar/Gefen
40491,Tamar/Oren
40492,Tamar/Alon
40493,HaNadiv Road/Tidhar
40494,Derech LaMerhav/HaMaaleh
40496,Sapir/Topaz
40497,Pardes Hana Karkur
40498,Pardes Hana Karkur
40500,Sapir/Odem
40504,Derech LaMerhav/HaMaaleh
40505,Ha'Atsma'ut/Mendele Mokher Sfarim
40507,Zevulun/Hate'ala
40508,Zevulun/Kiriat Frustig
40509,Zevulun/Shivat Zion
40510,Pica/HaBotnim
40512,Zevulun/Lehi Monument
40513,Pica/HaBotnim
40518,Haifa Road/Zevulun
40519,Yad LaBanim/HaBanim Road
40520,Zevulun/KKL
40521,Yad LaBanim/HaBanim Road
40522,Pardes Hana Karkur
40528,Alonim School/HaBanim
40529,Police National School
40532,Sapir/Turkiz
40533,HaNadiv Road/HaBanim Road
40534,Kiryon South/Akko Haifa Rd
40537,Sapir/Hoshen
40541,Agricultural School
40543,Ort Bialik/HaHistadrut Boulevard
40544,Pica Road/Yehuda HaLevy
40545,HaNadiv Road/Pica Road
40547,Sapir/Topaz
40550,HaBanim Road/Mishmarot Road
40551,Nili Boulevard/HaHalutsim
40553,Sha'ar Ha'Amakim
40554,Sha'ar Ha'Amakim
40555,Hannah Interchange/Camp 80
40557,Hannah Interchange/Camp 80
40558,Sapir/Bareket
40559,HaMeyasdim/Talpiot
40561,Iron Road/HaMeyasdim
40562,Sapir/Shoham
40565,Dr. Dan William Jawi/Minnesota Blvd
40566,Amikam Junction
40567,Sapir/6353
40569,HaMeyasdim/HaBanim Road
40570,HaRimon/HaTe'ena
40571,Derekh Erets/HaAhva Blvd
40572,HaGefen/HaZayit
40575,Karkur Junction
40576,HaHaluts/Malkhe Israel
40577,Terminal
40578,Sports Field
40579,HaTe'ena/HaBroshim
40580,HaTe'ena/HaBroshim
40581,HaGefen/HaRimon
40582,Menashe Junction
40583,Yigael Yadin/Yehuda Itin
40585,Gan Shomron B
40586,Ha'Arava/HaFikus
40588,HaOranim/HaGiv'a
40589,Gan Shomron G
40592,Gan Shomron D
40594,Amirim Boulevard/HaMagal
40598,En Shemer Junction
40599,HaTirosh Giv'at Ada/Smadar Giv'at Ada
40600,Ibn Khaldun
40601,En Shemer Junction
40602,Al-Hukma/Ibn Hanbal
40606,HaDekel/Ha'Enav Giv'at Ada
40607,Gefen/Egoz
40608,HaDekel/Hai Street
40610,HaDekel/Hai Street
40612,Hai Street/HaYasmin Giv'at Ada
40613,Office
40615,Sde Yitshak Junction
40616,Hay/HeLevona
40617,Magal Junction
40619,Lahavot Haviva Junction
40620,Lahavot Haviva Junction
40621,Kiriyat HaHinuch
40622,Alon/HaZayit
40623,Ha'Ela/Hai Street
40624,Bir Baqa/Al-Mali'at
40625,Hai Street/HaHavatselet Lane
40626,Bir Baqa/Al-Mali'at
40627,Lahavot Haviva B
40628,Hai Street/HaRimon
40630,HaRimon/Revital
40632,Lahavot Haviva A
40634,Ma'or Junction
40635,Al-Qasemi Center
40636,HaRimon Giv'at Ada/HaHatsav Lane
40637,HaRimon/HaSe'ora
40638,Sha'ar Menashe
40640,HaSe'ora/HaDagan
40641,Sha'ar Menashe Hospital
40642,HaRimon/Ma'ale HaTsabar
40643,Al-Qasemi Center
40644,Military Camp
40645,Sha'ar Menashe Junction
40646,Military Camp
40647,Magal
40648,Military Camp
40649,Narbeta Junction
40650,Kalanit/Rakefet
40651,Shoham/Derekh Erets
40652,Ma'anit Junction
40653,Ma'anit Junction
40654,Narbeta Junction
40656,Shoham/Rubin
40657,Ma'anit Junction
40658,Narbeta Junction
40659,Tamar/Etrog
40661,Gefen/Oren
40662,Road 6353 West/Derekh Erets
40664,Olga Junction/Exit to Road 2
40665,Ela/Egoz
40666,Stella Maris Road
40667,Kalaniyot Junction
40668,Harish Junction to the North
40669,Camp 80
40671,Amikam G
40672,Kalaniyot Junction
40674,Maor Junction
40675,HaNadiv Road/HaHaluts
40676,Amikam B
40679,Um al Fahm Terminal
40680,Barkay Junction
40681,Yod Alef HaSporta'im/Pinhas & Avraham Rutenberg
40682,Yod Alef HaSporta'im/Pinhas & Avraham Rutenberg
40683,Metser Junction
40684,Metser Junction
40686,Metser Junction
40687,Metser Junction
40688,Metser Junction
40689,Hawalad D
40690,Office
40691,Operation Ezra/Shivat Zion
40692,Kibbutz Regavim
40693,P.E. College/Al-Quds
40694,Al-Quds/Al-Haaja Nafisa
40695,HaShomron/Keren Kayemet Le'Israel
40696,Hamama/Al-Quds
40697,Al-Quds/Hamama
40699,Shvedya G
40700,Brandeis/Ha'Alon
40701,Al-Quds/Alfatah
40702,Al-Quds/Practical engineering College
40704,Brandeis/HaHadar
40705,Weizmann Yud-Bet
40706,Council Square
40707,Beit Ha'am
40708,Jat Terminal
40709,Feinberg/Nordau
40711,Al-Quds/Albustan
40712,Khawaled Mosque
40713,Al-Quds/Kupat Holim
40714,Metser Junction
40715,Ahmed Abu A'sba /Yasser Arafat
40716,Weizmann Yud-Alef
40717,Wadi Al-Kharubi
40722,Jatt Junction
40723,Derech Eretz/Gamla
40724,Wadi Al-Kharubi
40725,Metser A
40726,Plant
40727,Jatt Junction
40728,Jatt Junction
40730,Baka/South Entry
40732,Al-Quds/Al Makrizi
40734,Al-Quds/Comprehensive High School
40735,Swimming Pool/Al-Quds
40737,Baqa al-Sharqiya Junction
40738,Wadi Alkharuba/A-Sindian
40739,Weizmann G
40740,Weizmann A
40741,Sapir/6353
40743,Wadi Alkharuba/A-Sindian
40744,Wadi Alkharuba/Al-Huda
40745,Wadi Alkharuba/Al-Huda
40746,Wadi Alkharuba/Maisara
40747,Wadi Alkharuba/Maisara
40748,Maisara/Al-Kanari
40749,Maisara/A-Saqer
40750,Road 653/HaSade
40752,Olga Junction
40753,Hazon Ish/Hadas
40755,Eliyahu Bet-Zuri/Eliyahu Golomb
40757,Or Akiva Junction to South
40758,Or Akiva Junction to North
40759,Bialik/Samsonov
40760,David Shimoni/College
40761,David Shimoni/Frank
40762,HaShalom/Ha'Ahu
40763,HaAri/Hagra
40764,Hagra/Aliyat HaNoar
40765,Mivtsa Yonatan/Mivtsa Horev
40766,Brener/Carmel Beach
40768,Re'eim Club
40769,Hagra/Hof HaCarmel
40770,HaAri/Hagra
40771,Aharonovitch/Beilinson
40772,Hadera Junction
40773,Police
40774,HaShezaf/Yetziat Europa
40775,Ha'Atsma'ut/Yetziat Europa
40776,Kibbutz Galuyot/Gadot
40777,Kibbutz Galuyot/Pe'er Am School
40778,Ha'Atsma'ut/Ha'Aviv Boulevard
40779,Ha'Atsma'ut/Kaf Tet BeNovember
40781,HaGiborim/She'ar Yashuv 3
40782,HaGiborim/HaRav Tse'iri
40784,Etzel/Yerushalayim
40785,Ahad Ha'Am/Herzl
40786,Feinberg/Levi Eshkol
40787,Yerushalayim/Shprinzak
40792,Hadarim/Hatsfira
40794,Hashmona'im/Peduyim
40796,Etung Junction
40797,HaBanim Road/Yad LeShiluv
40798,HaMoshav/Ne'urim
40799,HaMoshav/Ahuza
40801,HaMoshav/Ne'urim
40802,HaMoshav/Ahuza
40803,Kibbutz Galuyot/HaKerem
40804,Aharon Road/Neve Remez
40806,Kibbutz Galuyot/Marvad Haksamim
40810,HaNassi/Herzl
40811,HaMeyasdim/HaNadiv
40813,HaTirosh/HaGat
40814,Ge'ulim
40815,Kanfe Nesharim/Barak
40816,HaNassi/HaShaked
40817,Nili/Kadesh
40818,HaHalutsim/Nili Blvd
40819,Nili/Kadesh
40820,Binyamina Rail Station
40821,HaMessila Road/Dekel
40822,Binyamina Quarry
40823,HaGiborim/HaSapir
40824,Binyamina Quarry
40826,HaMessila Road/Sheshet HaYamim
40827,HaMessila Road/Sheshet HaYamim
40830,Dor Beach
40831,En Ayala Junction
40832,En Ayala Junction
40833,Limestone Plant
40834,Ofer Junction
40835,Ofer Junction
40836,HaBonim Junction
40837,HaBonim Junction
40838,Tsrufa Junction
40839,Geva Karmel Junction
40840,Geva Karmel Junction
40841,Nahsholim Junction/Dor
40842,Nahsholim Junction
40843,Nahsholim Junction/Dor
40844,Limestone Plant
40845,En Karmel Junction
40846,En Karmel Junction
40847,En Hod Junction
40848,En Hod Junction
40849,Aharonson Farm
40850,Oren Junction South/Prison
40851,HaHotrim Intersection
40852,Kfar Galim Intersection
40853,Kfar Galim A
40854,Weizmann V
40855,HaDo'ar Junction
40856,Al-Quds/Al-Birak
40857,Al-Quds/Al-Mua'araffa
40861,Barta'a Junction
40863,Damon Junction
40864,Giv'at HaHagana
40865,Giv'at HaHagana
40868,Road 65/Um al Fahm A
40869,Road 65/Um al Fahm B
40870,El Medina/HaIriya Road
40871,El Medina/Al-Handaq
40872,Road 65/Um al Fahm A
40873,Road 65/Um al Fahm B
40874,Um al Fahm Junction
40876,Musheirfe Intersection
40880,HaShomrim Junction
40881,Gil Am Daycare
40882,Shefar'am North Intersection
40883,Bet Kama/Gibore HaTehila
40884,Road 7223/Kdumim Creek
40885,Bet Kama/Gibore HaTehila
40886,Nathan Elbaz/Gordon
40887,Sheshet HaYamim/HaTsanhanim
40888,Sheshet HaYamim/Sinai
40889,Weizmann/Nathan Elbaz
40890,Herzl/Ha'Atsma'ut
40891,HaShihrur/Herzl
40892,Lev Ha'Ir Mall/Herzl
40893,Dganya School/HaRav Kook
40894,Rambam/HaRav Kook
40895,Rambam/Motzkin
40896,Herzl/Keren HaYesod
40897,Tirat Carmel Fork/Herzl
40898,Herzl/Tirat Karmel Junction
40899,Herzl/Hamelaha
40900,Tirat Carmel Fork/Herzl
40901,Lev Ha'Ir Mall/Herzl
40902,Clalit/Sheshet HaYamim
40903,Employment Center/Jabotinsky
40904,Kiryat Amal Road/Amalim
40906,Kiryat Amal Road/Amalim
40907,KKL/Ha'Emek
40908,KKL/Ha'Emek
40909,KKL/Yigal Allon
40910,Mordekhay/Yehoshua Hankin
40911,Katznelson/Alexander Zaid
40912,Katznelson/Alexander Zaid
40913,HaTsiyonut Square
40914,Hannah Szenes/Yizre'el
40915,Hannah Szenes/Ben Tsvi
40916,Kiryat Tiv'on Junction/HaAlonim
40917,Alonim/HaRimonim
40918,Alonim/HaLevana Lane
40919,Rimonim School
40920,Alonim/Pool
40921,Alonim/HaLevana Lane
40922,Alonim/Ben Gurion Square
40923,Shkedim/Ha'Ela
40924,Shkedim/HaSigaliyot
40925,Metarim School
40926,HaShkedim/HaTsipornim
40927,Alonim/Ben Gurion Square
40928,Shkedim/HaVradim
40929,Shkedim/Ramat Hadassa
40930,Shkedim/Ramat Hadassa
40931,HaShkedim/HaMarganiyot
40932,HaHalutsim/Yefe Nof
40933,Ha'Aliya/HaKalaniot
40934,Ha'Aliya/Ha'Ilanot
40935,Bet Yehoshua School
40936,HaKalaniyot/HaTishbi
40937,Kibbutz Galuyot/HaRakafot
40938,HaHalutsim/Ha'Ilanot
40939,Kibbutz Galuyot/HaBreha Lane
40940,HaRakafot/HaKalaniot
40942,Moshe Road/Keren HaYesod
40943,Keren HaYesod/Moshe Road
40944,HaBitahon/Haharoshet
40945,HaKatsar/Ma'ale HaGiborim
40946,HaKatsar/HaBitahon
40947,Ma'ale HaGiborim/Mitspa
40948,Ma'ale HaGiborim/Mitspa
40949,HaHistadrut/HaTechnion Road
40950,HaHistadrut/HaTechnion Road
40951,HaTechnion Road/HaHistadrut
40952,HaTechnion Road/Netiv HaYam
40953,HaTechnion Road/Netiv HaYam
40954,HaTechnion Road/HaMatmid
40955,Amos/Sinai
40957,Base - transport
40958,Ta'as Tira
40959,Finland/Norvegia (Norway)
40960,Shvedya/Finland
40961,Shvediya B'
40962,Shvedya H
40963,Shvedya/Liberia
40964,Sammy Ofer Stadium
40965,HaHagana/Rutenberg
40967,Neve David
40968,Hof HaZahav/Rothschild
40969,Abba Hushi/Watson
40970,Abba Hushi/Einstein A
40971,Abba Hushi/Watson
40972,Abba Hushi/Kaufmann
40973,Horev/Giv'at Downes
40974,Horev/Janusz Korczak
40975,Horev/Giv'at Downes
40976,Merkaz Horev/Horev
40977,Merkaz Horev/Pica
40978,Pica/Oren
40979,Horev/Mapu
40980,Moriya/Mapu
40981,Oren/Pica
40982,Oren/Shikma
40983,Smolenskin/HaRofe
40984,Merkaz Horev/Smolenskin
40985,Pica/Har'el
40986,Moriya/Kiryat Sefer
40987,Yotam/Kiryat Sefer
40988,Kiryat Sefer/Moriya
40989,Moriya/Ma'abarot
40990,Moriya/Spektor
40991,Yotam/Moriya
40992,Disraeli
40993,Disraeli/Horev Center
40994,Pica/Har'el
40995,HaPalmah/HaTzalafim
40996,HaShikma/Pica
40997,Commercial Center/Oren
40998,Oren/HaPrahim
40999,HaPalmah/Keren HaYesod
41000,Keren HaYesod/Mishmar HaGvul
41001,Ben Gurion School/Keren HaYesod
41002,Keren HaYesod
41003,Keren HaYesod/Ruppin
41004,Hana/Yehudit
41005,Nomi/Leah
41006,HaPalmah/Har'el
41007,Bo'az/Rachel
41008,Yotam/Yokheved
41009,Moriya/Zerubavel
41010,Moriya/Nahshon
41011,Shimshon/Yotam
41012,Nomi
41013,Ruth/Nomi
41014,Tsafririm/Lotus
41015,Tsafririm/Heine Square
41016,Moriya/Tsafririm
41017,Moriya/Feigin
41018,Yotam/Shimshon
41019,Ha'Asif/Bikurim
41020,HaMelekh Uziyahu/HaMelekh David
41021,HaMelekh David/HaMelekh Uziyahu
41022,HaMelekh Shlomo/HaMelekh Uziyahu
41023,Ha'Etzel
41024,HaMelekh David/Etzel
41025,Etzel/HaMelekh David
41026,Etzel/HaRotem
41027,Ankoa/Ha'Etzel
41028,Ironi E School/Bikurim
41029,Maccabi Pool/Bikurim
41030,Ha'Asif/Kisch
41031,Moriya/Tsafririm
41032,Moriah Boulevard/HaBroshim
41033,HaTsofim/Yitshak Boulevard
41034,Mt. Carmel Hotel/HaYam Road
41035,Mt. Carmel Hotel/Ilanot
41036,Ilanot/HaRakafot Square
41037,HaYam Road/HaTamar
41038,HaYam Road/Ilanot
41039,HaTamar/Agmon
41040,HaYam Road/Holtzberg
41041,HaYam Road/Dolev
41042,Hospital 10/HaYam Road
41043,HaYam Road/HaHarduf
41044,HaYam Road/Dolev
41045,Enqawa/Bar Rav Hai
41046,Ankoa/Ha'Etzel
41047,Marseille/Bar Rav Hai
41048,Bar Rav Hai/Sa'adia HaGa'on
41049,Bar Rav Hai/Marseille
41050,Bar Rav Hai/Bodenheimer
41051,Sa'adia Ga'on/Marseille
41052,Marseille/Tsarfat Road
41053,Tsarfat Road/Yetziat Europa
41054,Tsarfat Road/Marseille
41055,Tsarfat Road/Karmiya
41056,Tsarfat Road/Yetziat Europa
41057,Yetziat Europa/Jaur?s
41058,Tsarfat Road/Yetziat Europa
41060,Bodenheimer/Gan Doron
41061,Bodenheimer/Sa'adia Ga'on
41062,Yetziat Europa/Tsarfat Road
41063,HaCarmel Center/HaNassi Boulevard
41064,Dan Carmel Hotel/HaNassi
41065,Elisha Hospital/Wedgwood
41066,Kisch/Hulda
41067,Kisch/Ha'Asif
41068,HaNassi/Iris
41069,HaNassi/HaTishbi
41070,HaNassi/Dafna
41071,HaNassi/HaHorsha
41072,HaNassi/HaHorsha
41073,Leon Blum/Wingate
41074,Ha'Asif/Kisch
41075,Ha'Asif/Bikurim
41076,Wingate/Hannah Szenes
41077,Wingate/Hannah Szenes
41078,Bnai Zion Hospital/Golomb
41079,Carmelit Station / Golomb
41080,Bahai Center/Golomb
41081,HaTishbi
41082,Shunamit/Ovadia
41083,Ovadia
41084,Bethlehem/Yesha'yahu
41085,Victor Hugo/Kol Israel Haverim
41086,Stephen Wise/Emile Zola
41087,Stephen Wise/Kaouders
41088,Emile Zola/Victor Hugo
41089,Emile Zola/Kol Israel Haverim
41090,Tsarfat Road/Gores
41091,Tsarfat Road/Karmiya
41092,Tsarfat Road/Marseille
41093,Tchernichovsky/Gordon College of Education
41095,HaOgen/Pierre Koenig
41096,HaOgen/Ya'ir Stern
41097,HaOgen/Ya'ir Stern
41098,HaOgen/HaHege
41099,HaToren
41100,Bet El/HaTishbi
41101,HaNassi Boulevard
41102,HaTsiyonut/HaNassi
41103,Bahai Gardens/HaTsiyonut
41104,HaTsiyonut/Shifra
41105,HaTsiyonut/Pu'a
41106,Tchernichovsky/Peretz Hayut
41107,Edmond Fleg
41108,Tchernichovsky/Edmond Peleg
41109,Edmond Fleg/Tchernichovsky
41110,Bahai Gardens/Aabas
41111,HaPo'el/Tsipora Zeid
41112,HaBaron Hirsch/Allenby
41113,HaHagana/Yo'av
41114,The Sea Museum/Allenby
41115,Allenby A
41116,Allenby B
41117,Allenby G
41118,Allenby/HaBaron Hirsch
41119,Allenby/Dror
41120,Allenby A
41121,Allenby B
41122,Allenby G
41123,Hess/Montefiore
41124,Carmelit Station / Golomb
41125,Outpatient Clinics/Wingate
41126,Hess
41127,Hess/Rashi
41128,Arlozorov/HaPo'el
41129,HaTsiyonut/HaNassi Boulevard
41130,Masada/Shmu'el
41131,Masada/Koresh
41132,Tiberias/HaTsiyonut
41133,Masada/Balfour
41134,Balfour/Yosef
41135,Madatek/Balfour
41136,Emek HaZeitim/Ben Shemen Corner
41137,Bar Giora/HaKana'im
41138,HaGefen/Ben Gurion
41139,HaGefen/HaParsim
41140,Ben Yehuda/HaTsiyonut
41141,Ben Yehuda/Gid'on
41142,Hertsliya/HaNevi'im
41143,HaNevi'im/Ahad Ha'Am
41144,Carmelit Station/HaNevi'im
41145,HaGefen/HaParsim
41146,HaTsiyonut Boulevard/A-Tugrai
41147,Kupat Holim/Tsahal
41148,Tsahal/Amal
41149,Tsahal/Nili
41150,Tsahal/Dror
41151,Tsahal/Rothschild
41152,Yo'av/Avner
41153,Tsahal/Dror
41154,Tsahal/Gadna
41155,HaHagana/Yo'av
41156,Avner/HaHagana
41157,Rambam Hospital/HaAliyah HaShniya
41158,Yafo Road/Tel Aviv
41159,Ha'Aliya HaShniya/Efron
41160,Ha'Aliya HaShniya/Lotz
41161,Aliyah School/Ha'Aliya HaShniya
41162,Ben Gurion/Allenby
41163,Madatek/Balfour
41164,Shabtai Levi/Rishpon
41165,Hassan Shukri/HaNevi'im
41167,Ben Gurion/HaMeginim
41168,HaMeginim/Me'ir
41169,HaMeginim/HaBankim
41170,HaMeginim/HaHagana Square
41171,Abba Hushi/Einstein
41172,Bet Biram/Abba Hushi
41173,Abba Hushi/Einstein B
41174,Abba Hushi/Tahon
41175,Keren HaYesod/Ruppin
41176,Keren HaYesod
41177,Ben Gurion School/Keren HaYesod
41178,Hankin/ElizaBeth Square
41180,Zalman Shne'ur A
41181,Zalman Shne'ur D
41182,Zalman Shneour/Fichman
41183,Biram Road/Dubnov
41184,Alliance School/Biram Road
41185,Biram Road/Egoz
41186,Biram Road/Internazional
41187,Internazional/Dorot
41188,Abba Hushi/Denya
41189,Abba Hushi/Shvedya
41190,Denya/Liberia B
41191,Denya/Liberia D
41192,Antwerpen/Shlonsky
41193,Brener/Haviva Reik
41194,Brener/Zalman Shne'ur
41195,Internazional/HaLamed He
41196,Hankin Road/Bat Hen
41197,Hankin Road/Internazional
41198,Haviva Reik/Internazional
41199,Haviva Reik/Netiv HaPnina
41200,Technion/Hasenat Dormitories
41201,Hankin/Komoly
41202,Komoly/Hankin
41203,Pinsker/Dori
41204,Sport Center/Dori
41205,Technion/Material engineering
41206,Shalom Alekhem/Pinsker
41207,Trumpeldor/Ziv Center
41208,Trumpeldor/Ziv Center
41209,Trumpeldor/David Square
41210,Hanita/Trumpeldor
41211,Sport Center/Dori
41212,Gedalyahu/Dori
41213,Commercial Center/Gedalyahu
41214,Commercial Center/Gedalyahu
41215,Gedalyahu/Dori
41216,HaRav Maimon/Leib Shimoni
41217,HaRav Maimon/Leib Shimoni
41218,Leib Shimoni/Nachmias Yossef
41219,HaGalil
41220,Berl/Mendele Mokher Sfarim
41221,Open School/Berl
41222,Berl/Pinhas Re'em
41223,Hanita/Hilel Silver
41224,Hilel Silver A
41225,Leon Blum
41226,Leon Blum/Wingate
41227,Hannah Szenes
41228,Hannah Szenes/Wingate
41229,Kani'el/Ha'Ari
41230,Hilel Silver/Ratner
41231,Nissanboim/Peretz Markish
41232,Yad LaBanim/Hilel Silver
41233,Yad LaBanim/Dov Gruner
41234,Yad LaBanim/Razi'el
41235,Nisisimboim/Yad LaBanim
41236,HaGalil/Netiv Hen
41237,HaTikhon/Asher
41238,HaTikhon/Zion
41239,HaTikhon/HaBracha
41240,HaTikhon/Trumpeldor
41241,HaGalil/Netiv Hen
41242,HaBanim/HaGalil
41243,HaRav Maimon/Gilboa
41244,HaGalil/Mitspa
41245,HaGalil/HaBerekha
41246,HaGalil/Zion
41247,HaGalil/HaBanim
41248,HaPo'el/Tsipora Zeid
41249,Kupat Holim/Ge'ula
41250,Arlozorov/Ge'ula
41251,Arlozorov/Balfour
41252,Arlozorov/Pevzner
41253,Ge'ula/Rabbi Akiva
41254,Ge'ula/Ben Zakai
41256,Yad LaBanim/Hilel Silver
41257,Yad LaBanim A
41258,Yad LaBanim B
41259,Yad LaBanim/Arad
41260,Bar Yehuda/Gdud 21 Bridge
41261,Yad LaBanim/Neve Yosef
41262,Yad LaBanim/Ma'alot Dov Gruner
41263,Yad LaBanim A
41264,Yad LaBanim B
41265,Razi'el/Pe'er
41266,Yad LaBanim/Pe'er
41267,Razi'el/Yad LaBanim
41268,Yad LaBanim/HaGiborim
41270,Pe'er/Weiner
41271,Pe'er/Dov Gruner
41272,Pe'er/Yad LaBanim
41273,Hativat Carmeli/Ma'alot Yona Bagola
41274,HaHashmal/Hativat Carmeli
41275,Yad LaBanim/HaGiborim
41276,Yad LaBanim/HaYarden
41277,HaGiborim/HaGvurah Square
41279,Micha'el/Bar Kokhba
41281,HaHaluts/Dvora
41283,Shmaryahu Levin/Ibn Sina
41284,Ma'ale HaShihrur/Shivat Zion
41285,Kibbutz Galuyot/Bilu
41286,Kibbutz Galuyot/Yad LaBanim Road
41287,Shivat Zion/Rubin
41288,Post office/Ma'ale HaShihrur
41289,Government Complex/Palyam
41292,Hutsot HaMifratz
41293,Stadium/HaHita
41294,Stadium/Shenkar
41296,HaHistadrut/Kiryat Ata Junction
41297,HaHistadrut Boulevard/Yitshak Ben Tsvi
41298,Moshe Sharett/Shlomo Lavi
41299,Dganya/Truman
41300,Dganya/Bet Alfa
41301,Truman
41302,Bet Alfa/HaTkuma
41303,Bet Alfa/HaVatikim
41305,Dganya/Zalman Aran
41306,Zalman Aran/Abarbanel
41307,Stadium/Dganya
41308,Dganya Boulevard/Warburg Boulevard
41309,Warburg Boulevard/Ahi Eilat
41310,Moshe Sharett/Ahi Eilat
41311,Ahi Eilat/Yatziv
41313,HaGdud Ha'Ivri/Shitrit
41314,Shitrit/Moshe Sharett
41316,Bet Alfa/Mishmar Ha'Emek
41317,Bet Alfa
41318,Bet Alfa/Dganya
41319,Zalman Aran/Mishmar Ha'Emek
41320,Post Office/Zalman Aran
41322,Ahi Eilat/Kiryat Ha'yim Junction
41323,National Insurance/Ahi Eilat
41325,Dganya/Bussel
41326,Dganya/Warburg
41328,Zalman Aran/Dganya
41329,Post Office/Zalman Aran
41330,Zalman Aran/HaVatikim
41331,Warburg/Abarbanel
41332,Warburg/Yehi'am
41333,HaYaam HaTichon/Shapira
41334,Alexander Zaid
41335,Ben Tsvi/Moshe Sharett
41336,Hay Tayeb/Operation Ezra
41337,Operation Ezra/Dr Dan William Gaoui
41340,Caro/Bar Yohay
41341,Shabazi/Zalach
41342,Shabazi/Rashi
41343,Shabazi/Rashi
41344,Tchenichovsky/Lilienblum
41345,Kinneret/HaDekalim
41346,Ha'Atsma'ut/HaMeginim
41347,Sirkin/Remez
41348,Hankin/Borochov
41349,Hankin/Borochov
41350,Herzl/Hankin
41351,Hankin/Ruppin
41352,Hankin/Sokolov
41353,Nordau/Hankin
41355,Muller/Einstein
41356,Einstein/HaTsanhanim
41357,Einstein/Ya'ir Lane
41358,Yoseftal/Sirkin
41360,Jabotinsky
41361,Jabotinsky/HaPalmah
41362,Shmu'el Azar
41363,Shmu'el Azar/Tabib
41364,Eshet/Ezer
41365,Tabib/Asaf Simhoni
41366,Eshet/Tabib
41367,Tabib/Asaf Simhoni
41368,Eshet/Shmu'el Azar
41369,Ben Yosef/Zamenhoff
41370,Jabotinsky/Yavinie'li
41371,Jabotinsky/Asaf Simhoni
41372,Anielewicz/Yitshak Sade
41373,Anielewicz/Yitshak Sade
41374,Ben Ami/Maimon
41375,Ben Ami
41376,Yitshak Sade/Ha'Ari HaSho'eg
41377,Yitshak Sade/Kisch
41378,Yitshak Sade
41379,Herzog/Yitshak Sade
41380,Ben Ami/Herzog
41381,Ben Ami/Meshash
41382,Malakhi/Yehezkel
41383,Goshen/Weizmann
41384,Goshen/HaGiborim Square
41385,Gan HaAtzmaout/Jabotinsky
41386,Motzkin Rail/Jabotinsky
41387,Hashmona'im/Trumpeldor
41388,Hashmona'im/Weizmann
41389,Hashmona'im/Shprinzak
41390,Weizmann/Herzog
41391,Weizmann/Weizmann School
41392,Vered/Sapir
41393,Eskhol/Vered
41394,Hashmona'im/Alon
41395,Hashmona'im/Ben Gurion
41396,Vered/Yoseftal
41397,Eskhol/Sapir
41398,Eskhol/Hashmona'im
41399,Kadish Luz/Hazani
41400,Kadish Luz
41401,Kadish Luz
41402,Goshen/Dvora
41403,Goshen/Maccabi
41404,Goshen/HaGiborim Square
41405,Goshen/Weizmann
41406,Isaschar/Weizmann
41408,Weizmann/Tavor
41409,Weizmann Blvd/Yagur
41411,Kupat Holim/Weizmann
41412,Weizmann/Ha'Amakim
41413,Henrietta Szold/Kineret
41414,HaGefen/Keren HaYesod
41415,Keren HaYesod/HaGefen
41416,Keren HaYesod/HaBroshim
41417,Keren HaYesod/Alonim
41418,Keren HaYesod/HaTe'enim
41419,Keren HaYesod/Dan
41420,Keren HaYesod/Rachel
41421,Keren HaYesod/Shivte Israel
41422,Shivte Israel/Zevulun
41423,Akko Road/Ussishkin
41424,HaTel/HaTamar
41425,HaTel/Haim
41426,HaTel
41427,HaTel/Akko Road
41428,Haim/Sigaliot
41429,Jabotinsky/Shai Agnon
41430,Shai Agnon/Hen Boulevard
41431,Shai Agnon/Peretz
41432,Hen Boulevard/Yosef Levi
41433,Hen Boulevard/Burla
41434,Haim/Herzl
41435,Haim/Herzl
41437,Yerushalayim/Moshe Sharett
41439,Moshe Sharett/Nitsan Center
41440,Moshe Sharett/Nitsan Center
41441,Henrietta Szold/Lehman
41442,Tsahal/Ben Tsvi
41443,Weizmann/HaMa'apilim
41444,Weizmann/Shivte Israel
41445,Weizmann/HaShoftim
41446,Weizmann/Gordon
41447,HaHistadrut/Palmach
41448,HaHistadrut/Weizmann
41450,Tavor/HaGalil
41451,Mivtsa Yonatan/En HaDvash
41452,Etsyon/Hevron
41453,Etsyon/Hevron
41454,Tsrufa Junction
41455,Megadim Junction
41456,Megadim North/Nahal Sfunim
41457,Megadim South/Nahal Sfunim
41458,HaHotrim Intersection
41459,HaYam Road/Ma'apilim Camp
41460,Town Center
41461,Wadi Al Pash Quarter
41462,Somekh Junction
41464,Somekh Junction
41466,Alaontos
41467,HaMizraka Square
41471,Israel Bar Yehuda Road
41472,Maisara/Al-Ferdus
41473,Maisara/Al-Ferdus
41475,Rothschild/Hof HaZahav
41476,Lev HaMifratz Mall/HaHistadrut
41477,Hutsot HaMifratz Commercial Center
41478,Akko Road/HaMeyasdim
41479,Akko Road/Tsabar Junction
41480,Kiryon/Akko Haifa Rd
41482,Kiryon Junction
41483,Akko Road/HaGefen
41484,Akko Road/Tsabar Junction
41485,Terminal/Aquaduct Beach
41486,Material engineering/David Rose Boulevard
41487,Technion's Machine engineering/David Rose Boulevar
41489,Stella Maris Road/Bishop Hajar
41491,Ali Bin Avi Taleb/West Entrance
41492,Ali Bin Avi Taleb
41493,Ali Bin Avi Taleb
41494,Dar alHakma High School
41495,Dar alHakma High School
41497,Ali Ibn Abu Talib/Al-Ashari
41499,Ali Ibn Abu Talib/Al-Ashari
41500,Ali Bin Avi Taleb/En Haled
41502,Pinhas Sapir Boulevard/HaPalmah Boulevard
41503,Akko Haifa Road/Rafael
41504,Akko Haifa Road/Rafael
41506,Mehina/Goldberg
41507,Mneve Rifkin Dorms
41508,Haifa University/Eshkol B Building
41511,University/Eshkol Tower
41513,International/Meir Yaari
41514,Kiryat HaMemshala/HaAtzmaut
41517,Yitshak Rabin/A-Zahur
41518,Goldberg/Rose Blvd
41520,HaKalaniot/Midrashim
41521,HaKalaniot/Bne Torah
41522,Yagur Interchange
41523,HaRimonim/Ha'Alonim
41524,HaAmakim Fork/Jalama
41525,Check Post
41526,HaRimonim/HaOranim
41527,Goldberg/Rose Blvd
41528,Mehina/Goldberg
41529,Sara Road/HaRav Mashkovski Road
41531,Yosef Peltz Road/HaRav Kook
41532,HaHistadrut/HaKrayot Junction
41533,Merkazit Hamifrats/Inner-City Platforms
41534,HaRav Shim'onovich/Hizkiya Synagogue
41535,HaGefen/Ha'Alonim
41536,Oranim College
41537,Oranim College
41539,HaMeginim/Ben Gurion
41540,Haifa Center Rail Station
41542,Al Hawalad/Entrance
41543,HaGefen/Ha'Alonim
41544,HaGefen/HaRav Uzi'el
41545,HaRimonim/Ha'Alonim
41546,Giora Yoseftal/Yerushalayim
41547,Rambam/HaShihrur
41548,Mordekhay/HaAchim Fish Lane
41549,Mordekhay/Golomb
41550,Kiryat Tiv'on Junction/HaAlonim
41551,Golomb/Katznelson
41552,Golomb/Katznelson
41553,Basmat Tab'un/Water Pool
41554,Tsahal/Havatselet
41555,Ruth/Baruch
41556,Bar Rav Hai
41557,Elisha Hospital/Wedgwood
41558,Yefe Nof/Gedera
41559,Kisch/Ha'Asif
41560,Kisch/Henrietta Szold
41561,Victor Hugo/Emile Zola
41562,Tsarfat Road/Dreyfus
41563,Allenby/HaBaron Hirsch
41564,Allenby/Ben Gurion
41565,Arlozorov/Balfour
41566,HaTsiyonut/Hillel
41567,Bahai Gardens/HaTsiyonut
41568,Hertsliya/HaTsiyonut
41569,Ha'Aliya HaShniya/HaKaf Gimel
41570,Ha'Aliya HaShniya/Elisha
41571,Dolfin Junction
41572,Allenby/Ben Gurion
41573,Allenby/Rothschild
41574,Shabtai Levi/Peretz
41575,Ruppin/Kani'el
41576,Ge'ula/Rabbi Akiva
41577,Micha'el/Bar Kokhba
41579,Gazel/Salman
41580,Ofir/Hertz
41581,Ofir/Ha'Atid
41585,Fire Fighters/Helets
41586,Gazel/Salman
41587,Tuvim/Ha'Atid
41588,Tuvim/Ha'Atid
41589,Tuvim/Kuseife
41590,Kishon Port
41591,Haifa Airport
41593,Yulius Simon/Franz Levi
41595,Yulius Simon/Katzenstein
41596,Warburg/HaTkuma
41597,HaShayara/Ben Tsvi
41598,Caro/Zalach
41599,Remez/Arlozorov
41600,Remez/Sirkin
41601,Remez/HaTsiyonut
41602,Einstein/Asaf Simhoni
41603,Einstein/Shavit Center
41604,Gush Etsyon/Herzog
41605,Gush Etsyon/Maimon
41606,Kadish Luz/Yoni Netanyahu
41607,Motskin Junction
41608,Keren HaYesod/Alonim
41609,Akko Haifa Road/Tsiporen
41610,Haim/Jabotinsky
41611,Ben Tsvi/Namir
41612,Tsahal/Yoseftal
41613,Yoseftal/Tsahal
41614,Ben Tsvi/Tsahal
41615,Tsahal/Shprinzak
41616,Lehman/Yoseftal
41617,Lehman/Shprinzak
41618,Lehman/Henrietta Szold
41619,Weizmann/Sokolov
41620,Gil'ad/Tavor
41621,Megadim Junction
41622,Sitrin Junction
41623,Kiryat Amal School/KKL
41624,KKL/Rabin
41625,Kiryat Amal School/KKL
41626,Nesher plant
41627,Leon Blum/Hannah Szenes
41628,Aabas/El Razali Stairs
41629,Leon Blum/Hannah Szenes
41630,Arlozorov/Bar Giora
41631,Kiryat Ha'yim Junction
41632,Akko Road/En Afek Junction
41633,Akko Road/Tsur Shalom
41634,Yoseftal/Lehman
41635,Yoseftal/Weizmann
41637,Ort School
41639,Swimming Pool
41640,Alonim/HaRimonim
41641,Gordon/Rothschild Blvd
41642,Bialik/Micha'el Hazani
41643,Sitrin Junction
41644,Hilel Silver/Nissanboim
41645,Hilel Silver A
41646,Bet Abba Hushi
41647,Hilel Silver G
41648,Caro/Zalach
41649,Yosef Caro
41650,Rashi/Zalach
41653,Yoseftal/Einstein
41654,Tsur Shalom
41655,Kadima/Ra'anan
41656,Kadima
41657,Kadima/HaLilach
41658,Kadima/Ra'anan
41659,Wolfson/Moriya
41660,HaYam Road/HaSneh
41661,HaYam Road/HaTamar
41662,Tchernichovsky/Bethlehem
41663,Rabbi Akiva/Leon Blum
41664,Rabbi Akiva/Betar Stairs
41665,Atsma'ut/Bayit VaGan
41666,HaGefen/Hanita
41667,Hativat Golani/Hiram Interchange
41668,Warburg/HaTana'im
41669,Yerushalayim/Robert Sold
41670,HaOranim/HaRimonim
41671,Carmelit Station/HaKarmel Center
41672,Shprinzak/Kalanyot
41673,Shprinzak/Gad Mannela
41674,Shprinzak/Kishon
41675,Ben Tsvi/Zalman Shne'ur
41676,Shprinzak/Kishon
41677,Shprinzak/Kalanyot
41678,Shprinzak/Razi'el
41680,Etung Junction
41683,Cemetery
41684,En Iron Junction
41685,Kedma/Highway 6504
41687,Alonim/Pool
41689,Moriya/Kiryat Sefer
41690,Ehud/Sha'ar HaGay
41691,Arlozorov/Hess
41692,Arlozorov/Balfour
41694,Olga Junction
41695,Golomb/Re'uven
41697,HaMeginim/En Dor
41698,Talipyot Market / Arlozorov
41699,Yotam/Ehud
41700,Huri/Wadi
41701,Ruppin/ElizaBeth Square
41702,HaTsiyonut/Hertsliya
41703,Ben Gurion/Allenby
41704,Ruppin/Kani'el
41705,Binyamina Junction
41707,Rachel/Ruth
41708,Kadima/HaMe'arot Path
41709,Herzl/Hillel Yaffe
41711,Neve Hayim Junction
41712,Jabotinsky/HaMeginim
41713,Goshen/P'Z
41714,Akko Road/Bialik Junction
41715,Weizmann/Yerushalayim
41716,Weizmann/Jerusalem City Hall
41717,Keren HaYesod/Ben Gurion
41718,Haim/Shoshanim
41719,Henrietta Szold/Lehman
41720,Stadium/Shenkar
41722,Anatot/Ze'ev Jabotinsky
41725,Sharett 1
41726,Sharett/Katznelson
41727,Kadish Luz/Dakar
41728,HaBitahon/Bar-Yehuda
41729,Alaontos
41731,Commercial Center
41732,Wadi Al Pash Quarter
41733,Damon Junction
41734,Yetziat Europa/Jaur?s
41735,Tchernichovsky
41736,Edmond Fleg
41737,Kupat Holim Clalit
41738,Zeita Junction
41739,Zeita Junction
41740,Jatt Junction
41742,Road 7223/Kdumim Creek
41743,Local Council/HaOranim
41744,HaOranim
41745,Gibore HaTehila/Avodat Israel
41746,Katznelson/Yerushalayim
41747,Katznelson/Yerushalayim
41748,Pinsker/Shalom Alekhem
41749,Ets Haim Synagogue/HaRav Kook
41750,Avner/Yo'av
41751,Hankin/Gutel Levin
41752,Sammy Ofer Stadium/Road 4
41754,Cemetery/Brosh Gate
41755,Cemetery/Tamar Gate
41756,HaYam Road
41757,En HaYam
41758,En HaYam
41759,Yo'av/Tsahal
41761,Kabirim/Etanim
41762,Kabirim/Amikam
41763,Kabirim/Uda Nada
41764,HaKalaniot/Bne Torah
41769,Herbert Samuel/Tarna
41770,HaTe'enim/Har Horshan
41772,Nitsanim/Pinski
41773,Pinski/Kalanyot
41774,Pinski/HaVradim
41776,Herzl/Sokolov
41778,Tuvim/Salman
41779,Usha Intersection
41780,Kfar Maccabi Intersection
41781,Ha'Atsma'ut/Morde HaGeta'ot
41782,Ha'Atsma'ut/Hillel
41784,Kfar Galim Intersection
41785,Shprinzak
41786,Moriah Boulevard/HaBroshim
41787,HaGiborim/Schmidt
41788,Ahad Ha'Am/Rothschild Blvd
41790,Akko Road/Hen Boulevard
41791,Akko Road/Hen Boulevard
41792,Na'aman River Intersection
41794,HaBanim Road/Mishmarot Road
41796,Tchernichovsky/Yesha'yahu
41797,Ha'Atsma'ut/HaNevi'im
41798,Hadassim/Rakefet
41799,HaDekalim/Tamar
41800,Mikvah
41801,Office
41802,En Iron Junction
41804,Zevulon Junction
41805,Shivte Israel/Zevulun
41806,Dganya/Kiryat Ha'yim Beach
41807,Herzl/Ha'Atsma'ut
41809,HaKongress/Keren Kayemet LeIsrael
41810,HaCongress/HaNegev
41811,Aharonovich/Oskar Cohn
41812,Ben Yehuda/HaShalom
41813,Ben Yehuda/Emek HaZetim
41814,Antwerpen/Holland
41815,Holland/Leah Goldberg A
41816,Shofman/Holland
41817,Shlonski/Leni
41818,Antwerpen/Italia
41819,Aharonson Farm
41820,Prison 6
41821,Oren Junction North/Prison 6
41822,Mahane Maapilim/HaYam Road
41823,Alexander Zaid/Ben Tsvi
41824,HaTsiyonut Square
41825,Ben Yosef/Tsfanya
41826,Tchernichovsky/HaYovel
41828,Yosef Vitkin/Yerushalayim
41829,Tsahal/Public Garden
41830,Amos/Sinai
41831,Tsahal/Zion
41832,Tsahal/Zion
41833,HaTechnion Road/Amos
41836,HaMelekh Shlomo/HaMelekh Hizkiyahu
41837,HaMelekh Shlomo/HaMelekh Sha'ul A
41840,Youth Hostel/Megurashe Sfarad
41842,HaHashmal
41844,Local Council/HaRimonim
41845,HaRotem/HaLivne
41846,HaRotem/Ben Tzur
41847,Ben Tzur/Enqava
41848,HaMelekh David/HaMelekh Uziyahu
41849,HaMelekh David/HaMelekh Assa
41850,Cemetery/Brosh Gate
41851,HaMelekh David/HaMelekh Sha'ul
41852,HaMelekh David/HaMelekh Assa
41853,Ben Tzur/Sa'adia Paz
41854,HaRotem/Ha'Ela
41855,HaRotem/Ha'Esh'khar
41856,Shimshon/Yokheved
41857,Shimshon/Na'amat
41858,Shimshon/Ha'Asif
41859,HaShikma/HaOren
41860,Hashmonaim/Shavei Zion
41861,Masada/Gush Halav
41862,Cemetery/Tamar Gate
41863,HaMelekh Shlomo/HaMelekh Sha'ul
41864,Yetziat Europa/Tsarfat Road
41866,HaGefen/Nof Carmel
41868,Ben Ami/Arye Regev
41869,Ankoa/Bar Rav Hai
41870,Ben Gurion/Vered
41871,Ben Gurion/Dakar
41872,Kadish Luz/Tsahal
41873,Hen Boulevard/Hans Muller
41874,Kadish Luz/Klimanov
41875,Kadish Luz/Hazani
41876,Convent
41877,HaPo'alim Bank
41878,HaPo'alim Bank
41879,Main Road 2
41880,Bank
41881,Military Cemetery
41882,Observatory-Izan
41883,Main Road 2
41884,Dalyat El Carmel Center
41886,Hankin/Komoly
41887,Ravmad/Ben Gurion
41888,Warburg/HaYaam HaTichon
41889,Warburg/Stern
41890,Road 4/Menachem Begin Avenue
41891,Road 4/Menachem Begin Avenue
41892,HaGalil/HaBanim
41893,HaGalil/Zion
41894,Shiffman School
41895,Mapu/Horev
41896,Peretz/HaBrosh
41897,Leon Blum
41898,Denya/Abba Hushi
41899,HaRav Shim'onovich/HaRav Kook
41900,Arik Sharon Road
41901,Ankoa/Ben Tzur
41903,Tsahal/Havatselet
41904,Mivtsa Yonatan
41905,Har'el/Palmach
41906,Yizre'el/Hannah Szenes
41907,Yizre'el A
41908,Yizre'el/HaShomrim
41909,Ha'Ela Housing Project/Bet She'arim
41910,HaShomrim/Yizre'el
41911,HaBrosh/HaOren
41912,Yoseftal/Gush Halav
41913,Yoseftal/Brener
41914,Yoseftal/Maimon
41915,Yoseftal/Gush Halav
41916,Allenby/Me'ir
41917,HaMahtarot
41918,Hen Boulevard/Yoseftal
41919,HaMeyasdim/HaSela
41920,HaMeyasdim/HaYam Road
41921,Ha'Alon/HaYam Road
41922,HaLohamim
41923,HaHaruv/HaSela
41924,Henrietta Szold/Ma'ale Avshalom
41925,HaZayit/HaDekel
41926,East/Kdumim Creek
41928,Community Center/Henrietta Szold
41929,Community Center/Henrietta Szold
41930,Herzl G
41931,Nahal Kdumim/HaKarkom
41935,Haifa Mall/Fliman
41936,Freud
41937,Al-Quds/Almuers
41938,In front of Weizmann B
41939,HaMelekh Sha'ul/HaMelekh David
41940,P.E. College/Al-Quds
41941,HaYam Road/HaTsofim
41943,David HaMelech Boulevard/Merkavot
41946,Ramat Tiv'on Square
41948,Community Center/Jabotinsky
41949,Mental Health Center Tirat Carmel
41950,Dakar/Martin Buber
41951,HaTsolelet Dakar/Zalman Shazar
41952,HaTsolelet Dakar/Pica
41953,HaTsolelet Dakar/Zalman Shazar
41954,Martin Buber/HaTsolelet Dakar
41956,Ne'urim/Kana'im
41957,Oren/Martin Buber
41959,HaKalaniot/Jabotinsky
41960,Clalit/Etzel
41961,Gan Nadir/Etzel
41962,Gan Nadir/Etzel
41963,Etzel/Herzl
41964,Clalit/Etzel
41965,Herzl/Bialik
41966,HaGalil
41967,Dror/Ort Afek School
41968,Ruppin/Simha Golan
41969,Grand Canyon/Ruppin
41970,Giora Yoseftal/Weizmann
41971,Yitshak Ben Tsvi/HaGitit
41972,Yitshak Sade
41973,Yitshak Sade/Kisch
41974,Herzog/Mintz
41976,Ne'urim/Kana'im
41977,Public Garden/HaOren
41978,HaOren
41979,HaOren/HaBrosh
41980,Sheshet HaYamim/HaOren
41982,Tsahal/HaOren
41983,Kaouders/Eliyahu Hakim
41984,Kaouders/Stephen Wise
41985,Har'el/Petel
41986,Ofakim School/HaYam Road
41987,Mivtsa Yonatan
41988,Abba Hushi/Golda Meir
41989,Watson/Horev
41990,Watson/Soroka
41991,Asif/HaTene
41992,Yad LaBanim/Arad
41994,Ben Tsvi/Hativat Dagan
41995,Dakar/Ben Gurion School
41996,Sportan/Tsviya VeYitshak
41997,The Youth Hostel/Megurashe Sfarad
41998,Sportan/Tsviya VeYitshak
41999,Arad/Suva
42000,Arad/Ta'anakh
42001,Rambam Hospital/HaAliyah HaShniya
42003,Disraeli/Bloch
42004,Nili School
42005,Sara Road/Ha'Aliya
42006,Etzel/HaMelekh Shlomo
42008,HaYam Road/Temiron
42009,HaNadiv/HaMeyasdim
42010,HaHagana 14
42011,Kupat Holim/Lehman
42012,Asaf Simhoni/Tabib
42013,Asaf Simhoni/HaRav Uzi'el
42014,Ha'Atsma'ut/Bayit VaGan
42015,Cable Car/Ha'Aliya HaShniya
42016,HaNassi/Panorama Center
42018,Yits'hak Gruenbaum/HaKneset
42019,Beilinson/HaTsanhanim
42020,Beilinson/HaTsanhanim
42022,Wallenberg/Freud
42023,Havatselet/Tsahal
42024,HaYasmin/HaVradim
42025,HaZayit/HaYasmin
42026,HaZayit/Tsahal
42027,HaZayit/Tsahal
42029,Havatselet/HaVradim
42030,Havatselet/Tsahal
42031,Maisar/Center
42032,Intersection/Maisar
42035,Mishmar HaGvul Junction
42036,HaGid'onim/HaNotrim
42037,HaKovshim/HaGid'onim
42038,Sapir/Moshe Sharett
42039,Moshe Sharett/Shapira
42040,Sapir/Moshe Sharett
42041,Tsahal/Yoseftal
42042,Matnas/Moshe Sharett
42043,Yerushalayim/Tsahal
42044,Yerushalayim Boulevard/Abir Ya'akov
42045,Jerusalem
42046,Yerushalayim/Yigal Allon
42049,HaMesila/Geula
42051,Ha'Irus/HaRakefet
42052,Sheshet HaYamim/Herbert Samuel
42053,Horev/Idar
42054,Soroka/Tsvi Ben Ya'akov
42055,Eder A
42056,Idar/Shimkin
42057,Carmel Retirement Home/Idar
42058,Etsyon/Maccabim
42061,Nesher/Ancor
42063,Local Council
42064,National Insurance
42065,Main Road 3
42066,Bedouin Quarter
42067,Main Road 3
42069,Wadi Al Pash
42070,Commercial Center/HaShalom
42071,Commercial Center/HaShalom
42072,Shvedya D
42075,Bet Ya'akov School
42077,Robert Sold/Ahavat Tsiyon
42078,Rashi/Hativat Harel
42079,Yerushalayim/Abir Ya'akov
42080,HaHaruv/HaZayit
42081,Community Center/Ramat Sapir
42082,Moshe Gutel Levin Dalet
42083,Moshe Gutel Levin/Kadish Luz
42084,Barta'a Junction
42085,Katzir
42086,Katsir Junction
42087,Barta'a Junction
42088,Tchernichovsky/Gordon College of Education
42089,HaBaron Hirsch/Stella Maris
42090,Stella Maris Road
42091,Cable Car/Stella Maris
42092,Rothschild/Allenby
42093,Lin Medical Center/Rothschild Boulevard
42094,Rothschild/Allenby
42096,Hankin/Sokolov
42097,Hankin/Ruppin
42098,Katsir Junction
42099,Hankin/Gutel Levin
42100,Kfar Galim B
42101,Town Center 1
42102,Jat Terminal
42103,Cemetery/Razi'el
42104,Carmeli Division A
42105,Tsafririm School
42106,Silo
42107,Kishon Port
42108,Aabas/HaBisBeach Hager
42109,Community Center
42111,Gordon/Rothschild Blvd
42112,Bialik/Butkovsky
42113,Dor Beach
42115,HaKalaniot/HaHaruv
42116,Ben Tsvi/Moshe Sharett
42117,Ben Tsvi/Jabotinsky
42119,Ben Tsvi/Shazar
42120,Ben Tsvi/Eli Cohen
42121,Beit Yaakov School/HaMaimoni
42122,HaYaam HaTichon/Warburg
42125,Golda Meir/Yerushalayim
42126,Wallenberg/Freud
42127,Wallenberg/Ge'ule Teman
42128,Wallenberg/Schweitzer
42129,Schweitzer A
42130,Schweitzer D
42131,HaMahtarot/HaZayit
42132,Schweitzer/Bernstein
42133,Road 4/HaHerut Boulevard
42134,HaHarduf/Atlit Railway Station
42135,En Iron Junction
42137,Ramat Viznitz/Birkat Moshe
42138,Birkat Moshe
42139,HaShilo'ah/Betar
42140,Halutse HaTa'asiya/Kiryat Ata Junction
42141,Kibbutz Galuyot/HaKerem
42142,Kiryon/Yitzhak Rabin
42144,Hay Park
42145,Hay Park
42149,Yerushalayim/Gilad
42151,HaTishbi/Succot
42152,Cemetery/Oren Gate
42153,Cemetery/Oren Gate
42154,Furaidis Junction
42155,Truman/Dganya
42156,Truman/Mahal
42158,HaNasi Truman Boulevard/Mahal Boulevard
42159,Truman
42160,Yeshurun School/HaBotnim
42162,Herzl/Zevulun
42163,Finland/Shvedya
42165,Abba Hushi/Tamar Observatory
42166,Bnai Zion Hospital/Golomb
42167,Sprinzak School/Klauzner
42168,Yitshak Rabin/Yitshak Sade
42169,Yitshak Rabin/Yitshak Sade
42170,Mishmarot
42171,HaHagana/Sha'ar Ha'Aliya
42172,HaHagana/Sha'ar Ha'Aliya
42173,Hativat Golani/Kaspi
42175,Hativat Golani/Yefe Nof
42178,HaBrosh/Ya'el
42179,Comprehensive High School/HaBrosh
42180,Yefe Nof A
42181,Yefe Nof B
42182,Yefe Nof/HaMa'apilim
42183,HaBrosh/Peretz
42184,Sheshet HaYamim/HaHatsav
42186,Ramat Tiv'on Square
42187,Ya'ara/Marva
42188,HaNarkisim A
42189,HaNarkisim/HaRakefet
42190,HaNarkisim/HaSavyon
42191,Ha'Iris/Rakefet
42192,HaSavyon/HaRakefet
42193,HaNarkisim/HaYasmin Lane
42194,Alliance School/Biram Road
42195,Ussishkin/HaTsanhanim
42196,Ussishkin/Aharonovich Boulevard
42197,Ussishkin/HaTsanhanim
42198,Ussishkin/HaKnesset
42199,HaGalil/Golan
42200,Yigal Allon/Avraham Sakhnin
42201,Halutse HaTa'asiya/Shenkar
42202,Halutse HaTa'asiya/HaShayish
42203,Halutse HaTa'asiya/Haheresh
42204,HaHaluts/HaTana'im
42205,HaRav Nissim/Ben Gurion
42206,HaRav Bouzaglo/HaRav Nissim
42207,Abba Hushi/Hannah Rovina
42208,Allenby
42209,HaShoftim Junction
42210,Hekhal HaSport/PICA
42213,Wolfson/Lotus
42216,Ha'Emek Train/Menachem Begin
42218,Hadera Rail Station
42219,Rabbi Akiva/Ge'ula
42220,Hadera Rail Station/Platforms
42221,Einstein/Giv'at Downes
42222,Einstein D
42223,Kisch/Yefe Nof
42224,Yigal Allon/Haside Umot Olam
42225,Yigal Allon/Ze'ev Vilnai
42226,Yulius Simon/Franz Levi
42227,Shlonsky/Strauss
42229,Matam
42231,Itzhak Ben Zvi / Klausner
42233,Ben Tsvi/Zalman Shne'ur
42234,Shprinzak/Nahal Na'aman
42235,Yahad/HaKehila
42236,Klauzner/Avivim Club
42237,Kinneret/Lilienblum
42238,Shlonsky/Greenboim
42239,HaTsiyonut/November 2nd
42240,HaTamar/HaHaruv
42241,HaYam Road/HaTamar
42242,Trumpeldor/Maimon
42244,HaNuriyot/HaShita
42245,HaShita/HaTamar
42246,HaHaruv/HaLilakh
42247,Shimshon/Vardiya
42248,Ma'ale HaGiborim/HaKatsar
42249,Ben Gurion Boulevard/Dakar
42250,Yitshak Ben Tsvi/Feinberg
42251,Moshe Road
42252,HaLotem/HaHatsav
42253,HaHaruv/HaLilakh
42254,HaShita/Harduf
42255,HaShita/HaNuriyot
42256,HaNuriyot
42257,HaVradim/Netiv Ha'Arazim
42258,Leon Blum/Marc Lavry
42259,HaVradim/Havatselet
42260,HaLotem/HaHaruv
42261,Lavon/Yerushalayim Boulevard
42262,Palmach/Ha'Etzel
42263,Palmach/Lehi
42264,Palmach/HaOren
42265,Palmach/Yoseftal
42266,Palmach/Kaplan
42267,Palmach/HaHistadrut
42268,Pinhas Lavon/Nili
42269,Lavon/Golda Meir
42270,Malakhi/Ge'ula
42271,Geula/Adanim
42273,Kibbutz Galuyot/Yarmukh
42274,HaPardes/Idelwin
42275,HaPekan/Shpak
42276,HaShikma/Poleg Creek
42277,Soroka/Grinberg
42278,Ye'ari/Malal
42279,Hahashmona'im/Bet Ildan
42280,Leon Blum/Ramban
42283,HaShita/Tennis Courts
42284,Yigal Allon/Shalon
42285,Yigal Allon/Emil Gruenzweig
42286,Tirat Carmel Fork/Jabotinsky
42287,Tirat Carmel Fork/Jabotinsky
42288,Shimshon/Mivtsa Yonatan
42289,HaShilo'ah/Betar
42290,Birkat Moshe/Naftali
42291,Ramat Viznitz/Birkat Moshe
42292,Jerusalem/Palmah A
42293,Menachem Begin/Schne'orson
42294,Menahem Begin/Tzahal
42295,Menahem Begin/Anielewicz
42296,Menachem Begin/Motta Gur
42297,Outpatient Clinics/Wingate
42298,HaMarganit/Tsahal
42299,HaShita/HaMoran
42300,HaTamar/HaShoshanim
42301,HaTamar
42302,HaHaruv/HaTapuz
42303,HaHaruv/HaShita
42304,HaHaruv/Ha'Alon
42305,HaHaruv/HaTapuz
42306,Ha'Eshel/Ha'Arava
42307,HaTamar
42308,HaTamar/HaShita
42310,HaOren/Tsahal
42311,HaOren/HaHatsav
42312,Keren HaYesod/Moshe
42313,Keren HaYesod/Peretz
42315,Lev HaMifratz Mall
42316,HaZayit/HaYasmin
42317,Tzahal/Almogi
42318,Tsahal/Kadish Luz
42319,Moshe Dayan/Yigael Yadin
42320,Herzog/Yitshak Sade
42321,Hess/Arlozorov
42324,HaDekel/Dafna
42325,Beit Midrash Heikhal Moshe/HaDekel
42327,HaVradim/HaKalaniot
42328,Savyon/Ha'Arava
42330,HaMeyasdim/HaBanim
42331,HaMeyasdim/HaShomer
42332,Yigal Allon/Shalon
42333,Yigal Allon/Haside Umot Olam
42334,Yigal Allon/Eli'ezer Alter
42335,Malal/Komoly
42336,HaYam Road/Eshkholot
42337,HaYam Road/HaNarkisim
42338,HaYam Road/HaRakafot
42340,Moshe Road/HaLotem
42342,HaMarganit/Tsahal
42343,HaMeginim/HaTaf Path
42344,HaMeginim/Netiv HaTrashim
42345,Yefe Nof/Netiv HaTrashim
42346,Yefe Nof/Ha'askala
42347,HaMeginim/Moshe Road
42348,HaNuriyot/HaVradim
42349,HaZayit/HaNuriyot
42350,Hadera River Junction
42351,Ha'Alon/HaDekel
42352,Matnas/Ha'Alon
42353,Ha'Alon/HaHaruv
42354,Ha'Alon/HaShikma
42355,Ha'Alon
42356,Katznelson/HaNevi'im
42357,Katznelson/HaNevi'im
42358,Vardiya/Nurit
42359,Vardiya/Shimshon
42360,Nurit
42361,Commercial Center/Vardiya
42362,Matam/HaHagana
42363,Akko Road/Road 79
42364,Yossef Meisner/Friedlander
42365,Yossef Meisner/Me'ir Astoria
42366,Nurit/Vardiya
42367,Freud/Vitkin
42368,Carmelit Station/HaKarmel Center
42369,HaRofe/Smolenskin
42370,HaRofe G
42371,HaRofe/Lincoln
42372,HaRofe H
42375,Ider/Dr.Nahum Shimkin
42380,Watson/Soroka
42383,Bar Moha
42385,Matav
42386,Einstein B
42387,HaGiborim/Gush Etsyon
42388,Fliman/Wallenberg
42389,Fliman/Wallenberg
42390,Gas Station/672
42391,Training center
42392,Middle School
42393,Football Field
42394,Football Field
42396,Cemetery
42397,Training center
42398,Local Council
42399,Kfar Hasidim Junction/Road 762
42400,Kfar Hasidim Intersection
42402,Kfar Hasidim Intersection/Entry
42404,Tel Regev/HaMeyasdim
42405,Gibore HaTehila/Bet Kama
42406,Gibore HaTehila/Bet Kama
42408,Flea Market / Kibbutz Galuyot
42409,Kfar Hasidim Junction
42410,Kfar Hasidim Junction
42411,Alexander Zaid
42412,Henrietta Szold/Haim Weizmann
42413,Animal Farm/Weizmann
42414,HaTsiyonut/HaMeyasdim
42415,Ben Tsvi/Hativat Dagan
42417,KKL/HaGdud Ha'Ivri
42421,Homa VeMigdal/Shivte Israel
42422,Kiryat Ha'yim High School/HaGdud Ha'Ivri
42424,Horev/Freud
42425,HaZayit/HaShezif
42426,Pe'er/Tahkemoni
42427,HaNadiv Road/Havatselet
42428,Nurit/Klil HaHoresh
42429,Kfar Hasidim Intersection
42430,Kibbutz Galuyot/Haifa
42431,Menachem Begin/Toulouse
42432,Harar/Ha'Erez
42433,Harar/HaRotem
42434,Harar/Ha'Eshel
42435,Harar/HaOren
42436,Harar/HaOren
42437,Harar/HaHadas
42438,Harar/HaRotem
42439,Harar/HaYasmin
42440,Menachem Begin/Giacometti
42441,HaYam Road/HaNarkisim
42442,Abba Hushi/Zeid Observatory
42443,Rotem/Dvora HaNevi'a
42444,Rotem/Dvora HaNevi'a
42445,Sefardic Senior citizens' home/Gedalyahu
42446,Sefardic Senior citizens' home/Gedalyahu
42447,Zalman Shne'ur/Burla
42449,Alumot/Dganya
42450,Kadish Luz/Tsahal
42451,HaOren A
42452,HaOren B
42453,HaOren G
42454,HaOren D
42455,Fliman Hospital
42456,HaHashmal/HaGiborim
42457,HaZayit/HaSela
42458,Yerushalayim/Gilad
42459,Yitshak Rabin/KKL
42460,Kompaign Square
42461,HaGefen/Ben Gurion
42462,HaGefen/Stella Maris
42463,Herzl/Lehi
42464,Aqueduct Beach
42465,Haroshet Junction
42466,Internazional/Yehezkel
42467,International/Haviva Reik
42468,HaTsolelet Dakar/Pica
42469,Herzl/Karmelim
42470,Herzl/Karmelim
42471,Rambam/Motzkin
42472,Rambam/HaRav Kook
42473,HaShihrur/HaRav Kook
42474,Police/HaPalmah
42475,Meuhedet/HaDekel
42476,HaZayit/Laniado
42477,Laniado/HaRimon
42478,Ha'Ela/Masoret Avot School
42479,Ha'Ela/Ha'Alon
42480,Weizmann/Nathan Elbaz
42481,Giora Yoseftal/Weizmann
42482,Giora Yoseftal/Raziel
42483,Narkisim/HaKalaniot
42484,Employment Center/Jabotinsky
42485,Community Center/Jabotinsky
42486,Razi'el/Yitshak Ben Tsvi
42487,Tchernichovsky/Ze'ev
42488,Nathan Elbaz/Gordon
42490,Mosque/Isfiya
42491,Weiner/Pe'er
42492,Bethlehem B
42493,HaTishbi/Bet El
42494,Hadera River Junction
42495,Hilel Silver G
42496,HaMarganit/HaNuriyot
42497,HaMarganit
42498,Kani'el/Ruppin
42499,Bezalel/HaShilo'ah
42500,Packing house/Pica Road
42501,Saharov
42502,Saharov
42503,Congress Center/Kdoshe Jassy
42504,Congress Center/Kdoshe Jassy
42505,Halamish/Shoham
42506,Congress Center/Fliman
42507,Ya'akov Dori/Gdud 21 Bridge
42508,HaTishbi/Horsha
42510,Hativat HaNahal/HaPardes
42512,Dado Beach
42513,Kinneret/Ha'Atsma'ut
42514,Cable Car/Ha'Aliya HaShniya
42515,Ha'Aliya HaShniya/Elisha
42516,Ha'Aliya HaShniya/HaKala'im
42518,Bethlehem/Stephen Wise
42519,Yitshak Rabin/Feinberg
42520,Bialik/Tarna
42521,Sapir/Robert Sold
42522,Sapir/Jabotinsky
42523,Sapir
42524,Sapir/Moshe Sharett
42525,Moshe Sharett/Sapir
42526,Sapir
42527,Sapir/Jabotinsky
42528,Kiryat Motzkin Rail Station
42529,Tehiya/Tekuma
42530,HaKerem/Tehiya
42531,HaKerem/HaBustan
42532,Masada/Maccabim
42533,Etsyon/Derekh Lamerhav
42534,Etrog/Derekh Lamerhav
42535,Peduyim/Etsyon
42536,Klil Junction
42537,Akko Haifa Road/Yerushalayim
42538,Al Mutanabbi School/Bishop Hager
42542,Hazan G
42543,Hazan/Solomon
42545,Netiv Hen B
42546,Netiv Hen G
42548,Barlev/Hazan
42549,Amnon VeTamar/Sahlav
42550,Hantke A
42551,Hantke B
42552,Hantke G
42553,Yakinton/Amnon VeTamar A
42554,Yakinton/Amnon VeTamar B
42555,Yakinton/Blitentaltal
42556,Zevulun Medical Clinic
42557,Zevulun Medical Clinic
42558,HaShoshanim/HaTe'enim
42559,Gane Hadarim Mall/HaPardes
42560,HaPardes/Irit
42561,HaPardes/Pekan
42562,HaPardes/Shpak
42563,Havruta/Yahad
42564,Yefe Nof/HaGefen
42565,Neve Ganim
42566,Yerushalayim/Ha'Arava
42567,Eskhol/Hashmona'im
42569,Rachel/Yehuda
42570,Moriya/Gan HaRofe
42571,Grand Canyon/Simha Golan
42573,Busra Al-Sham/Bir Al-Bum
42576,Ha'Aliya/Noga
42578,Mivtsa Yonatan/Sha'ar HaGay
42579,Mivtsa Yonatan/Sha'ar HaGay
42580,HaYam Road/Holtzberg
42581,Bet Ya'akov School/HaMaimoni
42582,Yig'al Alon/KKL
42583,Yigal Allon A
42584,Mordekhay Gur/Yitshak Rabin
42585,Motta Gur/Haim Barlev
42586,Moshe Dayan Square
42587,Mordekhay Gur/Yitshak Rabin
42589,Herzl D
42590,Herzl B
42591,Ma'ale Avshalom/Tsiv'oni
42592,Ma'ale Avshalom B
42593,Ma'ale Avshalom H
42596,HaBroshim/HaTe'ena
42598,HaGefen HaTe'ena
42599,HaMarganit/HaHavatselet
42600,Rimonim A
42601,Bar'el/HaOranim
42602,Bar'el/HaOranim
42603,Cable Car/Stella Maris
42604,Rotem/HaGome
42605,Eliyahu Cave/Allenby
42606,Allenby'Salvador
42607,Bat Hen/Hohit
42608,Bat Hen/Tsofit
42609,Bat Hen/Dukhifat B
42612,Ra'anan
42613,Ra'anan/Amikam
42614,Ra'anan/HaNesher
42615,Ra'anan/Kadima
42616,Kfar Hayam/Begin Boulevard
42617,Kfar Hayam/Begin Boulevard
42618,Industrial Zone/Harduf
42619,Harduf/Basketball Court
42620,Motzkin/HaHatsav
42621,Kastra Mall/Fliman
42622,Yad LaBanim/Razi'el
42623,HaYasmin/HaNevel
42624,Furaidis Junction
42625,Yad LaBanim/Bar Yehuda
42626,Southern Industrial Zone
42627,Wallenberg/Sereni
42628,Bet Ya'akov School/HaRav Mashkovski
42629,Or Hadash Yeshiva/Yosef Peltz Road
42630,Pierre Koenig
42631,Pierre Koenig
42632,Kfir Mall/HaAtzmaut
42634,Chagall/Picasso
42635,Chagall/Henri Matisse
42636,HaGefen/HaNevi'im
42642,Simha Golan/Ratner
42643,Technion/Dormitories
42644,Civil Engineering
42645,Fire Fighters/Helets
42647,University/I.B.M
42648,Chagall/Van Gogh
42649,Chagall/Renoir
42650,Chagall/Kadendinski
42651,Chagall/Cezanne
42652,Toulouse/Menachem Begin
42653,Chagall/Kandinsky
42654,Giv'at Tal School/Pablo Picasso
42655,Giv'at Tal School/Pablo Picasso
42656,Matam
42657,Hof HaKarmel Central Station/Alight
42658,Hof HaKarmel Central Station/Inter-City Platforms
42659,Hof HaKarmel Central Station/Inner-City Platforms
42660,Government Complex/Palyam
42661,Weinshall/Wallenberg
42662,HaTishbi/Shomron
42664,Carmeli Division B
42665,Hazan/Barlev
42666,Zion/Ha'Emek
42667,Akko Road/HaMeyasdim
42669,HaOranim/Hermon
42671,Shfeya Junction
42674,Ha'Eshel/Ha'Arava
42675,Ha'Alon/HaTamar
42676,Ha'Alon/HaDekel
42677,Ha'Alon/HaHadas
42678,HaMelekh Hizkiyahu/HaMelekh Yehoshafat
42679,HaYam Road/Hadassim
42680,HaYam Road/Giv'at HaBrekhot
42681,HaYam Road/HaSela
42682,Clalit/Sheshet HaYamim
42683,Atlit Interchange
42684,Atlit Interchange
42685,HaYam Road/HaGfanim Alley
42686,HaNarkisim A
42687,HaNarkisim/HaYakinton
42688,HaMahtarot/HaHarduf
42689,HaZayit/HaBanim
42690,Harduf/Ma'ale Nof
42691,Community Center/Weizmann
42692,Razi'el/Yitshak Ben Tsvi
42693,Ahi Eilat/Kabri
42694,Ahi Eilat/Kabri
42695,Betar/Hermon
42696,Bar Kokhba/Micha'el
42697,Herzog/Sokolov
42698,Arlozorov/Micha'el
42700,Refreshing Station/Zikhron Ya'akov Interchange
42705,Simha Golan/Hanita
42708,Ha'Etzel/HaBanim
42709,Rabin/Ha'Etzel
42710,Begin Road/Yakinton
42711,Yakinton/Lotem
42712,Yakinton/Yasmin
42713,Yakinton/Begin
42714,Rabin/Ha'Etzel
42715,HaMeginim/Pinsker
42716,Herzl/Arlozorov
42717,HaTzionut/Nordau
42718,Herzl/HaTsiyonut
42719,HaMeginim/Sokolov
42722,Post Office/Yafo Road
42723,HaMeginim/HaHagana Square
42724,HaShalom/Bar Ilan
42725,Bne Akiva Yeshiva/HaShalom
42726,HaShalom/Aharon Aharonson
42728,Kiryat Ha'yim Railway Station/Ahi Eilat
42729,Ahi Eilat/HaGdud Ha'Ivri
42730,HaGdud Ha'Ivri/Brodsky
42731,Kiryat Ha'yim Railway Station/Ahi Eilat
42732,Yehuda Itin/Yulius Simon
42734,Halutse HaTa'asiya/Yigael Yadin
42735,Halutse HaTa'asiya/Shenkar
42736,Yigael Yadin/Halutse HaTa'asiya
42737,Stadium/HaDagan
42738,Stadium/Baharav
42739,Moshe Dayan/Yigael Yadin
42742,Motzkin/Harduf
42743,Motzkin/Herzl
42744,Motzkin/Herzl
42745,Motzkin/Bialik
42746,Heil HaYam/HaAliyah HaShniya
42747,Shivat Zion/Ma'ale HaShihrur
42750,Ben Gurion Boulevard/HaHoresh School
42752,Ben Gurion Boulevard/Menachem Begin Road
42754,Ilanot/Tse'elon
42755,Ilanot/Tse'elon
42756,Ilanot/Arazim
42759,Levona/Mor B
42760,Ra'anan/Al-Muhadi
42761,Yad LaBanim G
42762,Ahi Eilat/HaGdud Ha'Ivri
42763,Shitrit/HaGdud Ha'Ivri
42764,Moshe Sharett/Shitrit
42765,Moshe Sharett/Ahi Eilat
42766,Ben Tsvi/HaShayara
42767,Ahi Eilat/HaShayara
42768,HaHatsav/HaTsiv'oni
42769,HaHatsav
42770,HaHatsav/Sheshet HaYamim
42771,HaHatsav/Klil HaHoresh
42772,HaHatsav
42773,HaHatsav/HaTsiv'oni
42775,Hana/Yanay
42776,Hana
42777,Hana/Leah
42778,Rachel/Yanay
42779,Nomi/Ruth
42780,Ruth
42781,Ruth/Rachel
42782,Rachel/Moriya
42783,Bikurim/HaBotsrim
42784,Bat Hen A
42785,Bat Hen/Dukhifat A
42787,Commercial Center/Moshe Gutel Levin
42788,Haviva Reik/Brener
42789,Yigal Allon/Biram Road
42790,Burla/Zalman Shne'ur
42791,Burla A
42792,Burla B
42793,Burla G
42794,Sahlav/Amnon VeTamar
42795,Zalman Shne'ur/Brener
42796,Yigal Allon/Biram Road
42797,Yigal Allon/Ze'ev Vilnai
42798,Bat Hen/Dukhifat G
42799,Pinski/Sigaliot
42800,Pinski/Moriya
42801,Levona/Ravoha
42802,Ravoha/Levona
42803,Zevulon Junction
42806,Moshe Gutel Levin Bet
42807,Zalman Shne'ur/Internazional
42809,Vardiya/Tsivoni
42810,HaTsvi/Kalanyot
42811,Pinski/Nitsanim
42812,Kadima/Lilakh
42813,Kabirim/Jalal a-Din
42814,Levona/Mor
42815,Ra'anan/Jalal a-Din
42816,Wedgwood/HaNassi
42819,Haim Laskov/Shmu'elson
42820,David Elazar/Frank
42821,Be'er Ora/Klaz
42822,Ofir/HaBashan
42823,Ofir/Salman
42825,Kastra Mall/Fliman
42827,Schindler/Abba Hushi
42828,HaCarmel Center/Elhanan
42829,Merkaz Horev/Horev
42830,Zinger/Hazaz
42831,Yeshurun School
42833,Police Headquarters
42834,Police/Yehuda Artzi
42835,Yakinton/Goldman
42836,Yakinton/Amnon VeTamar
42837,Almuhrka Junction
42838,Almuhrka Junction
42839,Hayalim Meshuhrarim Quarter A
42840,Ort School
42841,Tabib/Marzuk
42842,Harar/Ha'Ela
42843,Harar/Moran
42844,Chagall/Seurat
42845,Bar Ilan/Ha'Ahu
42846,Bar Ilan/Ha'Ahu
42850,Ramhal/Nitsanim School
42851,Nitsanim School
42852,Ra'anan/Uda Nada
42853,HaTishbi/HaNassi Blvd
42854,Remez/Bet Rabin
42857,Yerushalayim/Namir
42858,Moshe Sharett/Sapir
42859,Yerushalayim/Galil
42860,Ahi Eilat/Kiryat Ha'yim Junction
42861,National Insurance/Ahi Eilat
42862,HaYam Road/Nahal Oren
42863,HaYam Road/Nahal Oren
42866,City Hall
42867,Beit Hakranot
42868,Herzl/Yo'el
42869,HaNevi'im
42870,Simha Golan/Hanita
42871,Wallenberg A
42872,Schweitzer H
42873,HaRofe A
42874,HaRofe B
42875,HaRofe D
42876,HaRofe/Yossef Shechter
42877,HaRofe V
42878,Soroka/Shimkin
42879,Greenberg/Soroka
42880,Idar B
42882,Blitental/Sayfan
42883,Einstein A
42884,Einstein G
42885,Einstein/Zamenhoff
42886,Einstein H
42887,Yakinton/Amnon VeTamar G
42888,Bethlehem A
42889,Ze'ev Jabotinsky
42890,HaTishbi/Bet El
42891,Bet El/Shunamit
42892,Ovadia/Shunamit
42893,HaTishbi/Tchernichovsky
42894,Bethlehem/Tchernichovsky
42895,Bethlehem/Yesha'yahu
42896,HaRav Maimon/Pinsker
42897,Netiv Hen/HaGalil
42898,Einstein/Janusz Korczak
42899,Yesha'yahu/Bethlehem
42900,Hilel Silver/Hanita
42901,Denya/Liberia A
42902,Denya/Liberia G
42903,Denya/HaShenhav Beach
42904,Holland
42905,Holland/Leah Goldberg B
42906,Holland/She'erit HaPleta
42907,Camille Huysmans/Shofman
42908,Camille Huysmans
42909,Gershon Shofman A
42910,Gershon Shofman/Moshe Sne
42911,Shlonsky/Antwerpen
42912,Shvedya/Hague
42913,Shvedya A
42914,Schindler/Abba Hushi
42915,Zinger/Kashtan
42916,Zinger/Hazaz
42917,Shalom Alekhem/Gilboa
42918,Hazan/Duzlin
42920,Giora Tzahor/Aharon Aharonson
42921,HaShayara/Ahi Eilat
42922,Yerushalayim/HaYaam HaTichon
42923,Hakh'sharat HaYeshuv/Zinger
42924,Hilel Silver B
42925,Hanita/Simha Golan
42926,Hanita/Simha Golan
42927,Hilel Silver/Hanita
42928,HaGalil/Leib Shimoni
42930,Hativat Carmeli/Neve Ganim
42931,Pierre Koenig/HaOgen
42932,Or Akiva Interchange
42933,Or Akiva Interchange
42937,Arye Levin/Habad
42938,HaHistadrut Blvd/Arye Shenkar
42939,Tchernichovsky/Ze'ev
42940,Dror/Ort Afek School
42941,Giora Yoseftal/Yerushalayim
42942,Giora Yoseftal/Gordon
42943,Levi Eshkol/Ha'Erez
42944,Road 705/HaTe'ena
42945,HaTe'ena/Road 705
42946,HaGalil/Meirovich
42947,Dolfin Junction/Rothschild Boulevard
42948,Busra Al-Sham/Bir Al-Bum
42949,Busra Al-Sham/Al-Shafii
42950,Busra Al-Sham/Adan
42951,Ben Gurion
42953,Dolfin Junction
42954,HaMeginim/Ben Gurion
42955,Ben Gurion/HaMeginim
42956,Ha'Atsma'ut/Ben Gurion Boulevard
42957,Rothschild/Tsahal
42958,Lin Medical Center/Tsahal
42959,Freud/Sevidor
42960,HaGiborim/HaHashmal
42962,Atlit Junction
42963,Atlit Junction
42964,Peretz Hayut/Tchernichovsky
42965,Peretz Hayut/Tchernichovsky
42966,Tchernichovsky/Peretz Hayut
42967,Deshanim Factory
42968,Deshanim Road/HaTa'asiya
42970,Yits'hak Rabin Rd/Aharon Rd
42972,Hohit/Tsofit
42973,Tsofit/Yitshak Rabin Road
42974,Sports Field/Eliyahu HaTishbi
42976,Ha'Atsma'ut Road/Salzian
42977,Haifa Center Rail Station
42978,Haifa Center Rail Station
42979,Ha'Atsma'ut Road/Palmar Gate
42981,Beach Police Headquarters/Zeisel
42983,HaHashmal/Hativat Carmeli
42985,Haifa University/Eshkol A Building
42986,Technion/Materials engineering Building
42987,Bar-Yehuda/Yeshurun
42989,Refineries/HaHistadrut Boulevard
42990,Licensing Bureau
42991,Hutsot HaMifratz Junction
42992,HaHistadrut Boulevard/Arye Shenkar
42994,Kiryat Ha'yim Junction
42995,Bat Melekh School/HaRav Kook
42996,University/Eshkol Tower
42997,University/Rabin Building
42998,Abba Hushi/Schindler
42999,Halutsim/Meged
43000,HaCarmel Center/Auditorium
43001,LaMerhav Road/Hadarim
43003,Me'of HaTsipor Boulevard/Hohit
43004,Sheshet HaYamim/Peretz
43005,HaShalom Road/Peretz
43006,Peretz/HaShalom Road
43007,HaHistadrut/Refineries
43008,Merkazit Hamifrats/Alight
43009,Merkazit Hamifrats/Inter-City Platforms
43010,Tar'av/Etsyon
43011,Yabetz School
43013,Bar Yehuda Road/HaYetsira
43014,Hazan A
43015,Technion/Sports Building
43016,Malal/HaTsfira
43017,Ben Gurion Blvd/HaSitvanit
43019,Trumpeldor/HaTikhon
43020,HaGalil/HaBerekha
43021,Bet Aba Hushi/Aba Hillel Silver
43022,Technion/Civil Engineering
43023,Kiryat Amal Junction
43024,HaShomrim Junction
43025,Kiryat Amal Junction
43026,HaBroshim/HaTe'ena
43028,HaRimonim/Alonim
43029,Kiryat Tiv'on Junction
43030,Hanita/Hilel Silver
43031,Yitshak Sade/Orthodox School
43032,Lin Medical Center/Rothschild
43033,Ha'Aliya HaShniya/Nahalal
43034,Dolfin Junction
43035,Kiryat Eliezer
43036,Bar-Yehuda/Moshe Road
43037,Kiryat Ha'yim Police/HaHistadrut
43038,HaShalom Road/Tel Hanan Center
43039,HaShalom Road/Barak
43041,Kedma/Ha'Aliya
43042,Bar-Yehuda/Yeshurun
43043,Commercial Center/Bar Yehuda Road
43045,Rabin/Hankin
43046,Zevulun/Neve Hen
43047,Zevulun/Kiryat Stand
43048,Zevulun/Moshe Sharett
43049,Zevulun/Haifa Road
43050,Zevulun/Shivat Zion
43051,Zevulun/Moshe Sharett
43052,Zevulun/Lilienblum
43053,HaHistadrut/Kiryat Ha'yim Junction
43054,Haifa Road
43055,Haifa Road
43056,Haifa Road/Zevulun
43057,Yitshak Rabin Road/HaShuk
43058,Zevulun/Kiryat Ata Center
43059,Kiryat Ata Center
43060,Kupat Holim/Ha'Atsma'ut
43061,Police National School
43062,Urban Market/Yitshak Rabin Road
43063,Rabin/Yoseftal
43064,Bar Yehuda Road/HaBitahon
43065,Road 3/Mintz
43066,Rabin/Yoseftal
43067,Bar Yehuda/HaPlada
43068,Bar Yehuda/HaPlada
43069,HaDeshanim Road/Kiryat Ata Junction
43070,HaDeshanim
43071,Bar Yehuda/HaMasger
43072,Moshe Road/HaShalom
43073,Technion/Biotechnology and Food
43074,Bar-Yehuda
43075,Check Post
43076,Technion/Agricultural Engineering
43077,Trumpeldor/Hanita
43078,Technion/Visitors center
43079,HaHistadrut Boulevard/Arye Shenkar
43080,Camille Huysmans A
43081,Gershon Shofman
43082,Ovadia/HaTishbi
43083,Shefar'am North Junction
43084,Bethlehem/Anatot
43087,HaCarmel Center/HaYam Road
43088,HaRakafot/HaRimonim
43089,HaVradim/Ha'Irusim
43090,Haifa Municipality / Bialik
43091,HaCarmel Center/Auditorium
43092,Talpiot market
43093,Herzl/Haim Weizmann
43094,Yagur Interchange
43095,Yalag/HaKishon
43096,Kiryat HaMemshala/HaAtzmaut
43097,Hassan Shukri/HaNevi'im
43098,Kishon Junction
43099,Greenberg A
43100,Merkaz Horev/Horev
43101,Einstein V
43102,Schweitzer B
43103,Einstein School/Einstein
43104,Carmel Hospital/Ranak
43105,Reform Synagogue/Hantke
43106,Kabirim/Levona
43108,Palyam/Kibbutz Galuyot
43109,HaMeginim/En Dor
43110,Christian cemetery/HaHagana
43111,Port/Ha'Atsma'ut Road
43112,University/Multi-Purpose
43113,University/Multi-Purpose
43114,Bethlehem B
43115,Hallisa
43116,Hativat Golani/Al-Ma'ari
43117,Wadi Salib
43119,HaHashmal/Dov Gruner
43120,Sahlav B
43121,Biram/Abba Hushi
43122,Ye'ari/Borochov
43123,Zalma Shne'ur B
43124,Internazional/Ye'ari
43125,Pisgat Hen Retirement Home
43126,Zinger/Kashtan
43127,HaKalaniot/HaRakafot
43129,Re'eim Club/Ussishkin
43130,Aharonovich Boulevard/Oscar Cohen
43131,Bialik/Micha'el Hazani
43132,Yitshak Ben Tsvi/HaGitit
43133,Kibbutz Galuyot/HaShoshanim
43134,Yagur Interchange
43135,HaNadiv Road/HaYogev
43136,Hativat Golani/Hiram Interchange
43137,Yagur/Kfar Hasidim
43138,Camp 80
43139,Museum/Allenby
43140,Ha'Ilan/HaTid'har
43141,HaIlan/HaHaruv
43142,HaIlan/HaHaruv
43143,HaCarmel/HaArbel
43144,Har Sinai/Har Nevo
43146,HaCarmel/Har HaTsofim
43147,HaCarmel/HaHermon
43150,David El'azar/Hayim Hazaz
43151,David El'azar/Bialik
43152,Bialik/David El'azar
43153,Bialik/Herzl
43155,Bialik/Rothschild
43156,Menahem Tsiyoni/HaRav Malul
43157,Meir Stenly/HaNasi Weizmann Blvd
43158,HaAtsma'ut/Meir Stenly
43159,HaAtsma'ut/Hay Tayeb
43160,Harav Kook/Hillel
43161,Harav Kook/HaNasi Weizmann Blvd
43162,HaNasi Weizmann Blvd/Rothschild
43163,Shidlovsky Blvd/Weizman Blvd
43164,Shidlovski Blvd/Nili
43165,Betty and Yosef Koplowitz/Shidlovsky Blvd
43166,HaGefen/HaNasi Weizmann Blvd
43168,David HaMelekh Blvd/Tamar
43169,HaRimon/HaTe'ena
43171,David HaMelekh Blvd/HaRimon
43172,HaShomer/HaYarmukh
43173,Ibn Gvirol/Bilu
43174,HaShomer/HaKishon
43175,HaShomer/Sokolov
43176,Sokolov/Herzl
43177,HaRav Marcus/HaRav Ohana
43178,Naftali Imber/Yehi'el
43179,Talpiyot Market/Yehiel
43182,Shapira/Hasan Shukri
43183,Huri/Y.L.Peretz
43184,HaTsiyonut Blvd/Sh'hade
43185,HaTsiyonut Blvd/Huri
43186,HaTsiyonut Blvd/Saint Lucas
43187,Hubert Humphrey/Allenby Road
43188,Hubert Humphrey/Allenby Road
43189,Middle School
43190,Herzl/HaNevi'im
43191,Herzl/Shmar'yahu Levin
43192,Savyon/Haruv
43193,Ha'Ilan/HaTid'har
43194,Yerushalayim Blvd/Shalom Aleichem
43195,HaAtsma'ut/Sayag Hawato
43196,HaAtsma'ut/Sayag Hawato
43198,Harav Kook/Hillel
43199,Begin Middle School/Michael Gelfenstein
43200,Barukh Buaron Blvd/Meir Zanzuri
43201,Yits'hak Rabin Rd/Meof HaTsipor Blvd
43202,Pinhas & Avraham Rutenberg/Hod
43203,Dror/Hadarim
43204,Dror/Shlomtsiyon HaMalka
43205,HaMifrats Central Station
43206,Energy Site
43207,Refreshing Station/Bat Shlomo Interchange
43208,Refreshing Station/Magal Dor Alon Road 6
43209,HaTsiyonut/Pu'a
43210,Shaked School/Ma'ale HaShizaf
43211,HaHita School/Shira
43212,Pinhas Sapir Blvd/Tsahal Blvd
43213,Pinhas Sapir Blvd/Tsahal Blvd
43214,Pinhas Sapir Blvd
43215,Pinhas Sapir Blvd
43216,Alexander Blvd/HeAdar
43217,HaYarden/HaZavitan
43218,Weizmann Blvd/HaKomemiyut
43219,HaDuda'im/Adne Paz
43220,HaTzukim/Haduda'im
43221,Rehav'am Ze'evi Blvd/HeHatsav
43222,Rehav'am Ze'evi Blvd/HeHatsav
43223,Menachem Begin Boulevard/Barukh Buaron Boulevard
43224,Frank/Tsafra
43225,Be'er Ora/Frank
43226,Commercial Center/HaRav Ovadia Yosef
43227,Ahad HaAm/Tarla
43228,Hativat HaNahal/Hevrat Ezra
43229,Bialik/Avshalom
43230,Pinhas VeAvraham Rutenberg/Netiv HaOr
43231,Mishmar HaGvul/Timna
43232,Mishmar HaGvul/Timna
43233,HaTel/Hogla
43234,Hogla/Efroni
43235,Hogla/Dror
43236,Bet Mansur/Alma'asra
43237,Alnuzla
43238,Bet HaBad/Alma'asra
43239,Birborin/Alkasmi
43240,Ibn Khaldun
43241,HaTe'enim/Nahal Poleg
43242,HaTe'enim/HaShoshanim
43243,Goldenberg/Lilienblum
43244,Ha'Alon/Brandeis
43245,Herzl/Yovel
43246,HaTe'ena/HaYasmin
43247,Yod Alef HaSporta'im/Yif'a
43248,Ezer Weizman/Pinhas & Avraham Rutenberg
43249,Bialik
43250,Bialik
43251,HaDo'ar Junction
43252,Al Kuds/Salah Aldin
43253,HaShayara/Yits'hak Ben Zvi
43254,HaMelekh David/HaMelekh Hizkiyahu
43255,Seniors Day Center/Ariel Sharon
43256,Seniors Day Center/Ariel Sharon
43257,Ariel Sharon/Jabotinsky
43258,Yits'hak Shamir Blvd/Jabotinsky
43259,Yits'hak Shamir Blvd/Shunit
43260,Yits'hak Shamir Blvd/Shunit
43261,Lehi/Yitzhak Shamir Boulevard
43262,Lehi/Yitzhak Shamir Boulevard
43263,Lehi/Herzl
43264,Herzl/Motzkin
43265,HaAmakim Fork/Jalama
43266,HaAmakim Intchg/Exit to Road 6 South
43267,HaAmakim Fork/Jalama
43268,HaAmakim Intchg/Exit to Road 6 North
43269,HaAmakim Fork/Elroi
43270,HaAmakim Fork/Elroi
43271,HaAmakim Fork/Elroi
43272,Nahal Gigorim/Hativat Golani
43273,Egoz/Halamish
43274,Egoz/Halamish
43275,Halamish/Shaham
43276,Egoz/Sitvanit
43277,Blitental/Sitvanit
43278,Blitental/Sal'it
43279,Blitental/Golda Me'ir
43280,Technion/Neve America Dormitories
43281,Hasida/Tsofit
43282,Hasida/Anafa
43283,Menahem Begin Blvd/Hayim Moshe Shapira
43284,Menahem Begin Blvd/HaHofit
43285,Barukh Boaron Blvd/Rehav'am Ze'evi Blvd
43286,Kibuts Gan Shmu'el
43287,Magal B
43288,Me Ami
43289,Menashe
43290,Pinhas Lavon/Nili
43291,Shoham/Sapir
43292,Shoham/Sapir
43293,Bareket/Sapir
43294,Shoham/Inbar
43295,Shoham/Inbar
43296,Shoham/Topaz
43297,Topaz/Shoham
43298,Shoham/Topaz
43299,Topaz/Sapir East
43300,Topaz/Sapir East
43301,Topaz/Rubin
43302,Topaz/Rubin
43303,Topaz/Sapir West
43304,Topaz/Sapir West
43305,Derekh Erets/Sapir
43306,Derekh Erets/Tamar
43307,Arava/Alon
43308,Te'ena/Alon
43309,Te'ena/Ela
43310,Te'ena/Gefen
43311,Te'ena
43312,Te'ena
43313,Te'ena/Oren
43314,Te'ena/Oren
43315,Oren/Shaked West
43316,Oren/Shaked West
43317,Oren/Brosh
43318,Oren/Brosh
43319,Oren/Gefen
43320,Oren/Gefen
43321,Oren/Shaked East
43322,Oren/Tamar
43323,Tamar/Gefen East
43324,Tamar/Tse'elon
43325,Tse'elon/Tamar
43326,Gefen/Tamar East
43327,Gefen/Shaked
43328,Tamar/Gefen East
43329,Oren/Tamar
43330,Oren/Rimon
43331,Oren/Rimon
43332,Tse'elon/Zayit
43333,Tse'elon/Derekh Erets
43334,Derekh Erets/Tse'elon
43335,Gamla/Derekh Erets
43336,Gamla/Alon
43338,Shoham/Topaz West
43339,Shoham/Topaz West
43340,Topaz/Shoham West
43341,Topaz/Bareket
43342,Odem/Topaz
43343,Topaz/Odem
43344,Odem/Leshem
43345,Shoham/Leshem
43346,Shoham/Leshem
43347,Shoham/Eshel
43348,Shoham/Eshel
43349,Derekh Erets/Eshel
43350,Road 6353/Derekh Erets
43351,Shoham/Odem
43352,Odem/Derekh Erets
43353,Derekh Erets/Odem
43354,Derekh Erets/Odem
43355,HaTsukim/Havatselet HaSharon
43356,HaTsukim/Arze HaLevanon
43357,HaDuda'im/HaTsukim
43358,En Gedi/Adne Paz
43359,Bet HaKashish/Kadima
43360,Mivtsa Ezra/Kadima
43361,Adne Paz/HaDuda'im
43362,Barukh Buaron Blvd/HaKongres
43363,Yits'hak Gruenbaum/Aharon Aharonson
43364,Beilinson/HaTehiya
43365,Hof HaCarmel/Brenner
43366,Aliyat HaNoar/HaAri
43367,Etsel/HaGiborim
43368,Israel Yish'ayahu/HaGiborim
43369,Israel Yish'ayahu/Shalom Shabazi
43370,Israel Yish'ayahu/Herzl
43371,Herzl/Goldenberg
43372,Goldenberg/Herzl
43373,Goldenberg/HaTayasim
43374,HaRav Kook/Goldenberg
43375,HaRav Kook/Hankin
43376,HaRav Kook/Hankin
43377,HaRav Kook/HaAliya HaShniya
43378,HaRav Kook/Pinsker
43379,HaRav Ovadia Yosef/Yits'hak Kushi Afgin
43380,She'ar Yashuv/Yerushalayim
43381,Arlozorov School/She'ar Yashuv
43382,Tarna/Rehash
43383,Tarna/Rehash
43384,HaYasmin/HaNevel
43385,HaNevel/HaGitit
43386,Yits'hak Ben Zvi/HaNevel
43387,Feinberg/Yitzhak Rabin
43388,Bialik/Yits'hak Ben Zvi
43389,Bialik/Hillel Yaffe
43390,Bialik/HaVered
43391,Bialik/Rambam
43392,Bialik/Road 4
43393,Road 4/Bialik
43394,HaAvukado/Yekutiel Adam
43395,HaAvocado/Shafek
43396,Shpek/HaAvukado
43397,HaPekan/Shpak
43398,Bialik/Hanna Szenes
43399,KKL Park/HeHaruv
43400,KKL Park/HeHaruv
43401,HeHaruv/Uri Road
43402,Yod Alef HaSporta'im/Pinhas & Avraham Rutenberg
43403,Pinhas & Avraham Rutenberg/Ezer Weizman
43404,Magal Gimel
43405,Magal Dalet
43406,Magal He
43407,Magal Vav
43408,Magal Zayin
43409,Yulius Simon Road/Moshe Dayan Road
43410,Rothschild/Neot Golf
43411,Neot Golf/Rothschild
43412,Barkai Junction to West
43413,Shooting Range Junction to East
43414,Ibn Rushd School
43415,HaYam Road/Mevo Atlit
43416,HaYam Road/Shaldag
43417,HaYam Road/Hita
43418,HaYam Road/Katsir
43419,HaYam Road/Mevo Atlit
43420,Ma'alot David
43421,Granit/Tarshish
43422,Granit/HaTohen
43423,HaTohen/Granit
43424,HaTohen/Halamish
43425,HaTohen/Halamish
43426,HaTohen/Shaham
43427,Shaham/HaTohen
43428,Shaham/Tarshish
43429,Shaham/Tarshish
43430,Shaham/Shoham
43431,Shoham/Shaham
43432,Shoham/Bareket
43433,Shoham/Bareket
43434,Halamish/Shoham
43435,Halamish/Shoham Industrial Park
43436,Tarshish/Halamish
43437,Bet Galileo/HaEshel
43438,Bet Galileo/HaEshel
43439,HaEshel Campus/Alon HaTavor
43440,HaShita/Alon HaTavor
43441,HaShita/Harduf HaNehalim
43442,HaShita/Harduf HaNehalim
43443,HaShita/HaEshel
43444,HaEshel/Elat HaMastik
43445,HaEshel/Elat HaMastik
43446,HaEshel/Havatselet HaHof
43447,HaEshel/Havatselet HaHof
43448,HaEshel/Harduf HaNehalim
43449,HaEshel/Harduf HaNehalim
43450,HaEshel/Alon HaTavor
43451,Yits'hak Navon School/Shay Agnon
43452,Yohanan Ratner/Simha Golan Road
43453,Bet Aba Hushi/Yohanan Ratner
43454,Yohanan Ratner A
43455,Yohanan Ratner B
43456,Yig'al Yadin Road/Moshe Dayan
43457,Yig'al Yadin Road/Moshe Dayan
43459,HaShalom Road/Village
43460,Yits'hak Shamir Road/Prof.Moshe Adar
43461,Yits'hak Shamir Road/Prof.Moshe Adar
43462,Yits'hak Shamir Road/Giora Tzahor
43463,Yits'hak Shamir Road/Giora Tzahor
43464,Ider/Greenberg
43465,Shlomtsiyon HaMalka/Pica Road
43466,HaShalom Road/Yits'hak Shamir Road
43467,HaLivne
43468,Alroy/East
43469,Neot Golf/Rothschild Blvd
43470,Jalame Camp
43471,Jalame Camp
43472,Kiryat Tivon Cemetary
43473,Yehuda Itin/Yig'al Yadin Road
43474,Arak A Shabab Mosque
43475,Ayn Haled/Ali Ben Avi Taleb
43476,A Rabat
43477,A Rabat
43478,Ayn Haled/Abu Lahem
43479,Wadi An-Nusur Road
43480,Al-Aqwas School
43481,Ayn Haled/Ayn al Majara
43482,Nahum Hat
43483,Kidma/Hatmada
43484,Kidma/Hatmada
43485,Kidma/HaHalomot
43486,Kidma/HaHalomot
43487,Kidma/Tnufa
43488,Kidma/Tnufa
43489,Tnufa/Hagshama
43490,Tnufa/Hagshama
43491,Tnufa/Hatmada
43492,Hatmada/Tnufa
43493,Derech Eretz Avenue/HaHitchadshut
43494,Derech Eretz Avenue/HaHitchadshut
43495,Derekh Erets Blvd/HaHagshama Blvd
43496,Derekh Erets Blvd/Tnufa
43497,HaHagshama/Hevruta
43498,HaHagshama Blvd/Savyon
43499,HaHagshama Blvd/Lotem
43500,HaHagshama Blvd/Lotem
43501,HaHagshama Blvd/Yakinton
43502,Yakinton/HaAhva Blvd
43503,Yakinton/Yasmin
43504,Yakinton/Yasmin
43505,Yakinton/Savyon
43506,Yakinton/Savyon
43507,Lotem/Tsiv'oni
43508,Lotem/Yasmin
43509,Lotem/Yasmin
43510,Lotem
43511,Lotem
43512,Savyon/Sahlav
43513,Savyon/Rakefet
43514,Savyon/Sahlav
43515,Lotem/Savyon
43516,Savyon/Lotem
43517,Savyon/Lotem
43518,HaAhva Blvd/Yakinton
43519,HaAhva Blvd/Tamar
43520,HaAhva Blvd/Lotem
43521,HaAhva Blvd/Derekh Erets Blvd
43522,Hotel Leonardo Haifa
43523,Dado South Beach/Yohay Bin Nun
43524,Zamir Beach
43525,HaGolshim Beach
43526,Hof HaCarmel Promenade
43527,HaRakafot/Kibuts Galuyot
43528,Yits'hak Navon School/Shay Agnon
43529,Tsahal/Menahem Begin
43530,Tsahal/Ofra Haza
43531,Shoshana Damari/Ofra Haza
43532,Ofra Haza/Yosi Banay
43533,Ofra Haza/Uzi Hitman
43534,Ofra Haza/Uzi Hitman
43535,HaTeatron Road/Rothschild
43536,Alexander Blvd/HaYarden
43537,Alexander Blvd/HaYarden
43538,Rashi/Yits'hak Ben Zvi
43539,Pal Yam Road/HaRaki'a
43540,Ra'am/Barak
43541,Pal-Yam Junction
43542,Ha'Eshel/HaShita
43543,Shoham Industrial Park/Halamish
43544,Halamish/HaTohen
43545,Granit/HaHarash
43546,HaHarash/Granit
43547,Rothschild/Iris
43548,HaNevel/HaYasmin
43549,Operating Station/Nahal Giborim
43550,Alroy/East
43551,Alhakma School/Alma'asara
43552,Alexander Blvd/HeAdar
43553,Alexander Blvd./Yitzhak Rabin
43554,Rehavam Ze'evi Blvd./Menahem Begin Blvd.
43555,Yits'hak Gruenbaum/HaKneset
43557,Faruk Shkhedem School
43558,Al-Madaris
43559,Abu Abdullah/Al-Nabq
43560,Abu Abdullah/Al-Nabq
43561,Abu Abdullah
43562,Abu Abdullah
43563,Al-Raharih
43564,Al-Marai
43565,Al-Marai
43566,Abdullah/Al-Marai
43567,Bani Maruf
43568,Bani Maruf
43569,Al-Qala
43570,Al-Sahel
43571,Al-Sahel
43572,Al-Sahel/Olesh
43573,Amin Kayouf Mall
43574,Demobilized Soldiers Neighborhood North Aleph
43575,Demobilized Soldiers Neighborhood North Aleph
43576,Granit/HaTohen
43577,HaShaked Gimel
43578,HaShaked Aleph
43579,HaShaked Beit
43580,Clalit HMO/Hatzav
43581,HaShaked Dalet
43582,Ohel Sarah Girl School
43583,Dekel/Maalot David
43584,Savion/Dekel
43585,Hatzav
43586,HaTohen/Granit
43587,Aara Community School
43588,Aara Community School
43589,Aara Al-Hilal School
43590,Nelson Mandela
43591,Al-Dahrat/Al-Zaytun
43592,Al-Dahrat
43593,Al-Dahrat
43594,Al-Amal/Al-Dahrat
43595,Al-Amal
43596,Al-Amal
43597,Al-Dahrat School
43598,Al-Dahrat School
43599,Al-Khala
43600,Al-Khala
43601,Football Field
43602,Ar'ara Community Center
43603,Taha Hussein School
43604,Taha Hussein
43605,Salah Al-Din/Taha Hussein
43606,Salah Al-Din/Taha Hussein
43607,Salah Al-Din
43608,Salah Al-Din
43609,Wadi al-Qasab
43610,Ar'ara A
43611,Ar'ara B
43612,Yaakov Salomon
43613,Yaakov Salomon
43614,Pediatric ER/Rambam Hospital
43615,Outpatient Clinics/Rambam Hospital
43616,Hahashmona'im/Yoseftal
43617,HaHashmonaim/Levi Eshkol
43618,Elbit/Matam
43619,Phillips/Matam
43620,Microsoft/Matam
43621,Post/Matam
43622,Lohamei Herut Israel/Tzahal
43623,Lohamei Herut Israel/Technion Road
43624,Peccan
43625,Ar-Razi Middle School
43626,HaHitim/HaKama
43627,Yasser Arafat/Al-Bayan
43628,Yasser Arafat/Al-Bayan
43629,Yasser Arafat/Ahmad Abu Asba
43630,Yasser Arafat/Ahmad Abu Asba
43631,Jaff Fadla/Qaush
43632,Jatt Pdela/Tohotmos al Ta'lit
43633,Jatt Fadla/Shishek
43634,Jatt Fadla/Shishek
43635,Jatt Pdela
43636,Jatt Pdela
43637,Jatt Fadla/Sanaa
43638,Jatt Fadla/Sanaa
43639,Jatt Fadla/Beirut
43640,Jatt Fadla/Al-Sheikh Said
43641,Al-Sheikh Said/Jatt Fadla
43642,Jat Community Center
43643,Jat Community Center
43644,Al-Shafii/Dar Al-Sanam
43645,Al-Shafii/Dar Al-Sanam
43646,Abu Asfa Mosque
43647,Al-Shafii/Al-Zaarikh
43648,Tzfonit B1
43649,Tzfonit B2
43650,Tzfonit B3
43651,Tzfonit B4
43652,Josef Schechter/Doron Mayblum
43653,Ariel Sharon Boulevard/Narkisim
43654,Ariel Sharon Boulevard/HaShahaf
43655,Ariel Sharon Boulevard/HaShahaf
43656,Ariel Sharon Boulevard/HaAnafa
43657,HaAnafa/Ariel Sharon Boulevard
43658,Ariel Sharon Boulevard/HaAnafa
43659,Ariel Sharon Boulevard/Menahem Begin Boulevard
43660,Menahem Begin Boulevard/Ariel Sharon Boulevard
43661,Menahem Begin Boulevard/Raziel
43662,Menahem Begin Boulevard/HaAnafa
43663,HaAnafa/Menahem Begin Boulevard
43664,Menahem Begin Boulevard/HaShahaf
43665,Menahem Begin Boulevard/HaShahaf
43666,Menahem Begin Boulevard/Narkisim
43667,Beit Yad LaBanim/Litanis
43668,Margalit/Dan Alley
43669,Margalit/Kidron
43670,Kidron/Litanis
43671,Kidron
43672,Shmuel Rozov/Maklef
43673,Maklef/Shmuel Rozov
43674,HaShayish/HaMesila
43675,HaShayish/HaMesila
43676,HaNapah/Shmuel Rozov
43677,Fliman Hospital
43678,Ophir/Hiram
43679,Palmer Gate/Kdoshei Baghdad
43680,Castra
43681,Tsahal
43682,Tsahal
43684,Herzl/Sokolov
43685,Kibbutz Ein Shemer
43686,Air Force Technical School
43687,Ein Ibrahim A
43688,Ein Ibrahim B
43689,Ein Ibrahim C
43690,Ein Ibrahim D
43691,Ein Ibrahim E
43692,Ein Ibrahim F
43693,Abba Hushi Boulevard
43694,Abba Hushi Boulevard
43695,Shoshana Damari/Leah Goldberg
43696,Shoshana Damari/Tzahal
43698,Shay Agnon/Ofra Haza
43699,Al-Dhahar/Al-Bustan
43700,Afaq High School
43701,Afaq/Al-Bukhari
43702,Afaq High School
43703,Al-Bukhari/Al-Rawda
43704,Al-Bukhari/Afaq
43705,Al-Bukhari
43706,Al-Dhahar/Al-Bukhari
43707,Al-Dhahar
43711,Yagur Terminal
43712,Yagur Terminal
43713,Country Club Space
43714,Country Club Space
43715,Nesher Stadium
43716,Nesher Stadium
43717,Nesher City Center
43718,Nesher City Center
43719,Emek HaCarmel
43720,Emek HaCarmel
43721,Sportek
43722,Sportek
43723,Nesher Shopping Center
43724,Nesher Shopping Center
43725,Fourtek
43726,Fourtek
43727,Big Shaar Ha-Ir
43728,Big Shaar Ha-Ir
43729,Abu Lahem/5366
43730,Abu Lahem/5366
43731,Abu Lahem
43732,Abu Lahem
43733,Omer Al Muchtar
43734,A'Dahara
43735,Saladin
43736,Municipality Road
43737,Omar ibn Al-Khattab
43738,Ein Khaled
43739,Ein Khaled
43740,Ein Khaled West
43741,Ein Khaled West
43742,Alsalam Road
43743,Alsalam Road
43744,Arak Al Shabab
43745,HaShuk
43746,HaShuk
43747,Al Gazali
43748,Eshkol Pais
43749,Al Azali
43750,Al Azali
43751,Al-Quds
43752,Swissa
43759,Al Mualka
43760,Al Mualka
43761,HaMivtzar/Tamiron
43762,HaMivtzar/Shaldag
43763,Shaldag/Yefe Nof
43764,Tamiron/HaMivtzar
43765,Yitzhak Navon School
43766,Hativat Rimon
43767,HaDayagim/Maagan HaDayag
43768,HaArazim/Klil HaHoresh
43769,Itzhak Ben Zvi / Tchernichovsky
43770,HaMifratz Port
43771,Chemicals Terminal / Israel Shipyards
43772,Haifa Airport to North
43773,Haifa Airport to South
43774,Regavim Road/HaDekel
43775,Yigal Yadin Road
43776,Yigal Yadin Road
43777,Commercial Center/Bir Baka
43778,Bir Baka/Road 61
43779,Yesodot School and Junior High/Bir Baka
43780,Bir Baka/Road 61
43781,Haifa/New Delhi
43782,Haifa/Alha'ali
43783,Haifa/Alha'ali
43784,Al Nazaza/Daliya
43785,Al Nazaza/Ezer Weizman
43786,Al Nazaza/Ezer Weizman
43787,Al Nazaza
43788,Al Nazaza
43789,Al Nazaza/Alchativ
43790,Al Nazaza/Alchativ
43791,Sich Alchativ
43792,Ali'asmin/Alwarad
43793,Menachem Begin/Ariel Sharon
43794,Menachem Begin/Ariel Sharon
43795,Hatzav/HaShaked
43796,Narkisim/Ariel Sharon Avenue
43797,Tzemach School/Narkisim
43798,HaKalaniot/Narkisim
43799,Yitzhak Rabin Road/Tzofit
43800,Yitzhak Rabin Road/Tzofit
43801,Hadera Junction West/Road 9
43802,Hadera Junction North/Shimon Peres
43803,Al Muaras
43804,Al Carmel/Al Muaras
43805,Al Tamasich
43806,Al Tamasich/Al Si'adan
43807,Al Carmel/Al Shomeriya
43808,Al Tamasich
43809,Iskandar/Sobrin
43810,Mosque/Hal'il
43811,Iskandar
43812,Iskandar Park
43813,Iskandar/Ein A Nabi
43814,Lilienblum/Jacob Steinberg
43815,El Medina/HaIriya Road
43816,Ein A Navi/Saladin
43817,Ein A Navi/Seth Hizran
43818,Ein A Navi/Umm al-Fahm
43819,Ein Khaled
43820,Ein Khaled
43821,Ein Notera
43822,Ein Notera
43823,El Medina/HaIriya Road
43824,Rogozin B High School/Yitzhak Rabin Road
43825,Ha'Ela/Ha'Erez
43826,Ha'Ela
43827,HaHotrim Terminal/Collection
43828,HaHotrim/Dropoff
43829,Mirkavot/Mor
43830,Mor/Mirkavot
43831,Mor/Havatzelet HaSharon
43832,Havatzelet HaSharon/Levona
43833,King David Avenue/Chavatzelet HaSharon
43834,King David Avenue/Chavatzelet HaSharon
43835,Shoshanat Ha'Amakim/Eilot HaSadeh
43836,HaShulamit
43837,King David/HaDudaim
43838,HaDudaim/Pri Megadim
43839,King David/HaDudaim
43840,King David Avenue/Pardes Rimonim
43841,King David Avenue/Pardes Rimonim
43842,King David Avenue
43843,King David Avenue/HaShikma
43844,Levona/Havatzelet HaSharon
43845,Levona/Havatzelet HaSharon
43846,Eilot HaSadeh/HaDudaim
43847,Ibn Khaldun/Al-Amal
43848,Al Wahda
43849,Ibn Khaldun/Al-Amal
43850,Al-Azhdahar
43851,Al-Azhdahar
43852,Al-Azhdahar/Bir Burin
43853,Bir Burin/Al-Salam
43854,Bir Burin/Alkasmi
43855,Meiser/Al-Sahaba
43856,Al-Andalus School
43857,Al-Andalus School
43858,Al-Quds School
43859,Al Wahda
43860,Ali ibn Abi Talib A
43861,Ali ibn Abi Talib B
43862,Southern Quarter H
43863,Ara'ra New Mail
43864,Al Amir B
43865,Al Amir A
43866,Al Harba - Entrance
43867,Salah AlDin Mosque A
43868,Salah AlDin Mosque B
43869,Wadi khabb
43870,Al Nahda School
43871,Al Nahda School
43872,Hur Saker Mosque
43873,Hur Saker Mosque
43874,Hur Saker Neighborhood
43875,Al-Qasemi/Alrashidun
43876,Jatt Pdela/Ahmed Abu A'sba
43877,Jatt Pdela
43878,Al-Shafi'i/Busra Alsham
43879,Busra Alsham
43880,Al-Zeitun/Al Muares
43881,Operational Station/Beit Eliezer Terminal
43882,Kadima/HaHatzav
45500,Bat Shlomo Junction
45501,Bat Shlomo Junction
45529,Shfeya Junction
45530,Shfeya Junction
45643,Binyamina Rail Station
45644,Binyamina Rail Station
46008,Aharon Road/652
46009,Harish Junction to the East
46011,Yerushalayim Blvd/Shalom Alekhem
46012,HaHermon/Hacarmel
46013,HaCarmel/Sfinat Egoz
46015,Gamla/Zayit
46016,HaYarden/Tsalmon
46018,Hartsit/HaLotem
46021,HaNassi Weizmann/Yerushalayim
46022,Gamla/HaMeshushim
46024,HaAliya HaRishona/Tarna
46025,HaGefen/HaYasmin
46026,HaGefen/Havatselet HaSharon
46027,HaGiborim/Ha'Aliya HaRishona
46028,Giv'at Nili
46030,HaRav Ovadya Yosef/HaRav Uziel
46031,David El'azar/Hayim Hazaz
46033,Aliza Yensen/Haim Hazaz
46034,Shidlovski Boulevard/Weizmann
46035,Commercial Center/Rothschild
46036,Sfinat Egoz/Hacarmel
46037,Ha'Ilan/HaHadas
46038,HaIlan/HaHaruv
46040,Binyamina Junction
46041,Binyamina Rail Station/HaTahana
46042,Binyamina Rail Station/HaTahana
46043,Ha'Aliya Road/HaYasmin
46044,Ha'Ilan/HaZayit
46045,Caesarea Plant
46047,Kibbutz Sdot Yam
46048,Rothschild/HaMigdal
46049,Rothschild/HaRimon
46052,Bet El/Hashmona'im
46053,Thiya/Etrog
46054,Yerushalayim Blvd/Ibn Gvirol
46055,Religious High School/Yerushalayim Boulevard
46056,Ha'Ilan/HaHadas
46057,HaBrosh/HaShita
46059,HaZayit/HaMeyasdim
46060,HaBrosh/HaZayit
46064,Givat Fureidis G
46067,New Comprehensive School/Giv'at Furaidis
46068,Furaidis 6
46069,Fureidis cemetery
46070,Furaidis 8
46071,Furaidis 9
46072,Furaidis 11
46073,Furaidis
46074,Furaidis 12
46075,Furaidis 13
46076,Furaidis 14
46077,Furaidis 15
46078,Furaidis 16
46079,Fureidis North Junction
46080,Furaidis 16
46081,Furaidis 15
46082,Northern Mosque
46083,Furaidis 4
46084,Furaidis 5
46085,Kindergartens
46086,Furaidis 7
46087,Furaidis 8
46088,Fureidis cemetery
46089,Furaidis 10
46090,Ar'ara East
46091,Al-Hirbe/Road 6542
46092,Ar'ara Center
46093,Almanar School
46094,Shuk
46095,Medical Center
46096,Ar'ara Junction
46097,Ara Junction
46098,Barta'a Junction
46099,Kafr Kara Junction
46100,Khalat Zabda
46101,Hakurat Al Asali A
46102,Kuba Al-Da'ari B
46103,Hakurat Al Asali A
46104,Khalat Zabda
46105,Khalat Zabda/Gas Station
46106,Ar'ara/6524
46107,Almanar School
46108,Ar'ara Center
46109,Ar'ara/Main Road 6
46110,Ar'ara East
46111,A Quds/Al-Handaq
46112,A Quds/El Bir
46113,Jadua Elion/Jadua Tachton
46114,Gdoa 1
46115,El Medina/Jadua Tachton
46116,El Medina/Al Ajame
46117,El Medina/Ibn Zaydun
46118,El Medina/Al-Handaq
46119,El Medina/A-Shafa'i
46120,Um al Fahm Junction
46121,Road 65/Um al Fahm Junction
46122,Al Quds/El Medina
46123,El Medina/Ibn Zaydun
46124,El Medina/El Bir
46125,El Medina/Jadua Tachton
46126,Gdoa 2
46127,Gdoa 3
46128,A Quds/El Bir
46129,A Quds/Al-Handaq
46132,Karkur Junction
46133,Menashe Junction Northward
46134,Kafr Kara Junction
46135,Barta'a Junction
46136,Ara Junction
46137,Ar'ara Junction
46138,Iron Police Junction
46139,Me Ami Intersection
46140,Me Ami Intersection
46141,Iron Police Junction
46142,Kafr Kara Junction
46143,Menashe Junction Southward
46144,Hillel Yaffe Hospital
46145,Post Office
46146,Rashid Medical Center
46147,Primary School
46148,Kupat Holim
46149,Ara 2
46150,Post Office
46151,Ara 1
46152,Khaled Ben Al-walid/Commercial Center
46156,Salah a Din 2
46157,Pais Center/Salah A. Din
46158,Pais Center/Salah A. Din
46159,Salah a Din 2
46163,Khaled Ben Al-walid/Commercial Center
46164,Regavim Junction
46165,Regavim Junction
46167,Menashe Regional Council
46168,Harish Junction to the South
46169,Karkur Junction
46170,HaMeyasdim/Talpiot
46171,HaMeyasdim/Ahuza
46172,HaBanim Road/HaMeyasdim
46173,HaBanim Road/HaShoftim
46174,HaBanim Road/Yosef Caro
46175,Ein Al Sahle
46176,Fureidis/Road 4 South
46177,Furaidis Junction
46179,Zichron Yaakov Junction/Road 4
46180,Zichron Mall/Road 4
46181,Zichron Mall/Road 4
46182,Zichron Yaakov Junction/Road 4
46183,Ma'ayan Tzvi Industrial Area
46184,Fureidis Junction
46185,Fureidis/Road 4 North
46186,HaTsukim/Arze HaLevanon
46187,En Gedi/Hut HaShani
46188,Beit Hakashish/En Gedi
46189,Hativat Golani/Hevrat Ezra
46191,Hativat Golani/Nahalal
46192,Hativat Golani/Nahalal
46193,Shuvu School/HaHagana
46194,Bet Eliezer High School
46195,Railway Station/Pardes Hana Karkur
46196,Railway Station/Pardes Hana Karkur
46197,HaShmura/HaPnina
46200,HaRakefet
46201,Kibbutz Neve Yam
46203,Abba Hushi/Hacarmel Park
46204,Sport Center
46205,Nesher Sports Center
46206,Kindergarten/Sara Road
46207,HaRakafot/Hatzav Tzovah
46208,Swimming Pool
46209,HaRakafot/HaKalaniot
46211,Ha'Irusim/Tamar
46213,HaHaruv/HaNarkisim
46214,Ohel Sara School/HaRakafot
46215,HaRakafot/Matnas
46216,Hof Karmel Railway Station
46217,Neve David
46226,Gibore Etsyon School
46227,Natan Schpritser/Ha'Ari HaSho'eg
46228,Yoseftal/Lehman
46230,Hativat Golani/Nahalal A
46233,Esther HaMalka
46234,Esther HaMalka/Suva
46235,Rishonim School/Rabin
46816,Halamish/651
46817,Tarshish/Granit
46901,Kupat Holim/Alexander Zaid
46903,Biada Intersection
46904,Musheirfe Intersection
46905,Musmus Intersection
46906,Musmus Intersection
46907,Al-Shahid Square
46908,Kibbutz Alonim Center
46909,Tamar/Savyon
46910,Tamar/HaHatsav Lane
46911,Tamar/Moran
46912,Tamar/Moran
46913,Ya'ara A
46914,Greenberg Middle School
46915,Ramat Hadassah Educational Institute
46916,Narkisim School/Sigaliot
46918,Ela Housing Project/Bet She'arim
46921,Yitshak Rabin/Moshe Dayan
46922,Yitshak Rabin/HaGalil Lane
46923,Yehoshua Hankin/Katznelson
46924,Katznelson/Ben Tsvi
46925,Ort School
46926,HaShomrim/HaBonim
46927,KKL/Yigal Allon
46928,Ma'ale Avshalom V
46929,Ma'ale Avshalom D
46931,Rotem/HaTsiv'oni
46932,Ma'ale Avshalom G
46933,Ma'ale Avshalom A
46935,Herzl/Henrietta Szold
46936,Herzl/Kdumim Creek
46938,Kdumim Creek/Weizmann
46939,Kdumim Creek/Dvora HaNevi'a
46940,HaMizrach/HaMa'ayan
46941,Ha'Emek Train/East
46942,Ha'Emek Train/East
46943,Kiryat Amal Road/Eliyahu HaTishbi
46944,Kiryat Amal Road/Eliyahu HaTishbi
46945,Ha'Emek Train/Menachem Begin
46946,Ha'Emek Train/Ha'Amalim
46947,Ha'Emek Train/Orbach
46949,Public Garden/HaGefen
46950,HaRav Shim'onovich/HaRav Kook
46951,HaRakafot/HaRimonim
46952,Rakafot/Kalanyot
46953,HaRakafot/HaKalaniot
46954,Savyon/Ma'alot David
46955,Nesher Sports Center
46956,Ort High School
46957,Dalia Bypass Intersection
46958,Dalia Bypass Intersection
46959,Commercial Center
46960,Commercial Center
46961,Local Council
46962,Gas Station
46963,Leumi Bank
46964,Commercial Center
46965,Collection Department
46966,Collection Center
46967,H'alat Ali 1 Quarter
46968,Khalat Ali Quarter 3
46969,Khalat Ali Quarter 3
46970,Khalat Ali Quarter 4
46971,Khalat Ali Quarter 4
46972,HaCarmel Park
46973,Yad LaBanim Quarter 1
46974,Innovative School
46975,Innovative School
46976,Yad LaBanim Quarter 2
46977,Beit Hatefila
46978,School G
46979,School G
46980,Albasha
46981,Kupat Holim Meuhedet
46982,Kupat Holim Meuhedet
46983,Old Elbit
46984,Old Elbit
46985,Okef Culture Center 2
46986,Okef Culture Center 1
46987,Cultural Center
46988,Matnas 3 bypass
46989,Matnas 3 bypass
46990,Okef Culture Center 4
46991,Okef Culture Center 5
46992,Dalia Bypass
46993,Dalia Bypass
46994,Ort Ronson High School
46995,Ort Ronson High School
46996,National Insurance
46997,Zuhluk Quarter
46998,Zuhluk Quarter
46999,Gar'in HaKfar Quarter
47000,Eastern Square
47001,Family Health
47002,Gar'in HaKfar Quarter
47003,Matnas
47004,Matnas
47005,Local Council
47007,Military Cemetery
47009,Commercial Center
47010,Commercial Center
47012,Western Quarter
47013,Bedouin Quarter
47014,Mosque
47015,Mosque
47017,Western Quarter
47018,Commercial Center
47019,Giv'at HaHagana 2
47021,Bedouin Quarter
47023,Hannah Szenes/Yizre'el
47024,Suania Intersection
47025,Primary School A
47026,Primary School A
47027,Kupat Holim Maccabi
47028,Kupat Holim Maccabi
47030,Khalat Ali Quarter 2
47031,Khalat Ali Quarter 2
47034,Welfare Bureau
47035,Marganit/Havatselet
47036,HaGefen/HaNarkisim
47037,Kashkush Quarter Intersection
47038,Kashkush Quarter Intersection
47039,Kfar Tikva Intersection/Mordechai Mota Gur
47040,Kfar Tikva Intersection/Mordechai Mota Gur
47041,Ma'ayan Tzvi Industrial Area
47043,Weizmann/Narkisim
47044,Weizmann/Narkisim
47045,HaKalaniot/Jabotinsky
47046,Yad LaBanim Quarter 2
47048,Beit Hatefila
47049,Albasha
47050,Yagur Intersection
47051,Kiryat Tiv'on Junction
47052,Rimonim School
47057,HaKalaniot/Narkisim
47061,HaHaklaim/Usha
47062,HaGvura/Shukrun
47063,HaGvura/Shukrun
47064,Yoseftal/Einstein
47066,Swimming Pool/Kfar HaNo'ar
47075,HaHoresh/Yasmin
47084,Ha'Irusim/Marganit
47085,Ha'Irusim/Se'ora
47086,Nissim Synagogue/Ha'Irusim
47087,Gas Station/672
47088,Alrogema
47089,Alrogema
47090,Main Road 4
47092,Hanita/Zion
47093,Hanita/Asher
47094,Hanita/Asher
47096,Carmeli Division D
47098,Neve Ganim/Hativat Carmeli
47101,Berl B
47102,Berl A
47103,Torat Hayim School/HaRav Kook
47104,Ya'akov Dori/Meshash
47107,David Elazar/Frank
47108,Shmu'elson/Yigael Yadin
47110,HaNarkisim/Ha'Irusim B
47112,A'aron A'aronsohn/Shahal
47113,Hevrat Ezra/Hativat HaNahal
47114,Hativat HaNahal/Hevrat Ezra
47115,Hativat HaNahal/Nahalal
47116,Ovadia Ben Shalom/Kibuts Galuyot
47117,Ha'Aliya/HaHagana
47118,Ha'Aliya/HaBatsir
47119,Ha'Aliya/Ha'Atsma'ut Road
47120,HaHadas/Sfinat Egoz
47121,HaHadas/Sfinat Egoz
47122,Haim Hazaz/Yehuda Halevi
47123,Tamar/HaGefen
47124,Commercial Center/Rothschild
47125,Hadar/Rothschild
47126,Or Akiva Interchange
47127,HaKovshim/HaHalutsim
47128,HaKovshim/Ha'Atsma'ut
47129,Shoam Medical Center/HaNadiv Road
47130,Shoam Medical Center/HaNadiv Road
47131,HaNadiv Road/HaYam Road
47132,Derekh Lamerhav/Shave Tsiyon
47133,HaNadiv Road/HaNoter
47134,Talme El'azar
47135,Ancor/Nahli'eli
47136,HaMesila/Geula
47137,Hasida/Masada
47138,Derekh Erets/HaAhva Blvd
47139,Kupat Holim
47140,Givat Havivah Junction
47141,Jatt Junction
47142,Office
47143,Lahavot Haviva Junction
47144,Magal Junction
47145,Ha'Arazim/HaOranim
47146,Ha'Arazim/HaHadar
47147,Alone Yitshak
47148,HaDekel/HaRishonim
47149,HaDekel/HaRishonim
47150,Yetziat Europa/Kibbutz Galuyot
47151,Taram School/HaRimon
47152,Mikhmoret/Ma'ale Ha'Ashalim
47153,Community Center
47154,Furaidis 19
47155,Comprehensive High School
47156,Community Center
47157,Fureidis North Junction
47158,Or Akiva Interchange to the west
47160,Caesarea National Park
47161,Al Farouk New School
47162,Furaidis 18
47163,Bet Ya'akov School/Jabotinsky
47164,Ha'Arazim/HaOranim
47165,HaHadar/Ha'Arazim
47166,Aviel A
47167,HaRimon/HaTe'ena
47168,Kalanit/Amikam
47169,Kalanit/Amikam
47170,Tsivoni/Rakefet
47172,HaKovshim/Hadas
47173,HaKovshim/HaHita
47174,Bet HaRishonim/Tsave HaNahal
47175,HaNassi Weizmann/Yehuda Halevi
47176,Weizmann/Shidlovski
47177,Magal A
47178,Bat Galim Train/Aliyat HaNo'ar
47179,HaHashmal/Ma'alot Dov Gruner
47180,Shimshon/Yotam
47181,Bat Galim Railway Station
47182,Bat Galim Railway Station
47183,Carmeli Division G
47186,Elisheva School/HaBanim Road
47187,Elisheva School/HaBanim Road
47190,Kashkosh 2 Quarter
47191,Kashkush Quarter
47192,Kashkush Quarter
47193,Kashkosh 2 Quarter
47194,Yad LaBanim
47195,Yad LaBanim Center
47196,HaCarmel Park
47197,Ha'lat Ali
47198,Mitspe Ilan Center
47201,Heftsiva Junction/Road 4 to West
47203,Carmelit
47204,Aabas/HaParsim
47205,Tchernichovsky/Hatzav
47206,Bezalel/Hatam Sofer
47207,Refreshing Station/Magal Dor Alon Road 6
47210,Talpiot market
47213,Ben Gurion
47214,HaMoshava HaGermanit
47215,HaMeginim
47216,HaMeginim
47217,Lin
47218,Lin
47219,Dolfin
47220,Dolfin
47221,Hallisa
47222,Bet Hataasiyah
47223,Lev Hadar
47225,Hilel Silver B
47226,Berl G
47227,Schweitzer G
47228,Greenberg B
47229,Hantke/Yakinton
47230,Camille Huysmans B
47232,Keren HaYesod/Peretz
47233,Heichal Hatarbut/HaShalom Road
47234,Yefe Nof A
47235,Yefe Nof B
47236,Yefe Nof G
47237,Yefe Nof G
47238,HaMeginim/HaVatikim
47239,HaShita/HaTamar
47240,HaLotem/HaZayit
47241,HaHaruv/HaShita
47242,HaTamar/HaSahlav
47243,Magal
47244,Ts. Maor/Road 581
47245,Ma'ale HaGiborim/HaKatsar
47247,Zalman Shne'ur G
47248,Neve Ganim
47249,Ha'Atsma'ut Road/HaNevi'im
47250,Dakar/Rabin School
47251,Bar Moha/Barak
47252,Bar Moha/Peretz
47253,Netiv Hen A
47254,Barlev
47256,Tsahal/Havatselet
47257,HaNuriyot/HaVradim
47258,Kadish Luz/Dakar
47259,Matnas Dakar/Kadish Luz
47260,Neve Yam/Nun Plant
47263,Aabas/Abbasi
47264,Kfar Pines/Pool
47266,HaBisBeach Hager/Aabas
47267,Golda Meir/Hannah Rovina
47268,Bethlehem/Adulam
47269,Bethlehem/Bet Lehem Square
47270,Ma'ayan/Peleg
47272,Ovadia/Bet El
47273,Hazan B
47274,Metarim School/Shkedim
47281,Kupat Holim Jisr a-Zarqa
47283,Jisr a-Zarqa 7
47284,Kindergarten/Jisr a-Zarqa
47285,Al Tuachin/Ben Alch Tab
47289,Jisr a-Zarqa 9
47290,Rehavat Hamisgad/Jisr a-Zarqa
47291,Kupat Holim Jisr a-Zarqa
47292,Almanara High School
47298,HaZayit/Alon
47299,Moshe Road/Cemetery
47300,Moshe Road/HaLotem
47301,HaHaruv/Ha'Eshel
47303,Pisgat Hen Home/Bat Hen
47304,Arad/Yad LaBanim
47306,Elhanan/George Eliot
47307,Bar Ilan/HaMaccabim
47308,Heftsiva Center/Mivtsa Yonatan
47310,Ha'Asif Road/Katzir
47311,Magen David Adom/HaShalom Road
47312,Rothschild/Tel Aviv
47313,HaZayit/HaLohamim
47315,Hermon/HaNadiv Road
47317,En Iron/Center
47318,Ha'Aliya/Kedma
47319,HaDekalim/Havatselet
47320,HaNarkis/HaSavyon
47321,En Iron
47322,Ne'urim/HaMoshav
47323,Begin Boulevard/HaShahaf
47324,Begin Boulevard/Shapira
47325,Begin Boulevard/HaYas'ur
47326,Begin Boulevard/HaRishonim
47328,Kupat Holim/En Iron
47329,Hutsot HaMifrats Rail Station
47333,Katzir School/Ha'Amirim Boulevard
47335,Mr. Krayot Issuf
47336,Ba'ale Mel'akha
47337,Hativat HaNahal/Nahalal
47338,Feinberg/HaShita
47340,Ge'ulim/Kanfe Nesharim
47341,Yitshak Rabin School/Bareket
47342,HaMelekh Shlomo/HaMelekh Sha'ul
47343,Hativat Golani/Al Miari
47344,Megurashe Sfarad/Mesilat Yesharim
47345,Ahuza/Ne'urim
47346,Razi'el/HaMuchtar Tsvi
47347,Cemetery/Hadas Gate
47348,Cemetery/Hadas Gate
47349,HaPardes/Road 9
47350,Hativat HaNahal/Hevrat Ezra
47351,Hativat Golani/Nitsanim
47352,Sheshet HaYamim/Keren HaYesod
47353,HaShoshanim/Haifa
47354,HaRishonim/HaRishonim School
47355,Havatselet/KKL Boulevard
47356,Ha'Ari HaSho'eg/Natan Schpritser
47358,Danino/Yosef Levi Migdal Or
47359,Yosef Levi/Danino Migdal or
47360,Kiryat Motzkin Rail Station
47361,Yosef Levi/Haroshet
47362,Yosef Levi/Haroshet
47363,Moshe Dayan
47364,Bar Ilan/Marvad Haksamim
47366,Kramim School
47367,Tsahal/Ofakim
47368,Tsahal/Amos
47369,HaShita/Ramot Yitshak School
47370,Sahlav A
47371,HaRav Uzi'el/HaGefen
47372,Mintz/Herzog
47374,Railway Station/Pardes Hana Karkur
47375,Shilo School/Operation Ezra
47376,Shave Tsiyon/Kanfe Nesharim
47377,Ha'Atsma'ut/Kaf Tet BeNovember
47378,HaShita/HaHaruv
47379,HaHaruv/Ha'Eshel
47380,Ha'Ari HaSho'eg/Spitzer
47381,Hadera Central Bus Station
47383,Halutsim/Pica Road
47384,HaMeginim/Bar Ilan
47385,HaMeginim/Bar Ilan
47386,Carmel Beach/Oscar Cohen
47387,Netiv HaRimon/HaVradim
47389,HaTamar/Ha'Alon
47390,HaKerem/Kibbutz Galuyot
47391,HaRakafot/Sara Road
47392,Grand Canyon/Simha Golan
47393,Yigael Yadin/Ya'akov Dori
47394,HaHadar/Ar Atsil
47397,Feinberg House/HaGiborim
47399,HaGefen/Avodat Israel
47400,Hevrat Ezra/Hativat Golani
47403,Neve Sha'anan Parking
47405,Ramat Yohanan
47406,HaGiborim/Etzel
47407,HaHistadrut/Kiryat Ata Junction
47409,HaHistadrut Boulevard/HaKrayot Junction
47410,Allenby
47412,Yitshak Rabin/Bialik
47413,Moshe Gutel Levin Gimel
47414,HaLotem/HaSavyon
47415,Shprinzak/Nahal Na'aman
47417,Absorption Center/Yefe Nof
47418,Tachkemoni School/Afgin
47419,Tel Regev Cemetery/Exit
47421,Kupat Holim/Ha'Alon Road
47422,Ha'Alon Road/HaHaruv A
47423,Ha'Alon Road/HaZayit
47424,Ha'Alon Road/HaHaruv B
47425,Ha'Alon Road/Erez
47426,Katsir East Sqaure/Road 6513
47427,HaVradim Quarter 1
47428,HaVradim Quarter 2
47429,HaVradim Quarter 2
47430,HaVradim Quarter 3
47431,HaVradim Quarter 3
47432,HaVradim Quarter 4
47433,HaVradim Quarter 5
47434,HaVradim Quarter 5
47435,Beit Ha'am
47436,Beit Ha'am
47437,HaHashmal/HaGiborim
47438,HaTishbi/Iris
47439,HaTishbi/Brandeis
47440,HaRav  Yosef Messas/Neve Ganim
47442,Gad/Kadima School
47443,Yoseftal
47444,Yoseftal
47445,Rabin
47446,Rabin
47447,Ha'Atsma'ut
47450,HaAmakim
47451,HaAmakim
47452,Kiryon
47453,Central Bus Station Hakrayot
47454,Central Bus Station Hakrayot
47455,Zevulun
47456,Zevulun
47457,Ha'Atsma'ut
47458,Goshen
47459,Goshen
47460,Efrayim
47461,Efrayim
47462,Ha'Asor
47463,Ha'Asor
47464,Kiryon
47465,En Afek
47466,En Afek
47467,Tsur Shalom
47468,Tsur Shalom
47469,Rafael
47470,Rafael
47471,Ilanot
47472,Ilanot
47473,Abir Ya'akov
47474,Tsahal
47475,Tsahal
47476,Kiryat Shmuel
47477,Kiryat Shmuel
47478,Jabotinsky
47479,Jabotinsky
47480,Kiryat Ha'yim
47481,Kiryat Ha'yim
47482,Ben Tsvi
47483,Ben Tsvi
47484,Kiryat Ata Junction/Motta Gur Interchange
47485,Kiryat Ata Junction/Motta Gur Interchange
47486,Shenkar
47487,Shenkar
47488,Merkazit Hamifrats/Metronit Platforms towards Haif
47489,Merkazit Hamifrats/Metronit Platforms towards Krayot
47490,Paz Bridge
47491,Paz Bridge
47492,Hatahanot HaGdolot
47493,Hatahanot HaGdolot
47494,Kiryat Eliezer
47496,HaToren
47497,Shprinzak
47498,Ha'Etzel
47499,Kafr Samir
47500,Kafr Samir
47501,Kiryat Ata
47502,Kiryat Ata
47503,Moshe Hess
47504,Moshe Hess
47505,Einstein
47506,Einstein
47507,Neve Ganim
47508,Savyone Yam
47509,Savyone Yam
47510,Golda Meir
47511,Golda Meir
47512,HaPalmach
47513,HaPalmach
47514,Abir Ya'akov
47515,Mahal/Sold
47516,Mahal/Sold
47517,Yehi'am
47518,Dganya
47519,Dganya
47520,Stadium
47521,Stadium
47522,Halutse HaTa'asiya
47525,Zeisel
47526,Bar-Yehuda
47527,Police Headquarters
47528,Yalag
47529,Talpiot market
47530,Lev Hadar
47531,HaMoshava HaGermanit
47532,Aliyat HaNo'ar/Bus Terminal
47533,Hof HaKarmel Central Station/Night & Shabat Platfo
47534,Hof HaCarmel Central Station/Metronit Alight
47535,Yehi'am
47536,Hutsot HaMifratz
47537,Hutsot HaMifratz
47538,Refineries
47539,Refineries
47540,Lev HaMifratz
47541,Lev HaMifratz
47542,HaRav Uzi'el/HaRav Shim'onovich
47543,Ge'ulim/Shave Tsiyon
47544,Ge'ulim/Malkhe Yehuda
47545,HaPdut/Ge'ulim
47548,HaTamar/HaSahlav
47549,HaMatmid/Glilot School
47550,Halutse HaTa'asiya
47551,Arazim/Armonim
47552,Arazim/Armonim
47554,HaNarkis/Hakalanit
47555,Ben Gurion Boulevard/HaKarkum
47556,Pineles/HaShezif
47557,HaOranim/HaRoke'ah
47558,Ben Gurion Boulevard/HaNarkis
47559,Ben Gurion Boulevard/HaKarkum
47560,Pineles/HaShezif
47562,Nili Boulevard/HaOranim
47563,HaKovshim/HaHita
47564,Matnas/HaHita School
47565,HaGid'onim/HaKovshim
47566,Degani Medical Center/HaRav Ovadya Yosef
47567,Government Complex
47568,Old Local Council
47569,Zalafa Center
47570,Family Health Clinic
47571,Zalafa Center
47572,Old Local Council
47573,Government Complex/HaPalyam
47574,Haifa Center Rail Station
47575,Haifa Center Rail Station
47576,Carmelit
47577,HaGiborim
47578,HaGiborim
47579,Railway Station/Pardes Hana Karkur
47582,Yosef Caro/Rashi
47583,Dakar/Yehonatan Netanyahu
47584,Khawaled A
47585,Khawaled B
47586,Khawaled G
47599,Abu Baker Mosque/Al-Quds
47602,Shreife/Kortuba
47604,Wadi al Nasur Community School
47607,El Aryan
47621,Al Farouk School
47627,Yerushalayim Boulevard/HaPalmach Boulevard
47628,HaPalmach Boulevard/Yerushalayim Boulevard
47629,HaPalmach Boulevard/Yerushalayim Boulevard
47630,Goshen Boulevard/Dvora
47631,Begin/Tidhar
47632,Mahal Boulevard/Bet Alfa
47634,Hutsot HaMifratz
47635,HaShayish/Ha'Amelim
47636,HaShayish/Shenkar
47637,Halutse HaTa'asiya/HaGome
47638,HaShayish/Shenkar
47639,HaShayish/Ha'Amelim
47642,HaGvura/Keren HaYesod
47643,HaTsiyonut Boulevard/HaShomer
47644,HaTsiyonut Boulevard/HaBa'al Shem Tov
47645,HaNevi'im/Yerushalayim
47647,HaNevi'im/HaShoftim
47648,HaNevi'im/Yerushalayim
47649,HaTsiyonut/Ba'al Shem Tov
47650,HaTsiyonut/Trumpeldor
47651,HaGvura/Keren HaYesod
47652,Yigal Allon/Hibat Tsiyon
47653,Dakar/Ben Gurion Boulevard
47654,HaRav Herzog/HaRav Mintz
47657,Yigal Allon/Hibat Tsiyon
47658,Yam HaTichon/Torah Ve'Avoda
47659,Reines / Shadar Path
47660,Ben Ami/Anielewicz
47661,Reines/Shivat HaMinim Path
47662,Chagall/De Goya
47663,Chagall/Daga
47664,Haharoshet/HaSadna
47665,Haharoshet/HaSadna
47666,Haharoshet/HaMasger
47667,Haharoshet/Ba'ale HaMel'akha
47668,Haharoshet/Ba'ale HaMel'akha
47669,Haharoshet/HaMasger
47671,Ehud Manor/Uzi Hitman
47672,Ehud Manor/Hahashmona'im
47673,Uzi Hitman/Nomi Shemer
47674,Uzi Hitman/Ehud Manor
47676,HaNevi'im/HaGefen
47678,HaNevi'im/Katznelson
47679,Yerushalayim Boulevard/Jabotinsky Boulevard
47683,Ne'ot Golf/Yahalom
47685,C Center Commercial Center
47687,Jisr a-Zarqa 17
47688,HaKokhavim/Ra'am
47689,HaShemesh/HaGeshem
47692,Har Sinai/Hare Yehuda
47694,HaCarmel/Har HaMoriya
47695,Bet Hananya Intersection
47704,HaEshel/Alon HaTavor
47714,Gefen
47720,Bet Ildan/Hahashmona'im
47721,Carmel Zvuloun School
47723,Big Center/HaNadiv Road
47724,HaOgen/HaToren
47728,Police Headquarters
47730,Jadua Elion/El Bir
47731,Jadua Elion/Academy
47732,Ibn Khaldoun
47733,Ibn Khaldoun
47734,Kupat Holim Maccabi/Shreife
47735,Shreife/Al-Hama
47736,Ein Alshaara/Shreife
47737,Salah al-Din Mosque
47738,Al Muntanabbi School
47739,El Bir/Al Quds
47740,Technological College/Ibn Zidan
47741,Ibn Zidan B
47742,Ashafi/Hovzin
47743,Ashafi/Hovzin
47744,Football Field
47745,Football Field
47746,Clinic/Mahgana
47747,Clinic/Mahgana
47748,Ras  Elayish/Playground
47749,Ras  Elayish/Playground
47750,Mosque Kibaa
47751,Ibn Sina School
47752,Jendn/Ashafi
47753,Medical Center/School
47754,Primary School
47755,High School/Ashafi
47756,Ibn Zidan A
47757,Educational Complex/Hadija
47758,HaHistadrut Building/A-Razi
47759,El Aryan/Mosque
47760,Bayada/Post Office
47761,Barta'a Intersection
47762,Barta'a/Entry
47763,Barta'a/Postal Boxes
47764,Industrial Zone
47765,Industrial Zone
47766,Mushreife/Center
47767,Mushreife/Musmus
47768,Mushreife/School
47769,Ein Al Sahle/Kupat Holim
47770,Ein Al Sahle/Entry
47771,Al-Sahle/Main Road
47772,Ein Al Sahle/School
47773,Ein Al Sahle/School
47774,Ar'ara/Entry
47775,Ar'ara/Shuk
47777,Southern Quarter A
47778,Southern Quarter D
47779,Southern Quarter G
47780,Southern Quarter B
47781,Ar'ara/Main Road 6
47782,Ar'ara/Southern Entry
47783,Ar'ara/Southern Exit
47784,Mushreife/Post Office
47785,Ein Ibrahim/Entry
47786,Ein Ibrahim/Exit
47787,Ein Al Sahle/Kupat Holim
47788,Jendn/Ashafi
47789,Bayada/Post Office
47790,Mushreife/Higher Quarter
47791,Ben Gurion Boulevard/HaNarkisim
47792,Ben Gurion Boulevard/Hahashmona'im
47793,Yigal Allon/Dakar
47794,HaRimon/HaHaruv
47795,Taninim River Nature Reserve
47796,Jisr a-Zarqa 18
47797,Jisr a-Zarqa 19
47798,Jisr a-Zarqa 20
47800,Rothschild/Ha'Adi Quarter B
47801,Rothschild/Ha'Adi Quarter A
47803,Rothschild/Yahalom
47804,Avne Hen Quarter A
47805,Avne Hen Quarter B
47806,HaGolf Quarter
47809,Mul Zikhron Commercial Center
47810,Mul Zikhron Commercial Center
47813,Thutmose/Almuers
47814,Almuers/Shishak
47815,Almuers/Shishak
47817,Almuers/Be'er Alsmaa
47819,Be'er Alsmaa/Sana'a
47820,Nablus/Dar Alsnam
47822,Mahmoud Darwish/A-Shafay
47823,Mahmoud Darwish/Nablus
47824,A-Shafi/Al-Quarij
47825,A-Shafi/Bilqis
47826,A-Shafi/Be'er Album
47827,Al-Shafayi/Be'er Albom
47828,Be'er Album/El Sheikh Abu Ala
47829,Be'er Album/Alsheikh Abu Alla
47830,Industrial Zone
47831,Industrial Zone
47834,Al Rahma/Elmanzool
47835,Magen David Adom/Bir Burin
47836,Magen David Adom/Bir Burin
47837,Bir Burin/Alkasmi
47839,Al-Qasemi/Alrashidun
47840,High School Al Qasemi
47841,Al-Qasemi Cultural Center
47842,HaLev Center/Bir Baqa
47843,HaLev Center/Bir Baqa
47844,Bir Baqa/Al takwa
47845,Alza'oya Mosque
47846,Sirat Mosque Junction
47848,Furaidis Terminal
47849,Furaidis Terminal
47850,Northern Mosque
47851,Comprehensive School
47853,Sports Hall
47854,Library/Pais Center
47855,Givat Fureidis A
47856,Givat Fureidis B
47857,Hadash Comprehensive High School
47858,Alfrdoas Mosque
47859,Beit Hakashish
47860,Furaidis 23
47861,Clinic/Clalit
47862,Magen David Adom Fureidis
47863,Clinic/Meuhedet
47864,HaBrosh/HaKatsir
47865,HaMeyasdim/HaZayit
47868,Dekel/Karmel
47869,Karmel/Keren HaYesod
47871,Tsofe Binyamina/HaBrosh
47872,Havatselet/Ha'Erez
47873,Ha'Atsma'ut Road/Nurit
47874,Ha'Atsma'ut Road/HaNadiv
47875,Havatselet/Ha'Erez
47876,Northern Cemetery/Al Rahma
47877,Herzl/HaGdud Ha'Ivri
47878,Hartsit/Ha'Eshel
47879,Pais Center for Sciences/Al-Quds
47880,Abu Baker Mosque/Al-Quds
47881,Italian Hospital / HaMegenim
47882,Italian Hospital / HaMegenim
47883,HaHashmal/Gdud 21
47884,HaHashmal/Paz Bridge
47886,Kiryat Ata Junction/Halutse HaTa'asiya
47887,Kalanit/Savyon
47888,Abir Ya'akov/Lilakh
47891,Tsahal/Havatselet
47892,Tsahal/Havatselet
47894,Amphitheatre
47895,Pineles Road/Ben Gurion
47896,Baka/South Entry
47897,Beit Bad/Al Ma'asara
47898,Education Center/Furaidis
47899,Givat Fureidis B
47900,Alfrdoas Mosque
47901,Givat Fureidis G
47902,Nili Road/HaHagana
47903,High School/Jisr a-Zarqa
47905,Ma'ale HaTsabar/HaShibolet
47907,Baka/Northern Exit
47908,Baka/Northern Entry
47910,Golf Club/Rothschild
47911,Salah Aldin/Al Sheikh Tiyam
47912,Yoseftal/Weizmann
47913,Jabotinsky/Peretz
47914,Jabotinsky/Israel Yesha'ayahu
47915,Merkazit Hamifrats/HaHistadrut Boulevard
47916,Jatt Pdela/Tohotmos al Ta'lit
47917,Tsarfat Road/Yitshak Nadav
47918,HaPardes/Mishmar HaGvul
47919,HaPardes/Mishmar HaGvul
47928,Demobilized Soldiers Neighborhood North
47929,Demobilized Soldiers Neighborhood North
47930,Sidna Abu Abdullah
47931,Sidna Abu Abdullah
47932,Beit Ha'am
47933,Beit Ha'am
47935,Tsofit/Hasida
47937,Tsarfat Road/Yitshak Nadav
47938,Nili School
47939,HaMoshava High School/Halomot
47940,Lin Medical Center
47941,Big Center/Tidhar
47942,Southern Entry
47943,Southern Entry
47944,Family health center
47945,Family health center
47947,Hakurat Al Asali B
47948,HaPo'alim Bank
47949,Talmud Tora
47950,Northern Quarter
47951,Northern Quarter
47952,Al-Sahle/Main Road
47953,Khalat Zabda
47954,Ar'ara/Main Road 6
47955,Ein Al Sahle
47957,Ar'ara/Main Road 5
47958,Caesarea Hotel/Rothschild
47959,Ma'ale HaTsabar/HaShibolet
47961,Kupat Holim Clalit
47962,Hadera Central Bus Station/Platforms
47963,HaMelekh Shlomo/Etzel
47964,HaMelekh Shlomo/Etzel
47965,Kfar Maccabi Intersection
47966,Kibbutz Usha Intersection
47967,HaGefen/HaTe'enim
47968,Ben Gurion Boulevard
47969,HaCarmel/HaTavor
47970,Mt. Hamoriyah/Hacarmel
47971,Har Sinai/Menashe Mountains
47973,HaMelekh Sha'ul/HaMelekh Yehoshafat
47974,Yigal Yadin/Nahum Arman
47975,Jatt Pdela/Ahmed Abu A'sba
47976,Al-Qasemi/Bir Burin
47977,Ibn Haldon School/Al-Qasemi
47978,Ibn Haldon School/Al-Qasemi
47980,Al-Hukma/Ibn Hanbal
47982,Kiriyat HaHinuch
47983,HaPalmah/Keren HaYesod
47984,Bet Oren/Center
47986,Or LaTaf School/Barukh Buaron Boulevard
47988,Menachem Begin Boulevard/Barukh Buaron Boulevard
47989,Mahal Boulevard/Truman Boulevard
47990,HaMelekh Shlomo/HaMelekh Amatsyahu
47991,Yitshak Rabin/Yehoshua Hankin
47992,Yitshak Rabin/HaGalil Lane
47994,Rotem/HaGome
47995,Herzl B
47996,Herzl/Shprinzak
47997,HaTsiv'oni/Ma'ale Avshalom
47998,HaTsiv'oni/Ma'ale Avshalom
47999,HaTsiv'oni
48000,HaTsiv'oni
48001,HaTsiv'oni/HaKarkum
48002,HaTsiv'oni/HaKarkum
48003,Ma'ale Avshalom B
48004,Ma'ale Avshalom D
48005,Ma'ale Avshalom V
48006,Ma'ale Avshalom/HaTsiv'oni
48007,Educational Complex
48008,Ibn Haldoun D/Amro ben al A'as
48009,Ibn Haldoun B
48010,Abu Husham/Iben Haldon
48011,Al Mefaher
48012,Muawiyah H
48013,Muawiyah G/Amro ben al A'as
48014,En Varda A
48015,En Varda B
48016,Albir G
48017,Nadaa al Halq
48018,Fatma Elzahara
48019,Local Council
48020,Sc' AlHawarnah/H'lat Elshalach
48021,Eliramok/H'lat Elshalach
48022,Ibn Sina B/Al Kataein
48023,Ibn Sina G
48024,Ibn Sina H
48025,Allesandhawe A
48026,Allesandhawe Mosque/Tareq Ben Ziad
48027,Allesandhawe G
48028,Alaraq A
48029,Alaraq G
48030,Alaraq H
48031,Ali Ben Avu Taleb D
48032,Kuba Al-Da'ari A
48033,Kuba Al-Da'ari A
48034,Ali Ben Avu Taleb G/Tareq Ben Ziad
48035,Ali Ben Avu Taleb D
48036,Alaraq V
48037,Alaraq D
48038,Alaraq B
48039,Allesandhawe V/Tareq Ben Ziad
48040,Allesandhawe B/Tareq Ben Ziad
48041,Ibn Sina D
48042,Ibn Sina Z
48043,Ibn Sina Het/Al Kataein
48044,Road/H'lat Elshalach
48045,Local Council
48046,Elmustkabal School
48047,Alwaseeyah
48048,Nadaah Elhaq Mosque
48049,Albir D
48050,Albir G
48051,Muawiyah D/Amro ben al A'as
48052,Muawiyah B
48053,Democratic School/Ben Ibn Supran
48054,Ibn Haldoun D/Salman al Farsi
48055,Alhada
48056,Gan Habe'er A/El Bir
48057,Albir A
48058,Albir B
48059,En Varda G
48060,Abu Husham A
48061,Al Mefaher/Ben Iben Sufran  ??
48062,Ibn Sina A/Al Kataein
48063,Omar ibn el H'tab/Haled ben Alwalid
48064,Omar ibn el H'tab D
48065,Omar ibn el H'tab/Hamza
48067,Salah a Din Alayubi/Omar Ibn Al-Khattab
48068,Omar ibn el H'tab/Hamza
48070,Alaraq Z
48071,Alaraq Het
48072,Alaraq T
48073,Alaraq Y
48074,Allesandhawe D
48075,Allesandhawe H/Tareq Ben Ziad
48076,Allesandhawe Mosque/Tareq Ben Ziad
48077,Ibn Sina V
48078,Kupat Holim Meuhedet
48079,Elmustkabal School
48080,Arabic Bank/Nadaa al Halq
48081,Albir V/Otman Ben Afan
48082,Albir Z
48083,Gan HaBe'er B/El Bir
48084,En Varda D
48085,Democratic School/Ben Ibn Supran
48086,Kupat Holim Leumit/Ben Ibn Supran
48087,Al Mefaher
48088,Ali Ben Avu Taleb B/Kubbah Ald'aari
48089,M.M. Ar'ara
48090,Hay/HaDekel
48091,Barta'a
48092,Alon Junction/Talme Eli'ezer
48093,HaRishonim/HaSadot Road
48094,HaRishonim/HaHadarim
48095,Talme Eli'ezer/Center
48096,HaShemesh/Or
48097,HaKokhavim/HaGeshem
48098,Bareket/Shoham
48099,Bareket/Yahalom
48100,Bet Habad
48101,Community Center Men
48102,Community Center Women
48103,Almerach
48104,Abed Kdor
48105,Muhraqa 1
48106,Madregot Shatsap
48107,Wadi al-Fash 1
48108,Wadi al-Fash 1
48109,Wadi al-Fash 2
48110,Wadi al-Fash 2
48111,HaMizmor/HaPa'amon
48112,HaMeyasdim/HaShminit
48113,HaMeyasdim/Inbal
48114,HaMeyasdim/Inbal
48115,Nave Commercial Center/HaGalil
48116,Nave Commercial Center/HaGalil
48117,HaGalil/HaMeyasdim
48118,HaShoftim/Neta
48119,Dganya/HaShoftim
48120,HaShoftim/Dganya
48121,HaBanim/HaMoshav
48122,HaBanim/HaMoshav
48123,HaMoshav/Ahuza
48124,Ahuza/HaMoshav
48125,Ahuza/Yerushalayim
48126,Ha'Aliya/Ahuza
48127,Ha'Aliya/Ahuza
48128,Kedma/HaBanim
48129,Kedma/HaBanim
48130,HaMeyasdim/HaBanim
48131,HaMeyasdim/Yamaim
48132,Ha'Aliya/Barkay
48133,Ha'Aliya/Barkay
48134,Ha'Aliya/Kokhav
48135,HaMeyasdim/Ne'urim
48136,Ha'Aliya/HaShahar
48137,HaMeyasdim/Dganya
48138,Ya'ar Hadera Junction
48139,Ya'ar Hadera Junction
48140,Amal Hadera Comprehensive High School for Arts & S
48141,Shu'ale Shim'on/HaLamed He
48142,Mivtsa Hiram/Mivtsa Uvda
48143,Ma'alot David/Savyon
49975,HaMelekh Shlomo/HaMelekh Uziyahu
49976,Mishmar HaGvul/HaYarden
49977,Mishmar HaGvul/Snir
49978,Mishmar HaGvul/Nahal Ramon
49979,Mishmar HaGvul/HaPardes
49980,Mishmar HaGvul/Nahal Ramon
49981,Mishmar HaGvul/Snir
49982,Mishmar HaGvul/HaYarden
49983,Mishmar HaGvul/Yitshak Rabin
49985,Sammy Ofer-To HaCarmel Beach
49986,Arye Shenkar/Halutzei HaTaasiya
49987,El Medina/Al-Handaq
49988,Mall/El Medina
49989,Mall/El Medina
49990,Jadua Tachton
49991,Jadua Tachton 2
49992,A Quds Agabariya
49994,A Quds/El Medina
49995,Jatt Ber Albom/Nablus
49996,A Zahara School/Mahmud Dawish Gat Hospital
49997,Medical Center/Nablus
49998,Al Muares/Be'er Alsmaa
49999,Jatt Pdela
50000,Zalman Shazar Blvd/Balfour
50001,Pori'ya Ilit Junction
50003,Balfour/Zalman Shazar
50004,Balfour/Zalman Shazar
50006,Zalman Shazar/Balfour
50007,Sports Center/Balfour
50008,Balfour/HaSayfan
50009,Zalman Shazar/HaTzalaf
50010,High School
50011,Balfour/Iris
50012,Cemetery/Balfour
50013,Cemetery/HaSayfan
50014,Atara/Yakinton
50015,Sahlav/Lotus
50016,Zalman Shazar/HaTzalaf
50017,Karmi'el Parking/KKL Boulevard
50020,Sahlav/Lotus
50021,Atara A
50022,Golda Meir School/Weizmann
50023,Golda Meir School/Weizmann
50028,Sahlav/Herzl
50029,Sahlav/Herzl
50030,Agmon/Atara
50031,Weizmann/Henrietta Szold
50033,Bet Histadrut - Kabul
50034,Henrietta Szold/Weizmann
50036,New Cemetery/Gate C
50037,Herzl/Weizmann
50038,Weizmann/Yeshurun
50039,Abu Bakr a-Sadik Mosque
50040,Weizmann/HaGa'aton Boulevard
50041,Al-Nur School A
50042,Yehuda HaLevi Tomb
50043,Abu Bakr a-Sadik Mosque
50044,Pais Center
50045,Hadshani School C
50046,Weizmann/HaGa'aton Boulevard
50048,I'blin West Junction
50049,Weizmann/HaMeyasdim
50050,Herzl/Tsivoni
50051,Kibbutz Afek Intersection
50052,HaNarkisim/Seora
50053,Regba Junction/Big Center
50054,Weizmann/Max Steinmetz
50056,Sanawbar al-Jaw/Safer Road
50057,Nahariya Mall/Zalman Shazar
50058,Nahariya Mall/Zalman Shazar
50059,Herzl/Tsivoni
50060,Bir Al Maksur Junction
50062,Weizmann/Silver
50063,Mazra'a Intersection/Road 4
50064,Mazra'a Intersection
50066,Yirka Square
50068,A-Nahada D School
50070,Hayalim Meshuhrarim Quarter
50071,Hadshani School C
50072,Herzl/HaPartizanim
50073,North-East Yirka
50074,Herzl/HaPartizanim
50075,Bet Rimon Junction
50076,En Sara Intersection
50077,HaHagana/David Ben Ga'on
50078,Bet She'arim Junction/Neve Ya'ar
50080,Herzl/H. M. Shapira
50081,Noth-East
50082,HaHagana/Herzl
50083,Higher Quarter
50085,HaMizraka Square
50086,Herzl/Max Steinmetz
50087,Kupat Holim Meuhedet
50089,Square
50090,HaHagana/Masaryk
50091,HaHagana/HaGdud Ha'Ivri
50092,HaHagana/Arlozorov
50093,Nahariya Central Station/Platforms
50094,Afula Central Station/Sprinzak
50096,Herzl/HaMeyasdim
50097,Al-Ankor/117
50099,Herzl/HaMeyasdim
50100,Yirka 15
50101,David Ben Ga'on/Borochov
50103,Yirka 15
50104,Yirka 14
50106,David Ben Ga'on/Borochov
50107,Yuvalim Junction
50108,Misgav Intersection
50109,HaHagana/Hadalia
50111,HaHagana/Ha'Erez Path
50112,Mitspe Aviv Junction
50113,Yirka 18
50114,Yirka 13
50115,Commercial Center 1
50116,Yirka 19
50118,Khushai Ha-Arki Tomb
50119,Gdud/Moshe Sne
50121,Nahariya Junction
50122,Yarka Tennis Court
50123,Efrayim Sharir/Issy les Moulineaux
50124,Al-Dar Al-Gharbiyya/Road 70
50125,HaMeyasdim/Bar Yehuda
50126,Nahariya Junction
50127,Abu Hawarif/Road 70
50128,Nahariya Junction
50129,Suleiman Al-Haj Mosque
50130,Kupat Holim Clalit
50131,Beit Ha'istadrut
50132,Efrayim Sharir/Yefe Nof
50133,David Ben Ga'on/Yitshak Sade
50134,Ha'Atsma'ut Road/Yehi'am Road
50135,Ha'Atsma'ut/HaMeyasdim
50136,Didba
50139,Square
50140,Yefe Nof/Moshe Sne
50142,Nahariya Junction
50143,Issy les Moulineaux/Yefe Nof
50145,Square
50147,David Ben Ga'on/Keren Kayemet Le'Israel
50148,David Ben Ga'on/Keren Kayemet Le'Israel
50149,Hayalim Meshuhrarim Quarter
50151,HaNassi Ben Tsvi Blvd/HaGil'ad
50152,Hayalim Meshuhrarim Quarter
50153,David Ben Ga'on/Keren Kayemet Le'Israel
50154,Tel Gad/Amal Nabwani
50155,HaMelekh David/HaRav Herzog
50157,Arena Mall/Sprinzak
50158,Ben Tsvi/Gilad
50159,David Ben Ga'on/HaAtsma'ut Road
50160,Ezra/Yefe Nof
50161,Dair Hanna H/Community Policing
50163,Dair Hanna Junction
50164,Amal Nabwani/Tel Gad
50165,Family Health Clinic
50168,Akhziv Beach
50170,Akhziv Field School
50172,Ha'Atsma'ut/Masaryk
50173,HaMelekh Shlomo/HaRav Kook
50174,Kibbutz Galuyot/Nahman Sirkin
50175,Ha'Atsma'ut Road/Trumpeldor
50177,Dair Hanna D/Center
50178,Ha'Atsma'ut Road/David Ben Ga'on
50179,Yad Leyad Youth Hostel
50181,Yad Leyad Youth Hostel
50182,Yad Leyad Youth Hostel
50186,Sa'ar Juction
50187,Petanque Courts/Sprinzak
50188,Kibbutz Galuyot/Har Tavor
50189,Northern Industrial Area Junction
50190,Northern Industrial Area Junction
50192,Kafr Manda Junction
50193,Koranit Junction/Manof
50194,Trumpeldor/Masada
50195,Road 4/HaYotsrim
50196,Road 4/HaYotsrim
50197,Ilut Junction
50198,Kibuts Galuyot/Nili
50199,Kibuts Galuyot/Bilu
50200,Hosha'ya Junction
50205,Gesher Haziv Junction
50207,HaNegev/Emek Yezre'el
50209,HaHaluts/Mt. Meiron
50210,HaNassi Ben Tsvi Boulevard/HaNegev
50212,Gesher Haziv Junction
50215,Achziv/Muller
50216,Rabbi Akiva/Struma Road
50217,Akhziv Field School
50218,Akhziv Field School
50219,HaShayara Road/Rambam
50220,HaShayara Road/Rambam
50222,Zarzir/Mosque
50223,Karm al-Adas/Amal Nabwani
50225,Achziv/Muller
50226,Yehuda HaMaccabi/Dvora
50227,Trumpeldor/Yod Dalet Lel HaGsharim
50229,Nahli'eli/HaZamir
50230,HaZamir/Nesher
50232,Rosh Hanikra Lookout
50233,Giv'at Ela Junction
50234,HaHaluts/Mivtsa Hiram
50235,Hayalim Meshuhrarim
50236,Yehuda HaMaccabi/Yohanan
50237,Hayalim Meshuhrarim Quarter
50238,School A
50240,South-East
50242,HaNassi Ben Tsvi Boulevard/Fire Fighters
50244,HaHaluts/Yehuda HaMaccabi
50245,HaZamir/Nahli'eli
50247,Pais Center
50248,Pais Center
50251,Absorption Center
50252,Hajajra G
50253,Hajajra D/Primary School
50254,Liman Intersection
50255,Hativat Yiftah Road
50256,Liman Intersection
50257,HaNassi Ben Tsvi Blvd/HaZetim Road
50258,Betset Junction
50259,Betset Junction
50260,Keren HaYesod
50261,Khalet El-Ghazal
50262,Al-Ain Park
50263,HaNassi Ben Tsvi Blvd/HaZetim Road
50264,Al-Ain Park
50265,Rosh HaNikra Intersection
50267,Betset Junction
50269,Betset Junction
50270,Betset Junction
50273,Massitva Quarter
50274,Galil Medical Center
50275,Galil Medical Center
50276,Garden/Cemetery
50277,Garden/Cemetery
50278,Family Health Clinic
50279,Family Health Clinic
50280,Uthman bn Affan/al-Ayn
50282,Omar ibn Al-Khattab/Nouh Ibrahem
50283,Ben Ami Intersection
50284,Recovery Center Hospital
50285,Ben Ami Intersection
50287,Betset Intersection
50288,Betset Intersection
50289,Al-Hamra
50290,Clalit Independet Clinic
50293,Ka'abiya A/Entry
50294,Netiv HaShayara Intersection
50296,Transportation Center/Shlomi
50297,Kabri Junction
50298,Industrial Park Kidmat
50299,Shlomi West Intersection
50300,Shlomi West Intersection
50303,Clalit Independet Clinic
50304,HaRav Uzi'el/Ze'ev Jabotinsky
50305,Al-Dawa Mosque
50306,HaRav Uzi'el/HaRav Hazan
50307,HaRav Uzi'el/HaRav Maimon
50308,Al-Dawa Mosque
50309,Kabri Junction
50310,Al-Hamra
50312,Netiv HaShayara Intersection
50314,HaRav Uzi'el/Sheshet HaYamim
50315,Kabri Junction
50319,Shaikh Dannun Intersection
50321,HaRav Uzi'el/Elbaz
50322,HaRav Uzi'el/Elbaz
50324,Kabri/Entry
50325,Kelil Junction
50326,Kelil Junction
50327,HaRav Uzi'el/Nathan Elbaz
50329,Kabri 3
50330,HaRav Uzi'el/HaRav Hazan
50331,HaRav Uzi'el/HaRav Hazan
50332,Tur'an Junction
50336,Al-Farabi A
50341,Al-Farabi A
50342,Hanita Junction
50344,Bet Ha'Emek Intersection
50345,Bet Ha'Emek Intersection
50346,Matsuva Intersection
50347,Matsuva Intersection
50348,Zaki Diab Community Center
50349,Avdon Intersection
50352,Avdon Intersection
50353,Amka Junction South
50354,Matsuva Intersection
50356,Shlomit Quarter/Anafa
50357,Oshrat-Amka Intersection
50359,Dror/Rakefet
50362,Kabri Nursery
50363,Kabri Nursery
50364,Al-Jabel B
50365,Entry to A Shamali Quarter
50366,Abu Snan Sultan Pasha A
50367,301/303
50369,Matzuva/Center
50370,201/221
50371,Kafr Yasif North Intersection
50372,Amka B
50373,Zaki Diab Community Center
50374,Abu Snan Sultan Pasha G
50375,Amka G
50376,201/418
50377,Abu Snan Sultan Pasha D
50379,301/323
50380,110 Street/Commercial Center
50381,Physiotherapy Clinic
50382,515 Street/Square
50383,HaHoresh
50384,Kupat Holim Meuhedet
50385,Al-Farahi Middle School
50386,Al-Haruba D
50387,Al-Haruba D
50388,Amotat Link
50389,Ka'ukab H/Exit
50390,Ka'ukab Junction
50391,Ka'ukab Junction
50392,Al-Haruba C
50393,Al-Haruba B
50394,Al Jabel
50395,135 Street/120 Street
50396,Al-Mahaba Primary School
50397,Ga'ton Junction
50398,Al-Haruba A
50399,Ga'ton Junction
50400,Ga'ton Junction
50402,Hanita
50403,Hanita
50404,Kikar HaZayit/HaGefen
50405,Neve Ziv Center
50406,Al-Haruba A
50407,Adamit Junction
50408,Adamit Junction
50409,Adamit Junction/8993
50410,Ya'ara A
50412,Ya'ara Intersection
50413,Al-Haruba B
50414,Ya'ara Intersection
50415,Ya'ara Intersection
50417,Khirbet Admit 1
50418,Khirbet Admit
50419,Yehi'am Intersection
50420,Yehi'am Intersection
50421,Ga'ton Intersection
50422,Kana Al-Jalil
50426,Ga'ton Intersection
50428,Adamit Fork
50430,Adamit Center
50431,Ga'aton 3
50434,Jabl Khweikha
50435,Yehi'am Intersection
50436,Dahar
50439,Ayalon School
50440,Ayalon Intersection
50441,Ayalon Intersection
50442,Yehi'am 2
50443,Yehi'am 2
50444,En Ya'akov Intersection
50445,En Ya'akov A
50449,En Ya'akov Grocery Store B
50450,Northern Quarter Exit
50451,School
50453,Al-Jabal B
50454,Goren Intersection
50457,Office
50458,Alonim Junction
50459,Office
50460,Hila Lookout Square A
50461,Hila Lookout Square G
50462,HaMoa'adon Square
50463,Hila Lookout Square B
50464,Al-Jabal C
50467,Al-Jabal C
50469,Mi'ilya School
50470,Library
50471,Library
50473,Mi'ilya School
50474,Mi'ilya Intersection
50478,Halat Al Gazal/Al Huda
50479,Al Nur School
50480,Mi'ilya Intersection
50482,Tariq A-Sida/Al-Madrasa
50483,Nahaf Intersection
50484,A-Sharif Mosque
50485,Mi'ilya/89
50488,Al Nur School
50489,Tarshiha West Intersection
50491,Eastern Entry 1
50492,Lapidot Center
50493,Me'ona A
50494,Me'ona Het
50496,Me'ona North Intersection
50497,Me'ona North Intersection
50499,Khalet Sharif
50501,Alruways/Alsharif
50502,Majd Al-Kurum Junction East
50503,Lapidot Intersection
50504,Police/Me'ona
50505,Me'ona School
50507,Me'ona A
50510,Khalet Sharif
50511,Tarshiha Mall
50513,Tarshiha Mall
50514,Ma'ale Hamisgad/Narkis
50515,Technological High School
50516,Kishor Junction
50517,Kishor Junction
50518,Technological High School
50521,Tarshiha Comprehensive School
50522,Tarshiha Comprehensive School
50523,Ma'ale Hamisgad/HaMisgadim Path
50524,Ma'ale Hamisgad/HaMisgadim Path
50527,A-Sharif Mosque
50528,Khalat Al-Azal A
50531,Al Jabel A
50532,Al Jabel/School A
50534,Local Council
50535,Eshkar/HaHar Road
50536,Eshkar/HaGalil Road
50537,Ma'alot Junction
50538,Khalat Al-Azal A
50539,Khalat Al-Azal B
50540,Khalat Al-Azal B
50541,HaTa'asiya Blvd
50542,HaTa'asiya Blvd
50544,Bueina Junction
50546,Albyrone School
50547,Industrial Zone
50548,Albyrone School
50549,Pharmacy
50551,Road 8534/Tires
50552,Catholic Church C
50553,Eshkar/Snir
50554,Eshkar/Snir
50556,Har Haluts Junction
50557,Har Haluts Intersection
50558,Sapir/Tsabar
50559,Deir Al-Asad/Bueina Intersection
50560,Moran Junction
50562,Sheva Junction
50563,Bueina Junction
50564,Mem Gimel HaMa'apilim/HaZayit
50565,Ma'alot North Intersection
50566,Square
50567,Kfar Vradim School
50568,Sapir/Nets Hehalav
50569,Ibn Khaldun Middle School
50570,Ma'alot Intersection
50572,Darijat
50573,Snir/Eshkar
50574,Darijat
50575,Eshkar/Snir
50577,Abu Ruman Quarter
50578,Motta Gur Bridge Interchange
50579,HaZayit/Herzl
50580,HaZayit/Zalman Shazar
50581,HaZayit/Shazar
50582,Hala'il A-Nawar
50584,Eshkar/854
50585,Karmi'el West Junction
50586,Hala'il A-Nawar
50587,Levi Eshkol/HaRav Kook
50588,Karmi'el West Junction
50590,Highway 784/KKL Boulevard
50591,Nesi'e Israel/Ort Braude
50592,Nesi'e Israel/Ort Braude
50593,HaGalil/Jabotinsky
50594,Shomera Camp
50595,Cemetery
50596,Nof Ha'Emek Quarter
50597,Yafe Nof Interchange
50598,Yafe Nof Interchange
50599,Synagogue/Jabotinsky
50601,HaBanim Boulevard
50602,Mem Gimel HaMa'apilim Boulevard/Yafe Nof Interchan
50603,Eshkholot/Rimon
50604,Eshkholot/Hadarim
50605,Tamra Sports Club
50606,Tamra Sports Club
50607,Netafim Camp
50608,Youth Center Ma'alot Tarshiha
50610,Eshkholot/Etrog
50611,Industrial Zone East
50612,Youth Center Ma'alot Tarshiha
50614,HaRav Kook/Jabotinsky
50615,HaRav Kook/Jabotinsky
50616,Sapir/HaNassi Herzog Blvd
50618,Industrial Zone East
50619,Industrial Zone North Square
50620,Shomera H
50621,Nesi'e Israel Boulevard/HaShalom Road
50622,Ma'ale Hasson/Jabotinsky
50623,Industrial Zone East Square
50625,Tefen Junction
50627,Hashem Abu Rumi High School
50628,Tefen Junction
50629,Industrial Zone South Square
50630,Ma'ale Hasson/Keren HaYesod
50632,Commercial Center/Shlomo Shrira
50633,Tefen Junction
50635,HaNassi Herzog Boulevard/Sapir
50636,City Hall
50637,Industrial Zone West
50638,Mem Gimel HaMa'apilim/Kalanit
50639,Ben Gurion/HaOranim
50640,City Hall
50641,School B
50642,School B
50644,Yerushalayim Boulevard/Shivat Zion
50645,Ben Gurion/HaKramim
50646,Ben Gurion/HaKramim
50647,Eshkol Pais
50649,Industrial Zone South
50650,Nesi'e Israel/HaShalom Road
50651,Nesi'e Israel/Bet HaKerem
50652,Kalanit/Iris
50653,Historical Orthodox Church
50654,Zari't Intersection
50655,Historical Orthodox Church
50656,Eastern Quarter
50657,City Hall
50659,Yerushalayim Blvd/Mem Gimel HaMa'apilim Blvd
50660,Eastern Quarter
50661,HaMa'apilim/Kalanit
50662,Shomera East Intersection
50664,Zar'it A
50665,Ben Gurion/HaShikma
50666,Ben Gurion/Ha'Arazim
50668,Family Health Clinic
50669,HaHagana/HaShomer
50671,Keren HaYesod 1
50672,Keren HaYesod 1
50673,Neisei Israel Boulevard/Yekev
50674,Marva/HaNassi Herzog Blvd
50676,Keren HaYesod/Ma'ale Alon
50677,Abirim B
50678,Abirim A
50680,Keren HaYesod/HaHatsav
50681,Sha'ab Center South
50683,Neisei Israel Boulevard/Yekev
50684,Marva/HaNassi Herzog Boulevard
50685,Marva/HaDafna
50686,KKL/Ma'ale Vered
50687,Mem Gimel HaMa'apilim/Yerushalayim Blvd
50688,Zar'it Center
50689,Rakefet/Ad'ad
50690,Esh'har/HaNarkis
50691,Koranit/Livne
50692,Mitspe Netofa Intersection
50693,Nesi'e Israel Blvd/Ela
50694,Kisra Sme'a/Exit
50695,Nesi'e Israel/Morad HaGay
50698,Even Menahem 5
50699,Lev Karmiel Mall/Nesiei Israel
50700,Even Menahem G
50702,Lev Karmiel Mall/Nesiei Israel
50703,Dalia Center
50704,Ramat HaShofet Junction
50706,Hosen Junction
50707,Hosen Junction
50708,Hosen Junction
50709,Hosen Junction
50710,Sha'ab Center South
50711,Bedouin Quarter
50712,Nesi'e Israel/Megido
50714,Even Menahem South Intersection
50715,Nesi'e Israel/Havatselet
50716,Hosen Intersection
50717,Hosen Intersection
50718,Bedouin Quarter
50719,Nesi'e Israel/Iris
50720,Even Menahem Intersection
50721,Nesi'e Israel/Iris
50723,Karmi'el Junction
50724,Shtula South Intersection
50728,Joined Field
50729,Nesi'e Israel/Ofira Park
50731,Nesi'e Israel/Ofira Park
50732,Bilal Mosque
50736,Pharmacy
50737,Square
50738,Nesi'e Israel/Ilanot
50739,Nesi'e Israel/HaDekel
50741,Bilal Mosque
50742,Kisra Square
50743,Joined Field
50745,Haharoshet/Ha'Emek
50746,New Council
50747,Kisra Square
50748,Al-Maram Medical Center
50749,Brosh/Arava
50754,Kisra A
50756,Baqa al-Gharbiyye Intersection
50757,Baqa al-Gharbiyye Intersection
50759,Alon/Hadas
50760,Kisra Intersection
50761,Kisra Sadot
50764,Al Hajjar/Al-Jahalif
50767,Tsuri'el Intersection
50768,Tsuri'el Intersection
50770,Kafr Sme'a B
50771,Alon/Road 65
50772,Tsuri'el Intersection
50773,Haharoshet/Hamelaha
50776,Shtula 1
50778,Haharoshet/HaHermesh
50781,Baka al Gharbiya/864
50782,Baka al Gharbiya/Food Center
50785,Shtula Exit
50786,Baka al Gharbiya/8655
50787,HaHaroshet/Hashmal
50789,Kafr Sme'a Intersection
50790,Haharoshet/HaYotsrim
50793,Tsuri'el H
50794,Shelter
50797,Netu'a Intersection
50799,Tsuri'el 2
50800,Tsuri'el 2
50801,Alon/Erez
50804,Um A-Shtuya
50805,Nahaf Intersection
50806,Kisra-Suma'i Intersection
50807,Kisra Intersection
50808,Um A-Shtuya
50811,School D
50812,864/8655
50813,Al-Midan
50815,Alruways/Ad-Dregat
50817,Nahaf Intersection
50818,Alruways/Alzraa'ia
50821,New Harhava Quarter House 189
50823,Pki'in B
50824,Pki'in H
50825,Elkosh Center A
50827,Elkosh Center G
50829,New Harahva Quarter
50832,864/8655
50835,Ma'ale Kamon Junction/Road 85
50836,Haharoshet/Cemetery
50838,Harhava Quarter Bayit 181 Manot
50839,Harhava Quarter Shelter
50840,Nazareth Central Station
50842,Elkosh Junction
50843,Elkosh Junction
50844,HaGalil
50847,Elkosh Intersection
50848,Al-Shahid Ali  Square
50849,Harashim
50851,Pki'in Center/864
50853,Pki'in Hotel/864
50855,Hayalim Meshuhrarim G
50858,Cemetery
50859,Carpentry/864
50860,Shops/864
50861,Shops/864
50863,Southbound Exit/864
50864,Makam Nebi Sabalan
50866,Bait Jan Intersection
50868,Hurfeish Square
50869,Hurfeish Square
50870,Nebi Sabalan Intersection
50872,Sultan Basha Square
50873,Sultan Basha Square
50874,HaGalil/A Salam Road
50875,Nebi Sabalan Intersection
50876,Harashim
50877,Hurfaish/Commercial Center
50878,Nursery
50879,Shezor Intersection
50880,Hapikud Junction
50881,Shezor Intersection
50882,Bank
50883,Hapikud Junction
50884,Netsrat South Junction
50885,Bet Jan/Road 864
50886,Bait Jan Intersection
50888,Biranit
50889,Biranit
50890,Nimsawi Quarter
50891,Al Wadi Al Jawani/6140
50893,Safuriye G/Bilal Quarter
50894,Sajur Intersection
50896,Rama A/Entry
50897,HaBroshim/HaDekel
50898,Matat
50899,Matat Center
50900,Western Square
50901,Western Square
50902,Primary School
50903,Matat Intersection
50904,Abu Rami
50905,Maale Yitzhak/HaAdmor MiBelz
50906,Samih Al-Qasm Primary School
50907,Church
50908,1006/1041
50909,Church
50910,Rama School
50911,Entry to Bir Al-Amir
50913,Al-Huda Mosque
50915,Rama Junction
50916,3008/3009
50917,Agricultural School
50923,Halat A Dir/3013
50924,Mt. Meron Intersection
50925,HaOranim Boulevard/Sulam Zor School
50926,Meron Field School
50927,Sasa Intersection
50929,Sasa Intersection
50930,Sasa Intersection
50932,HaMatnas/5078
50933,Hiram Junction
50934,Hiram Junction
50935,Hiram Junction
50936,Dovev Center
50937,Dovev Kupat Holim
50938,Um Qubai/5071
50941,Nahal Tsiv'on
50942,Nahal Tsiv'on
50943,Dovev Intersection
50944,Dovev Intersection
50948,5070/5077
50949,Bar'am
50950,Bar Yohay Junction
50951,English Hospital
50952,Packing house
50953,5021/5026
50954,5029/5026
50955,Regional/Merom
50956,Safsufa Intersection
50957,Safsufa Intersection
50958,Meron Junction
50959,Ramat HaShofet Center
50960,Bilal/102912
50961,Meron Junction
50963,Yir'on Intersection
50967,Gush Halav Intersection
50968,HaOranim Boulevard/Netiv HaSahlav
50969,Gush Halav Intersection
50970,Or HaGanuz Center
50971,Bayit 29
50973,Avivim Intersection
50974,Tirosh/Maaleh HaKerem
50975,Avivim 2
50976,Kerem Ben Zimra Intersection
50977,Kerem Ben Zimra Intersection
50978,Avivim Ctr.
50981,Dalton Intersection
50983,Dalton Intersection
50985,Schneller High School
50986,5055/5048
50987,Al Kurum/Oma al-Arab
50988,5005/5007
50989,En Zetim Junction
50990,En Zetim Junction
50991,En Zetim Junction
50993,Middle School/El'azar
50994,Middle School/El'azar
50996,7012/7083
50997,Rosh HaNikra Sports Field
50998,Tsfat Industrial Area Alef
50999,Raihaniyya
51003,Cemetery Intersection
51005,Cemetery Intersection
51006,Ein Zeitim Parking lot
51007,Tsahal 1
51008,Pais Club/Al Fakhura
51009,Al Fakhura/1019
51010,Ein Zeitim Parking lot
51011,3008/3100
51012,Tsahal 4
51013,Tawfik Zayyad/Iksal
51015,Tsahal/Lehi
51016,Ministry of Health
51018,Namsawi Quarter
51019,Hayalim Meshuhrarim Quarter - End
51021,Ort Yigal Allon/Ma'ale Yits'hak
51022,Tsahal 7
51023,Raihaniyya Intersection
51024,Raihaniyya Intersection
51026,Raihaniyya Intersection
51027,Arbel/Yodfat
51032,Hayalim Meshuhrarim Quarter G
51035,Ziwad A Quarter
51036,Alharuviya
51037,David Elazar/HaRambam Road
51038,HaHita/Ma'ale Yitshak Boulevard
51040,Harod/HaHatsav
51041,Ziv Hospital Intersection
51042,Rivka Ziv Hospital Intersection
51043,Achbara Terminal
51044,Tsahal 14
51045,Tsahal 13
51046,Tsahal 13
51049,Tsahal 11
51050,Alharuviya Mosque
51051,Tsahal 10
51052,Tsahal/KKL Road
51053,Etsel/Tsahal
51054,Paulus Hashishi/4066
51055,David Elazar/HaRambam Road
51057,Tavor/HaPsagot
51059,Alboreg/450
51060,Alboreg 2
51064,Ziv Hospital
51066,Tsahal 8
51068,Tsahal 9
51069,Etsel/HaRav Hayim Huri Road
51070,Etsel/HaRav Hayim Huri Road
51071,Yizre'el/HaGefen
51074,Ariel Sharon Road/HeHatsav
51075,Amin Tarif
51076,Amin Tarif/Shafik Azam
51077,Nursing Hospital Galilee
51078,Alma 1
51079,Shprinzak/Keren HaYesod
51080,Amin Tarif/500
51081,Savyon/HaShoshanim Boulevard
51082,Harod/Ariel Sharon Road
51083,Akbara
51084,Shprinzak/Keren HaYesod
51085,Cemetery 225
51086,Cemetery/225
51087,HaPalmach
51090,Kupat Holim/HaNassi
51092,Hermon/Karmel
51093,Omer Sasa'ani/Al-Qasaba
51094,David Remez/David Elazar
51095,Government Campus/Ma'ale Yits'hak Blvd
51096,New Cemetery/Gate D
51097,Commercial Center/Ma'ale Yitshak Boulevard
51099,HaPalmah/Aliya B
51102,Dormitories/HaNassi
51103,Yakinton/Alumah
51105,Daliya/Koranit
51108,Daliya/Klil HaHoresh
51109,Nof HaGalil/Exit
51110,HaHaluts/Henrietta Szold
51111,Daliya/Klil HaHoresh
51112,Daliya/HaGome
51113,Yodfat School/Dahlia
51114,Daliya/Yakinton
51116,230/225
51117,Har Yona Community Center/Yakinto
51118,Yakinton/Nitsan
51119,Yakinton/Moran
51120,Netofa School/Yakinton
51121,Ma'ale Yitshak/En Mahel
51122,230
51125,Ha'Ahad Asar/Lohme HaGeta'ot
51126,Rotem/Klil HaHoresh
51127,Kindergarten/Karkum
51129,Eliyahu Fromenchenko/HaHaluts
51130,Urban Market
51131,Atara/Yakinton
51132,Moran/Ad'ad
51133,Moran/Lilakh
51134,Moran/Ad'ad
51135,Yosef Synagogue/Yodfat
51140,Yitshak Eisik Cohen/Haim Madar
51141,Safed Central Station/Ha'Atsma'ut
51142,Ya'el/Yizre'el
51144,Stadium
51145,Stadium
51148,David Remez/Ha'Ahad Asar
51149,Savyon/Hadar
51150,Savyon/Tsiporen
51152,HaHatsav/Yizre'el
51153,Abdullah Bheij/Tel Al-Dahab
51154,Yizre'el/HaGefen
51156,Hassan Nimer 20200
51157,Tirosh/Haruv
51158,David Remez/Ha'Ahad Asar
51161,Ein Alafiya Entry to Shfara'm
51162,Ein Alafiya Exit
51163,Elite Coffee factory
51164,Nof HaGalil Market
51165,HaRabi MiLubavitch/Kaf Bet Yalde Ma'a lot
51166,I'blin Dezol Gas Station
51167,Dolev/Tamar
51169,Vradim/Admon
51170,Vradim A
51171,Vradim/Gilad
51175,Industrial Zone B
51176,Abu Shahab/Shefar'am
51177,Giv'at Avni
51179,Yasmin/HaPsagot
51180,Golda Meir/Sayfan
51181,Haim Madar/Yitshak Eisik Cohen
51183,Gilad/Deganit
51184,Alma Center
51185,Mem Gimel Yorde HaSira/Lohame HaGeta'ot
51186,HaRabbi MiLubavitz 1
51187,Alma 3
51188,Comprehensive Religious School
51189,Biryah - Upper Road
51190,Giora Yoseftal/Tayelet Gina
51191,HaRav Levi Bistritzky/Kaf Bet Yalde Ma'a lot
51194,Police/HaGalil
51195,Tirosh/Yizre'el
51197,HaGalil Road/Marganit
51200,Tavor
51201,Tavor/Golan
51202,Commercial Center/HaMa'ayan
51203,HaRabbi MiLubavitz/HaHistadrut
51204,Biriya Junction
51206,HaShomer/Eliyahu Golomb
51209,Kupat Holim Kna'an/Giora Yoseftal
51210,HaHistadrut/Yoseftal
51211,Ma'ale Yitshak Blvd/HaTe'ena
51212,HaGalil Road/Ma'alot Yitshak Boulevard
51213,Tsfat Junction/HaAtsma'ut Road
51214,Government Complex/HaTsiyonut Road
51216,Yoseftal/Tayelet Gina
51217,HaMuchtar Muhaneh/HaYedidut
51218,Dafna/Ha'Ahva
51219,Biriya South Intersection
51220,Safed Junction
51223,HaShomer/HaGdud Ha'Ivri
51225,Nursing Hospital Galilee
51227,Tsfat Junction/HaGalil
51228,Tavor/Yodfat
51229,Rakati HMO/HaHashmonaim
51230,HaHistadrut/HaShiv'a
51231,Mall/HaGalil
51232,Reut Square
51233,Tse'elon/HaDekel
51234,HaShiv'a/Ma'alot Rapha'el
51235,Tse'elon/Marva
51236,HaShiv'a/HaHistadrut
51237,Tse'elon/HaDekel
51238,Kaf Bet Yalde Ma'alot
51239,HaShiv'a/Zalman Shazar
51240,Yohanan Ben Zakay/Yehuda HaLevi
51241,HaShiv'a/Giora Yoseftal
51242,Zalman Shazar A
51243,Kiriyat HaHinuch
51244,HaShiv'a/Giora Yoseftal
51246,Zalman Shazar/Kaf Bet Yalde Ma'a lot
51247,HaGdud HaShlishi B
51248,Tefen Experimental School
51249,Kfar Haruv Harhava
51250,Givat Yoav A
51251,Road 8510/Western Galilee College
51253,HaGalil/Nof Talia
51254,Road 8510/Western Galilee College
51255,Canaan Quarter Intersection
51256,Road 8510/Manof Boulevard
51257,HaRav Levi Bistritsky/Zalman Shazar
51259,Sakhnin Municipality
51260,Sakhnin City Center
51261,HaGdud HaShlishi/Bialik
51262,Shazar B
51263,Teradion Industrial Zone Junction
51264,Teradion Industrial Zone Junction
51266,Sakhnin/805
51267,Sakhnin City Center
51268,HaNesharim/Pechersky
51269,Sakhnin Eastern Exit
51272,HaGdud HaShlishi/Kiryat Sharet
51273,Road 8510/Manof Boulevard
51274,Canaan Quarter Intersection
51275,HaNehalim/Har VaGay
51276,Sakhnin-Monument
51277,HaMa'of/Har VaGay
51278,HaNesharim/Pechersky
51279,HaGdud HaShlishi/Ya'akov Huppert
51280,Sakhnin Naji al-Ali
51283,Halwani Park
51284,Uzi Hitman/Sasha Argov
51285,HaNesharim 2/Zamir
51286,Uzi Hitman/Ehud Manor
51287,Halwani Park
51288,Basketball Field/HaNesharim
51290,Har VaGay/HaPrahim
51291,Commercial Center/Bat Harim
51292,Har VaGay/Shiv'at HaMinim
51293,Majdal - Football Field
51294,Majdal - Food Center
51296,HaNesharim/Yas'ur
51297,Main Entry
51298,HaNesharim/Zamir
51300,HaTavor/Bat Harim
51302,Neve Menachem Begin/8900
51303,Bat Harim/Mt. Adir
51304,HaTavor/HaHermon
51305,Begin Quarter Junction
51306,Dair Hanna Junction/Alhamra
51307,Begin Quarter/8900
51308,Bab A-Thana'iya
51310,Hispin Talmud Torah
51311,Bat Harim/Mt. Gila'ad
51312,Mt. Gilboa/Mt. HaCarmel
51314,Bat Harim/HaGolan
51315,Daliyot Junction
51317,Neve Menachem Begin/Mitspe Ha'agam
51318,Canaan Junction
51322,Bat Harim/Mt. Gila'ad
51323,Canaan Junction
51325,Kindergarten
51327,HaTavor/HaHermon
51328,Bat Harim/HaHermon
51329,Bat Harim/HaHermon
51330,Karkum Center
51331,Hayamim Lookout
51332,Hayamim Lookout/Nof Kinneret
51333,Al-Nahil
51334,Road 8900/Nof HaKineret
51335,Karkum 3
51336,Karkum 2
51341,Military Cemetery
51342,Karkum 4
51345,Military Cemetery
51347,Al-Bayder
51348,El-'Abhara Neighborhood
51349,Al-Wara Quarter
51350,David Shob/HaMerkaz Road
51351,Al Bayader 1
51352,Al Manzala 1
51353,Almagor Center
51354,Karkum Intersection
51359,Shlomo Ben Yosef/HaRav Azizi De'i
51360,Amnun Intersection
51361,Amnun Center
51362,Shlomo Ben Yosef/Honi Hame'agel
51363,Weizmann/Shlomo Ben Yosef
51364,Korazim Intersection
51366,Korazim 1
51367,Korazim Center
51370,David Shob/HaTmarim
51371,David Shuv/HaZetim Alley
51372,Ramot Menashe Junction
51373,HaNasi Weizmann/Tsahal
51374,Pool
51375,Filon Camp Junction
51377,Al Batuf High School
51378,Yitshak Shamir/Rambam
51379,Rosh Pina Junction
51380,Wadi Hussein Quarter
51381,HaBanim Road/Tsahal
51382,Albyader Quarter
51383,HaBanim Road/HaYarden
51384,Cemetery
51385,Roads 805/805
51390,Wadi Husein Boulevard
51392,HaGalil Road/Ma'ale Gei Oni
51394,Hilazon Junction/Road 805
51395,Arraba A/Entry
51396,Hilazon Junction/Road 805
51397,Central Station
51398,Central Station
51399,Central Station
51400,Korazim 2
51402,Korazim 3
51404,Rosh Pina Junction
51405,Korazim 4
51407,Ramot Menashe Center
51408,HaBanim Road/Industrial Zone
51409,Hila 1 Lookout
51410,Rosh Pina Junction
51411,Hila 2 Lookout
51412,Hila 3 Lookout
51413,Ain Mahel Junction
51415,Industrial Zone/HaBanim Road
51416,Sde Eli'ezer Entry
51419,Pri HaGalil/HaBanim Road
51420,Pri HaGalil/HaBanim Road
51424,Sde Eli'ezer 7
51425,Hatsor HaGlilit Terminal
51427,Bait BaTeva
51429,Sde Eli'ezer 6
51430,Mahanayim Junction
51431,Iruach Zemer
51432,Mahanayim Junction
51435,Tel Hai/90
51437,Kiryat Shmona Central Station/Platforms
51438,Tel Hai/90
51439,Afula Central Station/Sprinzak
51440,Court House/Tel Hai
51441,Netofa Junction
51442,Solel Boneh/Tel Hai
51443,Bir Al Maksur Junction
51444,Tel Hai/Yitshak Sade
51445,Tel-Hai/Henrietta Szold
51446,Gome Junction
51447,Tel Hai/Yitshak Sade
51450,Tnuva/Tel Hai
51451,Tel Hai/Uri Ilan
51452,Gome Junction/Road 977
51453,Tnuva/Tel Hai
51454,Tnuva/Tel Hai
51455,Gome Junction
51456,Ko'ah Junction
51458,Barukh Junction
51459,Ko'ah Junction
51462,HaZamir
51464,Gadot Junction/918
51465,Hahula Authority Intersection
51466,Yesud Hama'ala Junction
51467,Ayelet HaShahar Intersection
51468,Yesud Hama'ala Junction
51470,Agamon Hula
51471,Hahula Authority Intersection
51475,Zbeidat South West Quarter
51476,Al-Fulat
51478,Mata'im Km 23
51479,Al-Fulat
51480,Mata'im Km 23
51481,Mata'im Km 23
51482,Shmurat Hahula Junction
51483,Basmat Tab'un 2
51484,Shmurat Hahula Junction
51485,Basmat Tab'un 1
51486,Ramot Menashe Junction
51487,HaHar Road/Hartsit
51488,Razim
51489,Mitspe Ha'agam/Neve Menachem Begin
51490,Yasmin/Nitsan
51491,Zbiadt Square
51492,Sulam Zor School/HaOranim Boulevard
51495,Sasa
51496,Or HaGanuz Intersection
51497,Bar Yohay
51498,HaGalil/Hilf
51499,Industrial Zone Intersection
51501,Hilf West 1
51502,Al-Wadi/Sa'adia Mosque
51503,HaArazim Road/Ha'Alon
51504,Ha'Alon/Ha'Ela
51505,Ha'Alon/Ha'Ela
51506,Ha'Alon/HaArazim Road
51508,Yasmin/Nitsan
51509,Nitzan/Nurit
51511,Dror/Dukhifat
51513,Dror/Anafa
51514,Dror/Anafa
51515,El'yakim Entry
51516,El'yakim Intersection
51518,En Ha'Emek Intersection
51519,Yad Lebanim Center/6953
51520,Megido School/6953
51521,Bustan HaGalil Intersection
51522,Yad Natan Intersection
51523,Ahva Institution Intersection
51524,Lohme HaGeta'ot Intersection
51529,Ha'Emek Road/Yokne'am Junction
51530,Ha'Emek Road/Nahal Keret
51531,HaTishbi Junction
51532,Sde Ya'akov Intersection
51533,Ramat David Intersection
51534,Gvat Intersection
51535,Yif'at Intersection
51536,HaShomrim Junction
51538,Alone Aba Office
51539,Football Field
51541,Alone Aba Intersection
51542,Alone Aba Junction
51544,Bet Lehem Haglilit - Entry
51545,Bet Lehem Haglilit - Post
51546,Na'ama Intersection
51547,Road 500/A Sheikh Amin Tarif
51548,Gil Am Daycare
51549,Al Ma'sara Square
51550,Alquds/Bank Leumi
51552,Al Rahma Mosque
51553,Tamra Junction
51555,Albaik
51557,Alquds/Bank Hapoalim
51558,Al Ma'sara Square
51559,Kabul Intersection
51561,Kabul Intersection
51562,Bank Mercantile
51563,Kabul V/Exit
51564,Mak'r Intersection
51565,Yasif Junction
51566,Yasif Junction
51567,Ahihud Junction
51568,Ahihud Junction
51569,Ahihud Intersection
51570,Bar Lev/Entry
51571,Yas'ur Intersection
51572,Ahihud Intersection
51573,Yas'ur Intersection
51574,Yavor Junction
51575,Yavor Junction
51576,Bar Lev Intersection
51577,Industrial Park/Bar Lev
51578,Garage
51581,Cemetery
51585,Ha'On
51587,Kfar Gid'on Intersection
51588,Mizra Intersection
51589,Yif'at Intersection
51590,Gvat Intersection
51591,Kibuts Ramat David Junction
51594,Safuriye/8024
51595,Safuriye/7003
51597,Kafr Manda South/784
51599,Garage
51600,Rama West Junction
51601,Al-Wadi/Sa'adia Mosque
51602,Technological High School
51603,Majd Al-Kurum Intersection East
51604,Majd Al-Kurum Intersection East
51605,Rama Junction
51606,Gas Station
51608,Local Council
51610,Rameh Square
51613,Rama Y/Exit
51614,Rama West Junction
51615,Al-Wadi
51616,Kfar Tavor Center
51617,Rama High School
51618,Rama High School
51620,Rama V/Entry
51621,Hananya Junction Sheva Junction
51622,Mahmud A-Seikh
51623,Ain al Asad Intersection
51626,Ain al Asad Intersection
51627,Parod Intersection
51628,Meiron School Intersection
51629,Bank
51633,Road 90/Sde Trumot
51636,Hamadya
51639,Arab el Heib Junction
51640,Regional - Plants
51647,Raina A/Entry
51648,Raina B/Center
51649,Reina Local Council
51650,Raina D/Exit
51651,Amirim Intersection
51652,8015/1029
51653,Kfar Shamay Intersection
51654,8015/1029
51655,Kupat Holim/754
51656,Ramat Yishay
51657,Ramat Yishay West Junction
51658,Yishay Junction
51659,Yishay Junction
51660,Ramat Yishay West Junction
51661,Ramat Yishay Center
51662,Moshav Meron
51663,Amirim Intersection
51664,Moshav Meron
51665,En Zetim Junction
51667,Havat Deshen
51668,Pardes/90
51669,Shmuel Farm/90
51671,Shorashim Junction
51672,Shorashim Junction
51678,Bet Haroshet Sapan/90
51679,Keren HaYesod/HaBanim
51680,Haklai/HaYarden
51681,Masada Kibuts
51683,Emek HaYarden Regional Council
51684,Ma'agan Junction
51685,Ma'agan Intersection
51686,Ma'agan Intersection
51687,Tel Katsir
51689,Road 767/Ha'Omanim
51691,Tel Katsir Intersection
51692,Tel Katsir Intersection
51693,Ha'On Intersection
51694,Ha'On Vacation Village
51696,Haklai/Keren HaYesod
51699,Elifelet Camp
51701,Kibuts Mahanayim
51702,Kibuts Mahanayim
51703,Harduf Junction
51704,Shefar'am Junction
51705,Shefar'am Junction
51706,Adi Junction
51707,Mishmar HaYarden Intersection
51708,Gadot Intersection
51710,Ne'ot Mordekhay
51711,Sde Nehemya 2
51712,Amir
51713,Amir Intersection
51715,Misgav Am/Center
51716,Kfar Gil'adi
51717,Timrat Junction
51718,Timrat Junction
51719,Tel Hai Junction
51720,Kfar Yuval Intersection
51721,Cemetery
51722,Bet Hilel G
51723,Bet Hilel D
51724,Bet Hilel A
51725,Bet Hilel B
51728,HaArazim Hotel/HaRishonim
51729,Ma'yan Barukh Intersection/West
51730,Horshat Tal
51731,Horshat Tal
51732,HaRishonim/HaNadiv
51733,HaRishonim/HaTsiv'onim
51734,Mitspe Naftali/HaHursha
51736,Kfar Yuval Intersection
51737,Kfar Yuval 4
51738,Kfar Yuval 1
51739,Ma'yan Barukh
51740,Kfar Haruv/Kupat Holim
51741,En Gev Junction
51742,Afik
51744,Bne Yehuda 2
51745,Geshur
51748,Lahavot HaBashan/Center
51749,Dafna Intersection
51750,She'ar Yashuv Intersection
51752,Manshiyyat Zabda Intersection
51756,Dan/Center
51757,Tel Dan Intersection
51758,Northern Quarter B
51759,Nazalat A-Sinema
51761,Eastern Quarter H
51762,Eastern Quarter A
51763,Maghar Center G
51764,Elementary School B
51765,Southern Entry
51768,Balatat Azima
51769,Church Road
51773,Khalet a-Sharif A
51774,Southern Quarter CH
51776,Clalit Independent Clinic
51777,Western Quarter A
51782,Southern Quarter A
51783,Balatat Azima
51784,Al-Iman Mosque
51785,Western Quarter B
51787,Ilut H/Elsadra Square
51790,G'oamis D Quarter/Center
51791,Western Quarter Center
51792,Cemetery
51793,Altuaher Quarter
51794,Ka'abiya 1
51795,Hilf East 1
51796,Driving School
51797,Tabash 2
51798,Mahmud A-Seikh
51799,Abu Bakr a-Sadik West
51800,Pisgat HaHar
51801,Ilut 13
51803,Lut Mosque
51804,Lut Mosque
51805,Western Quarter A
51806,Abu Bakr a-Sadik East
51808,She'ar Yashuv 1
51811,Western Quarter Square
51812,Aljabel Quarter A
51814,Ilut Center
51816,Northern Lot Square
51818,Kupat Holim Clalit
51819,Ma'on
51820,School
51821,Vradim/HaGalil Road
51822,Adiga/Pisga
51823,Dair Hanna Road
51824,Deir Hanna A Bypass
51826,Yerushalayim/Yabetz
51827,Sakhnin
51828,Adiga/Afifs
51829,Sakhnin West Exit
51830,Sheikh Hammad/28
51831,Adiga/Afifs
51832,Ailabun South Junction
51833,Maghar Local Council B
51836,Adiga/Bisalanay
51837,Tinal School
51838,Reine Square
51842,Clinic
51844,Adiga/Kabartai
51845,Adiga/Ma'amar
51846,Migdal Ha'Emek Central Bus Station
51849,HaBanim Boulevard/Tidhar
51850,Kibbutz Afek Intersection
51851,Natsrat North Junction
51852,Commercial Center/Ma'ale Yitshak Boulevard
51853,Adiga/Han-Rug
51854,Old Cemetery/Road 6400
51855,Ma'ale Harduf/Tse'elon
51856,Ha'Alon/Ha'Erez
51857,Adiga/Han-Rug
51858,Central Station
51859,Adiga/Gawasha
51860,Farah-Rouje
51862,Altuaher Quarter
51863,Elementary School A
51864,School C
51865,Middle School
51866,Local Council
51867,School C
51868,Elementary School A
51870,Middle School
51873,Cemetery
51877,Ghrifat 5
51879,Western Quarter
51880,Ghrifat 4
51885,Eastern Quarter
51886,Aiadat Quarter D
51888,Mazarib 1
51889,Aiadat Quarter V
51890,Ayadat Exit
51891,Mazarib 2
51893,Aiadat Southern Quarter
51894,G'rifat Junction
51895,Arab al-Mazarib A
51896,Mazarib 2
51898,Kaabiya High School
51899,She'ar Yashuv 2
51900,Ja'afer Center
51901,Cemetery/Hajjajra
51903,Ka'abiya North G/Giv'at Rashid
51904,Kaabiya High School
51905,HaJ'aj'ara 6
51906,Cemetery/Hajjajra
51911,Ka'abiya 2
51913,El Roa School
51914,Farah-Rouje
51915,Mazarib Junction
51916,Western Entrance
51917,El Roa School
51920,Al Heib 3
51921,Al Heib 2
51922,Al Heib 1
51923,Al Heib 4
51924,Al Heib Junction
51926,Al Heib 1
51927,Al Heib 2
51928,Al Heib 3
51931,Ka'ukab/784
51932,Mar Elias College
51936,Ka'ukab Junction/784
51937,Ka'ukab A/Entry
51938,Kupat Holim Leumit
51939,Ka'ukab G/Square
51940,Ahmed Hussein Al'am/Al-Bustan
51941,Kupat Holim Clalit
51942,Road 784/Al-Bustan
51945,Sheikh Hammad/31
51947,Road 784/Al-Bustan
51948,Kafr Manda/Entry
51950,Ramz Bushnik/9
51951,Kafr Manda/Bank
51952,Kafr Manda/Shopping Center
51955,Amnun Intersection
51957,Talat Al Sinama
51958,Talat Al Sinama
51959,Maghar Center/806
51960,Post Office
51961,Mosque Quarter
51965,Eastern Quarter B
51966,Eastern Quarter H
51967,Higher Quarter
51968,Higher Quarter
51969,Eastern Quarter G
51970,Maghar A/Entry
51971,Maghar Center B
51972,Catholic Church B
51975,Post Office
51976,Amnun Intersection
51977,Al-Bas A Quarter
51978,Albess Quarter
51984,Almagor Intersection
51985,Eastern Quarter B
51986,Almagor Intersection
51987,Old City G
51988,Bawab Al-Hawa
51989,Gadot Center
51990,Northern Quarter G
51991,Mosque Quarter
51992,Western Quarter G
51993,Western Quarter A
51994,Bawab Al-Hawa
51995,Old City G
51997,Southern Quarter G
51999,Maghar Junction
52001,Catholic Church B
52002,Magher Intersection
52003,Southern Quarter H
52005,Southern Quarter G
52009,Southern Quarter Z
52013,Western Quarter B
52014,Al Harik Quarter/Post Distribution Unit
52015,Western Quarter D
52016,Al Harik Quarter/Post Distribution Unit
52017,Maghar Local Council B
52019,Tipat Halav
52021,Southern Quarter D
52022,Southern Entry
52023,Entrance East
52024,Southern Quarter D
52025,Khalet a-Sharif B
52026,Quarries/Ibn Sina
52027,Quarries/Ibn Sina
52028,Catholic Church C
52029,Arraba East
52030,Arraba A/Entry
52031,Almutanbi Elementary School
52036,Dair Hanna A/Entry
52037,Dair Hanna Entry
52039,Ibn Sina
52040,Maghar 1
52042,Primary School/Club for the Elderly
52043,Special Education School
52044,14A Street
52045,Ibn Sina A
52046,I'blin East Junction
52047,Magen David Adom/Ma'ale Yitshak
52048,Magher Intersection
52051,Moran/Lilakh
52052,Kaabiya High School
52053,Hajajra B
52055,Ka'abiya North H/Exit
52056,HaMisgad Square
52059,Mazraka
52060,Sha'ab/Main Road
52061,Sha'ab Junction
52062,HaMisgad Square
52063,HaYotser 4
52064,Mazraka
52065,Kupat Holim Meuhedet
52066,Saint-Joseph School
52067,Sha'ab/Main Road
52068,Sha'ab Junction
52069,Kupat Holim Clalit
52071,Center
52073,H'lit Sharif/Entry
52074,al-Saba/Almlk Soliman
52076,Tamra Junction
52077,Al Rahma Mosque
52078,Alhnanah Square
52079,AlSalam Mosque
52081,Omar ibn Al-Khattab
52082,Al Qadim Mosque
52084,Uthman bn Affan
52086,Tamra City
52087,Kupat Holim Clalit
52088,Entry to Village Center
52089,Omar Ibn Al-Khattab/7040
52090,Kupat Holim Clalit
52091,H'lit Sharif/Exit
52092,Khalet El-Ghazal
52093,Kupat Holim Clalit
52095,Al-Qubba Mosque
52097,Alquds Square
52098,HaShaon Square
52104,Bir al-Tira Entry
52105,Al Quds/A-Shuk al Baladi
52106,HaShaon Square
52107,Alquds/Muadh bn Jabal
52108,Al Rahma Mosque
52109,Blat Ad-Damoun
52111,Atsmon Junction
52112,Hama'isi Wasim B
52113,Misgav Junction
52114,Ya'ad Junction
52115,Sakhnin East Entrance
52116,Ibn Sina A
52117,Medical Center
52118,Bank
52119,Kupat Holim
52120,Kupat Holim Clalit
52121,HaMerkava 3
52122,Bank
52123,Bank
52124,Pool
52126,Halit Sherif Junction/Tamra
52127,Halit Sherif Junction/Tamra
52129,Pool
52131,Abu Baker Mosque
52132,HaMisgad
52133,Sha'ab Junction
52134,Moshav Ya'ad Junction
52135,Atsmon Intersection
52136,Misgav Junction
52138,School D
52143,Tawfik Zayyad/4095
52145,Haharoshet/Ha'Emek
52148,Saint Joseph High School & Seminar
52149,Al Moh'lls School
52150,Saint-Joseph School
52151,Gan Gavriel
52152,Afula Central Station/Alight
52153,1010/1190
52154,Yaf'i D/Exit
52156,Yaf'i B/Cemetery
52157,Yaf'i B/Bank
52158,130/121
52159,Nesi'e Israel/HaDekel
52161,Local Council Square
52165,Haharoshet/Ha'Asakim
52166,Commercial Center
52167,Big Center Karmiel
52169,Street 4 Ibn Sina
52170,Street 4 Ibn Sina
52171,Nazareth North Junction A
52172,Ailabun A/Entry
52173,Bshara Street
52174,Afula Central Station/Platforms
52175,Ma'ale Yitshak Boulevard/HaPsagot
52176,Ma'ale Yitshak/HaGalil
52178,Commercial Center/Ma'ale Yitshak Blvd
52179,Ma'ale Yitshak Boulevard/HaPsagot
52181,1 Street
52182,Sharett School/Ma'ale Yitshak
52183,HaGalil/A-Rina
52184,Ma'ale Yitshak Boulevard/Yizre'el
52185,HaPsagot/HaYasmin
52187,Paulus Hashishi G
52189,Paulus Hashishi/6177
52190,Karrm A-Saheb/5043
52191,Al Nabi Sa'ein Mosque
52192,Karrm A-Saheb/7059
52193,7059/7061
52194,Raina/HaMa'ayan
52195,Raina/Center
52196,Mosque
52197,Mosque
52198,Kafr Kana Local Council
52199,7063/7061
52200,7001/7061
52201,7061/7074
52202,7001/7061
52203,7059/7061
52204,HaMa'ayan
52206,Karm Al Sahib B Quarter
52207,Raina/Entry
52208,Al Kurum/5026
52209,HaYotser/HaMerkava
52210,HaYotser/HaMerkava
52211,Bne Betcha 1
52212,Coffee Shops
52213,Bne Betcha 2
52214,Bne Betcha 3
52215,Bne Betcha 4
52216,Habad School
52217,Harod/Yizre'el
52218,Dado Center/Harod
52219,HaPsagot/Sivan
52221,Ma'ale Yitshak Boulevard/Karkum
52223,Bne Betcha Quarter
52224,Kafr Kanna Het/Exit
52226,Kafr Kanna A/Entry
52227,Kafr Kanna 754
52228,Road 4
52230,Al Wadi Al Jawani/5051
52231,Schneller Park
52234,Tamra of Emek School
52236,Kupat Holim Clalit
52237,Teradyon Entry
52238,Teradyon/National Insurance
52239,Teradyon/T. Yarok Katom
52240,Teradyon/Tefron
52241,Teradyon/Wingate College
52242,Teradyon/Exit
52243,Hilf Mosque
52244,Hilf Main Square
52245,She'ar Yashuv Intersection
52246,Nov
52247,Haspin A
52248,Ramat Magshimim Junction
52250,Bar'on Junction
52251,Elrom Intersection
52252,Eastern Quarter A
52254,Local Council
52255,HaTamar/HaTe'ena
52256,Yokne'am Ilit Junction
52257,Yokne'am Ilit Junction
52258,HaTamar/HaPa'amonit
52259,HaGiborim/HaShita
52261,Ma'ale HaRakafot/Hatsipornim
52262,Ma'ale HaRakafot/Hatsipornim
52263,Ha'Emek Road/Nahal Keret
52264,Ha'Emek Road/Netiv HaNotrim
52265,Ma'ale HaGiv'a/Nof Yizre'el
52266,Ha'Emek Road/Netiv HaNotrim
52267,HaGoren/HaGay
52268,Rehabilitation Center/Ha'Emek Road
52269,Town Square
52272,Nesi'e Israel/Yodfat
52273,Keren HaYesod/HaBroshim
52275,Morad HaGay/Municipal Swimming Pool
52277,Ma'ale Honi HaMe'agel/Ben Zion Netanyahu
52279,Tsahal/HaHistadrut
52280,Rambam School/Yitshak Sade
52281,Barzilai/HaHole
52284,Katznelson/Dan
52285,Katznelson/Sheshet HaYamim
52286,Katznelson/HaShoftim
52287,Tel Hai/Sinai
52288,Shprinzak/HaYarden
52289,Manshiya Zabda Intersection
52290,HaYarden/Tel Hai
52294,Kupat Holim/Rashi
52295,Tel Hai/HaGil'ad
52296,HaMetsudot Junction/Tel Hai
52297,Cemetery
52298,Korczak School/Yehuda Halevi
52301,Mount -Scopus/Yekutiel Adam
52308,Police/Wizo
52313,Sussita Beach Northwards
52316,HaGalil - Gan HaIr
52317,6009 Street/HaGalil
52318,Mishpaha Kedosha Hospital/HaGalil
52319,Safuriye B
52320,HaGalil/Anis Kardosh
52321,National Insurance/Nazareth Bypass
52322,Bir Abu Ghosh
52323,Netsrat South Junction
52325,Akko Marine Officers School
52326,Akko Marine Officers School
52327,Ben Ami/David Remez Fire Fighters
52328,Youth Center/Herzog
52329,HaRav Herzog/Herzl
52330,Bialik School/Sharett
52331,Ahva Institution Intersection
52332,Yad Natan Intersection
52333,Yerushalayim/Hativat Golani
52334,Haim Moshe Shapira/Avot U'Banim
52336,Avraham Ben Shoshan/Hadas
52337,Avraham Ben Shoshan/HaNadiv
52338,Hadas/Yefe Nof
52339,Borochov/Kdoshe HaSho'a
52345,Kupat Holim/HaNassi
52347,Tawfik Zayyad/HaZayit
52348,Tawfik Zayyad/150
52349,City Hall/Tawfiq Ziad
52351,City Hall/Tawfiq Ziad
52352,Tawfiq Ziad/Fassuta
52353,Tawfik Zayyad/HaZayit
52355,Al Maktab School/Ibrahim Nimr Hussein
52356,Elementary School A
52357,Kamal Jumblatt/Jabur Yusef Jabur
52358,Kamal Jumblatt/500
52359,Weizmann/Margoa
52360,Beit Hosen/Weizmann
52362,HaHaganah/Bialik
52363,Begin Boulevard/Yerushalayim HaBira
52367,Misgav Junction
52368,Avraham Ben Shoshan/HaAliya
52370,Miluo't  Intersection
52371,Kfar Masaryk Junction
52372,Lohme HaGeta'ot Intersection
52373,HaTishbi Junction
52374,Tikvat Ya'akov Yeshiva
52375,Kindergartens Center
52376,Civic Center Square
52377,Cemetery
52378,Evlayim Junction
52379,Industrial Area junction.Tamra
52380,Old Center
52381,Olive grove
52382,Industrial Area junction.Tamra
52383,Ahihud Junction
52384,Oshrat-Amka Intersection
52385,Amka Junction North
52386,Bet Ha'Emek 2
52387,Netiv HaShayara
52389,Shaikh Dannun Intersection
52390,Kabri Junction
52391,Sarid Intersection
52392,Center
52394,Bet Keshet Intersection
52395,Bet Keshet Intersection
52396,Sde Ilan Junction
52398,Sde Ilan Junction
52399,Naftali Camp
52400,Golani Interchange/Southbound
52401,Naftali Camp
52405,Kibbutz Neve Ur
52406,Yad LaBanim
52408,Alumot 2
52410,Alumot Junction
52413,HaBanim/HaDekel
52417,Paulus Hashishi/5089
52418,A-Nassa/762
52419,Paulus Hashishi/Tawfik Zayyad
52420,City Hall
52421,Kupat Holim Clalit
52423,Bank
52424,Local Council Square
52425,Kupat Holim Clalit
52426,Western Quarter
52427,Bank
52428,Tur'an Junction
52429,Biqat Netofa Interchange to West
52430,Nujeidar Center
52432,Al-Najah School
52433,Al Mara College
52434,Pais Center for the Elderly
52435,Mash'had Center
52436,Tsiporit Industrial Zone
52437,Tsiporit Industrial Zone
52438,Mash'had Center
52439,Pais Center for the Elderly
52440,Al Mara College
52441,Menara/Center
52442,Heib 1
52443,Heib 2
52444,Heib 3
52445,Heib 4
52446,Heib 5
52448,School
52449,New Mosque
52450,Building Materials Factory
52451,Dental Health Clinic
52452,Dental Health Clinic
52453,Building Materials Factory
52454,New Mosque
52455,School
52457,Heib 1
52458,Heib 2
52459,Heib 3
52460,Heib 4
52461,Heib 5
52462,Entrance East
52463,Northern Quarter
52464,Bu'aina-Nujaidat Local Council
52465,Grocery store
52466,Kupat Holim Clalit
52467,Clinic
52468,Football Field
52469,Eastern Quarter
52470,Entrance East
52471,101/102
52473,S.A 150
52474,Meron/Ga'aton
52475,Meron/Na'aman
52476,Yarden/Meron
52479,101/128
52480,101/128
52481,101/104
52482,101/102
52483,101/124
52484,Arazim
52485,Pori'ya Junction
52486,Arazim
52487,Na'ura Northern Exit
52488,Main Square
52489,Mosque
52491,Na'ura School
52492,Na'ura School
52493,Grocery store
52494,Pizzeria
52495,Pizzeria
52496,Na'ura West
52497,Emek Hayarden Regional College
52499,Tiberias Junction
52500,Nahalal Junction
52501,Grocery store
52502,Football Field
52503,HaMetsudot Junction/Tel Hai
52504,HaShikma/Ma'ale Harduf
52505,HaShikma/Ha'Ela Lane
52506,Ma'ale Shikma/Tse'elon
52507,Ha'Erez/Ma'ale Shitim
52508,Cultural Center/Ha'Erez
52509,Ha'Erez/HaNarkisim
52510,Ma'ale Shikma/Ha'Erez
52511,Ha'Emek Road/HaRishonim
52512,Ha'Ela/HaZayit
52513,Na'ura West
52514,Kindergartens
52515,Kindergartens
52516,Dental Health Clinic
52517,Dental Health Clinic
52518,Road 701/Road 302
52519,Arab-Israeli Bank
52520,Bezeq
52521,Club for the Elderly
52522,Club for the Elderly
52523,Ha'Atsma'ut/HaTor Alley
52524,Northern Quarter
52525,Alharik H
52526,Alharik D
52527,Alharik G
52528,Alharik A
52529,Alharik B
52530,Tefen
52531,HaDror Alley/Kadesh
52532,Tefen
52533,Struma/Kadesh
52534,Constantine and Helena Church
52535,Supermarket
52536,Hatikva Garden
52537,Gan HaDardasim
52538,Gan HaDardasim
52539,Entrance East
52540,Western Entrance
52541,Park 2
52542,Park 1
52543,Ha'Atsma'ut/Shunamit
52544,Ramat Yizra'el/HaHoresh
52546,Kindergartens East 1
52547,Al-Rahman Mosque 2
52548,Al-Rahman Mosque 1
52549,Hativat Golani Road/Ha'Alonim
52550,HaMahtseva/Beginning of Lots
52551,Kafr Manda/65
52554,Civic Center Square
52559,Avraham Ben Shoshan/Yosef Gershon
52560,Haim Moshe Shapira/HaBrosh
52561,Hativat Golani/Haim Moshe Shapira
52562,Avraham Ben Shoshan/Abarbanel
52563,Gordon/Bavel
52564,Steel Plants
52565,Kfar Masaryk Junction
52566,M.Na'aman
52567,En HaMifrats Intersection
52568,M.Na'aman
52570,Evron Intersection
52572,Sussita Beach Southwards
52578,HaHaluts/Yehuda HaMaccabi
52579,Na'aman River Intersection
52580,Dining Room
52581,Regba Junction/Shave Tsiyon
52582,Nahalal Junction
52584,High School
52585,Nahalal Intersection
52586,Al Jabel/Yitshak Rabin Road
52587,Saadya Makif School
52588,Arraba Intersection
52589,Arraba West
52590,HaNatsiv Junction
52592,Pardesim
52595,HaMeyasdim/HaTe'ena
52596,Hashikun Junction
52599,Ole HaGardom/HaRav Kook
52600,Ole HaGardom
52601,Herzl/Ole HaGardom
52602,Bavel/Kdoshe HaSho'a
52603,Ben Tsvi Boulevard/HaNegev
52604,Kfar Blum/Center
52606,HaGalil A
52607,HaGalil/Tsahal
52608,Yekutiel Adam/Yehuda Halevi
52609,Har HaTsofim
52610,Mount -Scopus/Yekutiel Adam
52615,Tel Hai Intersection
52616,Nahalal Intersection
52617,Barukh Junction
52618,Weizmann/Mordechai Anielewicz
52619,Abu Rami
52620,Daliya Intersection
52622,Ben Ami/Avraham Ben Shoshan
52623,Ben Ami/Aliyat HaNo'ar
52624,Ben Ami/Yosef Gadish
52626,HaTamar/HaGiborim
52628,HaMarganit/Ha'Ela
52629,HaHartsit/HaEla
52630,Dafna Intersection
52631,Tse'elim/HaShikma
52632,HaGiborim Square/HaYasmin
52633,HaYasmin/HaKalaniyot
52634,HaYasmin/HaNarkisim
52635,Oranim School/Lilakh
52637,Keren HaYesod/HaYarden
52638,Katznelson/Sheshet HaYamim
52639,Herzl/Yitshak Sade
52640,Herzl/Katznelson
52641,Ole HaGardom
52642,HaYarden/Meshash
52643,Danziger School/HaYarden
52644,HaYarden/Shprinzak
52646,Yehuda Halevi/Razi'el
52647,Kupat Holim/Rashi
52648,Yehuda Halevi/Gilad
52649,Uziel School/Yekutiel Adam
52650,Har HaTsofim/Mt. Carmel
52653,Keren-HaYesod/Henrietta Szold
52654,Keren HaYesod/HaYarden
52655,Tel Hai/Rashi
52656,Yokne'am Junction/Moshava
52657,Rehov East Intersection
52659,Ohalo Intersection
52664,402/300
52665,Tel Hai/Barzilai
52666,Henrietta Szold/Eli'ezer Peri
52667,Herzl/Sinai
52668,Northern Beach
52669,Haifa Road/5104
52674,Daliya Intersection
52675,Rama H/Exit
52678,Megido Junction
52681,Gadot Lookout
52682,Bet HaMekhes Junction
52684,Bet HaMekhes Junction
52685,Nashut Junction
52686,Nashut Junction
52687,Ortal
52688,Akko Central Station/HaArbaa Road
52689,Miluo't  Intersection
52690,Parod Intersection
52691,Kfar Shamay Intersection
52697,Morad HaGay/HaPrahim
52699,Topaz Halls
52700,South Akko Industrial zone Intersection
52702,South Akko Industrial zone Intersection
52703,Steel Plants
52704,Bustan HaGalil Intersection
52706,Entrance East
52707,Olive grove
52708,Halat Alfis
52709,Bank Mercantile
52710,AlSalam Mosque
52711,Al-Jalame
52712,Bank
52713,Old Center
52714,Bank
52715,Al-Jalame
52716,AlSalam Mosque
52717,Bank Mercantile
52718,Halat Alfis
52719,Eastern Exit
52720,Yavor Junction
52721,Rakefet
52722,Ya'ad
52723,Kaduri School Intersection
52724,Kaduri School Intersection
52725,Maghar Center B
52726,Ha'Emek Road/Ma'ale HaBanim
52727,Ha'Emek Road/Ma'ale HaBanim
52729,Kfar Yehoshua Junction
52730,Bet HaRishonim
52733,El Al/Oren
52735,Arab el Heib Junction
52736,HaGalil/6026
52737,Kamal Jumblatt/200
52742,Safuriye/Rowos Al Jibal
52743,Inbar Intersection
52744,Mahva Alon Intersection
52747,Albyan College
52748,Bet Hilel A
52749,Bet Hilel G
52751,Bet Hilel/Sadna
52752,HaMetsudot Junction
52754,Mahanayim Junction
52755,Mishmar HaYarden Intersection
52756,Gadot Intersection
52757,HaBroshim/HaTsaftsefot
52758,HaBroshim/HaOren
52766,Ha'Atsma'ut Road/Masaryk
52767,Shekhanya
52768,Manof Center
52769,Ami'ad Junction
52773,Migdal Road West 1
52774,Migdal West Junction
52777,The Old City
52778,Taxi Station/Arraba
52779,Dair Hanna Center
52780,Rekhassim Intersection
52781,Rekhassim Industrial Zone
52784,En Gev
52786,Bet Hilel South Intersection
52787,Kfar Blum North Intersection
52789,Amir Intersection
52790,Kursi Junction
52791,Kursi Junction
52792,Golan Industries Intersection
52794,Ne'ot Golan Intersection
52795,Ne'ot Golan Intersection
52796,Afik North Intersection
52797,Afik North Intersection
52798,Afik Junction
52799,Afik Junction
52800,Eli Ad Intersection
52801,Eli Ad Intersection
52803,Avne Etan Intersection
52804,Nov Intersection
52805,Nov Intersection
52806,Haspin Intersection
52807,Haspin Intersection
52808,Ramat Magshimim Junction
52809,Ani'am
52810,Ani'am Intersection
52811,Ani'am Intersection
52812,Ramot Intersection/Gas Station
52815,Ma'agan Junction
52816,Dan Intersection
52819,Kfar Haruv Intersection
52820,Kfar Haruv Intersection
52821,Margaliyot Intersection
52822,Margaliyot Intersection
52823,Misgav An Intersection
52824,Kfar Gil'adi Intersection
52826,Bet Hilel South Intersection
52827,Kfar Blum North Intersection
52830,Oz Camp
52831,Nafah Junction
52833,Nafah Junction
52836,Ortal Intersection
52837,Merom Golan Center
52838,Avital Junction
52842,Kfar Blum South Intersection
52843,Ma'agan Junction
52846,Ma'yan-Barukh Intersection/To East
52850,Lehavot HaBashan Intersection
52851,Lehavot HaBashan Intersection
52855,Kursi Junction
52856,Sports Field
52857,Katsrin Junction
52858,HaHermon Road/Daliot
52860,Ortal Intersection
52862,Bar'on Junction
52868,Safuriye/7003
52869,Daliya Intersection
52872,Ya'ad Intersection
52874,Kfar Blum South Intersection
52875,Ramot Intersection
52876,Ma'ale Gamla Junction
52877,Ma'ale Gamla Junction
52878,Ma'ale Gamla Junction
52880,Afik Junction
52881,Ortal Intersection
52882,Avital Junction
52883,Avital Junction
52884,Kfar Gil'adi Intersection
52885,She'ar Yashuv Intersection
52888,Snir Intersection
52890,HaYarden/Keren HaYesod
52891,El Al/Nikrot
52892,Kibbutz Neve Or Intersection
52896,Dganya Intersection
52897,Kfar Yuval to the West Intersection
52898,Bet Zer Intersection
52901,Ma'yan Barukh Intersection
52902,Tel Katsir Intersection
52903,Amir Center
52907,Afik North Intersection
52908,Office
52910,Avne Etan Intersection
52911,Avne Etan
52912,Nov Intersection
52913,Haspin Intersection
52914,Ha'Ela Junction
52915,Snir Intersection
52921,Mes'ada Junction
52922,Primary School A
52923,Bental Junction
52924,Buq'ata Sports Hall/98
52927,Sha'ar HaGolan Intersection
52928,El Rom Intersection
52929,Shave Tsiyon Junction
52931,Ashdot Ya'akon Me'uhad Intersection
52932,Ha'On Intersection
52934,En Gev Vacation Village
52935,Ha'On Kibuts
52937,En Gev  Kibuts
52938,Yonatan Intersection
52939,Yonatan Intersection
52940,Yonatan Intersection
52941,Ani'am Intersection
52942,Natur
52943,Natur Intersection
52944,Yonatan
52945,Ko'ah Junction
52946,Natur Intersection
52947,Natur Intersection
52948,En Gev Parking
52949,Tsurit Junction
52950,Tsurit Junction
52951,Yiftah
52952,Keshet A
52955,En Ha'Emek B
52956,En Ha'Emek Synagogue
52959,Giv'at Tsalmon Intersection
52961,Nahal Tsalmon Intersection
52964,Julis Junction
52965,Abu Sinan Intersection
52966,Abu Sinan Intersection
52967,Kafr Yasif 1 Bypass
52968,Olive grove/70
52971,Pharmacy
52972,Local Council
52973,Shefar'am/Southern Entry
52974,Mahmoud Darwish
52976,Dahud Suliman Talhami/Taufik Ziad
52978,135 Street/Sultan Al-Atrash
52979,135 Street/120 Street
52980,Tawfik Zayyad/M. Hamadi
52981,Da'ud Suliman Talahmi/305
52982,Orthodox School
52983,Tal-El Intersection
52985,Ravid Intersection
52987,Ibtin Flour mill
52988,Ibtin Entry
52989,Ibtin Exit
52990,Ibtin North
52991,Ibtin Intersection
52992,Ibtin Entry
52993,Ibtin Flour mill/Road 762
52996,Shprinzak/HaYarden
52997,HaYarden
52998,Julis Intersection/Yarka Food Center
52999,Yirka A
53000,Yarka Mul HaNof
53001,Yirka D
53002,Yirka H
53003,HaMizraka Square
53004,Highway/Al-Khalaj
53005,Local Council
53006,Main Road West
53007,Yirka 5
53008,Yirka 3
53009,Ahi Eilat/Katznelson
53010,Julis Intersection/Yarka Food Center
53011,Julis Junction
53012,Morad HaGay/HaDolev Alley
53014,Tennis Center
53016,HaMarganit/HaSigalit
53017,Bir Al Maksur Entry
53018,Southern Quarter A
53019,Southern Quarter B
53020,Al-Huda Mosque
53021,Darb Al-Marj
53023,Kadarim Junction
53024,Kadarim Junction
53025,Kahal Intersection
53026,Ha'Arazim/Ma'ale Erez
53028,Naftali Lookout/HaMa'ayan
53030,Ami'ad Junction
53034,Na'amat School
53036,Margaliyot 1
53039,Margaliyot/Center
53040,Margaliyot 3
53043,Yuvalim Junction
53046,HMO/HaHavatzelet
53047,HaShoshanim/Havatselet
53048,HaShoshanim/Iris
53049,Morad-HaGay/Iris
53051,Morad HaGay/Havatselet
53052,Lev Karmiel Mall/Morad HaGay
53053,Yehuda Burla/Kdoshe Ca'ir
53054,Education Center/Burla
53055,Avraham Ben Shoshan/Yosef Gershon
53056,Commercial Center/Gershon
53057,Yosef Gershon/Pesah Perlman
53059,Revaya Junction/Road 90
53060,Zavitan/Gamla Broadwalk
53061,Katsabiya Junction
53062,Katsabiya Junction
53063,Katsabiya Junction
53064,HaMapalim Junction
53065,HaMapalim Junction
53066,Nikrot/Lotem
53067,Zarzir Junction
53068,Odem/Topaz
53069,Ravid Intersection
53070,Koranit
53072,Dental Health
53074,Deir Al-Asad/Local Council
53075,Albyan College
53076,Golan Beach Intersection
53077,Golan Beach Intersection
53078,Yasif Junction
53079,J'deida Intersection
53080,J'deida Intersection
53081,Industrial Zone Intersection
53082,HaHermon Road/Katsrin Industrial Zone
53083,Keren HaYesod 2
53084,Yishay Interchange/ Road 77
53087,Kaf-Bet Yalde Ma'alot/HaRabbi MiLubavitz
53089,Amka 6
53090,Amka 5
53091,Akhziv Field School
53092,Ramim/Mitspe Nof
53094,Morad HaGay/HaPrahim
53095,HaPisga/Psagot School
53096,Morad HaGay/Municipal Swimming Pool
53097,Tsahal/HaGefen
53099,Primary School
53102,Kindergartens/Gershon
53103,Ramhal/HaGay Lane
53105,Yizre'el Junction
53106,Hever Junction
53107,HaBustan/79
53108,Kiryat Shmona Airfield/West
53109,Road 79/Safuriye
53110,Safuriye A
53111,Si'on Junction
53112,Si'on Junction
53113,Kiryat Shmona Airfield/To East
53114,Katsrin North Junction
53115,Katsrin North Junction
53116,Neve Ativ/989
53117,Safuriye A
53118,Mevo'ot Natzrat Square/Ilut
53119,Netiv HaShayara D
53120,Netiv HaShayara H
53121,Netiv HaShayara 10
53124,Netiv HaShayara 5
53125,Haharoshet/Ma'ale Kamon
53127,Ha'Argaman Beach
53128,Tze'elim/Dudaim
53129,Ha'Argaman Beach
53130,Abu Sinan 9
53131,Kafr Yasif West Intersection
53133,HaYam Road/HaSira
53135,Road 90/Sde Trumot
53136,HaRav Kook/HaNassi School
53137,Ole HaGardom/Ahi Eilat
53138,HaMatmid School/Herzl
53140,HaYarden/Bialik
53141,Meginim School/Bialik
53143,Nehemya Mall/HaNassi
53144,HaRav Yosef Mashash/Uri Ilan
53145,Yosef Trumpeldor/Eli'ezer Peri
53146,Henrietta Szold
53147,Har VaGay School
53148,Amiad Camp Intersection
53149,Kadarim Junction
53150,Har VaGay School
53151,HaMapalim Junction
53155,Oz Camp
53156,Oz Camp
53158,Kidmat Tsvi Camp
53160,Yehudiya Junction Road 87/92
53161,Yehudiya Junction
53163,Kahal Intersection
53164,Amiad Camp Intersection
53166,Ramot Intersection
53168,Tsahal 3
53169,Meitsar Intersection
53170,Meitzar
53171,Holiday Village
53172,Shekhanya Intersection
53173,Shekhanya Intersection
53174,A Sheikh Amin Tarif/411
53175,A Sheikh Amin Tarif/Marashan
53176,Al Shuhada/Al Ruaf
53177,225/200
53178,Omar a Sasa'ani/200
53179,Ibrahim Nimr Hussein/Talat Al-Hara
53180,Shefar'am/Southern Exit
53181,Conservatory Beit Al-Musiqa
53182,Sion/Naveh Broadwalk
53183,Gilaboun/Sal'it Alley
53184,Zavitan/Naveh Broadwalk
53185,Ailabun Interchange/Northbound
53186,Sde Hermon School
53188,Center/Adi
53192,Center/Harduf
53196,Abu Dharr al-Ghifari/Al-Damun
53197,Abu Dharr al-Ghifari/Al-Mihna
53198,256/250
53199,250/251
53200,200/240
53201,Ghrifat Circular
53203,Hulata
53206,Gesher/Center
53209,Cemetery
53210,Malkiya/Center 2
53211,Dining Room
53213,Yodfat Center
53214,Macman 1/Entry
53216,Dental Health
53217,HaGe'ulim/HaTzmatim
53218,HaGe'ulim/HaMeyasdim
53219,Menara
53220,Gonen/Center
53221,Even Menahem 4
53222,Bne Yehuda 1
53223,Gi'vat Yo'av 2
53224,Snir/Center
53226,Alone Habashan/Center
53227,Hamat-Gader
53229,Tel-Hai/HaGe'ulim
53230,Kfar Tavor Junction
53232,Mar Elias School
53233,Mar Elias School
53234,Nahal Tsalmon Interchange/Northbound
53236,HaOranim/HaBroshim
53237,Tse'elim/HaArava
53240,Ben Ami/Haharoshet
53242,Dafna
53244,Yizre'el Junction
53245,HaTishbi Junction
53246,HaPisga Megadim Square
53247,Hadas/HaHoresh
53248,Hadas
53249,Hadas/Mitspe Nof
53250,High School
53255,Alein
53257,HaMovil Junction
53263,HaShita Junction
53264,HaRav Uzi'el/Sheshet HaYamim
53265,Haspin Center
53268,Kibbutz Kadarim Intersection Northbound
53269,Kibbutz Kadarim Intersection Southbound
53270,Nof Kinneret/Pne Golan
53271,Kidmat Tsvi/Center
53272,Kidmat Tsvi
53274,Ramat David Camp
53275,HaDekel/Tavor
53277,Kanaf A
53278,Meron Blue Gate
53280,HaBanim/HaYarkon
53282,Al-Midan
53283,Ha'Arava/Ha'Arazim
53284,Ha'Arava/Rotem
53285,HaTse'elim/Ha'Arava
53286,HaTse'elim/Dekel
53287,HaTse'elim/HaYakinton
53290,Danziger School/HaYarden
53291,HaNarkisim/Ha'Irusim A
53292,Kaukab Abu Al Hija Center
53293,Nafach Camp
53295,Tsahal/Muncipal Library
53297,Commercial Center/Shapira
53298,Haim Moshe Shapira/HaKerem
53299,HaGoshrim/Guest House
53300,Tsalmon Camp Junction
53301,Tsalmon Camp
53303,Eged Parking
53304,Umdan Sa'ad
53305,Abu Snan Hayalim Meshuhrarim D
53306,Umdan Sa'ad
53307,Eged Parking
53308,Haim Moshe Shapira/Flamingo
53309,Ma'ale HaKramim/Haim Moshe Shapira
53310,Menachem Begin/Nurit
53311,Menachem Begin/Havatselet
53312,Menachem Begin/Savyon
53313,Menachem Begin/Kalanit
53314,Menachem Begin/Irit
53315,Menachem Begin/Arnon
53316,HaVradim/En HaZahav
53318,Haim Moshe Shapira/HaBrosh
53319,Ramhal/HaLilakh Path
53320,Hadas/HaPrahim
53321,Ha'Aliya/Yehuda Halevi
53322,Yosef Gershon/Pesah Perlman
53323,Avraham Ben Shoshan/Yosef Gershon
53324,Asif/784
53325,Nesi'ei Israel/Assif
53326,Ben Ami/Yosef Gadish
53327,Merav Malkishu'a Junction/Road 90
53329,Merav Malkishu'a Junction/Road 90
53330,HaMarganit/Lilakh
53331,HaYasmin/HaVradim
53332,HaTse'elim/HaYakinton
53333,Tennis Center/HaAlonim
53334,Arazim School/Ha'Alonim
53335,Ha'Alonim/HaDuda'im
53336,HaDuda'im/HaTse'elim
53337,HaOranim/HaTse'elim
53338,Ha'Arava/Ha'Arazim
53339,Yahalom School/Keren HaYesod
53340,Kiryat Shmona Central Station/Alight
53341,Romah Camp
53343,Romah Camp
53344,HaVradim/Ha'Irusim
53345,Karmi'el West Junction
53347,Ma'ale Hermon Checkpoint
53348,City Hall/Al-Mutran Hajar
53349,Shomrat Junction
53350,Shomrat Junction
53351,Office
53352,Shimshit/Office
53354,Baz/Aya
53355,Dukhifat/Agur
53356,Dukhifat/Hohit
53357,Hohit/HaShalom Road
53358,Shahaf/Baz Makosh Park
53359,Tsahal/HaHaruv
53361,Shefar'am North Junction
53363,Neve Ram Day Care/HaRakafot
53364,Neve Ram Day Care/HaRakafot
53365,HaNarkisim
53368,HaNarkisim
53369,HaNarkisim/HaVradim
53373,Hayalim Meshuhrarim Quarter 1
53375,Industrial Zone Intersection
53380,Shraga Camp
53381,Zbeidat Intersection
53382,Nofit Intersection
53384,Zbeidat Intersection
53388,Sion/Afek Broadwalk
53390,Zavitan/Afek Broadwalk
53391,Daliot/Aya
53392,Lev Katsrin Mall
53393,Halafta Junction
53394,Akko Central Station/HaArbaa Road
53395,Tsiporit Industrial Zone Interchange
53400,Katif/Tevet Path
53401,Aviv/Bikurim
53402,Katsir/HaShotlim
53403,Elul Path/Tamuz Path
53404,Bikurim/Elul Path
53405,Batsir/Nisan Path
53406,Batsir/Asif
53407,Bikurim/Batsir
53408,Hatsor HaGlilit Central Station/Platforms
53409,Nikrot/Bazelet
53410,HaMo'atsa Intersection
53411,Local Council
53412,Highway/Al-Khalaj
53413,Clalit Pharmacy
53414,Mif'al HaPais
53415,Enosh Club
53416,Local Council
53418,Alon/HaShaked
53419,Ha'Alon/Ha'Etrog
53421,Ha'Alon/HaHadar Lane
53422,Motta Gur Bridge Interchange
53423,Mt. Tsfiya Intersection
53426,HaNarkis/Ma'ale HaTzipiya
53428,Baz/Aya
53430,HaTse'elim/HaOranim
53431,Tse'elim/Rabin
53432,HaTse'elim/Yitshak Rabin Boulevard
53434,Yitshak Rabin Boulevard/Yarden
53436,BIG Center/Odem Forest
53437,Commercial Center/Yitshak Rabin Boulevard
53438,Yarden/Hasbani
53439,Yarden/Banias
53440,Yarden/Daliot
53441,Yarden/Sion
53442,Yarden/Sion
53443,Yarden/HaMeizar
53444,Municipal Library/Country
53445,Municipal Library/Country
53446,Hekhal HaTarbut/Ha'Alonim
53447,Ha'Alonim/HaSahlavim
53448,HaTse'elim/HaOranim
53449,Ha'Alonim/HaDuda'im
53450,Arazim School/Ha'Alonim
53451,Hekhal HaTarbut/Ha'Alonim
53454,Yokneam Ilit Junction/HaTamar
53455,HaTse'elim/HaYakinton
53456,HaTse'elim/Dekel
53459,HaDekel/Hermon
53460,HaDekel/Tavor
53461,HaDekel/Ha'Arazim
53462,Megadim School
53463,Hanaton Junction
53464,Yerushalayim/Yefe Nof
53465,Bank Mercantile
53466,Medical Emergency Center
53467,HaShalom Pharmacy
53468,Arabic Bank
53469,Ramhal/HaRotem Lane
53470,Ha'Aliya/Yehuda Halevi
53472,Omer/Heshvan Path
53473,Tel Ako Junction
53474,HaHagana/Hativat Har'el
53475,HaPalmah/Hativat Giv'ati
53477,HaShalom Road/Hativat Giv'ati
53478,Ayun/Shani
53479,HaHagana/Mivtsa Maccabi
53482,BIG Karmiel Terminal
53484,Sports Center/Balfour
53485,Yehudia Parking/87
53486,Yehudia Parking/87
53487,Ayun/Shani
53488,Jilabun/Saar
53489,Nesi'e Israel Boulevard/Asif
53491,Yakinton/Ad'ad
53492,Haifa Road
53496,Sa'ar/Zemach
53497,Sussita/Batra Broadwalk
53498,Ta'am HaTsvi/Phase A
53500,Shopping Center/Ya'ar Odem
53501,Yaar Odem/Meiron
53502,Yitshak Rabin Boulevard/Ya'ar Odem
53503,Nesi'e Israel/Biranit
53504,Sagi/KKL
53505,Hadas/Karkum
53506,Mitspe Nof/Vered
53507,Mitspe Nof/Hadas
53508,HaPisga/Ramim
53509,Rama Junction
53510,HaHermon/HaLevanon
53511,HaLevanon/HaDuvdevan
53516,HaShikma/Ma'ale Dolev
53517,HaShikma/Ma'ale Shikma
53519,HaGalil/HaPisga
53520,HaGalil/Tsafririm
53521,HaGalil/Karmel
53522,HMO/HaGalil
53524,Golan/Hermon
53534,Hilaf/Southern Square
53535,Nofit Intersection
53536,Nofit Intersection
53537,Ya'ara G
53539,Nesi'e Israel Boulevard/HaShalom Road
53541,Kfar Yehoshua Junction
53542,Hermon/Ya'ar Odem
53543,Hermon/Nahal Sorek
53544,Hermon/Nahal Sorek
53545,Yakinton Kindergarten/Hermon
53546,Ibtin North
53547,Ibtin Mosque
53548,HaKfar Center
53549,Acre South Junction
53550,Football Field
53551,Bet Yosef
53552,Bet Yosef B
53553,Bet Yosef A
53554,Jilabun/Saar
53556,Oren/Bazelet
53557,Yiftah Camp
53558,Pilon Camp/Avraham Hido
53559,Yiftah Camp
53560,Sde Ya'akov Intersection
53561,Adi Junction
53563,Commercial Center/Gershon
53564,Avraham Ben Shoshan/Ben Yehuda
53565,Nesi'e Israel Boulevard/Asif
53566,HaShalom Road/Mivtsa  Horev
53567,HaShalom Road/Netiv HaLamed'He
53568,HaShalom Road/Hativat Etzioni
53569,HaShalom Road/Hativat Etzioni
53570,HaShalom Road/Netiv HaLamed'He
53571,HaShalom Road/HaPalmah
53572,Levanon Beach
53573,Gofra Beach
53574,Gofra Beach
53575,Levanon Beach
53576,Acre South Junction
53578,Oren/Orvim
53580,Hutsot Golan Mall
53581,Hutsot Golan Mall
53583,Omar Sasa'ani/Nimer Husein
53584,HaShalom-Mall
53585,Tsahal 6
53589,HaGalil/6014
53598,Sapir/Hoshen
53599,Yahalom/Yuval Yaniv
53600,Ako Rail Station
53602,Beit She'an Terminal/Menachem Begin Avenue
53603,Afula Bypass Junction
53605,Cemetery/HaRav Azizi De'i
53606,Bet HaKerem/Shdema
53607,Bet HaKerem Blvd/Smadar
53608,Bet HaKerem Blvd/Smadar
53609,Bet HaKerem Blvd/Nesi'e Israel Blvd
53610,Tsahal/HaGalil
53611,Rabin Park/HaShalom Road
53612,Shahaf/Nesher
53613,Emek HaShalom/HaTavor
53615,HaPalmah/Honi Hame'agel
53616,HaPalmach
53617,HaBustan/HaPalmach
53618,Klil HaHoresh/Rabin Road
53619,Kupat Holim Leumit
53620,Al-Jalame
53621,Eastern Exit
53622,Halat Alfis
53623,Old Center
53624,Bank Mercantile
53629,Bank Mercantile
53630,Al-Noor School/302
53631,Al-Jalame
53632,HaKikar
53633,Entry to Vilage
53637,Tel Regev Sepharadic Community Cemetery
53638,Tel Regev Sepharadic Community Cemetery
53639,HaHagana/Yoni
53642,HaRav Bouskila/Zevulun
53644,Yigal Allon School/Nitsanim
53646,Ha'Arava/Eshel
53647,Nesher/Shahaf
53648,Nesher A
53649,Nesher/Pashosh
53650,Nesher/Dukhifat
53655,Meron Center
53656,Mitzpor School
53657,Ayelet HaShahar Junction
53658,Ayelet HaShahar Junction
53659,Tel Hatsor Junction
53661,Be'er Miryam Seminar
53662,Ta'am HaTsvi/Phase D
53663,Sifte Tsadik Yeshiva/Phase Gimel
53664,Anafa/Aanafa Trail
53665,Zamir
53666,Zamir/Tavas Lane
53667,Anafa
53669,Yesha Junction
53671,Ramot Naftali 2
53672,Yesha Junction
53674,Dishon/Exit
53675,Malkiya/Center
53676,Yesha Junction
53677,Mevo'ot HaHermon Commercial Center
53678,Kfar Sold/Center
53679,Kibbutz Shamir
53682,Dahlia/Rotem
53683,Golan Beach
53684,Golan Beach
53685,Familly Medical Center
53686,Gane Almona
53687,Council
53692,Mitspe Aviv G
53693,Mitspe Aviv D
53695,HaNassi/Municipal Swimming Pool
53696,Ha'Etzel/Nof Hermon
53697,HaEtsel Gimel
53698,Hare Yehuda/Hare Efrayim
53699,Hare Yehuda/Mt. Gilboa
53700,Efraim Mountains/Har Tsiyon
53701,Efraim Mountains
53702,Mount Zion Rotary
53703,Yitzhak Ben Zvi/Chaim Weizmann
53704,Al Khajar Archbishop/200
53705,Ibraim Nimr Hussein/Al-Huwara
53707,HMO/Nesiei Israel
53708,Efraim Mountains/Mt. Admon
53709,Efraim Mountains/Mt. Avital
53710,Aliyat HaNo'ar/Henrietta Szold
53712,Haim Moshe Shapira/Dukhifat
53713,Haim Moshe Shapira/Ahuva Ozeri
53714,HaEmek/Tsahal
53715,Urban Market/Tel Hai
53716,HaOranim/HaRakefet
53717,Mateh Asher Regional Council
53718,Mateh Asher Regional Council
53719,En HaMifrats Junction
53720,En HaMifrats Junction
53722,Sheshet HaYamim/Metsudot School
53725,Yekutiel Adam/Ya'kov Malul
53728,En HaZahav/HaNassi
53732,HaVradim/Menachem Begin
53733,Menachem Begin/HaVradim
53734,HaVradim/Havatselet A
53735,HaVradim/Hartsit
53736,Tel Hai School/HaNassi
53737,Hosha'ya Junction
53738,Hosha'ya/Tsiporit
53739,Hosha'ya/Tsiporit
53740,Aviv/Nesi'e Israel
53741,Meron Parking
53742,Meron Junction
53743,Gas Station/Megido Junction
53745,Ha'Atsma'ut Road/Masaryk
53747,Shlomit Quarter/Snunit
53750,Alein
53751,Ka'abiya B/Mosque
53752,Ka'abiya Junction/Ka'abiya North
53753,Ka'abiyye Intersection
53754,Hajajre A/Entry
53755,Nahalal Junction
53756,Zarzir Interchange
53757,Refreshing Station/Zarzir Interchange
53758,Zarzir A/Western Entrance
53760,Ghazalin
53761,Ghrifat Quarter D
53762,Ghrifat Quarter A/Entry
53764,Aiadat Junction/Ghrifat
53765,Mosque Road
53766,Commercial Center/7626
53767,Zarzir G
53768,Giv'at Ela Junction
53770,Bet Zarzir Local Council
53771,Jawamis/Mosque
53772,Bet Zarzir Local Council
53775,Al Heib 5
53776,Dhamaida Junction
53777,Dhamaida Junction
53778,Al Heib Quarter A/Entry
53779,Al Heib Quarter B/Mosque
53780,Al Heib 6
53781,HaMovil Junction
53782,Al Heib Quarter G/Center
53784,Moreshet Junction
53788,Eshkol Reservoir
53791,Kafr Manda/Shopping Center
53792,Aljabel Quarter B
53793,Western Quarter A
53794,Pharmacy
53795,Misgav Junction
53796,Eastern Quarter A
53797,Yuvalim Junction
53798,201/203
53799,201/203
53800,201/203
53801,201/609
53802,Ilut Junction
53803,Yafi School
53804,601/605
53805,Yafi'a Church
53806,301/305
53807,609/616
53808,301/313
53809,Yaf'i G/Kupat Holim
53810,Yaf'i D/Exit
53811,Jabel Ma'lul
53812,Al-Jabel A
53813,Karm Al Sahib C Quarter
53814,9004/5026
53815,Um Qubai/5104
53816,515 Street/Square
53817,Um Qubai/5035
53818,Haifa Road
53819,5026/5032
53820,Mifgash HaHoresh
53821,Haifa Road
53822,Almasharf Interchange  ?
53823,Bir al-Amir School
53824,Schneller Park
53825,Um Qubai/5035
53826,Karm Al Sahib B Quarter
53827,Safuriya/Entry
53828,Schneller High School
53829,Evangelical Garden
53830,5026/5039
53831,1006/1040
53832,Bir al-Amir
53833,Schneller Park
53834,Um Qubai/5071
53835,Almasharf Interchange  ?
53836,Karm Al Sahib A Quarter
53837,Pool
53839,Bir al-Amir
53840,Al Fakhura/1006
53841,Karrm A-Saheb/5043
53842,5026/5029
53843,Alhawas Schneller
53845,Haifa Road/5124
53846,Schneller School
53847,Schneller School
53848,Jabel Al-Dula Quarter
53850,Al Fakhura/1055
53851,Oma al-Arab/5057
53852,Oma al-Arab/5057
53853,Al Kurum School
53854,Al Kurum School
53855,Oma al-Arab/5074
53856,Al-Amara Quarter
53857,5022/5026
53858,Building no 4
53859,1054/1066
53860,Oma al-Arab/5046
53861,Um Qubai/Oma al-Arab
53862,Oma al-Arab/5046
53863,Al Kurum/5026
53864,5070/5075
53865,5070/5068
53866,Salizian School
53867,Na'amat School
53868,M. HaPo'alim/Yasser Arafat
53870,Al Kurum/Oma al-Arab
53871,Salesian School
53873,Paulus Hashishi/5115
53874,Halat a Dir/3024
53875,HaShoshanim Park
53876,Halat a Dir/3045
53877,Al Wadi Al Jawani/5070
53878,HaShoshanim Park
53879,Bilal/Safuriye
53880,Omar Ibn Al-Khattab/7064 Street
53881,Safuriye/Bilal Quarter
53882,English Hospital
53883,English Hospital
53884,7042/7040
53885,Halat A Dir/3013
53886,Salizian School
53887,3003/3008
53889,Al Wadi Al Jawani/5052
53890,Amal School
53891,Amal School
53892,3008/3100
53893,Sakhnin College
53894,Omar Ibn Al-Khattab/7090
53895,7045/7040
53896,Al Nabi Sa'ein Mosque
53897,Bayit 32
53900,3002/3006
53901,Paulus Hashishi/Tawfik Zayyad
53902,3002/3006
53903,Saint-Margaret School
53904,Rowos Al Jibal
53905,Castel School
53906,Commercial Center/Omar Ibn Al-Khattab
53908,Commercial Center/Omar Ibn Al-Khattab
53909,7012/7015
53911,Ingiliya School
53912,Soccer Stadium
53913,Soccer Stadium
53914,7018/7106
53915,Shuhada al-Aqsa A
53917,National Insurance
53918,Safuriye
53919,Commercial Center/Omar Ibn Al-Khattab
53920,Sakhnin Alshuhda
53921,Bilal/102926
53922,Commercial Center/Omar Ibn Al-Khattab
53923,Rowos Al Jibal/6050
53924,Wadi Al Hajaj/2004
53925,BIG Commercial Center
53926,Paulus Hashishi
53927,Omar Ibn Al-Khattab/7012
53928,Alkashlah Square
53929,Bilal/8016
53930,Rowos Al Jibal/7003
53931,Nazareth 7003/7005
53932,Safuriye/7008
53933,Pikud Tsafon Police
53934,Pikud Tsafon Police
53936,Bilal/8016
53937,Sakhnin Town Hall
53938,Safuriye A
53940,Dodge Center
53941,Safuriye/Police
53942,8015/8013
53944,HaGalil/Safuriye
53945,Ort School
53946,Ort School
53947,Shuk
53948,1029 A Street
53949,Nazareth North Junction B
53950,HaGalil/4000
53951,HaTsiyonut Road/Egoz
53952,Savyon/Hadar
53953,HaGalil/6004
53954,HaTsiyonut A
53956,Mall/HaTsiyonut Road
53957,Havatselet/Savyon
53959,HaTsiyonut/Tsipori
53960,HaShoshanim/Tsiporen
53961,Saint-Joseph School
53963,Keshet School/Savyon
53964,HaTsiyonut/Tsipori
53966,HaMerkava 2
53967,Yizre'el/HaHatsav
53968,Soccer Stadium
53971,Commercial Center/HaShoshanim
53972,Ma'ale Yitshak Blvd/Gilboa
53973,Tsipori/Hermon
53974,HaMuchtar Muhaneh/Tsipori
53975,Harod/Ariel Sharon Road
53976,HaMerkava 4
53977,Hermon/Karmel
53979,HaHatsav/Yizre'el
53980,HaYotser 1
53981,Ariel Sharon Road/Ma'ale Yits'hak
53982,Reina Local Council
53983,Ya'el/Yizre'el
53984,Harod/HaHatsav
53985,HaTe'ena/HaHita
53986,HaMored/Yizre'el
53987,Dado Center/Yizrael
53988,Habad School/HaTe'ena
53989,Sharett School/Yizre'el
53990,HaPsagot/Tavor
53991,HaMovil/HaYotser
53992,HaMovil/HaYotser
53993,Golan School
53994,Tirosh/Brosh
53995,Tirosh/Brosh
53996,HaLulav A
53997,Tirosh/Tamar
53998,Tirosh/Tamar
53999,Tavor/HaTsabar
54000,HaLulav/Ha'Arava
54001,Tavor/HaTsabar
54002,HaLulav B
54003,Yodfat/Arbel
54004,HaLulav G
54005,Kafr Reina Square
54006,Industrial Zone B
54007,Vradim/Tamar
54008,Nof HaGalil/6400
54009,Rassco Center
54010,Ha'Alonim/Vradim
54011,Vradim/Admon
54012,Nof HaGalil/North Entrance
54014,Mash'had Junction
54015,Golan/HaGay
54016,Mash'had Junction
54017,Gilad/Yarden
54018,Vradim A
54019,HaGalil Road/Gil'ad
54020,Ma'ale Yitshak Blvd/Yasmin
54021,Lema'an HaKashish Association
54022,Lema'an HaKashish Association
54023,Vradim/Gilad
54024,Gilad/Deganit
54025,Gilad/Deganit
54026,HaGalil/Gilad
54027,Kindergarten/Rotem
54028,Arraba H/Exit
54029,Tavor/HaGay
54030,Daliya/HaGome
54031,Karkum/Ma'ale Yitshak Boulevard
54032,Moran/Nitsan
54033,Moran/Nitsan
54034,Agmon/Atara
54035,Atara A
54036,Above the Spring
54037,Above the Spring
54038,Al-Marush
54039,Family Health
54040,Family Health
54041,Al Rowad College
54042,Har Yona Community Center/Yakinto
54043,Kupat Holim Leumit
54044,Industrial Zone
54046,Commercial Center/Ma'ale Yitshak Boulevard
54048,Industrial Zone/Ma'ale Yitshak
54049,School D
54050,Commercial Center/Ma'ale Yitshak Boulevard
54051,Church
54052,Kafr Kanna H/Kupat Holim
54053,Kafr Kanna V/Ma'ayan
54054,Clalit HMO/Yakinton
54055,Clalit HMO/Yakinton
54056,Commercial Center/HaMa'ayan
54057,Bank Mercantile
54058,Mail distribution center
54059,Ma'ale Yitshak/En Mahel
54062,Leumi Bank
54064,Al-Hamriye
54065,Pais Kindergartens
54066,Alh'lh Quarter
54067,Alh'lh Quarter/Square
54068,Al-Masla
54069,Center
54070,Al-Hula
54071,Al-Hamriye
54072,Old Muslim Cemetery
54073,Pais Club
54074,Ain Mahel Junction
54075,Kafr Kanna B/Junior High School A
54076,Commercial Center
54077,Kafr Kanna Z/Junior High School A
54078,Community School G
54079,Commercial Center
54080,Junior High School A
54081,Entry to Harat Albir
54082,Arraba H/Exit
54084,Community School G
54085,Community School G
54086,Kafr Kanna A/Ma'on
54087,En Mahel T/Exit
54088,En Mahel A/Entry
54089,Al-Awarah B
54090,Jabl Khweikha
54091,Alwa'ara Road
54092,En Mahel Exit
54093,En Mahel Entry
54094,Um Dalham
54095,Al Wara 1
54096,Um Dalham
54097,Kafr Kanna 14
54098,Al Wara 2
54099,Kafr Kanna 14
54100,En Mahel A/Elabara Quarter
54101,Al-Kurum 2
54102,Al Abhara
54103,Al-Bayder
54104,Kafr Kanna 15
54105,Kafr Kanna 15
54106,Western Quarter
54107,Dair Hanna/Community Policing
54108,Kupat Holim Meuhedet
54109,Local Council
54110,Local Council
54111,Dair Hanna Z/Local Council
54112,Dair Hanna/Entry
54113,Local Council
54114,Dair Hanna V/Main Road
54115,Dair Hanna/School
54116,Dair Hanna KH/Primary School
54117,Ailabun Center Junction
54118,Ailabun Junction/Center
54119,Ailabun North Junction
54120,Ailabun Entry
54122,Al-Hawaz
54123,Ailabun Square
54125,Wedding Hall
54126,Wedding Hall
54128,Maghar Z/Exit
54129,Maghar V/Primary School B
54130,Primary School
54132,Maghar Center/806
54133,Givat Avni Junction/Lavi
54134,Giv'at Avni Junction
54135,Tiberias Ilit Junction
54136,Yodfat School/Dahlia
54137,Ha'Alon/HaTe'ena
54138,Yaf'i G
54139,Yesud Hama'ala Junction
54140,Yaf'i A/Entry
54143,Eshbal Junction
54144,Tzalmon Creek
54145,Misgav Intersection
54146,Sheva Junction
54147,Moran Junction
54149,Eshbal Junction
54150,Ma'ale Kamon Junction/Road 85
54151,Eilabun Interchange/ to the South
54152,Yaf'i A/Entry
54153,Haifa Road/5104
54154,Sakhnin College/DMV
54155,Netafim Camp
54156,Pool
54157,Mitspe Netofa Intersection
54158,Netofa Junction
54159,HaMovil Junction
54160,Solelim Junction
54162,Bet She'arim Junction/Neve Ya'ar
54163,Mevo Hama
54164,Dair Hanna B/Primary School
54165,Bet Rimon Junction
54166,Afula Bypass Junction
54167,Bir al-Amir School
54168,HaMovil Junction
54169,HaLohem HaBedvi Junction
54170,HaGalil T
54171,Solelim Junction
54172,Nahalal Junction
54173,Hanaton Junction
54174,Dishon/Center
54175,Atzmon/Arbel
54176,Arbel/Golan
54177,Yakinton/Alumah
54179,Yakinton/Moran A
54180,Netofa School/Yakinton
54181,Yakinton/Nitsan
54182,Golan/HaGay
54183,Gilboa/Rimon
54184,Aviv/Katzir
54185,Natsrat North Junction
54186,HaGalil/Nimsawi Quarter
54187,Saint-Joseph School
54188,Mul Harim Shopping Center/Gilboa
54189,Namsawi Hospital
54190,Bet HaKerem/Eshkholot
54191,HaGalil/Elrom Quarter
54193,David Pinkas/Ha'Arba'a Road
54194,The Old City
54196,Evlayim Junction
54197,Somekh Junction
54198,Alonim Junction
54199,En HaShofet Center
54200,I'blin West Junction
54201,I'blin East Junction
54202,Shefar'am Parking
54204,Karmi'el Junction
54205,Manof Junction
54206,Moreshet Junction
54207,Yodfat Junction/784
54208,Yodfat Junction/784
54209,Maghar Exit
54210,Shesh Junction/Halfata Junction
54211,Mahva Alon
54212,Hananya Junction
54213,Shesh Junction/Halfata Junction
54214,Hananya Junction
54216,El Rom
54218,Ibn Haldon School
54219,Sharett School/Yizre'el
54220,Dado Center/Harod
54221,Kupat Holim/754
54222,Karm Al Sahib A Quarter
54223,City Center/Ort High School
54224,Kafr Manda Junction
54225,Nazareth Haifa Road
54226,Halat Alfis
54227,Migdal Ha'Emek 75 Junction/7555
54228,HaGalil/A-Salam
54229,Ta'am HaTsvi/Phase B
54230,Nahalal Junction
54231,Har Hakfitsa/Road 75
54232,Tsiporit Industrial Zone Interchange
54233,Nazareth Central Station
54235,Bne Yehuda Intersection
54236,Tsipori Interchange
54237,HaGefen/HaHita
54238,Migdal Ha'Emek Junction
54239,Cemetery
54241,Mitspa Junction
54242,Mitspa Junction
54243,Tsipori Interchange
54244,Pori'ya Junction
54245,Golani Interchange/Eastbound
54246,Pori'ya Junction
54247,Golani Interchange/Northbound
54248,Shimshon Camp Junction
54249,Golani Interchange/Westbound
54250,Kidmat Industrial Park Junction
54251,Shimshon Camp Junction
54252,Motta Gur Interchange
54254,Tel Hai Junction
54255,Ole HaGardom/Herzl
54256,HaVradim/Havatselet B
54258,HaLevanon/Ya'kov Malul
54259,HaVradim/Hakalanit
54260,HaVradim/HaHatsav
54263,Ramat Magshimim Center
54264,Sinai/HaBanim Blvd
54265,115 Street/Square
54266,Raina/Exit
54267,Tur'an Junction
54268,Hosha'ya Junction
54269,HaMerkava 6
54270,HaMerkava 5
54271,HaMerkava 8
54272,HaMerkava 7
54273,HaMerkava/HaSadna
54275,HaMovil/HaSadna
54276,HaMovil/HaSadna
54277,7086/7064
54278,7086/7064
54279,7064/7086
54280,7064/7086
54281,7064 Street/Omar Ibn Al-Khattab
54283,HaShoshanim Park
54284,5005/5129
54285,7106 Street/Karm Al Jamal
54286,Commercial Center
54287,Ya'el 1
54288,Ya'el 2
54290,Arbel School
54291,Industrial Zone Haroshet G/Ha'Avoda
54292,1029 A Street
54293,Ka'abiya G/Family health Clinic
54294,Giv'at Rashid
54295,152/155
54296,A-Shuhada Mosque
54297,Arabie/52
54298,City Hall
54299,Road 4
54304,Alone HaBashan Junction
54305,Haim Weizmann/Yitshak Ben Tsvi
54308,Dganya Bet Intersection
54311,Sa'ar Fall/Road 99
54312,Golan Industries Intersection
54313,Gshur Intersection
54314,Kela Alon Intersection
54316,Revaya Camp
54317,Revaya Camp
54318,Yehudiya/Yodfat
54319,HaMeshushim/Pa'amonit
54320,Sion/Sa'ar
54321,Sa'ar/Meron
54322,Zavitan/Yehudiya
54326,Kela Alon
54327,Almagor Junction
54328,Almagor Junction
54329,Amnon Beach
54330,Amnon Beach
54331,Kfar Nahum Intersection
54332,Kfar Nahum Intersection
54333,Tabgha Intersection
54334,Tabgha Intersection
54335,Kfar Nahum Junction
54340,Kfar Nofesh
54341,Yehudiya Junction
54342,Bethsaida Junction
54343,Bethsaida Junction
54344,Bethsaida Junction
54345,HaYarden Park Intersection
54346,Had Nes Intersection
54347,Had Nes Intersection
54349,Center/Had Nes
54352,Industrial Zone/Kinor David
54353,HaPerah BeGani/Ginat Egoz
54354,Hatsor HaGlilit Intersection
54355,Yitzhak Ben Zvi/Chaim Weizmann
54356,Chaim Weizmann/Chaim Herzog
54357,Gonen Junction
54358,Gonen Junction
54362,Shamir Intersection
54363,9779/918
54364,9779/918
54365,Kfar Sold Intersection
54366,Kfar Sold Intersection
54367,She'ar Yashuv Intersection
54368,She'ar Yashuv Intersection
54369,Tel Hai/HaYarden
54370,Tel Hai College
54372,Kfar Yuval Intersection/West
54373,Kfar Yuval Intersection/To East
54374,Bet Hilel Intersection/West
54375,Bet Hilel Intersection/To East
54376,HaGoshrim Junction
54377,HaGoshrim Junction
54378,Har VaGay School
54379,Snir Junction/Northern Entry
54383,Ne'ot Golan Center
54384,Chaim Herzog
54386,Bne Yehuda Center
54387,Bne Yehuda/Matnas
54388,Bne Yehuda Harhava
54389,Mitspe Golan School
54390,Nof Golan Mall
54392,Pick Helipad
54393,Pick Helipad
54394,Pick Helipad
54396,Ma'ale Gamla 1
54398,Ma'ale Gamla Intersection
54399,Ma'ale Gamla Intersection
54400,Kanaf Intersection
54401,Kanaf Intersection
54402,Daliyot Junction
54403,Daliyot Junction
54404,Gamla Nature Reserve Intersection
54405,Gamla Nature Reserve Intersection
54406,Chaim Herzog/Beitar
54407,Chaim Herzog/Nili
54409,Yiftahel Interchange/Exit to Highway 79
54410,Nofe Golan School/Sal'it
54411,HaMeshushim/Hadas
54412,Yiftahel Interchange/Entry from Highway 79
54414,Gilaboun/Tidhar
54416,Zavitan/Tidhar
54417,Ohalo College
54418,Zavitan/9088
54419,Yiftahel Interchange
54420,Mishte Intersection
54421,Keshet Junction
54423,Keshet Intersection
54424,Keshet Intersection
54425,Keshet
54428,Bashan Junction
54430,Tsnobar Junction
54431,Tsnobar Junction
54432,Nashut Junction
54433,Homa Camp
54434,Homa Camp
54436,Katsrin North Junction
54437,Kidmat Tsvi/9098
54438,Keren Camp
54439,Keren Camp
54440,Barak Camp
54441,Barak Camp
54442,Sa'ar Camp
54443,Sa'ar Camp
54444,HaShiryon Junction
54445,HaShiryon Junction
54446,HaShiryon Junction
54449,En Zivan Intersection
54450,En Zivan
54451,Kela Alon Intersection
54452,Kela Alon Intersection
54455,Ha'Emir Junction
54456,Ha'Emir Junction
54458,Lower Bental Junction
54459,Lower Bental Junction
54460,Avital Bental Square
54461,Square
54462,Bental Plant
54463,Merom Golan 1
54465,El Poran Camp
54468,Odem Intersection
54469,Odem Intersection
54473,Ain Kiniya/Southbound Square
54476,Sayeret Egoz Monument
54477,Sayeret Egoz Monument
54478,Neve Ativ/Exit
54479,Neve Ativ/Entry
54480,Neve Ativ/989
54481,Ya'ar Odem Junction
54482,978/98
54483,Ya'ar Odem Junction
54484,Council
54485,Council
54486,Mes'ada Junction
54488,Mas'ada 1
54489,Nimrod/Center
54490,Yiftahel Interchange/784
54492,Majdal Shams/989
54494,HaYarden/Ha'Amakim
54495,HaYarden/Ha'Amakim
54498,Magistrate Court/Moshe Sharett
54499,Road 4
54500,Kafr Sme'a Het
54501,Rocks Park 1
54502,Markaz Al-Maj
54503,Ka'ukab Exit
54504,Ka'ukab 14 A
54505,Ka'ukab 21 A
54506,Ka'ukab 21 B
54507,Ka'ukab 19
54508,Ka'ukab 21 G
54509,Ka'ukab 25
54510,Ka'ukab 24
54511,Bayader al-Ein
54512,Al-Jakhalin
54513,Al-Bayad
54514,Al-Krum
54515,Kurum Al-Jag
54516,Football Field
54517,Yeshu Square
54522,Western Exit
54523,Western Entrance
54524,Grocery store
54525,Grocery store
54526,Mosque
54527,Mosque
54528,Southern Entry
54529,Nein Regional School
54530,Main Square
54531,Western Quarter
54532,Southern Quarter
54533,Mosque
54534,Primary School
54536,Kupat Holim Clalit
54540,Mosque
54541,Womens Health Pais Station
54542,Eastern Quarter
54543,Southern Quarter
54544,Ramim/Ashur
54545,Hohit/Hartsit
54546,Hohit/Efroni
54547,Hohit/Nets
54548,Hohit/Marva
54549,Nahli'eli/Ancor
54550,Burla/Ahad Ha'Am
54552,Western Quarter
54553,Grocery store
54554,Grocery store
54557,Southern Quarter
54558,Um Al-Ghanam/Exit
54559,Israel National Trail Parking
54560,Clinic
54561,Clinic
54562,Grocery store
54563,Family Health Clinic
54564,Youth Club
54565,Northern Quarter
54566,Western Quarter
54567,Western Quarter
54571,Tayibe/Southern Exit
54572,Northern Quarter
54573,Regional Council
54574,Pais Youth Club
54575,Pais Youth Club
54576,Rumana/Entrance East
54577,Rumana/Eastern Exit
54578,Rumana/Western Entrance
54579,Rumana/Western Exit
54580,Heib/Southern Entry
54581,Heib/Southern Exit
54582,Mosque
54583,Heib 4
54584,Heib/Northern Entry
54585,Heib/Northern Exit
54586,Northern Quarter
54587,Central Square/Tayibe
54588,Al-Malloul B
54589,Al-Malloul/Al-Bukhari
54590,Al-Malloul H
54591,Nahalal/Al-Malloul
54592,Nahalal/Abu Bakr a-Sadik
54593,Ghrifat/Al-Malloul Yud Alef
54594,Ghrifat/Exit
54595,Garage G
54596,A-Sindian A
54597,A-Sindian D
54598,Garage/Tima'a
54599,Al-Bustan/A-Sindian
54600,Al-Bustan/Garage
54601,A-Sindian/Al-Busatin
54602,Beirut A
54603,Arab al-Mazarib/Jana B
54605,A-Sindian B
54606,A-Sindian G
54608,Arab al-Mazarib A
54609,Arab al-Mazarib/Al-Hadba
54610,Al-Malloul Z
54611,Al-Malloul/Al-Bukhari
54612,A-Rashid/Al-Malloul
54613,Al-Malloul/A-Rashid
54614,Al-Malloul/Al-Ahnaf Ibn Qais
54615,Garage B
54616,Beirut/Jana
54617,Beirut/Jana
54618,Hayalim Meshuhrarim Tet Zayin
54619,Hayalim Meshuhrarim Yud Zayin
54620,Hayalim Meshuhrarim Yud Dalet
54621,Hayalim Meshuhrarim Tet Vav
54622,Hayalim Meshuhrarim Yud Gimel
54623,Hayalim Meshuhrarim Yud Bet
54624,Hayalim Meshuhrarim Yud Alef
54625,Hayalim Meshuhrarim Y
54627,Pki'in Kaf Het
54628,Al Gharbiya T
54629,Al Gharbiya Het
54630,Al Gharbiya/Exit
54631,Al Gharbiya Z
54632,Birot B      ???
54633,Western Entrance
54634,Yanuh Jat 7
54635,Eastern Exit
54636,Yanuh Jat Het
54637,Yanuh Jat H
54638,Primary School
54639,High School
54640,Sports Field
54641,Primary School/Western
54642,Center/Western
54643,Tennis Center
54644,Center
54645,Ma'atuk
54646,Al-Mala
54647,Ha'O
54648,Al-Marj
54649,Zanghariyye B
54650,Zanghariyye G
54651,Local Council
54652,Al-Mal
54653,Migdal Junction
54654,Manshiyyat Zabda/Entry
54655,Manshiyyat Zabda/East
54656,Manshiyyat Zabda/East
54657,Youth Club
54658,Youth Club
54659,Village Mosque
54660,Manshiyyat Zabda/Center
54661,Manshiyyat Zabda/Center 2
54662,Yiftahel Interchange/Exit to Highway 784
54663,Yiftahel Interchange/Exit to Highway 79
54664,Tipat Halav
54665,Tipat Halav
54666,Center
54667,Nahal Tsalmon Interchange/West
54668,Nahal Tsalmon Interchange/To East
54669,Nahal Tsalmon Interchange/To East
54670,Al Gharbiya/Entry
54671,Sandala/Exit
54672,Northern Quarter
54673,Northern Quarter
54674,North East Quarter
54675,North East Quarter
54676,South East Quarter
54677,South East Quarter
54679,Western Quarter
54680,Sandala Center
54681,Awabda Quarter
54683,Bir Al Maksur 29
54684,Al-Mutanabi
54685,HaBulbul
54686,Ma'ale HaHar
54687,HaGalil Road/Road 2
54688,Comprehensive School
54689,Sports Hall
54690,Har Sikh School
54691,Muhamad Amin Huwaitah
54692,Al-Manzala
54693,Al-Manzala
54694,Al-Amal School
54695,Al-Amal School
54696,Kupat Holim
54697,Cemetery/Cemetery
54698,Al-Biada
54699,Al-Biada
54700,Al-Bayada
54701,Muhamad Mussa Hatib
54702,Araq Al-Zaj
54703,Mu'ad Family
54704,Al-A'bahara Square
54705,Kupat Holim
54706,Yosef Gadish/Kibbutz Galuyot
54707,Post Office
54708,Primary School G
54709,Marisat East
54710,Damuni Quarter
54711,Youth Pais Center
54712,A-Rashid
54713,Middle School/Comprehensive High School
54714,Mar Elias Square
54715,Mar Elias Square
54716,New Primary School B
54717,Southern Sports Hall
54718,Al-Matla
54719,Damuni Quarter
54720,Diab Supermarket
54721,Tipat Halav
54722,Albmroni School
54723,Old Local Council
54724,Faisal Market
54725,Faisal Market
54726,Al-Wad Square
54727,Al-Wad Square
54728,Cemetery
54729,Cemetery
54730,Mazra'a/Southern Entry
54731,Tabash A
54732,Tabash B
54733,Local Council
54734,Ka'abiya H
54736,Hajajra D
54737,Hajajra G
54738,Hajajra Entry
54739,HaGay
54740,Al-Quds 3
54741,Al-Quds 8
54742,Al-Quds 9
54743,HaGay
54744,Al-Quds 1
54745,Safouriye 3
54746,Safouriye 2
54747,Safouriye 5
54748,Safouriye 1
54749,Al-Quds 4
54750,Al-Quds 7
54751,Al-Quds 5
54752,Al-Quds 6
54753,Muflah Sa'id 1
54754,Ma'alul 2
54755,Fadel Abu Ras 1
54756,Muflah Sa'id 3
54757,Muflah Sa'id 2
54758,Muflah Sa'id 4
54759,Fadel Abu Ras 6
54760,Fadel Abu Ras 2
54761,Fadel Abu Ras 5
54762,Muflah Sa'id 1
54763,Al-Majdal 2
54764,Al-Majdal 1
54765,A-Shuhadaa 2
54766,Western Quarter 1
54767,Western Quarter 2
54768,Iksal Industrial Zone
54769,Iksal Industrial Zone
54770,Iksal 11
54771,Cemetery
54772,Iksal 3
54773,Eastern Mosque
54774,Eastern Mosque
54775,Dahi/Exit
54776,Western Quarter
54777,Northern Quarter
54778,Mosque
54779,Southern Quarter
54780,Fadel Abu Ras 3
54781,Ilut Ain
54782,Bait Jan 8
54783,Bait Jan 9
54784,Bait Jan 10
54785,Bait Jan 16
54786,Bait Jan 7
54788,Bait Jan 5
54789,Bait Jan 6
54790,Bait Jan 2
54791,Bait Jan 13
54792,Bait Jan 14
54793,Bait Jan 15
54794,Bait Jan 1
54795,Bait Jan 12
54796,Bait Jan 11
54797,Herzl/Sheshet HaYamim
54798,Eli'ezer Peri/Trumpeldor
54799,Bet Ha'Shita Intersection
54800,Eastern Quarter 2
54801,Eastern Quarter
54802,Southern Quarter
54803,Cemetery
54804,Central Mosque
54805,Hayalim Meshuhrarim
54806,Raina New Entry
54807,Bet HaYedidut
54808,Elementary School B
54809,Abu Shushi Tomb
54810,City Hall
54811,Al Atisam Mosque
54812,Al-Kassila
54813,Northern Quarter
54814,Cemetery
54815,Road 2
54817,Kupat Holim
54818,Eastern Exit
54819,Office/Gdud 21
54820,HaHatzav Road/HaHartziot Lane
54821,Sports Hall/Al-Kharoub Soldiers Quarter
54822,Al-Kharoub Soldiers Quarter/Middle
54823,Power Station/Al-Kharoub Soldiers Quarter
54824,Al-Kharoub Soldiers Quarter/Square
54825,Al-Kharoub Soldiers Quarter/Entry
54826,Al-Dar Al-Gharbiyya 6
54827,Al-Dar Al-Gharbiyya 5
54829,HaHistadrut Junction
54830,Karm A-Rajma 2
54831,Road 2/Western Entrance
54832,Market Quarter
54833,Tsalmon Prison
54834,Kfar Barukh Railway Station/Alight
54835,Kfar Barukh Rail Station
54836,Kfar Barukh
54837,Afula Railway Station/Alight
54838,Afula Railway Station/Boarding
54839,Bet She'an Railway Station/Alight
54840,Kfar Yehoshua Railway Station/Alight
54841,Kfar Yehoshua Railway Station/Boarding
54842,Bet She'an Railway Station/Boarding
54843,Rabbi Yaakov Moshe Toledano/Yosef Trumpeldor
54844,Ahavat Tsiyon/HaRambam
54845,Ya'akov Makhluf/Ha'Atsmon
54846,Ya'akov Makhluf/Borochov
54847,Ha'Arba'a Boulevard/Yerushalayim HaBira
54848,Bet She'an Municipality
54849,Shaul HaMelekh/HaBanim Road
54850,Moshe Sharett/Golda Meir
54851,Moshe Sharett
54852,Moshe Sharett/Rafael Eitan
54853,Yitshak Rabin Boulevard/Ma'apile Egoz
54854,Yitshak Rabin Boulevard/Ma'apile Egoz
54855,Yitshak Rabin Boulevard/HaPalmach
54856,Yitshak Rabin Boulevard/HaPalmach
54863,Tel Te'omim
54864,Sdei Trumot
54865,Yif'at
54866,Geva Junction
54867,HaGay/HaMaayan
54868,Kfar HaHoresh
54869,HaHoresh/HaShaked
54870,HaHoresh/HaHaruvim
54871,Al Halat
54872,Al Halat 3
54873,Commercial Center
54874,Commercial Center
54875,Jish Industrial Zone
54876,Jish Industrial Zone
54877,Kindergarten
54878,Kindergarten
54879,Southern Quarter
54880,Eastern Quarter
54881,Eastern Quarter
54882,Council
54883,Post Office
54884,High School/Buk'ata
54885,Football Field
54886,Karm Nahla
54887,A-Zeituna
54888,Al-Qaraj
54889,Balal Ben Rabakh
54890,Kabul/Western Entrance
54891,Notre-Dame School
54892,Al-Bathaa/Darb Al-Hamra
54893,Darb Alhamra/Albat'ha'a
54894,Al-Bathaa/Tariq Al-Birka
54895,Al-Bathaa/Tariq Al-Birka
54896,Sawad Southern Quarter
54897,Sawad Southern Quarter
54898,Kafr Kana Northern Industrial Zone
54899,Kafr Kana Northern Industrial Zone
54900,Kafr Kanna Stadium
54901,Kafr Kanna Stadium
54902,Afula Rail Station/Yoash Dubnov
54903,Afula Rail Station/Yoash Dubnov
54904,Student Dorms/Yoash Dubnov
54905,Country Club/Yoash Duvnov Avenue
54906,Ghajar/Entry
54907,Ibtin North West
54908,School/Ibtin
54909,Ibtin Southern Quarter
54910,Ibtin Southern Quarter
54911,Kafr Manda/Exit
54912,Uzeir Southern Quarter 2
54913,Uzeir Southern Quarter 1
54914,Uzeir Southern Quarter 3
54915,Uzeir Northern Quarter
54916,Uzeir Northern Quarter
54917,HaGay/HaHoresh
54918,HaGay/HaHoresh
54919,HaGay/HaMapal
54920,HaGay/HaPetel
54921,HaGay/HaEucalyptus
54922,HaMapal
54923,HaMapal
54924,HaGay/Yits'hak Rabin Blvd
54925,HaGay/Yits'hak Rabin Blvd
54926,Education City/HaGay
54927,Swaad/Exit
54928,Eastern Quarter
54929,Ibtin School
54930,Eilabun Entry
54931,Sport Center
54932,Sport Center
54933,Eastern Quarter
54934,Eastern Quarter
54935,Sports Ground/Swaad
54936,School E
54937,School E
54938,Alein Mosque
54939,Almutanabbi
54940,Alsahlian
54941,Alrahma
54943,Muaad Bin Jabel
54944,Al-Baz
54945,Fifth High School
54946,Al Taba'in
54947,Al Taba'in
54948,Al Babur
54949,Al Birqe
54950,Muqeible/Terninal
54951,Eastern Quarter/Muqeible
54952,Southern Quarter/Muqeible
54953,Northern Quarter/Muqeible
54954,Western Quarter/Muqeible
54955,Cemetery/Muqeible
54956,Hayalim Meshuhrarim  Al Harub
54957,Road 89/Parking
54958,HaCarmel/HeAtid
54959,Al Jalil/Southern Exit
54960,Al Jalil/Southern Entry
54961,Al Jalil Center 4
54962,Al Jalil Center 3
54963,Al Jalil Center 2
54964,Al Jalil Center 1
54965,Al Jalil/Northern Entry
54966,Al Jalil/Northern Square
54967,Hadas/Brosh
54968,Hadas/Alon
54969,Brosh/Hadas
54970,Brosh/Hadas
54971,Oren/Arava
54972,Oren/Arava
54973,Oren
54974,En Zetim Junction
54975,Office
54976,Clinic
54977,Shezor
54978,Beit Ha'am
54979,Yeshiva/HaZayit
54980,Yeshiva/HaZayit
54981,HaZayit/HaHita
54982,HaZayit/Ha'Arava
54983,HaRimon/HaZayit
54984,Office
54985,Kalanit 1
54986,Kalanit 2
54987,HaRimon/HaShikma
54988,HaRimon/HaZayit
54989,HaRimon/HaGefen
54990,Mitspe/Horesh
54991,Secretariat/HaTeenim
54992,Mitspe/Yefe Nof
54993,Meron 2
54994,Meron 1
54995,Office
54996,Regional/Merom
54997,Kfar Shamay 1
54998,Synagogue
54999,Kfar Shamay 2
55000,Ibn Gvirol/Masada
55001,Ibn Gvirol/Komemiyut
55002,Ibn Gvirol/Smilansky
55003,Ibn Gvirol/HaNevi'im
55004,Ibn Gvirol/Smilansky
55005,Ibn Gabirol
55006,Giv'at Hamoreh Park
55007,Ibn Gvirol/Jabotinsky
55008,Giv'at Hamoreh Park
55009,Al Mansura Qtr.4
55010,Um El Ganem Junction
55011,Al Mansura Qtr 3
55012,BIG Center
55013,Al Mansura Qtr 2
55014,Ha'Irusim/Ha'Erez
55015,Marj Ibn Amar/El Fakhura
55016,Middle School
55017,Al Mansura Qtr 6
55018,Local Council
55019,Pais Club for retirees
55020,Ha'Irusim/Sayfan
55021,Ha'Irusim/Sayfan
55022,Ha'Irusim/Hatsav
55023,Ha'Irusim/Hartsit
55024,Ha'Irusim/Nurit
55025,Ha'Irusim/Hartsit
55026,Ha'Irusim/Sahlav
55027,Ha'Irusim/Sahlav
55028,Ha'Irusim/Sitvanit
55029,Ha'Irusim/Sitvanit
55030,Al Mansura Qtr 1
55031,Nir Yafe A
55032,Nir Yafe B
55034,Al Mansura Qtr 7
55035,Al Mansura Qtr 8
55037,Ha'Irusim/Nurit
55038,Atsmon School/Tavor
55039,Bir Abu Ghosh
55040,Mishlav Retirement Home/Jabotinsky
55041,Sports Hall
55042,Guest House
55043,Afula Municipality/HaBanim
55044,Atzmon/Shomron
55045,City Hall/Gilboa
55046,Beit Ha'am
55047,Ha'Emek Hospital
55048,Ha'Emek Hospital
55049,HaEmek Hospital Administration
55050,City Library/Yitzhak Rabin
55051,Al Khamsa Qtr 2
55052,Ort School/Sokolov
55053,Alumot School/Yitshak Sade
55054,Me'ir School/Begin Boulevard
55055,Habad School
55056,Kupat Holim/Hermon
55057,Keren HaYesod/Sheshet HaYamim
55058,Ben Gurion/Alon
55059,Ben Gurion/Rotem
55060,Ben Gurion/Dolev
55061,Ben Gurion/Rotem
55062,Ben Tsvi/Hofit
55063,Yitshak Ben Tsvi/Yigal Cohen
55064,Ben Tsvi/Herzog
55065,Yitshak Ben Tsvi/HaBrigada HaYehudit
55066,Yitshak Ben Tsvi/Haruge HaMalkhut
55067,Yitshak Ben Tsvi/HaShoftim
55068,Kupat Holim/Hermon
55069,Country Club/Yitzhak Rabin Avenue
55070,Club
55071,Gilboa/Ma'ale Illit
55072,Shoshanat Ha'Amakim/Pninat Ha'Emek
55073,Shoshanat Ha'Amakim/HaSavyon
55074,Al Khamsa Qtr 3
55075,Al Khamsa Qtr 5
55076,HaShoshanim/Tsiporen
55077,Kupat Holim
55078,Golani Road/David Elazar Dado
55079,Dolev/Yitshak Sade
55080,Al Khamsa Qtr 4
55082,Ha'Emek Road/HaDekalim Alley
55083,Ha'Emek Plants
55084,Ha'Emek Road/Keren HaYesod
55085,Ha'Aviv/HaShomron
55086,Ha'Aviv/HaShomron
55088,Al Khamsa Qtr 7
55089,Erez/Shikma
55090,Erez/Ha'Ela
55091,HaBanim/Wolfson
55092,Afula Municipality/HaBanim
55093,HaBroshim/HaKishon
55094,Al Khamsa Qtr 6
55095,HaRav Ovadia Yosef/HaRimon
55096,HaGefen/HaHoresh
55097,Al Khamsa Qtr 8
55098,Migdal HaOr Park/HaRav Ovadia Yosef
55099,Migdal HaOr Park/HaRav Ovadia Yosef
55100,HaGefen A
55101,HaGefen A
55102,HaGefen/Eli Cohen
55103,HaRav Ovadia Yosef/HaRimon
55104,HaGefen/Eli Cohen
55105,HaGefen/HaHita
55106,Al Khamsa Qtr 9
55107,HaHagana/HaPalmach
55108,Al Gamsha Quarter/by School
55109,Ha'Emek Road/Ha'Ariza
55110,Al Gamsha Quarter/by School
55111,HaHita/Ma'ale Yitshak Boulevard
55112,Khamsa/Rs Habiya
55114,Ras el Habiya 2
55115,Hekhal HaTarbut/Hativa Tesha
55116,Hekhal HaTarbut/Hativa Tesha
55117,HaYasmin/HaMishak
55118,Bituach Leumi
55119,Hamelaha/Yehoshua Hankin
55120,Henrietta Szold/Russell
55121,Henrietta Szold/Janusz Korczak
55122,Henrietta Szold/Shadmit
55123,Ras el Habiya 3
55124,Ras el Habiya 4
55125,Fire Brigade Junction
55126,Ras el Habiya 5
55127,Ariel Sharon Road/Savyon
55129,Ha'Atsma'ut/Shalom Alekhem
55130,Ha'Atsma'ut/HaLotem Alley
55131,Ha'Arava/Klil HaHoresh
55132,Ha'Arava
55133,Ha'Arava/Klil HaHoresh
55134,HaTsabar/HaTe'ena
55135,Elementary School/Al Harik Quarter
55136,Al Harik Qtr 2
55137,Karmiel Rail Station/Platforms
55138,HaRav Ya'akov Moshe Toledano/Mizug Galuyot
55139,Karmiel Rail Station
55140,HaRav Ya'akov Moshe Toledano/Dvora HaNevi'a
55141,Herzl/Shivte Israel
55142,Herzl/Rashi
55143,Commercial Center/Kaplan
55144,HaHagana/Herzl
55145,Ahihud Rail Station/Alight
55146,Ahihud Rail Station/Platforms
55147,Commercial Center/HaShoshanim
55148,Ha'Arava/HaShikma
55149,Tavor/Nof Tavor
55150,Hanita Forest/Yasmin
55151,Mishlav Retirement Home/Jabotinsky
55152,Hanita Forest/Yasmin
55153,Ha'Aviv/Zevulun
55154,HaHursha/Dror
55155,Zevulun/Kadesh
55156,Koresh/Heharish
55157,Zalman Shazar/Tsaftsafa
55158,Old Cemetery/Ma'ale Yits'hak
55159,Tsukit/Tavlan
55160,Fire Fighters/Hativa Tesha
55162,Hativat Golani Road/HaOranim
55163,HaHursha/Snunit
55164,Hativat Golani Road/Ha'Arazim
55165,Weizmann/Ela
55166,Forest/Arazim Rd
55167,Weizmann/Eshel
55168,Weizmann/Rimon
55170,Forest/Arazim Rd
55171,Trumpeldor/Mizug Galuyot
55172,Yosef Trumpeldor/Mizug Galuyot
55173,HaMeyasdim/HaTnufa
55174,Azulay/Uzi'el
55175,Youth Ctr/Azulay
55176,Hamelaha/Yehoshua Hankin
55177,Hazan/Y.Stern
55178,Ya'akov Makhluf/Ha'Atsmon
55179,Ben Gurion
55180,Ya'akov Makhluf/Yehuda Halevi
55181,Ya'akov Makhluf/Borochov
55182,HaRav Uzi'el/Sheshet HaYamim
55183,Ya'akov Makhluf/HaRav Yitshak HaCohen Kook
55184,Hazan/Ayalon
55185,Bareket/Sapir
55186,Yitshak Sade/Wingate
55187,Yitshak Sade/Yigael Yadin
55188,Avraham Yoffe/Yitshak Sade
55189,Yitzhak Shemesh/HaTomer
55190,Yitzhak Shemesh/Moshe Dayan
55191,Yitzhak Shemesh/Ya'akov Machloof
55193,Yerushalayim/Menachem Begin Avenue
55195,Yerushalayim HaBira/HaShaham
55196,Yerushalayim HaBira/Ahad Ha'Am
55197,Yerushalayim HaBira/Sha'ul HaMelekh
55198,Yerushalayim HaBira/HaNegev
55199,Yerushalayim HaBira/Abir Ya'akov
55200,Yerushalayim HaBira/HaTomer
55201,Yerushalayim HaBira/HaMa'apilim
55202,Yerushalayim HaBira/Yosef Brenner
55203,Yerushalayim Boulevard/Hankin
55204,Bareket/Nofekh
55205,Koresh/Shibolim
55206,Koresh/Shibolim
55207,Dado Center/Yizrael
55208,HaBanim Boulevard/Ha'Emek Road
55209,Sapir/Bareket
55210,Ha'Atsma'ut Square
55211,Sapir/Shoham
55212,Koresh/Ben Gurion Road
55213,Shata Prison
55214,Shata Prison
55215,Shapsoa/Ma'rs
55216,Kafr Dahi
55219,Kafr Misr
55220,Kfar Kish A
55221,
55222,Leshem/Shoham
55223,Kafr Shibli
55224,Ort Comprehensive High School
55225,Absorption Center/Karmel
55226,Karmel
55227,Karmel
55228,Ort Comprehensive High School
55229,Postal Boxes/HaHatsav
55230,Ibn Omar
55231,Migdal Ha'Emek Central Bus Station/Platforms
55232,Grocery store
55233,HaYasmin/HaNadiv
55234,Hamahtsavot Junction
55235,Entrance East
55236,Guest House Terminal
55237,Ort School/Sokolov
55238,Kadmani Plant
55239,Me'ir School/Begin Boulevard
55240,Country Club/Yitzhak Rabin Avenue
55241,Shoshanat Ha'Amakim/HaSavyon
55242,Kadmani Plant
55243,Mukebil Qtr
55244,Ha'Arava/Nahal Hatzvi
55245,Pool
55246,Gan Yarok Intersection
55247,Yizre'el/Atsma'ut
55248,City Hall/Gilboa
55249,Mivne Mall/HaHativot Road
55250,Koresh/Heharish
55251,Mukebil Qtr
55252,Osman East Entry
55253,Fire Fighters/Hativa Tesha
55254,Cultural Center/Ma'ale Yitshak
55256,Ort Yigal Allon/Ma'ale Yits'hak
55257,Pais Center/Weizmann
55258,Karmel/Gilboa
55259,Paulus Hashishi/3030
55260,Government Complex/HaTsiyonut Road
55261,Osman East Entry
55262,HaTsiyonut/Ha'Emek Road
55263,Emek Yezre'el College
55264,Emek Yezre'el College
55265,Shefa-Amr Mall
55266,Avital A
55267,Avital B
55268,Avital G
55269,Avital D
55270,Adirim A
55271,Adirim
55272,Adirim G
55273,Moshav Barak A
55274,Al-Zaytun/Al-Ruman
55275,Moshav Gadish
55276,Moshav Dvora
55277,Al-Zaytun/Al-Manajis
55278,Metav A
55279,Metav B
55280,Metav G
55281,Mele'a A
55282,Mele'a B
55283,Prazon A
55284,Prazon B
55285,Prazon G
55286,Prazon D
55287,alZeitun/N.Aldor
55288,Ramat Tsvi
55289,Sawad Qtr
55290,AlWadi Qtr
55291,Na'ura Interchange
55292,Wadi AlSakiya
55293,Nof HaGalil College/Ma'ale Yits'hak
55294,Al-Wasfiyeh School
55295,Gane Nazareth Hotel
55296,Netsrat South Junction
55297,Plazza Hotel/Karmel
55298,Golden Crown Hotel
55299,Wadi AlSakiya
55300,Archangel Gabriel Monastery
55304,AlSakiya/Darwish
55305,Avital Intersection
55307,Industrial Zone/71
55308,Industrial Zone/7078
55311,Iksal Junction/Marj Ibn Amar
55312,Iksal Interchange
55313,AlSakiya/Darwish
55314,Bet Alfa Intersection
55315,Bet Alfa Intersection
55316,Bet Ha'Shita Intersection
55317,Bet Ha'Shita Intersection
55318,Ha'Emek Road/HaMagal
55319,Beit Colin Junction
55320,Balfuriya Intersection
55321,Balfuriya Intersection
55322,Geva Intersection
55323,Geva Intersection
55324,Giv'at Hamoreh Junction
55325,Kf.Blum Jct/9778
55326,Yitshak Rabin/David Elazar
55327,Kfar Blum/9778
55329,Gan HaShlosha Junction
55330,Gan HaShlosha Junction
55331,Ginegar Intersection
55332,Ginegar Intersection
55333,Dovrat Intersection/Alon Tavor
55334,Dovrat Intersection
55335,HaYogev Intersection
55336,HaYogev Intersection
55337,Sheshet/Nesi'im
55338,Heftsiba Intersection
55339,Heftsiba Intersection
55340,Na'ura Junction
55341,Tamra Intersection
55342,Atsma'ut/Struma
55344,Kfar Gid'on Intersection
55345,HaBanim/Sara Malkhin
55346,HaBanim/Sara Malkhin
55349,Kafr Kama Intersection
55350,Kafr Kama Intersection
55351,Tid'har/HaBanim
55353,Kafr Misr Intersection
55354,Nitsanim/Hemar
55355,Kfar Tavor Junction
55356,Kfar Tavor Junction
55357,Midrakh Oz Intersection
55358,Midrakh Oz Intersection
55359,Beit Colin Junction
55360,Nitsanim/Hemar
55361,Moledet Intersection
55362,Mizra Intersection
55364,Gid'on Camp Junction
55365,Gid'on Camp Junction
55366,Amos Camp Intersection
55369,Mesulot Intersection
55370,Mesulot Intersection
55371,Ma'oz Hayim Junction
55372,Ma'oz Hayim Junction
55373,Ma'ale Gilboa Junction
55374,Ma'ale Gilboa Junction
55375,Sinai/HaBanim
55376,Moshav Merhavya Junction
55377,Moshav Merhavya Junction
55378,Merhavya Junction
55379,Merhavya Junction
55380,Rehabilitation Center/Ha'Emek Road
55381,Mishmar Ha'Emek Intersection
55382,Mishmar Ha'Emek Intersection
55383,Neve Etan Junction
55384,Neve Etan Junction
55385,HaBanim Boulevard/Nof Ha'Emek
55388,HaTsvi/HaSharon
55389,Nir David Junction
55390,Nir David Junction
55391,HaTa'asiya
55392,Moledet Junction
55393,Smadar Intersection
55394,Sagi 1-2000 Inds
55395,Sagi 5-2000 Inds
55396,Sagi 4-2000 Inds
55397,En Dor Intersection
55398,En Dor Intersection
55399,En Harod Ihud Junction
55400,Golani Road/Komemiyut
55401,Golani Road/Kaplan
55402,HaZore'a Junction
55403,HaZore'a Junction
55404,Kibbutz Yizre'el Junction
55405,Kibbutz Yizre'el Junction
55406,Ancient Megiddo Intersection
55407,Ancient Megiddo Intersection
55408,Sagi 3-2000 Inds
55409,Sagi 2-2000 Inds
55410,Sde Eli'ezer 1
55411,Sde Nahum Junction
55412,Sde Nahum Junction
55413,Shadmot Dvora Intersection
55414,Shadmot Dvora Intersection
55415,Sarona Intersection
55416,Sarona Intersection
55417,Tel Adashim Intersection
55418,Tel Adashim Intersection
55419,Paulus Hashishi/HaGalil
55420,Office
55421,Mesilot
55423,Regional - Plants
55424,Regional - Plants
55425,Ha'Arba'a Blvd/Motta Gur
55426,Sde Eli'ezer 5
55427,Education Center/Weizmann
55428,Tayibe
55429,Bet HaRishonim
55430,Gilboa/Rimon
55431,School
55432,Henrietta Szold/Ibn Gvirol
55433,Sde Eli'ezer 4
55434,Commercial Center/Ha'Emek Road
55435,Old Cemetery/Ma'ale Yits'hak
55436,Idan Center
55437,Idan Center
55439,Atzmon/Arbel
55440,Clinic
55441,Office
55442,Police
55443,Police
55444,Police/HaBanim Boulevard
55445,Office
55446,Ramot Naftali/East Gate
55447,Nof Ha'Emek/Ha'Iris
55448,Rakafot/Narkisim
55449,Nahal Hatzvi/Alumot
55450,Nahal Hatzvi B
55451,Nahal Hatzvi/Alumot
55452,Nahal Hatzvi C
55453,Nahal Hatzvi A
55454,Nahal Hatzvi/Ha'Arava
55455,Menashe Park Junction
55456,Ramat Menashe Intersection
55457,Kf.Blum/Harhava
55458,Yuval 3
55459,Nimsawi Quarter
55460,Yuval 2
55461,Na'ura Square
55462,Yuval 5
55463,Keshet School/Savyon
55464,Yuval 6
55465,Yuval/West Gate
55466,Sokolov/Ha'Olim
55467,Sokolov/Ibn Ezra
55468,Naftali/HaHula
55469,En Dor A
55470,En Dor B
55471,City Hall
55472,HaTayelet
55473,Aliyat HaNo'ar/Yigal Cohen
55474,Henrietta Szold/Aliyat HaNo'ar
55475,Aliyat HaNo'ar/Connecticut Boulevard
55476,Aliyat HaNo'ar/Tsofit
55477,Aliyat HaNo'ar/Tsofit
55479,Aliyat HaNo'ar/Connecticut Blvd
55480,Aliyat HaNo'ar/Yigal Cohen
55481,HaNassi Weizmann/Ha'Atsma'ut Square
55482,Atzmon/Meron
55484,Paulus Hashishi/3033
55485,Dir Santa School/Paulus Hashishi
55486,Paulus Hashishi/5089
55487,HaGalil/6013
55488,HaMa'ayan/Paulus Hashishi
55489,Nof Ha'Emek/Ha'Iris
55490,Sde Nahum
55491,Sde Nahum
55492,Canada Sport Ctr
55493,Fakhura
55494,Amarj Ibn Amer/2008
55495,Omen Junction
55496,Omen Junction
55497,Omen Junction
55498,El'yakim Interchange
55499,El'yakim Interchange
55500,Yirka/Entrance East
55501,Yirka/Eastern Exit
55502,Gazit Junction
55503,Gazit Junction
55504,Gazit Junction
55505,HaSargel Junction
55506,HaSargel Junction
55507,HaSargel Junction
55508,Tavor Junction
55509,Tavor Junction
55510,Tavor Junction
55513,HaTishbi Junction
55514,Hever Junction
55515,Hever Junction
55518,Yizre'el Junction
55519,Yizre'el Junction
55521,Yokne'am HaMoshava Junction
55522,Yisakhar Junction
55523,Yisakhar Junction
55525,Barukh Junction
55527,Commercial Center
55528,Yonatan Garden
55530,Ha'Arazim/Ma'ale Erez
55531,Megido Junction
55532,Megido Junction
55533,Megido Junction
55534,Mesilot Junction
55535,Mesilot Junction
55536,Ma'oz Hayim Junction
55539,Tel Yosef Junction
55540,Tel Yosef Junction
55541,Agur/Tsukit
55542,Rishonim Club
55543,Kadesh/Ha'Atsma'ut
55544,Kadesh/HaRotem Alley
55545,Kadesh/Struma
55546,Kadesh/HaLivne Alley
55547,HaKanarit Alley/Kadesh
55548,Sde Eli'ezer 2
55549,Sde Eli'ezer 3
55550,Komemiyut/Sha'ul Tchernichovsky
55551,Komemiyut/Tchernichovsky
55552,Komemiyut/Golani Road
55553,Connecticut/Jabotinsky
55554,Connecticut/Jabotinsky
55555,Connecticut Blvd/Dukhifat
55556,Rishonim/Morag
55557,Yits'hak Rabin Blvd/Shufersal
55558,HaBanim Blvd/HaKishon
55560,Giv'at Oz
55561,Gazit
55562,Gazit
55563,Tid'har/Sh.Amor
55564,Bilal/7079
55565,al Kastel School
55566,HaBroshim/HaKishon
55567,Kaplan/Remez
55568,Bilal/102926
55569,Kfar Blum
55570,KKL/Yehuda Halevi
55571,Government Complex/HaTsiyonut Road
55572,Education Center
55573,Keren HaYesod/Sheshet HaYamim
55574,Keren HaYesod/Ha'Emek Road
55575,Hativat Golani Road/Keren HaYesod
55576,Keren HaYesod/HaNessi'im
55577,Keren HaYesod/Sheshet HaYamim
55578,Kfar Blum/Road 9778
55579,Bet She'an Term./Boarding
55580,Bet She'an Terminal/Alight
55581,HaTidhar/Education Center
55582,Yiftahel Interchange/Exit to Highway 7915
55583,Office-Liman
55584,Shapsoa/Nasha
55585,Ham-Ug/Bislani
55586,Safsaf/Zafah
55587,Alon/Yitshak Sade
55588,HaGefen/Kindergarten
55589,Ramat Yizra'el/HaZayit
55590,Ramat Yizra'el/Ha'Emek Road
55591,HaRav Bouskila/Zevulun
55592,Nahli'el Girl School
55594,She'ar Yashuv 3
55595,Rakafot/Rakefet Lane
55597,Rakafot/Dvoranit
55598,Sha'ul HaMelekh/Dvora HaNevi'a
55599,Sha'ul HaMelekh/Dvora HaNevi'a
55600,Sha'ul HaMelekh/Tidhar
55602,French Hospital
55604,Shiv'at HaMinim/Se'ora
55605,Shiv'at HaMinim/Te'ena
55606,HaMoshava 1
55607,Menahem Begin Boulevard/Ben Gurion
55608,Vered HaYarden 2
55609,Vered HaYarden 1
55610,Library
55611,Bne Tsfat 1
55612,Harhava
55613,Office
55614,Office
55615,Interior Ministry/Menachem Begin Avenue
55616,Urban Market
55617,Shoshanat Ha'Amakim/HaMishak
55618,Shoshanat Ha'Amakim/HaPa'amonit
55619,Shoshanat Ha'Amakim/HaMishak
55620,Shoshanat Ha'Amakim/Nof Ha'Emek
55621,Shoshanat Ha'Amakim/HaKitsanit
55622,Shoshanat Ha'Amakim/Havatselet
55623,Shoshanat Ha'Amakim/Pninat Ha'Emek
55624,City Library/Yitzhak Rabin
55625,Beit Ha'am
55626,Entrance
55627,Elifelet 1
55628,Magen David Adom/HaHistadrut
55629,Family Health Clinic
55630,Ha'Arava/HaShikma
55631,Library
55632,Tavor/Rakefet
55633,Tavor/Kishon
55634,HaTidhar/Education Center
55635,Tennis Court
55638,Office
55639,National Insurance
55640,Ha'Emek Road/Hanapah
55641,HaBanim/HaCongress HaTzioni
55642,National Insurance/Road 75
55643,Entrance
55644,Sports Fields
55645,HaTimorim/HaRishonim
55646,HaTimorim/Kadesh
55647,HaTimorim/Kadesh
55648,Urban Market/HaTsiyonut Road
55649,HaShomron/Tash'yag
55650,HaAtsma'ut/Tash'yag
55651,HaShomron/Tash'yag
55652,HaHagana/Tash'yag
55653,Kahal 1
55654,Office
55655,Harhava
55656,Deir al Asad/Post Distribution
55657,HaMoshava 2
55658,Poriya Hospital
55659,Cultural Center
55660,Deganya Bet
55661,Magen David Adom/HaHistadrut
55662,Education Center
55663,Uman 2 School
55664,Hever
55665,Midrach Oz 2
55666,Mahva Alon base
55667,Cemetery/Raja Abu Ria
55668,Cemetery/Raja Abu Ria
55669,Kupat Holim Meuhedet
55670,Shuhada al-Aqsa B
55671,Shuhada al-Aqsa A
55672,Clalit medical clinic/Al-Ruwais G
55673,Al-Ruwais B
55674,Al-Ruwais H
55675,Al-Ruwais G
55676,Al-Ruwais D
55677,Al-Ruwais H/Shuhada al-Aqsa
55678,Al-Ruwais A
55679,HaGalil Y/Yasser Arafat
55680,Pais Club/Al Fakhura
55681,Al Fakhura/1019
55682,Al-Kurum/Exit
55683,Albashara 1
55684,Albashara 2
55686,Albashara 4
55687,Gubran School/Albashara
55688,En Mahel G/Council
55689,Dawud Suleiman Talhami/Al-Jabal
55690,Said Ahmad Khatib/Al-Yaquq
55691,Al Maktab School/Ibrahim Nimr Hussein
55692,Golani Military Base
55693,Golani Military Base
55695,Entry to Mikman
55697,Southern Quarter Exit
55698,Al-Mansour Mosque
55701,Bar-Lev Exit
55703,Giv'at Oz Intersection
55705,Iris/Megido
55707,Wadi Al-Saqi/Ghabrat Al-Jabal
55708,Muhammad Hamudi/Al-Tawal
55709,Emile Touma/Emil Grinzweig
55710,Muhammad Hamudi/Al-Adib
55711,Subhi Yassin
55712,Al-Majd Medical Center
55713,Mu'awiyah School
55714,Mu'awiyah School
55715,Mu'awiya/Grocery store
55716,Mu'awiya/Grocery store
55717,Mu'awiya/Post Office
55718,Mu'awiya/Post Office
55720,Mu'awiya/Clinic
55721,Mu'awiya/Center
55722,Salam Checkpoint
55723,Salam Checkpoint
55724,Al-Fawar/Samr
55725,Wadi Al-Saqi/Al-Dmeida
55726,Giv'at Oz Intersection
55727,John Paul II/Aleppo
55728,Shfar'am Medical Center
55729,En Hozim Parking
55730,Golani Interchange/McDonald's to East
55731,Golani Interchange/NcDonalds to the North
55732,Yizre'el Regional Council
55733,Shfar'am Medical Center
55734,Bne Betcha 5
55735,Bne Betcha 6
55736,Bne Betcha 7
55737,Bne Betcha 8
55738,Iksal/A Salam Road
55739,A Salam Road/4076 Street
55740,Kupat Holim Clalit/4011 Street
55741,4011 Street/Yum al Ard
55742,Bne Betcha 9
55744,Bne Betcha 11
55745,Bne Betcha 12
55746,Ibn Sina School/Kiryat HaMemshala Road
55747,Klil A
55748,Klil/Entry
55749,Klil/Center
55750,Afek/Office
55751,Afek/Exit
55752,Synagogue/Merhavya
55753,Water Tower/Merhavya
55754,I'blin/Main Street
55755,I'blin/Main Street
55756,I'blin/New Christian Cemetery
55757,I'blin/New Christian Cemetery
55758,Yesud Hama'ala Junction
55759,Hashikun Junction
55762,Swimming Pool/HaMeyasdim
55763,Clinic/HaMeyasdim
55764,Ancient Synagogue/Ha'Agam
55765,Ha'Agam/HaPardessim
55766,Industrial Zone
55767,HaShmura/Alonim
55768,Yesud HaMa'ala Square/HaMeyasdim
55769,Local Council/HaMeyasdim
55771,HaRav Herzog/Avot U'Banim
55773,Alquds/Clock Square
55774,Tamra/Exit from Halat Sharif
55775,Medical Emergency Center
55776,Ha'Anafa Road/HaSnunit Road
55781,Kabri School
55782,Bar Lev D
55783,Bar Lev G
55784,Tsurit/Exit
55785,Yirka Intersection/Kishor
55786,School B
55787,Burbara Greek Church
55788,Mikhmanim Square
55789,Coffee Shop
55790,Rama/Kupat Holim Clalit
55791,Pki'in B
55793,Pki'in Center A
55794,Pki'in Internal Road A
55795,Commercial Center/864
55796,HaRav Levi Bistritsky/Shazar
55797,Ha'Ari/Yisra'el Bak
55800,Aramsha/Exit
55802,Alma Intersection
55803,Yanuh Jat/Football Field
55804,Yanuh Jat/Football Field
55809,Bareket/Tarshish
55811,Kabul H/Local Council
55812,Bar Lev A
55813,Football Field
55814,Zim Center
55815,Karmi'el Central Bus Station/Platforms
55816,Migdal Ha'Emek Central Bus Station
55817,Municipal Stadium/Bar Kokhba
55818,Amutat Walad/411
55819,Ziud Quarter/421
55820,Hayalim Meshuhrarim 1
55822,Odem Intersection
55823,Kanaf Intersection
55824,Mitspe Netofa/Center
55825,Shefar'am/Alharuva
55826,Shlomi Terminal
55828,Tsahal/HaGefen
55829,Tsahal/HaHaruv
55830,Strauss Plant/Tsur
55831,Tsur/Ma'ale Kamon
55832,Hanapah/Ma'ale Kamon
55833,Hanapah/HaYazam
55834,Hashmal/HaHermesh
55835,Elbit/HaYotsrim
55836,HaYotsrim/Hakabay
55837,Sagi/Ramim
55838,Karmi'el City Hall/KKL Boulevard
55839,Eshkolot/HaYayin Lane
55840,HaDekel/Meron
55841,HaDekel/Tavor
55842,HaDekel/Hermon
55843,HaBroshim/HaTsaftsefot
55844,Keren HaYesod/Nesi'e Israel Boulevard
55845,HaYotzrim/HaHermesh
55846,HaYotzrim/Hashmal
55847,Hashmal/HaHermesh
55848,Eged Parking/Hanapah
55849,Hanapah/Ma'ale Kamon
55850,Alblani/Naji Elali B
55851,HaBetula/Al Doha
55852,Al Doha/Soccer Stadium
55853,Tawfik Zayyad/HaBetula
55854,Tawfik Zayyad/Almasaha
55855,Almasaha B
55856,Almasaha A
55857,Omar ibn el H'tab B
55858,Omar ibn el H'tab A
55859,Alshaida Hadija B
55860,Alshaida Hadija A
55861,M. HaPo'alim/Alsalam
55862,HaGan HaYarok/Alsalam
55863,Mosque/Alsalam
55864,School A
55866,Center B
55867,Center B
55868,HaMo'atsa Square
55869,HaMo'atsa Square
55870,Eastern Quarter A
55871,Al-Mnahal School
55872,Al-Mnahal School
55873,Eastern Quarter B
55874,Giv'at HaTse'akot
55875,Ayn A-Tina
55876,Eastern Quarter G
55878,Eastern Quarter D
55879,Road 989/Road 98
55880,Road 989/Road 98
55881,Engineering School
55882,Technological High School
55883,Western Quarter A
55884,Western Quarter A
55885,Western Quarter B
55886,Western Quarter B
55887,Western Quarter G
55888,Western Quarter G
55893,Buk'ata/Road 2 A
55894,Buk'ata/Road 2 B
55897,Postal Boxes/Southern Quarter
55898,Kindergartens Southern Quarter
55899,Kindergartens/Southern Quarter
55900,Buk'ata Road 14/Road 6
55901,Buk'ata Road 14/Road 6
55903,Buk'ata Road 14/Road 4
55904,Buk'ata Road 4/Road 14
55905,Buk'ata/Road 4
55906,Kindergartens Center
55907,Middle School
55908,Middle School
55911,Buk'ata/Road 34 B
55913,Al-Halawa Chapel
55914,Water Pool
55915,Beit Ha'am
55917,Northern Exit
55918,Buk'ata Main Market
55919,Buk'ata Main Market
55920,4 Street/33 Street
55921,Ein Kiniya/Northern Exit
55922,Ain Kiniya/Northern Entry
55923,Dahur Road/Entry
55924,Dahur Road/Exit
55925,Shalali/Exit
55927,Shalali/Entry
55928,Ain Kiniya/Center Southbound
55930,Ain Kiniya/Northbound Square
55932,Shalaka Quarter/LaDarom
55933,HaYedidut Bridge/Exit
55934,HaYedidut Bridge/Entry
55935,Yaf'i/End Station
55936,Mrach al U'zlaan/620 Street
55937,Mrach al U'zlaan/621 Street
55938,Kupat Holim Clalit/Road 420
55939,Kupat Holim Clalit/Road 420
55940,Yaf'i Road 420/Road 410
55941,Yaf'i Road 420/Road 410
55942,Yaf'i/Road 410
55943,Yafi Local Council/Road 302
55944,Yaf'i/Road 302
55945,Yaf'i/Road 302
55946,Yaf'i Road 302/Road 701
55948,Yaf'i Road 701/Road 702
55949,Yaf'i Road 701/Road 702
55950,Yaf'i Road 701/Road 709
55951,Yaf'i Road 701/Road 709
55952,Yaf'i/A-Shamalli
55953,Yaf'i/A-Shamalli
55954,Yaf'i Road 333/Road 301
55955,Yaf'i/Road 510
55956,Hayalim Meshuhrarim Quarter A
55957,Hayalim Meshuhrarim B
55958,Beit Ha'am
55959,Kupat Holim Meuhedet
55960,Eldahar A Quarter
55961,Eldahar G Quarter
55963,A duruj B
55964,Hayalim Meshuhrarim Quarter A
55965,Alankil Quarter
55966,Golden Crown Hotel
55967,Technological Garden
55969,Yosef Gadish/Kibbutz Galuyot
55970,Yosef Gadish/HaRav Shlomo Lufes
55971,Yosef Gadish/Ha'Aliya
55972,Yosef Gadish/Avne HaHoshen
55973,Sports Field/School G
55974,Youth and Community Center
55975,Lots Quarter/Al-Halal
55976,Lots Quarter/Al-Halal
55977,Kupat Holim Leumit
55978,Eastern Quarter Middle Road
55979,Eastern Quarter Middle Road
55980,Northern Quarter
55981,Northern Quarter
55982,Sports Hall/School
55983,Sports Hall/School
55985,Montfort Road/Darb alAmra
55989,Al-Ein Quarter
55990,Al Biara 1
55991,Al Biara 2
55992,Al Biara 3
55993,Al Biara 4
55994,Al Arid
56000,Deganya Alef
56001,Yigal Cohen/Efroni
56002,Yigal Cohen/Henrietta Szold
56003,Kupat Holim/Kaplan
56004,Kehilat Tsiyon/HaBukharim
56005,Herzog/Shalom
56006,Ha'Arba'a/Yerushalayim
56007,Kaf-Het Center
56008,HaTahana Road/HaTmarim
56009,Mall/Shaul Amor
56010,HaTahana Road/HaEla
56012,Bir Abu Ghosh
56013,Afula Bypass Junction/Dorms
56014,HaTahana Road/Ha'Alon
56015,Yefe Nof/HaTsabar
56016,HaTsabar/Shaked
56017,HaDuvdevan/HaTsabar
56018,Ram On A
56019,Aliyat HaNo'ar/Yigal Cohen
56020,Golani Road/David Elazar
56021,Keren Kayemet Le'Israel/Ha'Olim
56022,Connecticut Blvd/Dukhifat
56023,Haruge HaMalkhut/Herzog
56024,Interior Ministry/Henkin
56025,Golani/Keren HaYesod
56026,Tamra Intersection
56027,Dovrat
56028,Yerushalayim/Hankin
56029,Nen/Entrance
56030,Al Sharar Road/Talat Al Jabl
56032,S.N.A Nursing Home
56033,Community Center B
56034,Community Center B
56035,Anglican Community Center
56036,Anglican Community Center
56038,Road 70/Al Halat
56041,Al Halat 2
56042,Al Halat 2
56043,Al Halat 3
56046,Kafr Yasif Bypass
56048,411/425
56049,Majd al Krum/Football Field
56051,Commercial Center
56052,HaPsagot
56053,Mitspe Carmel
56054,Mitspe Carmel
56055,Dalia HaTseira Intersection
56056,Technological School
56057,Technological School
56058,Madregot Shatsap
56059,En HaMifrats Intersection
56060,HaShalom Road/HaHagana
56062,Bet She'an Terminal/Alight
56063,Bet She'an Central Station
56064,Gilad/HaGalil Road
56067,Safed Industrial Zone B
56068,Safed Industrial Zone D
56070,HaTahana Road/Turkish Road
56071,HaGalil Road/David Shub
56072,Technological Garden/Main Entry
56073,HaTa'asiya/Ha'Amal
56074,HaTa'asiya/Haharat
56075,HaHagana/Pereg
56076,HaHagana/Herzl
56077,HaHagana/Gibore Sinai
56078,Shomrat/Center
56079,Bustan HaGalil/Entry
56080,Bustan HaGalil/Center
56081,Vilkomitz School
56082,Local Council
56083,Ma'ale Gei Oni/Amikam Shamay
56084,Pais Club for retirees
56085,HaTurmus
56086,HaRakefet
56087,Ha'Irus
56088,Ha'Irus/HaNarkis
56089,HaMoshava Kineret 2
56090,Youth Pais Center
56091,HaMoshava Kineret 3
56092,Sports Fields/Cindy Azoulay Rd
56093,Alharik H
56094,North West Quarter
56095,Algamsha Quarter 1
56096,Al Khamsa Qtr 3
56097,Primary School He
56098,Muftan School
56099,Algamsha Quarter
56100,Ras Alh'aviye 9
56101,Ras Alh'aviye 8
56102,Ras Alh'aviye 7
56103,Ras Alh'aviye 10
56104,Ras Alh'aviye 6
56105,Alharik Quarter 3
56106,Bet Yosef School
56107,Hanita Junction
56108,Milhemet Yom HaKippurim/Shlom HaGalil
56109,Ort School
56110,Erez College/HaHursha
56111,Biena Entry
56112,Ha'Ima'hot
56113,Shemaysi Quarter
56114,Magdov Quarter
56115,Da'ud Quarter
56116,Bader Quarter
56117,Hamud Quarter
56118,Kupat Holim
56119,Sheikh Danun Exit
56120,Sheikh Danun Entry
56121,Primary School
56122,Badran Quarter
56123,Beit Ha'am
56124,Bna'yahu School
56125,Dalton 27
56126,Hativat Golani Lane/Ahi Eilat
56127,David Remez/Ha'Arba'a Rd
56128,Shlomo Ben Yosef/Ze'ev Jabotinsky
56129,Shlomo Ben Yosef/Ze'ev Jabotinsky
56130,David Remez/Ben Ami
56131,David Remez/Gdud 22
56132,Moshe Borenstein/HaGome
56133,Moshe Borenstein/HaGome
56134,HaHagana/Hativat Golani Lane
56135,HaTa'asiya/Baltimore
56136,HaTa'asiya/HaHashmal
56137,HaTa'asiya/Mif'ale Plada
56138,Yizrael Quarter Blvd/Hativat Kfir
56139,Odem/Leshem
56140,Har Tavor Road/alMal'ab
56141,alJabel/alNajara
56142,Refreshing Station/Megido Junction
56143,Refreshing Station/HaLohem HaBedwi Junction
56146,Farod Parking
56147,Refreshing Station/Alonim Junction
56148,Harod/Koresh
56149,Harod/Koresh
56150,Yizrael Quarter Blvd/Hativat Kfir
56151,Connecticut Blvd/Aliyat HaNoar
56152,Yiftah Camp
56153,Yizrael Quarter/Sapir
56154,Rd 90/Kokhav HaYarden
56155,Rd 90/Kokhav HaYarden
56156,Yarka Yud He
56157,Yarka Yud Dalet
56158,Kupat Holim Clalit
56159,Yarka/Road 8533
56160,Yarka/Road 8533
56161,High School
56162,Concrete Plant
56163,HaMelakha/Menahem Begin Blvd
56164,Hamelaha/HaParsa
56165,HaTavor/Yodfat
56166,Emek HaShalom/HaGilboa
56167,Emek HaShalom/HaTsofim
56168,HaTavor/Emek HaShalom
56169,Yarden/Sion
56170,Yarden/HaMeizar
56171,Yarden/Daliyot
56172,Yarden/Yits'hak Rabin
56173,Tidhar School/Odem Forest
56174,Shopping Center/Ya'ar Odem
56175,Ya'ar Odem/Avital
56176,Yarden/Arbel
56177,HaGay/HaPetel
56178,HaMapal/HaGay
56179,Hadas/Karkum
56180,Hadas
56181,Mitspe Nof/Vered
56182,Ramim/HaPisga
56183,Nehalim/Yuvalim
56184,Hativat Golani Path/HaEshel
56185,Hativat Golani/Yerushalayim
56186,Arazim School
56187,Bet Rimon Junction
56188,Bet Rimon Junction
56189,Merisat 1
56190,Merisat 2
56191,Merisat 3
56192,Merisat 4
56193,Ras Ali Entry
56194,Road 742/Shfar'am Interchange
56195,Tid'har/HaBanim
56196,HaAtsma'ut/Nitsanim
56197,HaAtsma'ut/Nitsanim
56198,Nitsanim/HaHagana
56199,Atsma'ut/Struma
56200,Ha'Atsma'ut/HaLotem Alley
56201,Shoshanat HaAmakim/Shaul Amor
56202,Yishay Junction/Road 77
56205,Poriya Medical Center/Outpatient Clinics
56206,Poriya Medical Center/Obstetrics Department
56207,Poriya Medical Center/Departments
56208,Kvutsat Kineret/Store
56209,Moshava Kineret 1
56210,Swimming Pool/Mitspe Kineret
56211,Kfar Shamay/Office
56212,Elifelet 2
56213,Elifelet 3
56214,Amiad/Football Field
56215,Bne Tsfat/Ateret
56216,Dalton/Sport Ground
56217,Dalton 6
56218,Smadar/Ma'ale HaKerem
56219,Eshkol Allenby/Olalot
56220,Alma 2
56221,Alma/HaMa'ayan School
56222,Alma 4
56223,Alma 5
56224,Sde Eli'ezer 8
56225,Oren/Erez
56226,Oren
56227,Tel Hay College/Entrance
56228,Tel Hay College/West Campus
56229,Tel Hay Industrial Park
56230,Tel Hay Industrial Park
56231,Sde Nehemya/HaHarhava
56232,Kfar Szold 2
56233,Kfar Szold 3
56234,Kfar Szold 1
56235,Ma'ayan Barukh 1
56236,Ma'ayan Barukh 2
56237,Dan/Entrance
56238,HaHermon Road
56239,Gonen/HaHarhava
56240,Kibuts Neve Eitan
56241,Mivneh Mall/Inter-City Service
56242,Mitspe/Horesh
56243,HaAtsma'ut/Kadesh
56244,HaGalil Road/Vradim
56245,HaAdmor MiBelz/Kdushat Aharon
56246,HaAdmor MiBelz/Dover Shalom
56247,HaAdmor MiBelz/Entrace
56248,Maale Yitzhak/HaAdmor MiBelz
56249,Kfar Yehezkel Junction
56251,Mevo Carmel Junction
56252,Mevo Carmel Junction
56253,Terminal 89
56254,Farod Parking
56255,Ramat HaGolan Winery
56256,G' Mall Terminal/Alight
56257,Tzur Shalom Cemetery
56258,Naomi Shemer/Uzi Hitman
56259,Naomi Shemer/Ehud Manor A
56260,Naomi Shemer/Yig'al Bashan
56261,Naomi Shemer/Shoshana Damari
56262,Naomi Shemer/Yosi Banay
56263,Naomi Shemer/Ehud Manor B
56264,Neot Afek Terminal/Boarding
56265,Neot Afek Terminal/Alight
56266,Daburiya Local Council
56267,Alrois/Football Field
56268,Al Yasmin
56269,Al Yasmin/Al Zanbak
56270,Alfal/Alfiha
56271,Alfal/Aljuri
56272,Miryam Aladraa
56273,Miryam Aladraa
56274,Taha Hussein School
56275,Taha Hussein School
56276,Alnur School
56277,Alnur School
56278,Alnajat Education Center
56279,Khaled Ibn al Walid/Al Taswir
56280,Mahmoud Darwish
56281,Albayan
56282,Alhalan Education Center
56283,Alshuhada/Tarek Ben Ziyad
56284,Almasrara/Firuz
56285,Almasraa/Albarwa
56286,Almasraa/Alnaana
56287,Wadi Alein/Alprat
56288,Wadi Alein/Dagla
56289,Alsed
56290,Alsed/Albaraka
56291,Wadi Alein/Gamal Abdel Nasser
56292,Wadi Alein/Zamzam
56293,Montfort Road/Tarik El Sida
56294,Montfort Road/Tarik El Sida
56295,Shay Ag'non/Rambam
56296,Metsada/Hermon
56297,Metsada/Meron
56298,Metsada/Meron
56299,Masada
56300,Masada
56301,Hermon/Metsada
56302,Metsada/Hermon
56303,Algalil/Alsanbal
56304,Montfort Road/Alhadika
56305,Wadi Zayid 1
56306,Wadi Zayid 2
56307,Wadi Zayid 3
56308,Wadi Zayid 4
56309,Western Exit
56310,Alasuer/Albukhari
56311,Alasuer/Sa'ad Ben Avi Vakas
56312,Alasuer/Sa'ad Ben Avi Vakas
56313,Alasuer/Alhanan
56314,Alhanan/Alasuer
56315,Alhanan/Al'uda
56316,Alhanan/Al'uda
56317,Alkuds/Bab Alwadi
56318,Alkuds/Alkhala
56319,Alkhala/Aljulan
56320,Alkhala/Aljulan
56321,Alkhala/Altawil
56322,Alkhala/Altawil
56323,Alkhala/Salah Aldin
56324,Albatuf/Jabel Abed Anasar
56325,Albatuf/Alharika
56326,Alaa Nasar/Ali Alsah
56327,Alaa Nasar/Ali Alsah
56328,Omar Almukhtar/Alfarabi
56329,Omar Almukhtar/Alfarabi
56330,Alsalam/Omar Almukhtar
56331,Alsalam/Alasteklal
56332,Alasteklal/Alteuba
56333,Abu Baker/Um Alrashrash
56334,Abu Baker/Um Alrashrash
56335,Abu Baker/Yusef Yones
56336,Abu Baker/Yusef Yones
56338,Tikvat Ya'akov Yeshiva
56341,Kfar Yehoshua Interchange/Kiryat Haroshet
56342,Osem Junction to North
56343,Osem Junction to South
56344,Al Omal Al Arab/5058
56345,5058
56346,Welfare School/5058
56347,Masar School
56348,Mahmoud Darwish Center
56349,Karem al Jamal/7064
56350,Karem al Jamal/7028
56351,Karem al Jamal/7028
56352,Karem al Jamal/7064
56353,Italian Hospital 1
56354,Italian Hospital 2
56355,Italian Hospital 6
56356,Italian Hospital 4
56357,Italian Hospital 3
56358,Ravid Entry
56359,Ravid Center
56360,Ravid to Masad Interchange
56361,Masad to Ravid Interchange
56362,Masad Ravid Interchange/Masad Entry
56363,Industrial Zone Intersection
56364,Julis School
56365,Familly Medical Center
56366,Milhemet Yom HaKippurim/HaTzanhanim
56367,Shlom HaGalil/Yehida 101
56368,Tsim Center/Industrial Zone
56369,Tsim Center/Industrial Zone
56370,Industrial Zone/Road 71
56371,Migdal HaEmek Junction to North
56372,Migdal HaEmek Junction to East
56373,Migdal HaEmek Junction to West
56374,HaMagal/HaEmek Road
56375,HaNevi'im
56376,HaNevi'im
56377,Shefa Hayim/Tsuk Etan
56378,Shefa Hayim/Tsuk Etan
56379,Shefa Hayim/Shazar
56380,Shazar/Shefa Hayim
56381,Italian Hospital 5
56382,Industrial Zone Intersection
56383,Meron Blue Gate
56384,Aramsha 4
56385,Aramsha 5
56386,Aramsha 6
56387,Aramsha 7
56388,Kupat Holim Clalit
56389,West Quarter A
56390,West Quarter B
56391,West Quarter Gimel
56392,Western Quarter D
56393,West Quarter He
56394,West Quarter Vav
56395,Yizrael/Yael
56396,Habad School/HaTe'ena
56397,HaGalil Road/Ma'ale Yits'hak Blvd
56398,Sport Ground/Moran
56399,Safuriya/Exit
56400,Almasharf Interchange  ?
56401,Northern Industrial Zone
56402,Natsrat Towers Commercial Center
56403,Shunit/Kokhav HaYam
56404,HaMa'agan/Tslofah
56405,HaMa'agan/Tslofah
56406,HaMa'agan/HaMigdalor
56407,HaMa'agan/Shahaf
56408,HaMa'agan/HaMifras
56409,HaMa'agan/HaMifras
56410,HaTsedef/HaMa'agan
56411,HaTsedef/Almog
56412,Alone HaBashan Junction
56413,HaEtsel/Har Karmel
56414,HaEtsel B
56415,Yekutiel Adam/Har HaTsofim
56416,Northern Industrial Area/Eli Horovitz
56417,Northern Industrial Area/Eli Horovitz
56418,Herzl/Tchernichovsky
56419,Herzl/Tchernichovsky
56420,Herzl/Berl Katznelson
56421,Sapir/Ahlama
56422,HaEtsel A
56423,HaEtsel Gimel
56424,Yahalom/Leshem
56425,Yahalom/Yuval Yaniv
56426,HaEtsel/Nof HaHermon
56427,Al Zar'ayia/Bisan
56428,Alein Mosque
56429,Al Hu'armazi/al Faruz
56430,Al Firuz
56431,Alsahlian
56432,Aman/Al Harba
56433,Fatma Al Zahara
56434,Fifth High School
56435,Almutanabbi
56436,Northern Industrial Area/HaYotsrim
56437,Nahariya Central Station/HaGa'aton Blvd
56438,Alzra'iya/Bisan
56439,Hurfeish 7
56440,Hurfeish 8
56441,Hurfeish 6
56442,Hurfeish 5
56443,Hurfeish 9
56444,Hurfeish 10
56445,Matnas
56446,Hurfeish 3
56447,Hurfeish 2
56448,Hurfeish 1
56449,Hurfeish 13
56450,Pais Community Center
56451,Hurfeish 12
56452,Albaik
56453,Post/Kupat Holim
56454,Community Center/Al Bahari
56455,Community Center/Al Bahari
56456,Al Jabel
56457,Alzar'aeye/A-Nargas
56458,Al-Maarij
56459,South Tsfat Junction/Industrial Area
56460,Nahariya Central Station/HaGa'aton Blvd
56461,Adi/HaZayit
56462,Lavi Junction
56463,Givat Avni Junction
56464,HaPisga
56465,Ben Gurion Blvd/Koresh
56466,Commercial Center/Kaplan
56467,HaMahtseva
56468,Der AlAsad/Exit
56469,KKL Blvd/784
56470,KKL Blvd/784
56471,Gilboa/Levona
56472,Gan Ner Intersection
56473,Sandala Intersection
56474,Sheshet HaYamim Boulevard/Shlom HaGalil
56475,HaBaba Sali Boulevard/Alon
56476,R.Pinchas Miller
56477,Rabbi Pinchas Miller/Rabbi Aharon Leib Shteinman
56478,HaAdmor MiBelz Aleph
56479,Talmus Torah Bnei Yissachar/HaAdmor MiBelz
56480,HaAdmor MiBelz
56481,Kiryat Belz/Kdushat Aharon
56482,Har Yona School/HaAdmor MiBelz
56483,HaAdmor MiBelz/HaRav Pinchas Miller
56484,Al-Hura/Al-Basha
56485,Al-Hura/Al-Nakil
56486,Al-Hura/Al-Balakh
56487,Al-Hura/Al-Wadi al-Shimali
56488,Al-Hura/Al-Balakh
56489,Al-Hura/Al-Nakil
56490,Al-Hura/Al-Basha
56491,Al-Basha/Al-Hura
56492,HaAtzmaut Road/HaMeyasdim
56493,21st Regiment/Issy-les-Moulineaux
56494,Mevo'ot Natzrat Square/Al-Jalil
56495,Shavei Zion Junction
56496,Shavei Zion Junction
56497,Oren/Tavor
56498,Oren/El Al
56499,Rest Stop/Taanachim
56500,Amal Nabwani/Karm al-Adas
56501,Shimon Peres/Tamar
56502,Shimon Peres/Mitzpor
56503,Saar/Tarshish
56504,Saar/Margalit
56505,Meitzar/Yashpe
56506,Yehudiya/Meitzar
56507,Yehudiya/Zavitan
56508,Tzeelon Junction
56509,Tzeelon Junction
56510,HaMeginim/Alliance
56511,HaMeginim/Alliance
56513,Sheshet HaYamim Boulevard/Haim Levav
56516,Milhemet Yom HaKippurim/HaBaba Sali
56518,HaTzhanhanim/Yehida 101
56519,HaTzhanhanim/Milhemet Yom HaKippurim
56520,Yehida 101/Shlom HaGalil
56521,Unit 101/HaZanhanim
56522,HaBaba Sali Boulevard/Milhemet Yom HaKippurim
56523,Sheshet HaYamim Boulevard/HaBaba Sali Boulevard
56524,Avraham Avinu Synagogue
56525,HaShaked/Yakinton
56526,HaShaked/Zalman Shazar Boulevard
56527,HaSportek/Zalman Shazar Boulevard
56528,Hall of Arts/Dalia
56529,Yiftahel Interchange/Road 7915
56530,Ephraim Sharir/Issy Les Moulineaux
56531,Efrayim Sharir/Yefe Nof
56532,Community Center/Ephraim Sharir
56533,Arena Mall/Sprinzak
56534,Petanque Courts/Sprinzak
56535,Magen David Synagogue/HaZamir
56536,Community Center/Ephraim Sharir
56537,HaRav Elyashiv/HaMavreg
56538,HaRav Elyashiv
56539,HaRav Elyashiv
56540,HaRav Elyashiv/Derech Maran
56541,Maran Road/HaRav Elyashiv
56542,Maran Road/HaRav Elyashiv
56545,Highway 98
56546,Highway 98
56547,Buqata Junction/Highway 98
56548,Highway 98/25th Street
56549,Highway 98/25th Street
56554,HaGaaton Boulevard/Golomb
56555,HaGaaton Boulevard/Azriel Ritsick
56556,New Council House
56557,Al-Marj Al-Akhdar
56558,Al-Marj Al-Akhdar
56559,Sports Court
56560,Sports Court
56561,Ras Al-Maksur
56562,New Council House
56563,Kiryat Sport/Arabiya Road
56564,Arabiya Road
56565,Arabiya Road
56566,Al-Zaytun School/Ali Bin Abu Taleb
56567,Al-Zaytun School/Ali Bin Abu Taleb
56568,Ali Bin Avi Taleb
56569,Ali Bin Abu Taleb
56570,Ahmad Alem/Ali Bin Abu Taleb
56571,Madain High School
56572,Ibn Khaldun School
56573,Young Couples' Neighborhood/723 Street
56574,Young Couples' Neighborhood/723 Street
56575,Wadi Uyun/723 Street
56576,Wadi Uyun/723 Street
56577,Al-Jabal Neighborhood/723 Street
56578,Al-Jabal Neighborhood/723 Street
56579,Al-Mutilla/Manda Observatory
56580,Al-Mutilla/Manda Observatory
56581,Water Tower/66 Street
56582,Water Tower/66 Street
56583,Road 39/Al-Nab'a
56584,Road 39/Al-Nab'a
56585,Al-Ma'bara Neighborhood
56586,Al-Ma'bara Neighborhood
56587,Al-Sheikh/Umar Ibn Al-Khattab
56588,Al-Sheikh/Umar Ibn Al-Khattab
56589,Al-Batouf Complex/Abu Bakr
56590,Al-Batouf Complex/Abu Bakr
56591,Ruus Al-Jibal/Karm Al-Saheb
56592,Herzl/Hanita
56593,Refreshment Stop/Elyakim Junction
56594,Refreshment Stop/Delek Sde Trumot
56596,Jabotinsky/HaMeyasdim
56597,Jabotinsky/HaMeyasdim
56598,Jabotinsky/Max Steinmetz
56599,Jabotinsky/Max Steinmetz
56600,Emek HaShalom/Nahal HaBesor
56601,Emek HaShalom/Nahal HaBesor
56602,HaAliya/Admit
56603,HaAliya/Ademet
56604,HaAliya/Hof HaDekel
56605,HaAliya/Hof HaDekel
56606,HaAliya/HaHadas
56607,HaAliya/HaHadas
56608,HaAliya/HaVered
56609,HaAliya/HaVered
56611,Nesher/HaZamir
56612,Masaryk/Yitzhak Sadeh
56613,Masaryk/Gdolei HaUma
56614,Livneh/Haim Levav
56615,Livneh/Haim Levav
56616,Comprehensive High School/Livneh
56617,Comprehensive High School/Livneh
56618,Livneh/Haim Levav1
56619,Haim Levav/Sheshet HaYamim
56620,Haim Levav/Livneh
56621,Shopping Center/Haim Levav
56622,Shopping Center/Haim Levav
56623,Haim Levav/Livneh
56624,Bar Kokhva Road/Shaarei Simha
56625,Sheshet HaYamim Boulevard/Klil HaHoresh
56626,Sheshet HaYamim Boulevard/Haim Levav
56627,Sheshet HaYamim Boulevard/HaBaba Sali Boulevard
56628,Yaarit Boulevard/Hurshat HaEkaliptus
56629,Yaarit Boulevard
56630,Yaarit Boulevard/Ibei HaNahal
56631,Hurshat HaEkaliptus
56632,Hurshat HaEkaliptus/Etz HaSadeh
56633,Hurshat HaEkaliptus 1
56634,Hurshat HaEkaliptus/Nahal Netafim
56635,Hurshat HaEkaliptus/Yaarit Boulevard
56636,HaMeyasdim/Zikhron Yaakov
56637,HaMeyasdim/Zikhron Yaakov
56638,Al-Shirar
56639,Al-Tur/Al-Kindi
56640,Al-Alamat/Al-Saadi
56641,Al-Alamat/Al-Murshiqa
56642,Nursing Home/Al-Saadiya
56643,Al-Bustan/Al-Arqada
56644,Al-Arqada/Al-Bustan
56645,Al-Saadiya/Al-Arqada
56646,Iksal Road/Al-Musrara
56647,Iksal Road/Al-Baghdadi
56648,Al-Zaytun/Iksal Road
56649,Al-Zaytun/Al-Biruni
56650,Al-Zaytun/Al-Baghdadi
56651,Salame East Neighborhood
56652,Ibn Al-Haytham
56653,Ibn Al-Haytham
56654,Kamal Junblat/Al-Maruani
56655,Kamal Junblat/Al-Sanubar
56656,Kamal Junblat/Al-Rayan
56657,Shlom HaGalil/Unit 101
56658,Shlom HaGalil/Milkhemet Yom HaKippurim
56659,Milkhemet Yom HaKippurim/Rabbi Akiva
56660,Milhemet Yom HaKippurim/Shlom HaGalil
56661,Operational Station/Nazareth Tunnels Term
56662,Operational Station/Nazaerth Center Term
56663,Achziv Natioanl Park
56664,Achziv Natioanl Park
56665,15/1506
56666,8655/15
56667,15/1506
56668,Bet Jan/Road 864
56669,Ha'Atsma'ut/HaRishonim
56670,David Elazar
56671,Hamberg/HaRav Elyashiv
56672,Santa Ana Monastery
56673,HaRimon/HaZayit
56674,HaTzaftzefa/HaRimon
56675,HaRimon/HaTzaftzefa
56676,Kamal Junbalat/Road 500
56677,Sheikh Tarif/Sheikh Kanipas
56678,Elbahar/Sa'ad Knipas
56679,Yitzhak Shamir/Keis Mologata Adisso Tasma
56680,Yitzhak Shamir/Elcom
56682,Shaked/Brosh
56683,Karkum/Rakefet
56684,Gan Ner Intersection
56685,Y.Shamir
56686,Magen Sha'ul
56687,Magen Sha'ul Junction
56688,Mukaibla/Center
56689,Jalamah Checkpoint
56690,Yitzhak Shamir/Rabbi Dov HaCohen Kook
56691,Rimonim School/ Haviva Reik
56692,Sandala Intersection
56693,Yizrael Quarter Avenue/Haviva Reik
56695,Kehilat Zion/Sprinzak
56697,Hever
56698,Yizrael Quarter Avenue/Shoshana Damari
56699,Uman 1 School
56701,Bareket/Hotze Gazit
56702,Kibbutz Ma'oz Hayim
56704,Kibbutz Kfar Rupin
56705,Ha'Arba'a Blvd/Motta Gur
56706,Alon/Yitshak Sade
56707,HaHagana
56708,Yizre'el Junction
56709,Gan Ner Intersection
56711,Na'ura Junction
56713,Ha'Emek Road/HaBanim Blvd
56714,HaSharon/Yarden
56715,Ramat Yizra'el/Yefe Nof
56717,Ha'Irusim/Hatsav
56718,Herzl/H.N. Bialik
56719,HaHagana/Herzl
56720,Herzl/Shivte Israel
56721,Ya'ir/Rashi
56722,Shiv'at HaMinim/Se'ora
56723,Shiv'at HaMinim/Te'ena
56724,Shibolim/Koresh
56725,Dolev/Yitshak Sade
56726,Erez/Shikma
56727,Erez/Ha'Ela
56728,Shibolim/Batzir
56729,Shibolim/Batzir
56730,Haruge HaMalkhut/Herzog
56731,Herzog/Avraham Mapu
56732,Henrietta Szold/Aliyat HaNo'ar
56733,Kfar Tavor Center
56736,New Cemetery/Gate D
56739,Mivneh Mall/Intra-City Service
56740,HaTa'asiya/HaMasger
56741,HaHagana/HaTa'asiya
56742,HaTa'asiya/HaHagana
56743,HaTa'asiya/Hita
56744,Zevulun/HaNahli'eli Alley
56745,Matnas/Ramat Yizra'el
56746,Yitzhak Navon/Shibolim
56747,Tsvi Creek/HaNegev
56748,Shaul Amor Blvd/HaGay
56749,HaBanim Blvd/Havatselet
56750,Moshav Barak
56751,Shoshanat Ha'Amakim/HaMishak
56752,Shoshanat Ha'Amakim/Nof Ha'Emek
56754,Midreshet HaGalil/HaYasmin
56755,Begin Boulevard/Kinneret
56756,En HaNatsiv Junction
56757,Kibbutz En HaNetsiv
56758,Kibbutz Shluhot
56759,Kibbutz Reshafim
56760,En HaNatsiv Junction
56761,Pais Center/Menachem Begin
56762,Sulam (Shunam)
56764,Kibbutz Merhavya
56766,Kibbutz Merhavya
56767,Sulam (Shunam)
56768,Shopping Center/Alsharar Road
56769,Har Tabor Road/Talat Al Jabl
56770,Al Kandari School
56771,Abu Kharruba/Albeydar East
56772,Nursing Home/Al-Saadiya
56773,U. Al-Khattab/Albeydar East
56774,Al Sharar Road/Talat Al Jabl
56775,Al-Tur/Al-Khair
56776,Al Jabel/Alnjara
56777,Al Jabel/Elnur
56778,Al-Tur/Elnur
56779,Al-Alamat/Al-Murshiqa
56780,Har Tabor Terminal
56781,Mukhtar
56783,Salem Sadran
56784,Matnas
56785,Sofer
56786,Abu Salah
56787,Police Station
56791,Commercial Center/Yosef Barzilay
56792,Yosef Barzilay/Haviva Reik
56793,City Park
56795,Tunnel Entry Intersection
56796,Shibli/Entry
56797,Atallah Adel
56798,Grocery store
56799,Kindergarten
56801,Yasser
56802,Al Jabel/Alnjara
56803,Al Jabel/Elnur
56804,Al-Alamat/Al-Nawaris
56805,Al-Alamat
56806,Har Tabor Terminal
56807,Mukhtar
56808,Ihaab
56809,Matnas
56810,Afula Cemetery
56811,Afula Cemetery
56812,Beit Poznak/Aliyat HaNo'ar
56813,Menahem Begin Boulevard/Keren HaYesod
56814,Shluhot Junction
56815,Rupin Junction
56816,HaGefen/Eli Cohen
56817,Ha'Emek Park
56818,Iksal Junction/Western Entrance
56819,Iksal Interchange
56820,Nazareth Bypass
56821,HaTsiyonut Road/HaHativot
56822,Um El Ganem Junction
56823,Clinic
56824,Family Health Clinic
56825,Council
56826,Naftali School
56827,Goren Park
56828,Rupin Junction
56830,Public Garden
56831,Public Garden
56832,Football Field
56833,Plant
56834,Moshe Sharett D
56835,Moshe Sharett G
56836,Moshe Sharett/Nomi Shemer
56837,Local Council
56839,Hamoshava Archives
56840,Moshe Sharett B
56841,Kafr Kama East Junction
56842,Komemiyut/Tchernichovsky
56843,Bet HaRishonim
56844,Umm al-Ghanam/65
56845,Ha'Avoda/Ma'ale Yitshak Blvd
56846,Shapsoa/Nasha
56847,Sports Hall
56848,Beit Ha'am
56849,Yisakhar Junction
56850,En Harod Ihud Junction
56851,Moledet Junction
56852,Snir/Shoham
56853,Shoham/Snir
56854,Shoham/Sapir
56855,English Hospital
56856,5105/5112
56857,Italian Hospital/6004 Street
56858,Italian Hospital/6004 Street
56859,7012/7083
56860,7012/7015
56861,7106 Street/Karm Al Jamal
56862,7017/7106
56865,Kinor David
56866,Sha'al Intersection
56867,Avne Etan Intersection
56868,Shibolim/Yitzhak Navon
56869,Emanuel Morano/Yasmin
56870,Emanel Morano/HaHoresh
56871,HaHoresh/Irus
56872,HaHoresh/Irit
56873,HaHoresh/Tziporen
56874,HaHoresh/HaHamaniya
56875,Eshel/Duvdevan
56876,Eshkol Pai/Hativat Tesha
56877,Eshkol Pai/Hativat Tesha
56878,Eshkol Pais/Eshel
56879,Zionist Congress/Yehoshua Henkin
56880,Ofek/Kishon
56881,Moshe Sharet/HaMaccabim
56882,HaMasger/HaZagag
56883,HaMasger/HaNagar
56884,Ha'oman/HaNapach
56885,Hazait/HaTzaftzefa
56886,HaLulav/Yitzhak Shamir
56887,Shulamit/Exit
56888,Bar Kokhba/David HaMelekh
56889,Mishhad Comprehensive School
56890,Albasliya/Omer Almakhtar
56891,Al Rahabath/Hajar
56892,Abdullah Bheij/Tel Al-Dahab
56893,Ayn 'Afiya/I'billin
56894,Rashi/Rambam
56895,Hayim Nachman Bialik/S.Y. Agnon
56896,Hayim Machman Bialik/Rashi
56897,Hayim Nachman Bialik/HaNasi
56898,HaYarden/Yosef Sprinzak
56899,Yosef Trumpeldor/Dan Dayan
56900,Yosef Trumpeldor/Uri Ilan
56901,Main Entry
56902,Al Amara
56903,Bne Beitcha
56904,Jebel Sikh School
56905,Menzala Ganim
56906,Menzala
56907,Masrara Ganim
56908,Sachbak
56909,Masrara Middle School
56910,HaTzofim
56911,HaTzofim/Shipon
56912,Shvei Tziyon/Avital
56913,Shvei Tziyon/Yosifon
56914,Ezer Weizman/Shvei Tziyon
56915,Ezer Weizman
56916,Shvei Tziyon/Ezer Weizman
56917,Shvei Tziyon/Mordechai Goor
56918,Shvei Tziyon/Yitzhak Navon
56919,Ezer Weizman/Moshe Levy
56920,Ezer Weizman/Moshe Levy
56921,Yitzhak Navon/Road 7555
56922,Yitzhak Navon/Shvei Tziyon
56923,Ezer Weizman/Road 7555
56924,Road 7555/Ezer Weizman
56925,Road 7555/Yitzhak Navon
56926,Road 7555/Yitzhak Navon
56927,Yitzhak Navon/Road 7555
56928,Yitzhak Navon/Herzl
56929,Yitzhak Navon/Herzl
56931,Yitzhak Navon/29th of November
56932,Yitzhak Navon/Zeev Jabotinsky
56933,Ramat David Interchange
56934,Aviv/Dalton River
56935,Aviv/Tzalmon River
56936,Aviv/Tzalmon River
56937,Aviv/Dalton River
56938,Nesiey Israel Avenue/Aviv
56939,Nesiey Israel Avenue/Aviv
56940,Harduf/Exit
56941,Shvil Hahalv/Ha'Emek
56942,The Big Tree
56943,Gordonia
56944,Tsahal 13
56945,HaGe'aton Avenue/David Remez
56946,HaGe'aton Avenue/Weizman
56947,Afula Elite Industrial Area/Road 65 West
56948,Afula Elite Industrial Area/Road 65 East
56949,Operational Station/Children's Village Parking
56950,28
56951,28
56952,al Zaharawi School
56953,al Zaharawi School
56954,500/507
56955,500/507
56956,500
56957,500
56958,200/201
56959,200/201
56960,202
56961,202
56962,202/203
56963,Shoham/Leshem
56964,Tzachar Industrial Area/Road 8677
56965,Tzachar Industrial Area/Road 8677
56966,HaHar Road/Gilboa
56967,HaHar Road/Gilboa
56968,Beit Shean Cemetary/Road 90
56969,Beit Shean Cemetary/Road 90
56970,Road 716/Road 7162
56971,Road 716/Road 7162
56972,Naora Junction/Road 716
56973,Naora Junction/Road 716
56974,Ort Achva Gilboa/Road 716
56975,Ort Achva Gilboa/Road 716
56976,Tamra Intersection
56977,Kfar Vradim Intersection
56978,Road 854/Golan
56979,Road 854/Golan
56980,Golan/Road 854
56981,Oren/El Al
56982,Oren/Road 99
56983,Mekif D School
56984,Mekif D School
56985,Shefar'am Mall/Alnabil Industrial Area
56986,Al Kahawa/Al Tin
56987,Al Tin/Al Kahawa
56988,Al Tin/Al Zeitun
56989,Yafa Yarkoni/Sasha Argov
56990,Arik Einstein
56991,Arik Einstein
56992,Arik Einstein
56993,HaArgaman/HaYa'ar
56994,HaArgaman/HaYa'ar
56995,Nesiey Israel Avenue
56996,Nesiey Israel Avenue
56997,Dahud Suliman Talhami/Mahmoud Darwish
56998,Road 781 East
56999,Road 781 West
57000,Tziv'on
57001,Tiberias Central Bus Station/Platforms
57002,Gdud Barak Road/HaYarden
57003,Gdud Barak Road/90
57004,Gdud Barak Road/90
57005,YMCA/90
57007,Northern Tower Fork
57008,Ginosar Fork/South
57009,Center/Ginosar Fork
57010,Hukok Junction
57011,Hof Hukuk/Atar Sapir
57012,Kfar Nahum Junction
57013,Har HaOsher/HaBeatutidim
57014,Korazim Junction
57016,Kibbutz Ami'ad
57017,Yiftah Camp Junction
57018,Moshav Elifelet
57019,Pilon Camp
57020,Filon Camp Junction
57021,HaYotsrim/Hakabay
57022,Elifelet Interchange
57023,David El'azar/Lehi
57025,Haim Weizmann/Herzl
57026,Hayim Weizmann/Mem Gimel Yorde HaSira
57027,Eliyahu Fromenchenko/Ya'akov Levi
57028,Fromachenko/Rimoni
57029,Shuk/Jabotinsky
57030,Ha'Yotsrim/Kharoshet
57031,Hukok Intersection
57032,Amud River
57033,Kibbutz Hukok
57034,Sheshet/Nesi'im
57036,Center/Kibbutz Ginosar
57037,Northern Tower Fork/Entrance
57038,Nofim Daycare
57039,Nofim Daycare
57040,HaZayit/Nof Ha'Arbel
57041,Nof Ha'Arbel/HaTe'ena
57042,Nof Ha'Arbel/HaTe'ena
57043,Nof HaArbel/HaShizaf
57044,Nof Ha'Arbel/HaTse'elon
57045,Nof Ha'Arbel/HaTse'elon
57046,Nof Ha'Arbel/Ha'Irusim
57047,Nof Ha'Arbel/Ha'Irusim
57048,Wadi Hamam Intersection
57050,Hamam/Exit
57051,Wadi Hamam Intersection
57052,Migdal Junction
57053,HaGalil - Gan HaIr
57054,Stadium
57055,Nabi Shu'ayb Junction
57056,Nabi Shu'ayb Junction
57057,HaGalil/HaKishon
57058,HaGalil/Panorama
57059,Guy Beach
57060,Ganim Beach
57061,Hame Tiberias
57062,Road 90/Eliezer Kaplan Blvd
57064,Moshavat Kineret
57065,Ohalo Manor
57066,Bet Yerah Regional School
57067,Dganya Alef
57068,Dganya Bet
57069,Emek HaYarden Regional Council
57070,Tsemah Regional Plants
57071,Bet Zer Intersection
57072,Sha'ar HaGolan Intersection
57073,Afikim Junction
57074,Ashdot Ya'akon Me'uhad Intersection
57075,Rabbi Meir Grave
57076,Ashdot Ya'akov/90
57077,Menahemya Junction
57078,Gesher Intersection
57079,Kibbutz Neve Or Intersection
57080,Moshav Yardena Intersection
57081,Yardena Junction/Bet Yosef
57082,Ulpana
57083,Bet Yosef
57084,Hamadya Intersection
57085,She'an Junction
57087,Moshav Yardena
57088,Moshav Yardena
57089,Moshav Yardena
57090,Sasa Industrial Zone
57091,Matnas
57092,Amka Junction West
57093,Mazra'a Junction South/Entrance
57094,Mazra'a Junction South/Road 859
57095,Mazra'a Junction South/Road 859
57096,Museum
57097,Moshavat Kineret Intersection
57098,Alumot Intersection
57099,Nes Amim Junction
57100,Nes Amim Junction
57101,Children's Village/Dror
57102,Sports Field
57103,Children's Village/Dror
57104,Dror Square
57105,Smadar Intersection
57106,Dror Square
57107,Dror/KKL Avenue
57108,Safsaf/Adiga
57109,Hasan Nimaer/Bilal
57110,Mivneh Shopping Mall/Intercity Service
57111,Taha Hussein
57112,Bet Rimon Junction
57113,El-Khamriya/Naqara
57114,Weizmann/Hamassor
57115,HaNassi Weizmann/HaMavreg
57116,Industrial Zone Intersection
57117,Poriya Hospital
57118,HaZor'im Cemetery
57119,Elhadif/Hoofien
57120,Elhadif/Tabur Ha'Arets
57121,Neiberg/Ohel Ya'akov
57122,Neiberg/Bialik
57123,Shimon Dahan/Judah HaNasi
57124,Menachem Begin Boulevard/Wingate
57125,Ulpanit/Menachem Begin Road
57126,Kfar Hitim Junction
57127,Sapir Boulevard/Menachem Begin Road
57128,Sapir Blvd/HaNevi'im
57129,Sapir Blvd/Hartsit
57130,Sapir Blvd/Rakefet
57131,Sapir Boulevard/Yefe Nof
57132,Sapir Boulevard/Oranim Boulevard
57133,HaNassi Weizmann/David Elazar
57134,Weizmann HaNassi/Mikvah
57136,Ben Tsvi/Abu Hatzeira
57137,Ben Tsvi/Sinai
57138,Herzog/Ben Tsvi
57139,Levi Eshkol/Herzog
57140,Levi Eshkol/Moshe Sharett
57141,Moshe Sharett/Levi Eshkol
57142,Ben Tsvi/Haim Timsit
57143,Weizmann/Ha'Avot
57144,Weizmann HaNassi/Miftan
57145,HaZor'im Intersection
57146,Neve Oved Intersection
57147,Neve Oved D Intersection
57148,Pori'ya Ilit Junction
57149,Shazar/Ben Eli'ezer
57150,Ben Eliezer/Shazar
57152,Ahva/369
57153,Toledano/HaShilo'ah
57154,HaRav Moshe Cohen/Toledano
57155,Synagogue/Toledano
57156,Toledano A
57157,Kafr Kanna D School
57158,Toledano A
57159,Toledano/HaRav Moshe Cohen
57160,HaRav Moshe Cohen/Toledano
57161,Toledano/HaShilo'ah
57162,Synagogue/Ahuza
57163,Carmeli School/HaShilo'ah
57164,Brener/HaDayagim Boulevard
57165,Brener A
57166,Brener A
57167,Brener/HaTana Nahum
57168,Brener/HaTana Nahum
57169,Brener/HaTana Nahum
57170,Brener B
57171,Brener B
57172,Brener/Yehuda HaNassi
57173,Yehuda HaNassi/Bialik
57174,Yehuda HaNassi/Bialik
57175,Yehuda HaNassi/Rashi
57176,Pica/Tahkemoni School
57177,Pica/Tahkemoni School
57178,Pica/Rothschild
57179,Pica-Ravakiya Quarter
57180,Urban Market
57181,Yehuda HaLevi-Danilof Center
57183,Electricity Company
57184,Golani/HaMeginim
57185,HaMeginim/Masada
57186,Gush Etsyon/HaMeginim
57187,Gush Etsyon/Tel Hai
57188,Tabur Ha'Arets/Gush Etsyon
57189,Tabur Ha'Arets/Gush Etsyon
57190,City Hall/Verner
57191,City Hall/Verner
57192,Verner/Micha'el
57193,Ohel Ya'akov/Verner
57194,Ahad Ha'Am/Nahmani
57195,Achad HaAm Ginosar Hotel
57196,Erlich/Shimon Dahan
57197,HaShomer/218
57198,HaGdud Ha'Ivri/HaShomer
57199,Golda Meir/Moran
57200,Lehi/Moran
57201,Lehi/Sayfan
57202,Wingate/Lehi
57203,Zion Bahalul/Kaplinsky
57204,Hahashmona'im/Trumpeldor
57205,Bet Ginzburg/Trumpeldor
57206,Trumpeldor/Shim'on Dahan
57207,HaGvura Road/Trumpeldor
57208,Rabbi Akiva Grave
57209,HaGvura Road - Tif'eret Tverya
57210,HaGvura Road - Orot Neriya
57211,Tse'elon/HaDekel
57212,Marva/Tse'elon
57213,Tse'elon A
57214,Tse'elon/HaDekel
57215,HaDekel/HaNarkis
57216,Ma'ale KKL/HaDekel
57217,HaDekel/Nof Kinorot
57218,HaDekel/Tse'elon
57219,HaDekel A
57220,HaDekel A
57221,HaDekel/Tse'elon
57222,HaDekel/Tse'elon
57223,Shitrit/Masada
57224,Shitrit/Masada
57225,Shitrit/110
57226,Shitrit/110
57227,Shitrit A
57228,Shitrit/Ramhal
57229,Shitrit/Ramhal
57230,Hahashmona'im/Shitrit
57231,Yehuda HaNassi/Trumpeldor
57232,Brener/HaDayagim Boulevard
57233,HaMelekh David/HaMelekh Shlomo
57234,Municipal Stadium
57235,Municipal Stadium
57236,Bar Kokhba/David HaMelekh
57237,Bar Kokhba/HaShoftim
57238,Bar Kokhba/Amal
57239,Ma'ale KKL/Tamar
57240,Ma'ale KKL/HaLotem
57241,Ma'ale KKL/Ela
57242,Ma'ale KKL/Ayelet HaShahar
57243,Shaked/Ma'ale KKL
57244,Shaked/Rotem
57245,Klil HaHoresh/Hatsav
57246,Klil HaHoresh/Hatsav
57247,Klil HaHoresh/Shezaf
57248,Klil HaHoresh/Shita
57249,Klil HaHoresh/Shezaf
57250,Klil HaHoresh/Shezaf
57251,Hartsit/Klil HaHoresh
57252,Hartsit/Duvdevan
57253,Duvdevan/Hartsit
57254,Duvdevan/Hartsit
57255,Duvdevan A
57256,Duvdevan A
57257,Duvdevan/Shaked
57258,Duvdevan/Shaked
57259,Shaked/Duvdevan
57260,Shaked/Rotem
57261,Tamar/Shaked
57262,Tamar/Shaked
57263,Tamar B
57264,Tamar A
57265,Tamar/Ma'ale KKL
57266,Ma'ale KKL/Tamar
57268,Yiftah HaGil'adi/Hazon Ish
57269,David Elazar - Yad Eliyahu School
57270,David El'azar - Tverya Ilit
57271,HaShalom/David Elazar
57272,HaShalom/HaKdoshim
57273,Ha'Avot/Nehemya
57274,HMO/HaAvot
57275,Ahavat Tsiyon/HaShalom
57276,Ahavat Tsiyon/539
57277,Ahavat Tsiyon/Yerushalayim
57278,Yerushalayim/Ahavat Tsiyon
57279,Yerushalayim G
57280,Ayalim School/Yerushalayim
57281,Yerushalayim/Allentown
57282,Allentown Garden
57283,Sderot Allentown/Rakefet
57284,Sderot Allentown
57285,Sderot Allentown/HaNevi'im
57286,HaNevi'im/Allentown
57287,HaNevi'im/Sapir Blvd
57288,Kfar Hitim Junction
57289,Migdal West Junction
57290,Migdal/807
57291,Nahal Tsalmon Interchange/West
57292,Kalanit Intersection
57293,Tsalmon Prison
57294,Ras El Habia 2
57295,Mag'har School
57296,Mrar Junction
57297,Maghar Square
57298,Maghar V/Tfahot Intersection
57299,Tsalmon Junction/Alhamra
57300,Dair Hanna Junction
57301,Dair Hanna/Exit
57302,El-Khamriya/Kerem A-Shmali
57303,Dair Hanna/Medical Center
57304,Dair Hanna/Center
57305,Dair Hanna Junction
57306,Tsalmon Junction/Alhamra
57307,Rosh Pina Central Station
57310,Hartsit/Helmonit
57311,Smadar 3
57312,HaGvura Road - Ort BaMa'ala School
57313,Golda Meir/Sayfan
57314,Moshav Livnim
57315,Shikmim Beach
57316,Tsinberi Beach
57317,Kafr Kanna D School
57318,Kfar Kanna 1 Industrial Area North
57319,Kfar Kanna 1 Industrial Area North
57320,Kfar Kanna 3 Industrial Area North
57321,El-Khamriya/Road 7304
57322,Nabi Shu'ayb
57323,Al Saber/Al Riyada
57324,Al Saber/Al Riyada
57325,
57326,
57327,
57402,Road 120/Abu Sinan
57407,HaRav Herzog/Netiv Hativat Golani
57409,Tawfiq Ziad/Uthman Hujerat
57410,Ahva Institution Intersection
57411,Kafr Kama Intersection
57412,Sagi/Hadas
57414,Aiadat Quarter A/Entry
57415,Aiadat Quarter H
57416,Aiadat Quarter Z
57417,Ghrifat Quarter A
57418,Ghrifat Quarter B
57419,Ghrifat Mosque
57420,Ghrifat Quarter G
57421,G'oamis A Quarter/Entry
57422,G'oamis B Quarter
57423,G'oamis C Quarter
57424,G'oamis Quarter/Exit
57425,Ka'abiya North A/Entry
57426,Ka'abiya North D/Mosque
57427,Tabbash Center/Center
57428,Tabbash Center/Mosque
57429,Tabbash Center/Events hall
57430,Ka'abiya A/Entry
57431,Ka'abiya D/Local Council
57432,250 Street/256 Street
57433,140 Street/306 Street
57434,307 Street/140 Street
57436,Almotran Hagar
57437,270 Street/259 Street
57438,Abu Dharr Al-Ghifari/Al-Amar
57440,240 Street/245 Street
57441,City Hall/Al-Mutran Hajar
57442,John Paul II/Tunis
57443,Archbishop al Hajar/Da'ud Suleiman Talhami
57444,Mowafak Diab/Al Hamam
57446,Almidan
57447,440 Street/312 Street
57449,Haknesiot
57450,Haknesiot
57451,Women and Familly Center
57452,She'an Junction
57453,Beit She'an Terminal/Menachem Begin Avenue
57454,Ma'ale Kramim/Road 8510
57455,HaNarkis/Ha'Irus
57456,HaTa'asiya/Henrietta Szold
57457,Dahud Talhami
57458,440 Street/317 Street
57459,A Sheikh Amin Tarif/Saliman Abu Abid
57460,A Sheikh Amin Tarif/411 Street
57462,Primary School/I'blin
57463,Vocational School/Tamra
57465,Ma'ale Erez/Hatayelet
57467,Nahariya Central Station/Alight
57468,Har HaTsofim/Yekutiel Adam
57469,Ramot Naftali/Center
57472,Henrietta Szold/Keren HaYesod
57474,Yirka/Beit Ha'am
57479,Ya'ad
57483,Jatt  Yanuh Junction
57484,Jatt  Yanuh Junction
57486,Sports Court/John Paul II
57487,John Paul II/Al-Amuri
57488,Jabur Yusef Jabur/Water Tower
57491,alFuar/H.A. Al Saidi
57493,Niqula Al-Durr/Emil Thoma
57494,Tawfik Zayyad/HaZayit
57502,Commercial Center
57503,Pais Club
57519,HaHagana/Ben Ami
57522,Herzl/Rasco Center
57527,Arie Dushinsky/Yehuda Burla
57530,Shlom HaGalil/HaRav Reifman
57536,Arie Dushinsky/Yehuda Burla
57538,Arye Dushnitski/Hayim Barlev
57541,Herzl/Gibore Sinai
57544,HaHagana/Ben Ami
57548,Old Acre Lighthouse/HaHagana
57550,450 Street
57551,Harubiye School
57552,Al H'arubiya Quarter
57553,Al H'arubiya Quarter 2
57559,Hassan Nimr Hussein/Umar Ibn Al-As
57561,End Station Sports Field
57562,End Station Sports Field
57566,Omar a Sasa'ani/169 Street
57572,Al H'arubiya Quarter 3
57573,Harubiye School
57575,704 Street/Road 79
57576,Makam Nebi Sabalan
57577,Druze Children Village
57578,Primary School B
57579,Hayalim Meshuhrarim G
57580,Hayalim Meshuhrarim D
57581,Hurfaish Hayalim Meshuhrarim D
57582,Schunat Hayalim Meshuhrarim Broadwalk
57583,Al Arid Public shlter
57585,Eldahar B Quarter
57586,HaNotzrim Church
57588,Meishar Camp
57594,Nes Amim/Center
57596,Entrance East
57597,Al-Marj/Tariq Almasara'a
57598,Darb Al-Hamra
57600,Postal Authority/Al-Jamalun
57601,Montfort Road/Commercial Center
57602,Montfort Road/Bab Alsiakel
57603,Postal Authority/Al-Jamalun
57605,Darb Al-Hamra
57606,Almezariv/Tarik Albarake
57607,Eastern Exit
57610,Gita Square
57621,Tsahar Industrial zone
57622,Tsahar Industrial zone
57627,Amish Star Commercial Center/Road 8533
57628,Gaia Center
57629,Middle East College
57630,Yarka Licensing Bureau/Road 8533
57632,Al-Amal
57633,Yarka Local Council
57634,Yarka Licensing Bureau/Road 8533
57638,Al-Anbara/Al-Balsam
57639,Community Center/Al-Shabiba
57656,Tsipori 1
57657,Tzipori Clinic/Rabbi Yehuda Hanasi
57664,Acre Central Station
57666,HaYam Road 2
57667,HaZayit Road/HaDugit Lane
57668,HaGanim Road/HaZayit Road
57674,David Remez/Ha'Arba'a Rd
57676,Lohme HaGeta'ot/Center
57679,Safed Industrial Zone G/Electricity Company
57682,HaMa'ayan Road
57684,Al Hajjar
57686,Al Hajjar
57688,Funeral Home/Al Ein
57699,Center Pharmacy
57710,Julis 1
57711,Julis 3
57712,Hayalim Meshuhrarim Quarter
57713,School A
57714,Alenbara/Alkarmel
57715,Community Center/Al-Shabiba
57716,Rabbi Yehuda HaNasi/Rimonim
57717,Head Office/Rabbi Yehuda Hanasi
57731,Yanuh Jat T
57735,Jat South West
57737,Januah Jat Regional Council
57740,Yanuh Jat D
57743,Yanuh Jat G
57744,Yanuh Jat B
57745,Yanuh Jat A
57754,HaGalil Country
57755,Amal High School
57756,Hayalim Meshuhrarim
57757,Rocks Park
57758,Hayalim Meshuhrarim Square
57763,Kelil Junction
57776,Bar Lev 2
57777,HaHaruv Boulevard/HaShita
57799,High School
57801,Ort Braude/Exit
57802,Meron Parking
57803,Kfar HaNasi
57806,Library/Netiv HaShayara
57807,HaPalmach/Hativat Giv'ati
57809,Maimon/Yefe Nof
57810,B.Gurion/Maimon
57811,Erez Sch/Gurion
57812,Ben Gurion
57813,Ben Gurion/Uziel
57814,Gurion/Yefe Nof
57815,Erez Sch/Gurion
57816,B.Gurion/Maimon
57817,Maimon/Yefe Nof
57818,Maimon/Uziel
57819,Wizo  Club/Ole HaGardom
57820,Shefar'am Parking/Tawfik Zayyad
57821,Moshe Borenstein/Baltimore
57822,Moshe Borenstein/Baltimore
57827,Yaacov Malul/HaLevanon
57828,Yehuda Halevi/Razi'el
57830,Kfar Blum/Road 9778
57831,Tel Regev/Haifa Cemetery
57832,Tel Regev Cemetery/Entry
57834,Tel Regev/Krayot Cemetery
57835,Tal/Nehalim
57836,Tal
57837,Yuvalim/Tal
57838,Yuvalim/Nehalim
57840,HaGalil/Moriya School
57841,Arie Dushinsky/Ahva Institution
57844,Kafr Yasif/Commercial Center
57847,Shomrat/Entry
57848,Shomrat/Exit
57850,Hayalim Meshuhrarim Quarter 2
57854,Al-Bahr/561
57856,Al Burj Quarter/450 Street
57859,Dental Health Clinic/450 Street
57860,Al Shuhada/Road 602
57861,HaYarden/Keren HaYesod
57863,HaLevanon
57864,Shprinzak B
57865,Ha'Etzel
57866,Keren-HaYesod/Henrietta Szold
57868,Ya'kov Malul/HaLevanon
57871,Honi Hame'agel/Tsahal
57872,Mahane Yarden/Ein Almin
57873,Mahane Yarden/Ein Almin
57874,HaRe'em Camp/Road 888
57875,HaRe'em Camp/Road 888
57878,HaYogev/Exit
57879,HaYogev/Center
57880,Bet HaMekhes Junction
57881,HaShalom Road/Nesi'e Israel
57882,Rekhassim Intersection/HaRakafot
57883,HaLevanon/Naftali Mountains
57885,Gibor Camp/En Zahav
57886,Tel Hai College West
57887,Bet Hilel/Sadnah
57888,Bet Hilel Militry Camp
57889,Industrial Zone Intersection
57890,Yerushalayim/Begin
57891,Bet Hilel B
57893,Leshem/HaBareket
57894,HaTsur/HaBarzel
57895,HaTsur/HaYahalom
57898,HaTsur/HaBarzel
57899,Leshem/HaBareket
57900,Hativat Yiftah/HaPalmach
57901,Eshkholot/Zmora
57902,HaGoshrim Intersection/Road 99
57903,Ahi Eilat/HaRav Kook
57904,HaYarden/HaTa'asiya
57905,HaTavor/HaBashan
57906,HaTavor/Sinai
57907,Emek HaShalom/HaGil'ad
57909,Kela Hir Camp
57910,Kela Hir Camp
57911,Kela Nun Mem Camp
57912,Kela Nun Mem Camp
57913,Yo'av Camp
57914,Yo'av Camp
57915,Ha'Emir Junction
57916,Yeshiva Tikhonit Hispin
57917,Kupat Holim/Bir Al Maksur
57919,Amos Camp Intersection
57921,Karkum/HaGvura Road
57922,HaGalil/Moriya School
57923,Pioneer Junction
57924,Klor Center/Kfar Blum
57926,Keren Naftali/Road 886
57927,Keren Naftali/Road 886
57928,Dishon Junction
57929,Dishon Junction
57930,Dishon A
57931,Dishon B
57932,Dishon/Exit
57933,Dishon G
57934,Malkiya Intersection/Road 899
57935,Ramot Naftali Junction/Malkiya
57936,HaPalmach Path Parking/Road 899
57938,Fire Fighters/Road 250
57939,Abu Dhar Al-Ghifari/Al-Saada
57940,Al Fuar B
57941,Al Fawwar H
57942,Yohanan Paulus 2/Al Kindi
57943,John Paul II/Irbid
57945,Industrial Zone/HaZayit
57947,Dahr El Knis G
57948,Dahaer al Kanis D
57949,Dahaer al Kanis H
57950,Church/Jabur Yusef Jabur
57953,Beit A'am Druzi/270 Street
57955,HaShalom-Mall
57956,Bank/Commercial Center
57962,Nof HaHula A
57963,Nof HaBashan A
57964,Nof HaBashan B
57965,Nof HaHula B
57966,Jabur School/Tawfik Zayyad
57967,Ariel Sharon Road/HaHativot Road
57968,Ramot Naftali Intersection
57969,Ramot Naftali Intersection
57970,Pikud Tsafon/Merom Kna'an
57971,Multidisciplinary School/Jabotinsky Road
57972,Akbara
57973,Bet Hilel V
57976,Tirat Tsvi
57978,En HaNetsiv
57980,Revaya
57982,Road 90/Tel Te'omim
57983,Football Field
57984,Clinic
57986,Mosque
57989,Lehi/Sayfan
57997,Masad/Center
58002,Safed Central Station/Platforms
58003,Eliyahu Fromenchenko/Ya'akov Levi
58004,HaDli Square
58005,Chaim Weizmann/Mordechai Anielewicz
58006,Rasco Center/Haim Weizmann
58007,David Elazar/Yefe Nof
58008,David Elazar/HaRambam Road
58009,David El'azar/Lehi
58010,South Tsfat Junction/Industrial Area
58011,Pilon Camp
58012,Moshav Elifelet
58013,Yiftah Camp
58014,Kibbutz Ami'ad
58015,Ami'ad Junction
58016,Korazim Junction
58017,Har HaOsher/HaBeatutidim
58018,Kfar Nahum Junction
58019,Hof Hukuk/Atar Sapir
58020,Hukok Junction
58021,Center/Ginosar Fork
58022,Ginosar Fork/South
58023,Northern Tower Fork
58024,Wadi Hamam Intersection
58025,Migdal Junction
58029,She'an Junction
58030,Hamadya Intersection
58031,Bet Yosef
58032,Ulpana
58033,Yardena Junction/Bet Yosef
58034,Moshav Yardena
58038,Bet Yosef
58040,Moshav Yardena Intersection
58041,Kibbutz Neve Or Intersection
58042,Kibbutz Gesher
58043,Menahemya Junction
58044,Ashdot Ya'akov Ihud/Center
58045,Ashdot Ya'akov Ihud Junction
58047,Ashdot Ya'akov Me'uhad/Center
58048,Ashdot Ya'akon Me'uhad Intersection
58049,Afikim Junction
58050,Kibbutz Shaar HaGolan
58051,Sha'ar HaGolan Intersection
58052,Bet Zera/Center
58054,Bet Zer Intersection
58055,Tsemah Regional Plants
58056,Tsemah Beach
58057,Emek HaYarden Regional Council
58058,Dganya Bet Junction
58059,Dganya Alef/Gordon House Museum
58060,Bet Yerah Regional School
58062,Moshavat Kineret
58065,Hame Tiberias
58066,Ganim Beach
58067,HaBanim/HaKishon
58068,Museum
58069,Moshavat Kineret Intersection
58070,Alumot Junction
58071,Goren Park
58073,Council
58080,Ham-Ug/Bislani
58088,Neve Oved Intersection
58089,Neve Oved Intersection
58090,Poriya Hospital
58091,HaZor'im Cemetery
58092,Herzog/Moshe Sharett
58093,Levi Eshkol/Herzog
58094,Levi Eshkol/Moshe Sharett
58095,Moshe Sharett/Yitshak Ben Tsvi
58096,Yitshak Ben Tsvi/Or Hayim
58097,Neve Oved D Intersection
58098,Poria Ilit D Junction
58099,HaZor'im Intersection
58100,HaNassi Weizmann/HaMavreg
58101,HaNassi Weizmann/Haharoshet
58102,Weizmann HaNassi/Miftan
58103,Ha'Avot/HaNassi Weizmann
58104,Weizmann/David Elazar
58105,HaNassi Weizmann/Yitshak Ben Tsvi
58106,Shazar – Kokhav Qtr
58107,Commercial Center/Weizmann
58108,Tzameret Hotel/Weizmann
58109,Sapir Blvd/HaGefen
58110,Sapir Blvd/Rakefet
58111,Sapir Blvd/Hartsit
58112,Sapir Blvd/HaNevi'im
58113,Menachem Begin Boulevard/Sapir
58114,Kfar Hitim Junction
58115,Menachem Begin Boulevard/Wingate
58116,Menachem Begin Boulevard
58117,Police/Shimon Dahan
58118,Shimon Dahan/HaShomer
58119,Neiberg/Bialik
58120,Ohel Ya'akov/Verner
58121,Elhadif/Continental
58122,Ministry of Interior Affairs
58123,Elhadif/Eilat
58124,Yehuda HaLevi-Danilof Center
58125,Rakati HMO/David HaMelech
58126,HaMelekh David/Shlomo HaMelekh
58127,HaMelekh David/Stadium
58128,Bar Kokhba/HaShoftim
58129,Bar Kokhba/Shitrit
58130,Ma'ale KKL/HaDekel
58131,Ma'ale KKL/HaRotem
58132,Ma'ale KKL/Shaked
58133,Shaked/Rotem
58134,Shaked/Tamar
58135,Shaked/Klil HaHoresh
58136,Ha'Avot/HaNassi Weizmann
58137,David Elazar/Kahane
58138,HaShalom/Iris
58139,Ha'Avot/Nehemya
58140,Ha'Avot/Yosef Baratz
58141,Ahavat Tsiyon/HaShalom
58142,Ahavat Tsiyon/539
58143,Ironi He/Ahavat Tsiyon
58144,Yerushalayim/Ahavat Tsiyon
58145,Ayalim School/Yerushalayim
58146,Yerushalayim A
58147,Yerushalayim/Sderot Allentown
58148,Allentown/Yefe Nof
58149,Rakefet/Sderot Allentown
58150,HaNevi'im/Sderot Allentown
58151,HaNevi'im/Sapir Boulevard
58152,Kfar Hitim
58153,Lot
58154,Gate
58155,Sports Field
58156,Kfar Zetim
58157,Nahal Tsalmon Interchange/LaDarom
58158,Kalanit Junction
58159,Tsalmon Prison
58160,Ras El Habia 1
58161,Ras El Habia 2
58162,Maghar
58163,Mrar Junction
58164,Maghar B/Tfahot Intersection
58165,Tsalmon Junction/Alhamra
58166,Ailabun North Junction
58167,Rosh Pina Central Station
58168,Ben Tsvi/Alfasi
58169,Yitshak Ben Tsvi/Herzog
58170,Tiberias Central Station
58171,Hartsit/Helmonit
58172,Neve Oved B
58173,Beit Ha'am
58174,Neve Oved A
58175,Yohanan Ben Zakay/Yehuda Halevi
58176,Yohanan Ben Zakay/335
58177,Sapir Boulevard/Oranim Boulevard
58178,Guy Beach
58179,Shikmim Beach
58180,Tsinberi Beach
58181,Ras Al-Ain 2
58182,Ras Al-Ain 1
58183,Bait Jan Road
58184,Upper Quarter A
58185,Upper Quarter B
58186,Mirror Road
58188,Mirror Road
58189,Upper Quarter B
58190,Life School
58191,Buk'ata Intersection
58192,Buk'ata Intersection
58193,School
58194,School
58200,Bedouin Quarter 1
58201,Bedouin Quarter 2
58202,Bedouin Quarter 3
58203,HaBulbul/Road no. 2
58204,Bedouin Quarter 4
58205,HaBulbul/HaGiv'a
58206,HaBulbul/8040
58208,Haknesiot/HaMa'ayan Path
58209,HaShuk/Narkis
58210,Ma'ale Hamisgad/Ha'Omanim
58211,Ma'ale Hamisgad/Ha'Omanim
58212,Me'ona Junction
58214,North Industrial Zone/HaNassi Herzog Blvd
58215,Sulam/Road 7155
58216,Yitshak Sade/Yigael Yadin
58217,Yitshak Sade/Eliyahu Golomb
58219,Elementary School B
58221,Smadar 1
58222,Bet Yosef
58223,Bet Yosef A
58224,Bet Yosef B
58225,Yardena Center
58226,Moshav Yardena A
58227,Road 85/Majd al Krum East
58228,Road 85/Majd al Krum East
58229,Majd Al-Krum Center Fork
58230,Majd Al-Krum Center Fork
58231,HaMa'ayan Path/Morad HaGay
58232,HaShayara/Yehi'am
58233,Kibbutz Galuyot/Har Tavor
58234,Heichal Hatarbut/HaNassi Herzog Boulevard
58235,Ort School/Mem Gimel HaMa'apilim Boulevard
58236,Yerushalayim Boulevard/HaHagana
58237,Snir/Shoham
58238,Ort School/Mem Gimel HaMa'apilim Boulevard
58239,KKL/HaNarkis
58242,Connecticut Boulevard/HaHasida
58243,Sha'ab/Entry
58246,Sprinzak/HaNassi
58247,Shprinzak B
58248,Shprinzak A
58249,Shprinzak/Henri Malka
58251,Entry to Southern Quarter
58253,A-Nahla Square
58254,Albir Quarter
58255,HaKfar Center
58256,HaKfar Center
58258,Pais Club for retirees
58260,Clalit Pharmacy
58263,Al-Mikman Square
58264,Bir Al Maksur 14/Local Council
58265,a-Ras Quarter G
58266,a-Ras Quarter G
58267,a-Ras Quarter B
58269,Darb Al-Marj
58270,Al-Marj North
58277,Maksur Neighborhood/North
58279,Makman 13/Exit
58280,Makman 2
58283,Kupat Holim/Makmna
58286,Makman 9
58287,Makman 4
58288,Sports Field/Kupat Holim Leumit
58289,Sports Field/Northern Quarter
58291,Amal School
58292,Shefar'am Exit
58293,Muwaffaq Diab/Elias Slbak
58296,High School/Alblani
58297,Deir Hanna B Bypass
58302,Zarzir B
58303,Mazarib Junction
58308,Kabul H/Local Council
58309,Local Council
58313,Tabbash Center/Mosque
58314,Tabbash Center/Events hall
58315,Ka'abiya G/Exit
58318,Mazarib/Road 7626
58319,Pharmacy
58323,Kafr Kanna Het/Ma'on
58324,Kafr Kanna G/Ma'ayan
58325,Church Street Entry
58326,Katzir/HaZor'im Path
58327,HaVradim
58328,Connecticut Boulevard/Hohit
58329,Yarden/HaSharon
58330,Clalit Independent Clinic
58331,Ailabun G/Rushrush Quarter
58332,Ailabun D/Rushrush Quarter
58333,Ailabun H/Exit
58334,Planning Center
58335,Ailabun Exit
58336,Ailabun Square
58338,Ramat Gavriel Junction
58339,Ramat Gavriel Junction
58340,Ailabun V/Exit
58341,Commercial Center
58342,Mt. Carmel/Ha'Etzel
58345,Pki'in Exit
58346,Granot Local Council
58347,Me'ona V
58348,HaZayit/Hacarmel
58349,En Ya'akov G
58350,En Ya'akov Intersection
58351,Even Menahem B
58352,Connecticut Boulevard/Hohit
58354,Ha'Ela/HaTa'asiya
58355,Ha'Ela/HaTe'ena
58356,Ha'Ela/HaGefen
58357,Ha'Ela/HaBrosh
58358,Ze'elon/HaGalil Boulevard
58359,Western Galilee College /HaMikhlala Road
58360,Mevo'ot Hermon Regional Council
58361,Bet Hilel H
58362,Ma'ale HaTzfiya/HaSahlav
58363,Arbel/Lotem
58364,HaTavor/Arbel
58365,Hatzav/Hadas
58366,Hatsav 2
58367,Hatsav 3
58368,Hatsav 4
58369,Hadas 1
58370,Basketball Field/Meron
58371,Tavor/Carmel
58372,Meron 1
58373,Middle School/Tavor
58374,Synagogue/Snir
58375,Snir 1
58376,Snir 2
58377,Snir 3
58378,Snir 4
58379,Snir 5
58380,Snir 6
58381,Snir 7
58382,Snir 8
58383,Hermon 1
58384,Hiram 1
58385,School B
58386,Burbara Greek Church
58387,Ha'Irusim/Shoshanim
58388,Connecticut Boulevard/HaHasida
58389,Ha'Irus/Ma'ale HaTzfiya
58391,Yuval 1
58392,Kfar Yuval B
58393,Kfar Yuval/Western Gate
58394,Military Camp/Road 886
58395,Military Camp/Road 886
58396,Maale Erez - Hatayelet/Road 90
58398,Tel Hai/Shai Agnon
58399,Ha'Arazim/Naftali Lookout
58400,HaNassi/Rashi
58401,Shprinzak/HaNassi
58402,Shprinzak A
58403,Shprinzak/Henri Malka
58404,Henrietta Szold/Aliyat HaNo'ar
58405,Henrietta Szold/Salmanovitch
58406,HaLevanon/Naftali Mountains
58407,Yehuda Halevi/Salinger
58408,Kabul Entry
58409,Kabul D/Mahmoud Darwish
58410,Pharmacy
58411,Alsharif School D
58412,Alsharif School D
58414,Khalet El-Saba
58415,Blat Ad-Damoun
58416,Alquds/Muadh bn Jabal
58417,Abu Bakr As-Siddiq
58418,Al-Qubba Mosque
58421,Post Office
58422,Tamra City
58423,Uthman bn Affan
58424,Al Qadim Mosque
58425,AlSalam Mosque
58426,Clalit Pharmacy
58427,al-Saba/Almlk Soliman
58428,HaBroshim/HaDekel School
58430,Alon/HaShkedim
58431,Migdal Ha'Emek Junction
58433,Majd al-Kurum Junction West
58435,Emek HaYarden/HaMeyasdim
58436,Kindergartens/Gershon
58437,Tnu'at No'ar/Julis
58438,Amka
58439,Kabul Intersection
58441,HaBanim/Hadarim
58442,Ma'ale HaTzfiya/Ha'Irus
58443,Oshrat/Caravans
58446,Street/Center
58448,Kupat Holim/Amka
58449,Green Culture Center/Livne
58450,Yekutiel Adam/Ya'kov Malul
58454,Eged Parking/Ha'Avoda
58455,Nof HaGalil Parking
58456,HaGalil/A Salam Road
58457,Abu Sinan/HaShalom Square
58458,Abu Sinan/HaShalom Square
58462,Pais Center
58463,Khaled Mosque
58464,Ilut A/Entry
58465,Grocery store
58466,Eastern Quarter A
58467,Eastern Quarter B
58468,Ilut P/Exit
58469,Tsfat Central Station
58470,Sinai/Tel Hai
58471,Tiberias Central Bus Station/Alight
58472,Hasan Nimr Hussein
58474,Elnur School/Judaida Maker
58475,Big Karmi'el/Commercial Center
58476,Employment office/Shefar'am
58477,Anafa/Tavas Lane
58478,Employment office/Shefar'am
58479,Kupat Holim Clalit
58481,Ibtin Center
58482,Ibtin Entry
58484,Magen David Adom/HaRav Azizi De'i
58485,Ort Hatzor/HaRav Azizi De'i
58486,Municipal Swimming Pool/HaGe'ulim
58488,Yemin Ord Military Prepatory Program
58489,Shimshon Camp
58490,Ras Alh'aviye Quarter
58491,Ras Alh'aviye Quarter/Road 807
58492,Shlom HaGalil/Ben Ami
58493,Weizmann/Ben Ami
58494,Ramim/Sagi
58496,HaPisga
58497,HaPisga/Moran Alley
58498,Keren HaYesod/HaBroshim
58500,Sportek/HaShaked
58502,Avraham Avinu Synagogue
58503,HaShaked/Yakinton
58504,HaShaked/Zalman Shazar Boulevard
58505,HaZamir/Nahli'eli
58506,HaZamir/Nahli'eli
58507,HaZamir/Nahli'eli
58508,HaAgam 1 Lookout
58509,25 B Street
58510,25 B Street
58511,Northern Entry Square
58512,Square
58514,Mevo Hama Intersection
58515,Meitsar Intersection
58517,Kfar Yehoshua Junction
58518,Kfar Yehoshua
58519,David Pinkas/Yehoshafat
58520,Baz/Shahaf
58521,Baz B
58522,High School/Alblani
58523,Stadium/Aldocha B
58524,Stadium/Aldocha A
58525,Urban Market/Al Doha
58526,Eliramok/Kassum
58527,HaShalom Road/Saknay
58528,Baz/Public Garden
58529,Salinger/Police
58530,Salinger/HaMaccabim
58531,Al Tahrir
58532,Al Tahrir
58533,Sakhnin West Entrance
58534,Alblani/Naji Elali
58535,Alblani/Naji Elali
58536,Alblani/Naji Elali B
58537,Elderly day care center/Al Doha
58538,Eliramok/HaBetula
58539,Almasaha B
58540,Almasaha G
58541,Almasaha A
58542,Al-Ruwais A/Shuhada al-Aqsa
58543,Al-Ruwais B
58544,Al-Ruwais V/Al Doha
58545,Shuhada al-Aqsa B
58546,Alshaida Hadija A
58547,Alshaida Hadija B
58548,HaBetula/Al Doha
58551,HaGalil B
58552,Al Ashara A Salahin
58553,HaGan HaYarok/Yasser Arafat
58556,Palestine/Al Tahrir
58557,Palestine/Raja Abu Ria
58558,Palestine/Raja Abu Ria
58559,Palestine/Al Tahrir
58560,Kal'oun/Alhikma Square
58563,Sakhnin College/DMV
58564,Oranim/David Kaniel
58567,HaCongress HaTzioni/Ha'Aliya
58571,Lotem/Egoz
58572,Yehoshua Hankin/Nordau
58573,Yehoshua Hankin/Nordau
58574,Aliya/Wolfson
58575,Hankin/HaKnesset
58576,Asaf Simhoni/Dolev
58578,HaHasida/Connecticut Boulevard
58579,Yitshak Sade/Shivat Zion
58580,Rimon/Haim Weizmann
58581,Ulpanat Tsviya/Menachem Begin Boulevard
58582,Rimon/Haim Weizmann
58587,Dalia HaTzeira Center
58589,Ben Gurion/Rimon
58590,Hohit/Tsukit
58592,Tsukit/Hohit
58593,Commercial Center/Yosef Barzilay
58594,Oranim/David Kaniel
58600,Aliya/Wolfson
58601,Kehilat Zion/HaHermesh
58602,Hankin/HaKnesset
58603,Rashi/Shiv'at HaMinim
58605,No'am School
58606,No'am School
58607,Berav School/Kaf Bet Yalde Ma'a lot
58608,Berav School
58609,Bne Betcha Quarter Junction
58610,Recycling Center/Kafr Kanna
58611,Al-Awarah A
58612,Hama'isi Wasim A
58613,Hama'isi Wasim G
58614,Matnas/Kafr Kanna
58615,Zatmeh chickens/Bilal
58616,Alvarod
58617,Alvarod
58618,Alvarod/7064
58619,Al-Kurum/5026
58620,Street 5104 Jabl Ma'alul
58622,Jabel Ma'lul
58623,Yafi Local Council/302
58624,Optica Hativ/201
58625,Optica Hativ/201
58626,Church/302
58627,Grocery store Algoad/301
58628,A-Sira
58629,Bir al-Amir/1006
58630,Bir al-Amir School/1006
58631,Hamuda Carpentry/1006
58632,Ayyad Mini-market/1004
58633,Alharbagi Pool/Um Qubai
58634,Oma al-Arab/5060
58635,Schneller Quarter/Entry
58636,Schneller/5048
58637,Ilut Square/Al Kurum
58638,Al-Kurum Quarter/Elbatris
58639,Schneller/5048
58640,Schneller
58641,Schneller
58642,Al Fahura/1101
58643,Al Fahura/1054
58644,Halat A Dir/3013
58645,Halat A Dir/3045
58646,Halat A Dir/3013
58647,Alchakim Print/Wadi Al Hajaj
58648,Halat A Dir/3004
58649,Halat A Dir/3004
58650,Halat A Dir/3002
58651,Halat A Dir/3006
58652,Halat A Dir/3002
58653,Halat A Dir/3002
58654,Halat A Dir/3004
58655,Halat A Dir/3004
58656,Halat A Dir/3013
58657,Halat A Dir/3045
58658,Habad/HaRabbi MiLubavitz
58659,State School B
58660,State School B
58661,Ulpanat Amit
58662,Ulpanat Amit
58663,Dental Health Clinic/Omar Ibn Al-Khattab
58665,Schneller Mini-market/5048
58666,In front of Park Ha'emek/Yitshak Rabin Boulevard
58667,Manshiyyat Zabda Exit
58669,Mazarib 1
58671,Ghrifat 37
58672,Mazarib 20
58673,Messitba
58674,Hagagara 50
58675,Tbash 1
58676,Giv'at Rashid 1
58677,Zarzir Comprehensive School
58678,Hyab Primary School
58679,Hagagrah Elementary School
58680,Primary School/Hatav Caabiye
58681,Kaabiya High School
58683,South-West 1 Quarter
58684,H'lit Sharif 1
58685,Algmsha 1 Quarter
58686,Ras Alh'aviye 1
58687,Maghar A/Southern Entry
58688,Western Northern Quarter
58689,Elbas Quarter
58690,Algamsha 6 Quarter
58691,Catholic Church/Maghar Center
58692,alMansura Qtr 5
58693,Sc' Ma'arvit North 1
58694,Comprehensive School A
58695,Primary School G/Comprehensive School B
58696,Primary School H
58697,Muftan School
58698,Ilut Entry
58700,Gordon/Borochov
58702,Ka'abiya/Mosque
58703,Algmsha 3 Quarter
58704,Primary School A/South-West Quarter 4
58710,HaShomer/Lehi
58711,Bilu/Hana Szenes
58712,Hibat Tsiyon/HaShomer
58713,HaSokhnut HaYehudit/Hibat Tsiyon
58714,HaSokhnut HaYehudit/Hibat Tsiyon
58715,Agas/Hadarim
58716,HaRav Kirschten/Salsila
58721,Ofek/Kishon
58722,Hibat Tsiyon/Inbal
58723,Hibat Tsiyon/Inbal
58725,HaShomer/Bilu
58726,Moshe Sharett/Yehoshua Hankin
58727,Moshe Sharett/Yehoshua Hankin
58729,Alon/Tsabar
58731,Alon/Rotem
58733,Kinnamon/Hankin
58735,HaRav Nahum Levin/Aliya
58738,HaBanim/Wolfson
58740,Bilu/HaShomer
58741,HaRav Kirschten/Salsila
58743,Nir Ha'Emek/School
58744,Merhavya
58746,Karmi'el Central Bus Station/Alight
58755,Kfar Yehezkel
58756,Gid'ona
58757,Geva
58769,Kibbutz Merav
58792,Kibbutz Lavi
58795,Bet Rimon
58796,Southern Quarter
58797,Um Al-Ghanam A
58798,Kupat Holim
58799,Northern Quarter
58806,Junction 716/717
58809,Iksal A
58810,Iksal B
58813,Iksal Local Council
58818,Trumpeldor/Mizug Galuyot
58819,HaRav Ya'akov Moshe Toledano/HaBonim
58820,Ya'akov Makhluf/Yehuda Halevi
58821,Ya'akov Makhluf/HaRav Yitshak HaCohen Kook
58824,HaShita/Tidhar
58833,Gvat
58834,Sarid
58835,Sagi 2000/Road 7255
58836,Sagi 2000/Road 7255
58847,Bank Mercantile
58848,Rand School/Iksal
58849,Rand School/Iksal
58850,HaMahtseva Intersection West/Road 79
58851,Mahtseva East Intersection/Road 79
58852,Big Center/Kiryat Shmona
58854,Tel Te'omim A
58855,Tel Te'omim A
58859,Hamam Entry
58860,Safed Central Station/Alight
58861,Um Al-Ghanam
58863,HaVCountry Club Intersection/Ben Gurion Boulevard
58864,Yizrael Quarter/Tarshish
58866,Hativat Kfir/Urban Park
58867,Yizrael Quarter/Odem
58868,Tsipori/Office
58869,Alon HaGalil
58870,Hanaton/Center
58871,Hanaton 1
58872,Hosha'ya
58873,Tsipori Junction
58874,Zarzir Junction
58875,Gvat/Sports Hall
58876,Nahalal/Entry
58877,Giv'at Ela
58878,Shimshit Intersection
58879,Moshav Merhavya
58881,En HaNetsiv Intersection
58882,Sde Eliyahu
58885,Sderot HaGilboa/Ski Resort
58886,Nurit
58887,Spices Farm
58888,Ha'Irusim Parking
58889,Ha'Irusim Parking
58890,Kibbutz Ma'ale Gilboa
58891,Industrial Buildings
58892,Industrial Buildings
58893,Tower
58894,Tower
58895,Nilit
58896,Vishay Plants
58897,Vishay Plants
58903,Sandala/Entry
58905,Sandala/Center
58907,Mukaibla/Entry
58908,Mukaibla/Exit
58910,Yizrael Quarter/Sapir
58911,HaSolelim/Office
58913,Magav Gan Ner
58914,Jalamah Checkpoint
58915,Sports Hall/Gan Ner
58916,Nurit
58917,Spices Farm
58918,Moshav Merhavya
58919,Merhavya/Harhava
58920,Sde Eliyahu Intersection
58921,Zavitan/Sa'ar
58922,Meron Center
58923,Fire Brigade Junction/Hadarim
58924,Fire Brigade Junction/Hadarim
58925,Te'ashur/Tidhar
58926,Te'ashur/Tidhar
58927,Tidhar/Lilakh
58928,Tidhar/Lilakh
58930,Lotem/Egoz
58931,Oranim/Holand
58932,Oranim/Holand
58933,HaCongress HaTzioni/Moshe Sharett
58934,Wolfson/Kinnamon
58936,Begin Boulevard/Kehilat Tsiyon
58937,Begin Boulevard/Kehilat Tsiyon
58940,Rafa'el/Road 784
58941,Rafa'el/Road 784
58943,Ha'amakim Mall/Yehoshua Henkin
58944,Ha'amakim Mall/Yehoshua Henkin
58945,Hamelaha/HaParsa
58947,Begin/HaMechashlim
58949,Interior Ministry/Menachem Begin Avenue
58950,Kehilat Tsiyon/HaMagal
58952,Druze cemetery/Sultan Al-Atrash
58953,Beit Ha'am
58954,Nabi Zakaria
58955,Zalafa/Academy
58956,Local Council
58957,Salem Exit
58958,Zalafa Intersection
58959,Zalafa Intersection
58960,Salem Entrance
58961,Local Council
58962,Zalafa/Academy
58963,Kafr Yasif/Commercial Center
58965,Nabi Zakaria
58966,Beit Ha'am
58969,Ain al Asad Junction
58970,Ain al Asad/Entry
58971,Ain al Asad A
58972,Primary School
58973,HaMa'ayan Square
58974,Ain al Asad B
58975,Ain al Asad G
58976,Ain al Asad D
58977,Ain al Asad/Exit
58979,Al-Andalus 1
58980,Al-Andalus 1
58981,Al-Andalus 2
58982,Al-Andalus 2
58983,Al-Quds
58984,Al-Quds
58985,Local Council
58986,Local Council
58987,Superstore HaGalil
58988,Superstore HaGalil
58989,Tuba Zangariya/Exit
58990,Tuba Zangariya/Entry
58991,Kfar HaNasi Junction/Road 8677
58992,Kfar HaNasi Junction/Road 8677
58994,Solo Ram Factory
58995,Zangariyye/Center
59001,HaHermon Road/Zavitan
59002,Pne Golan/Kahal
59003,HaTse'elon/HaKalaniyot
59004,Tsemah Beach
59006,Zemach College
59007,Menahemya Junction
59008,Gate
59009,Museum
59011,HaBanim/HaDekel
59012,Yad LaBanim
59014,HaBanim/Hadarim
59015,Matnas
59017,Haklai/HaYarden
59018,Bne Yehuda Industrial Zone
59019,Bne Yehuda Industrial Zone
59020,Haklai/HaYarden
59021,Bet Yerah Regional School
59022,Alumot Junction
59023,Kfar Avoda 2
59024,Kfar Avoda 1
59026,Shikun Elion
59030,Retirement Home
59031,Smadar 2
59032,Smadar 1
59033,Library
59034,Moshav Zor'im Intersection
59035,HaRimon/HaYam Road
59036,HaRimon/HaShaked Road
59037,HaShaked Road/HaShezaf
59038,HaShaked Road/HaShezaf
59039,HaShaked Road/HaZayit
59040,HaShaked Road/HaZayit
59041,HaShaked Road/HaSdera
59042,Clinic
59043,Beit Ha'am
59044,Neve Oved A
59045,HaNassi Weizmann/Shazar
59046,HaZor'im 1
59047,HaZor'im 2
59048,HaZor'im 3
59049,Big Center
59050,Shazar A
59052,Rakati HMO/HaHashmonaim
59053,Kinneret Nursing Home/HaHashmonaim
59054,Maghar G/Center
59055,Alumot 1
59057,Dair Hanna/School
59060,Hamassor/Weizmann
59062,Yeshiva/HaGvura Road
59063,HaMango/HaTse'elon
59064,Ha'Atsma'ut/Trumpeldor
59065,HaHaluts/Mivtsa Kadesh
59066,Dror/Shahaf
59067,Shlomi Intersection
59069,HaSahlav/Kehilat Yahadut Tsarfat
59070,HaNassi Herzog Boulevard/Shoham
59071,Snir/Shoham
59072,Shoham/Snir
59073,Jabotinsky/HaGalil
59074,Shoham/Snir
59075,Matnas/Sapir
59076,Marva/HaDafna
59077,HaHagana/Etzel
59078,Yasmin/Koranit
59079,Yasmin/Harduf
59081,Ort/Narkis
59082,HaVered/Yakinton
59083,Yakinton/HaBrosh Alley
59084,Yasmin/Koranit
59086,Herzl/Janusz Korczak
59087,Nahariya Mall
59089,Hadar/Nof Arbel
59090,Aramsha H
59091,Ha'Alon/Nof Arbel
59092,Aramsha D
59093,Aramsha 3
59094,Aramsha Local Council
59095,Hanita Junction
59096,Ya'ara Intersection
59097,Ya'ara B
59098,Ya'ara Center
59099,Goren 1
59100,Goren 2
59101,Goren 3
59102,Goren 4
59104,Shelter 12
59105,Goren 1
59107,Goren Industrial Zone Intersection
59108,Granot Local Council
59109,Granot HaGalil 1
59110,Sadnat Goren
59111,Elon
59112,Shomera B
59113,Shomera C Shelter
59114,Shtula Center
59115,Even Menahem 7
59116,Tishre/Hoshen
59118,Even Menahem 8
59119,Shomera D Shelter
59120,Sadnat Goren
59122,Ya'ara Center
59124,Zar'it B
59125,Zar'it G
59126,Zar'it H
59127,Netu'a Center
59128,Biranit Camp Intersection
59129,Matat Camp
59130,Matat Camp
59131,Biranit Camp
59132,Shomera Intersection
59133,Granot HaGalil Intersection
59135,Manot Center
59136,Manot Park
59137,Manot Exit
59138,HaGefen/HaTe'ena
59139,Manot Avdon Junction
59140,Hanita Junction
59141,Mem Gimel HaMa'apilim/HaNarkis
59142,Yerushalayim Blvd/Hahashmona'im
59143,Rakefet/Mish'ol Habrosh
59144,Tsuri'el A
59145,Tsuri'el B Shelter 4
59146,Tsuri'el C Synagogue
59147,Tsuri'el D
59148,Chicken farm
59150,Fasuta Intersection
59151,Neve Ziv Intersection
59153,Mar Elias/Al-Marj
59155,Neve Ziv Intersection
59156,HaHar Road/Hartsit
59157,Yanuh Jat 2
59158,Commercial Center
59159,HaGalil Road/Eshkar
59160,Hamapah Junction
59163,Ha'Arazim/Ma'ale HaBanim
59164,Ma'ale HaBanim/HaRav Messas
59165,Ma'ale HaBanim/HaGoren
59166,Yanuh Jat 2
59167,HaHar Road/Hartsit
59168,Eshkar/HaHar Road
59169,Pki'in A
59171,Pki'in G
59172,Pki'in D
59174,Pki'in V
59175,Baka al Gharbiya/8655
59176,Keren HaYesod/Ma'ale HaShaked
59177,Keren HaYesod/Ma'ale Vered
59178,Commercial Center/864
59179,HeHatsav/KKL
59180,Hoshen/Shevet
59181,Netiv HaShayara A
59182,Netiv HaShayara V
59183,Netiv HaShayara 12
59184,Netiv HaShayara 2
59185,Netiv HaShayara 10
59186,Netiv HaShayara Intersection
59187,Oshrat Entry
59188,Abu Sinan 105/103
59189,Abu Sinan 104
59190,Hoshen/Yareah Av
59192,Hoshen/Yareah Av
59193,Ayelet HaShahar Center
59194,School A
59195,6 Street/1 Street
59199,Nahaf Center
59200,Nahf Mosque
59201,Lot
59202,Amqa F Mata
59203,Amqa E Refet
59204,Amka D
59205,Oshrat Exit
59206,School
59207,Kupat Holim Maccabi
59208,120 Street/Minimarket
59209,Local Council
59211,Nof HaGolan/Nof HaKinneret
59212,Nof Kinneret/Nof HaYarden
59213,Nof Kinneret/Nof HaHula
59216,Western Entrance
59217,A-Salam School
59218,Clinic
59219,Umar Ibn Al-Khattab School
59220,Clinic
59221,Abu Sinan 115/110
59222,Abu Sinan 101
59223,Abu Snan Sultan Pasha B
59228,Al Jabel B
59229,Al-Jabal/Al-Ayn
59230,Al Jabel D
59231,Salah al Din/Al Jabel
59233,Salah al Din
59234,Western Quarter
59235,Al-Karmiya
59236,Al-Afrah
59238,Solo Ram Factory
59239,Topaz
59240,Topaz
59242,Banna Pais Dental center
59243,Local Council
59244,School A
59245,Pharmacy
59246,Local Council
59247,Nahaf Post
59248,Kupat Holim Clalit
59249,School A
59250,1 Street/6 Street
59253,Western Entrance
59254,A-Salam School
59255,Clinic
59256,Kupat Holim Clalit
59257,Clinic
59258,Majd Al-Kurum Junction East
59259,Kupat Holim
59260,Building Supplies
59261,HaMa'ayan Junction
59262,Building Supplies
59263,Sajur Square
59264,Kupat Holim
59265,Sajur Intersection
59267,Majd Al-Kurum Junction East
59268,Cemetery Junction
59269,Cemetery Junction
59272,Zalman Shazar/Balfour
59274,Neve Ziv Intersection
59275,Ayelet HaShahar Intersection
59277,Bat Harim/Mt. Adir
59279,Nursery
59283,Jabotinsky/Kaf He
59286,Gesher Haziv Junction
59288,Matzuva/Exit
59289,En Ya'akov Z
59290,Goren Intersection
59291,Granot HaGalil Intersection
59292,Eshkholot/Rimon
59296,Tsuri'el Intersection
59297,Eshkholot/Havatselet
59298,Lookout/864
59299,Kafr Sme'a H
59300,Yehi'am Center
59301,Elkosh Junction
59302,En Ya'akov H
59303,En Ya'akov D
59304,Kfar Sme'a Z
59305,Hanita Junction
59306,Kafr Sme'a Entrance
59307,Kafr Sme'a B
59308,Kafr Sme'a A
59309,Mar Elias/A-Rusia
59310,Kfar Sme'a V
59311,Haharoshet/Ha'Asakim
59312,Me'ona Z
59314,Pharmacy
59315,Kisra Het
59318,Elkosh North Intersection
59319,Herzl/Janusz Korczak
59320,Weizmann/Kaplan
59321,Herzl/Zalman Shazar
59322,Gdud 21/Lohme HaGeta'ot
59323,Eshkholot/Etrog
59324,Mem Gimel HaMa'apilim/Kalanit
59325,Eshkholot/Etrog
59326,Odem/HaNassi Herzog Blvd
59327,Hacienda Hotel
59328,Issy les Moulineaux/Efrayim Sharir
59329,Northern Quarter A
59330,Northern Quarter B
59331,Aramsha Y/End Station
59332,Aramsha Center
59334,Me'ona G
59335,Ya'ara 4
59336,Goren Intersection
59337,Even Menahem 9
59338,Even Menahem A
59339,En Ya'akov 3
59340,Sports Hall
59341,Yehi'am Intersection
59342,Hurfeish Exit to Safed
59344,Ga'aton 2
59345,HaOranim Boulevard/Netiv Ha'Erez
59347,Kfar Vradim Intersection
59349,Football Field
59350,Pki'in Hayalim Meshuhrarim H
59351,Pki'in Hayalim Meshuhrarim V
59352,Pki'in 3
59353,Youth hostel
59354,Beit Ha'am
59355,Pki'in Hayalim Meshuhrarim Z
59356,Pki'in Hayalim Meshuhrarim Het
59357,Pki'in Hayalim Meshuhrarim T
59358,Pki'in Hayalim Meshuhrarim T
59359,Pki'in Hayalim Meshuhrarim Het
59360,Pki'in Center A
59361,Pki'in Center B
59362,Pki'in Hayalim Meshuhrarim Z
59363,Beit Ha'am
59364,Youth hostel
59365,Pki'in Hayalim Meshuhrarim A
59366,Pki'in Hayalim Meshuhrarim G
59367,Pki'in Hayalim Meshuhrarim D
59368,Pki'in Hayalim Meshuhrarim Football Field
59369,A-Sharif Restaurant
59371,Cemetery
59372,Kupat Holim Meuhedet
59373,Local Council
59375,Kablan A
59376,School C
59377,Kablan B
59378,Ets HaTut
59379,Bait Jan Internal
59380,Al-Fukara
59381,Druze Heritage Center
59382,Beit Jann Hayalim Meshuhrarim
59383,Druze Heritage Center
59384,Al-Fukara
59386,Ras A-Tala'a Halat Amira
59387,Yanuh Jat 1
59388,Yanuh 3
59389,Tnu'at No'ar
59390,Club
59391,Beit Hakashish
59392,Post Office
59393,Bakery
59394,Lot
59396,Yanuh Jat 3
59397,Yanuh Jat 2
59398,Yanuh/8721
59399,Abu Snan Hayalim Meshuhrarim G
59400,HaNavi Square
59401,Kupat Holim
59402,105 Street/Square
59403,Council
59404,120 Street/Minimarket
59405,Kupat Holim Maccabi
59406,School
59407,Kafr Yasif Road 70
59408,Yirka Junction/Julis
59409,Tal-El Intersection
59411,Entrance East
59412,Hatib Brothers Building
59413,Square/Judaida
59414,Judaida-Maker Intersection
59416,Ha'Aliya/Yehuda Alkalay
59417,Yehuda Burla/Kdoshe Ca'ir
59418,Yehuda Burla/Kdoshe Ca'ir
59419,Acre Rail Station/Herzl
59420,Acre Rail Station/Herzl
59421,Ya'akov School/HaAliya
59422,Avraham Ben Shoshan/Pinsker
59423,Acre West Junction
59424,Judaida-Maker Intersection
59425,Shinawi Market
59426,425/411
59427,Mar Elias College
59429,Tal-El Intersection
59431,Kupat Holim
59432,Hayalim Meshuhrarim A
59433,Hayalim Meshuhrarim B
59434,HaMizraka Square
59435,Yanuh Jat 3
59436,Kupat Holim
59437,HaMizraka Square
59438,Bakery
59439,Tnu'at No'ar
59440,Pais Center
59441,Post Office
59442,David Pinkas/Yehoshafat
59443,Yehoshafat/Mordechai Anielewicz
59444,Ha'Arba'a Road/HaMel'akha Road
59445,Military Base
59446,Military Base
59448,Yehoshafat/Mordechai Anielewicz
59449,Elkosh Intersection
59450,Mar Elias/A-Sala'a
59451,Mar Elias/A-Sala'a
59452,Road 8925/Mar Elias
59453,Aramsha 1
59454,Aramsha G
59455,Aramsha A
59456,Aramsha B
59457,Hayalim Meshuhrarim Square
59458,Rocks Park
59459,Basma School
59460,Amal High School
59461,HaGalil Country
59462,Ha'Atsma'ut/Yehoshafat
59463,Ha'Atsma'ut/Gibore Sinai
59464,Weizmann/Yosef Trumpeldor
59465,Ha'Atsma'ut/Yehoshafat
59466,Ha'Atsma'ut/Weizmann
59467,Weizmann/Ma'ale Hahorsha
59468,Bait Jan Internal
59470,Arab-Israeli Bank
59471,Yahadut Zarfat Square
59472,HaSahlav/Kehilat Yahadut Tsarfat
59473,Dolev/Kehilat Yahadut Tsarfat
59475,Abu Snan Sultan Pasha V
59476,Abu Snan Sultan Pasha H
59477,Sultan Al-Atrash/Al-Huda College
59479,Shoham/Snir
59480,Shoham 1/Snir
59481,Shoham 2/Snir
59483,HaTabun
59484,Haidar Quarter
59485,Halt Al-Jab Quarter
59486,Melonit Haatraktsiot
59488,A-Ruwais
59491,Bakery
59492,Building Supplies
59493,HaNassi Herzog Boulevard/Shlomo Shrira
59494,Shlomo Shrira/Lieutenant General Haim Laskov
59495,Shlomo Shrira/Haroshet
59496,Commercial Center/Shlomo Shrira
59497,Baka al Gharbiya A
59498,Baka al Gharbiya B
59499,Baka al Gharbiya G
59500,Baka al Gharbiya D
59501,Baka al Gharbiya H
59502,Baka al Gharbiya V
59504,HaHagana/Etzel
59505,HaHagana/HaShomer
59507,Eshkholot/Havatselet
59508,Eshkholot/Etrog
59510,Shoham 1/Snir
59511,Shoham 2/Snir
59513,Yakinton/HaBrosh Alley
59514,HaVered/Yakinton
59515,Marva/HaDafna
59519,HaNassi Herzog Boulevard/Sapir
59520,Matnas
59521,HaNassi Herzog Blvd/Shoham
59522,Odem/Yarden
59523,Odem/Admonit HaHoresh
59524,Odem/Bechor HaAviv
59525,Odem/Vinka
59526,Odem/Tofach
59527,Odem/Zmora
59528,Odem/Giv'onit
59529,Odem/Admonit HaHoresh
59530,HaNassi Herzog Blvd/Tuval
59532,Ceramex Factory/Haroshet
59533,Maman Center Intersection/Haroshet
59534,Commercial Center – Home Center/Haroshet
59535,Shlomo Shrira/Haroshet
59536,Shlomo Shrira/Haroshet
59537,Commercial Center/Haroshet
59538,Maman Center Intersection/Haroshet
59539,Ceramex Factory/Haroshet
59540,Paskal Factory/Shlomo Shrira
59541,Shlomo Shrira/Lieutenant General Haim Laskov
59542,Migvan Factory/Razuv River Junction
59545,Ort Comprehensive High School/HaNarkis
59547,Ha'Irusim/Nurit
59548,Tavor/Nof Tavor
59549,HaDekel/HaBroshim
59550,HaDekel/HaRimon
59552,Tsuk Manara Intersection
59553,Tel Hai College Eastern Campus
59555,Sarid Intersection
59557,Wolfson/Yerushalayim
59559,Child Care Center/Wolfson
59560,Child Care Center/Wolfson
59561,Yehoshua Hankin/Shay Ag'non
59562,HaRav Kirstein/Menahem Usishkin
59563,HaRav Kirschten/Mishmar HaYarden
59564,Oranim/Menachem Ussishkin
59565,Oranim/Menachem Ussishkin
59566,South Amos Camp Intersection
59567,Kupat Holim
59570,Ramat HaShofet
59571,Ramat HaShofet
59572,Ramat HaShofet Junction
59574,En Ha'Emek Intersection
59575,En Ha'Emek A
59576,Elyakim Center
59577,Eliakim Interchange
59578,Refreshing Area/Elyakim Camp
59579,El'yakim Interchange
59580,El'yakim Interchange
59581,El'yakim Intersection
59583,Yokne'am West Junction
59584,Yokne'am West Junction
59585,Rabin Blvd/HaYarden
59587,Hadassim School
59588,Rabin Blvd/HaYarden
59589,Tidhar School/Odem Forest
59591,HaTse'elim/Ha'Arava
59592,Ha'Arava/Nofar
59594,Ha'Arava/Rotem
59595,HaYakinton/Hadas
59596,HaDuda'im/HaHardufim
59597,City Center/Ort High School
59602,Tavor Square
59603,Sultam Plant
59604,HaKidma/Ha'Otsma
59606,HaGay/HaGoren
59607,Ha'Emek Road/Agra
59610,HaGiborim Square
59611,Hatsipornim/HaNuriyot
59612,HaGiborim Square/HaTzipornim
59614,Ha'Emek Road A
59615,Ha'Emek Road/HaTel Alley
59616,Ha'Emek Road/HaTel Alley
59617,Ha'On
59618,Ramat Yishay Industrial Zone
59619,HaOren/Ha'Erez
59620,Commercial Center/Yehuda Halevi
59624,Ma'ale HaShikma/HaPardes Lane
59627,Hitayshvout Banim Quarter
59628,Hitayshvout Banim Quarter
59629,Kfar Yehoshua - Pool
59630,Gan Iris
59631,Pais Community Center
59632,Primary School
59633,Kfar Yehoshua
59634,Sde Ya'akov A
59635,Sde Ya'akov Office
59637,Rav Bustan Intersection
59642,Hutsot Alonim Intersection
59643,Alonim Intersection
59646,Bet Lehem Haglilit/Exit
59649,Kindergartens Center
59650,Nofit School/HaTzipornim
59651,HaGalil/HaGolan
59652,Golan/Hermon
59653,Tavor/Arbel
59654,Tavor D
59655,Tavor B
59656,Tavor/Golan
59657,Nofit/Exit
59658,Hilaf/Northern Square
59659,Helef Intersection
59661,Tamar/Sitvanit
59662,Ramat Tivon/Pedestrian Bridge
59666,Ibtin/Mosque
59668,Ibtin Intersection
59669,Dalia HaTzeira Center
59670,Public gardens
59671,Public gardens
59672,Almakazah
59673,Water Institute
59674,Water Institute
59675,Ramat David
59676,Haifa Road/5124
59677,Ort School/Rabin
59678,Agra/Ma'ale HaGiv'a
59679,Information Center/Ha'Alonim
59680,HaAlonim/HaSahlavim
59682,Tennis Center/HaAlonim
59684,En Ha'Emek G
59687,En Ha'Emek Public Shelter
59689,Dalia HaTzeira Exit
59690,Dalia HaTzeira/Entry
59691,Fire Fighters Square
59694,Yitshak Rabin Road/Al Jabel
59696,G' Mall Terminal/Platforms
59698,HaDuda'im/HaHardufim
59703,Bet Lehem Haglilit/Center
59704,En HaMifrats Intersection
59705,Mivtsa Ben Ami/HaHagana
59706,HaPalmah/Hativat Golani
59707,HaHagana/Mivtsa Maccabi
59708,Nesi'e Israel/Ort Braude
59709,Braude College/A
59710,Braude College/V
59711,Braude College/B
59712,Braude College/G
59713,Braude College/D
59714,Braude College/H
59715,HaHavatselet/HaArava
59716,Havatselet/HaShoshanim
59717,Iris/Narkis
59718,Iris/HaShoshanim
59719,Ramim/Mitspe Nof
59720,Ramim/Misgav
59722,Nof Kinneret 1
59723,Nof HaGalil/Nof Ha'Emek
59724,Nof Ha'Emek/Nof Hermon
59725,Nof HaGalil/Nof HaHar
59726,Nof Kinneret 6
59727,Nof HaHula/Nof HaKinneret
59728,Nof HaGolan/Nof HaKinneret
59729,Nof Kinneret 8
59732,Yehoshua Hankin/Shay Ag'non
59733,Gan El Nur
59734,Nimr Hussein B
59735,Community Pais Center
59736,I'blin/Southern Entry
59737,I'blin/Northern Exit
59738,Mitspe Aviv Intersection
59739,I'blin/Northern Entry
59740,I'blin/Southern Exit
59741,Kupat Holim Clalit/Nimr Hussein
59742,Nimr Hussein B
59744,Kishor Intersection
59745,Deir Al-Asad Intersection
59746,Tuval
59747,Tuval
59748,Pelekh Center
59749,Deir Al-Asad Intersection
59750,Har Haluts
59751,Har Haluts
59752,Lavon Center
59753,Lavon Exit
59754,Karmi'el Junction
59755,Lavon Junction
59756,Tsviya
59757,Lotem Junction
59758,Lotem B
59759,Lotem A
59760,Salama
59761,Salama
59762,Ras Al-Ain Intersection
59763,Sajur Junction
59764,Rama Junction
59765,Ras Al-Ain Intersection
59766,Salameh School
59767,Tsalmon Camp Junction
59768,Ma'ale Kamon/HaShayish
59769,Kamon Junction
59770,Kaamana
59772,Kamana 1
59773,Kamon Center
59774,Kamon
59776,Kamon Exit
59778,Mikhmanim Entry
59779,Mikhmanim Exit
59780,Mikhmanim Center
59781,Kamon Junction
59782,Tsurit Junction
59784,Gazit/Sapir
59785,Gazit/Sapir
59786,Gazit/Leshem
59787,Ha'Alon/Yahalom
59788,Ha'Alon/HaZayit
59789,HaDekel/Ha'Alon
59790,Shaham/Bareket
59791,Kafr Yasif Junction
59792,Tal-El Intersection
59793,Tal El 1
59794,HaBrosh/HaZayit
59795,HaBrosh/HaRimon
59796,Brosh/Pool
59797,HaBrosh/HaZayit
59798,Gudeida Intersection
59799,Majd al-Kurum Junction West
59800,Service center
59801,Misgav Regional Council
59802,Shorashim
59803,Moran Center
59805,Moran 3
59806,Kfar Hananya Intersection
59807,Kfar Hananya 2
59808,Kfar Hananya 1
59809,Kfar Hananya B
59810,Kfar Hananya G
59811,Kfar Hananya 3
59812,Inbar Intersection
59813,Alon Camp
59814,Hazon
59815,Moran Intersection
59816,Misgav Pool
59817,Atzmon
59818,Dror Road/Snunit
59819,Misgav Pool
59820,Rakefet Center
59821,Yuvalim Junction
59822,Yuvalim 3
59823,Ma'on
59824,Yuvalim 4
59825,Yuvalim 2
59826,Yuvalim 1
59827,Eshhar
59828,Eshbal
59829,Esh'har Intersection
59830,Eshbal Intersection
59831,Yodfat Junction
59832,Yodfat Intersection
59833,Yodfat Oded School
59834,Yodfat Intersection
59835,Yefe Nof/HaBik'a
59836,New Quarter
59837,Avtalyon Intersection
59838,Misgav/Entrance
59839,Hararit
59840,Member's Club
59842,Koranit Junction
59843,Mitspe Aviv 4
59844,Mitspe Aviv 3
59845,Dhamaida/Entry
59846,Dhamaida A
59847,Dhamaida B
59848,Dhamaida 7
59849,Dhamaida 5
59850,Dhamaida H
59851,Dhamaida/Exit
59852,Bareket/Shoham
59857,Kabri 2
59858,Shprinzak/Keren HaYesod
59859,HaShiv'a/Ma'alot Rapha'el
59862,Katsrin Park
59863,Katsrin Park
59868,Bruchim/Kela
59871,Sha'al Intersection
59872,Sha'al Intersection
59873,Ha'Emir Junction
59875,El Poran Camp
59876,HaHavatselet/HaMarganit
59877,HaHagana/Mivtsa Uvda
59879,Odem/Center
59881,HaYa'in Road/HaShemen Road
59882,Public Garden
59883,Shelter
59884,Alone Aba/Grocery store
59885,Ma'ale Harduf/HaYakinton
59886,Commercial Center/Ma'ale Shikma
59887,Ma'ale Shikma/Dvoranit Lane
59888,Ma'ale Shikma/HaMarganiyot
59889,Ma'ale Shikma/HaYakinton
59890,Ma'ale Harduf/HaPragim
59891,Hilf Mosque
59892,Ha'Irusim/Parag
59893,Almakazah
59894,Sapir/Shezaf
59895,Sapir/Sitvanit
59896,Sapir/HaArava Trail
59897,BIG Nahariya
59898,Shomera Camp
59899,HaGalil Blvd/Tefen Blvd
59900,Ayelet HaShahar Junction
59901,Sheikh Danun School
59903,Hatsor HaGlilit Central Station/Alight
59904,Netiv HaShayara G
59905,Muncipal Library/Ha'Atsma'ut Road
59906,Rabbi Akiva/HaShayara Road
59907,HaZamir/Nesher
59908,Even Menahem 3
59909,Biranit Camp
59910,Biranit Camp
59911,Matat Terminal
59913,Alon/HaShkedim
59914,Ma'ale Hamisgad/Narkis
59915,Eshkholot/Havatselet
59916,Sha'are Ha'Ir Mall
59917,Safed Junction
59918,HaHistadrut/HaShiv'a
59919,Mitspe Ha'agam/Neve Menachem Begin
59920,Hilwani Park
59921,Neve Oranim Hotel
59922,HaPalmah/Ravitzki
59923,Rivka Ziv Medical Center
59924,Hospital
59925,Police Guest House
59927,Pool
59928,Jabotinsky Road/HaHaluts
59929,Gan Amos
59931,Me'ona D
59932,Me'ona H
59933,Kabri Center
59934,Yanuh Intersection
59935,Yanuh Intersection
59936,Northern Entry
59937,Kfar Vradim School
59938,Eshkar/Snir
59939,Rama West
59940,Rama West
59941,Entry to Eastern Quarter
59942,HaKfar Center
59943,Beit Ha'am Rama
59944,Community policing center
59945,Medical Center
59946,Ort Sajur Junction
59947,Sajur Entry
59949,Family Health Clinic
59950,Kafr Sme'a G
59951,Kafr Sme'a D
59953,Peki'in River/864
59954,Peki'in River/864
59956,Sasa Industrial Zone
59957,Sasa Industrial Zone
59959,En Ya'akov V
59960,Manot Avdon Junction
59961,Bar Yohay
59962,Dovev Alon/Ela
59963,Dovev Exit
59964,Yir'on 2
59965,Avivim Entry
59966,Avivim Exit
59967,Nofar School/Nofar
59968,Meron/Sa'ar
59969,Amirim School
59970,Snir/Dafna
59971,Arbel/Gome
59972,Arbel/Karmel
59973,Karmel/Hohit
59974,Dishon/Meron
59975,Meron/Na'aman
59976,Ga'aton/Meron
59977,Ein Zeitim Parking lot
59978,Ein Zeitim Parking lot
59979,Dalton Industrial Zone
59981,Eshkol Allenby/Ma'ale HaKerem
59982,Alma 1
59984,Center/Dalton
59985,Dalton 4
59986,Dalton 3
59987,Dalton 1
59988,Ayelet HaShahar Junction
59989,Bet HaKerem Blvd/Eshkholot
59990,Morad HaGay/Havatselet
59991,Morad HaGay/Hatsav Alley
59992,Morad-HaGay/Iris
59994,Kupat Holim Clalit
59995,Shuk
59996,Ibn Haldun School
59998,Netiv HaShayara 9
59999,Netiv HaShayara Z
60000,HaRav Shach Giml
60001,Bet Horon Interchange
60003,Kibbutz Kalya Junction/Qumran
60004,Kalya/Center
60005,Ali HaCohen Blvd/Shoham
60008,Moshav Mehola/Road 90
60009,Moshav Mehola/Road 90
60010,Barvaz camp/Road 90
60011,Lido Beach
60012,Dir abu Mashaal Intersection
60018,Bilu Junction
60019,Police
60020,Bilu Junction
60021,Bet Midrash Heichal HaGrim/HaRitva
60022,HaRitva B
60023,HaRitva/Netivot Shalom
60025,Metsoke Dragot Junction
60026,Kibbutz Kalya Junction/Qumran
60028,HaRav Pardes/Zuckerman
60029,Kfar Etzion/Entrance
60030,En Feshkha
60031,Kalya Junction/Megilot Regional Council
60032,En Feshkha
60033,Almog Junction
60034,Na'ama Junction/Road 90
60035,Argaman Junction/Road 90
60036,Argaman Junction/Road 90
60037,Yafit Junction/Road 90
60038,Yafit Junction/Road 90
60041,Bik'at HaYarden Regional Council
60042,Bik'at HaYarden Regional Council
60043,Massu'a Junction/Road 90
60044,Office
60045,Alon Shvut Junction
60046,Gush Etsyon Junction
60048,Ofer Camp
60049,Gitit B
60051,Kdushat Levi/Shalom Rav
60052,Kdushat Levi/HaRan
60053,Kdushat Levi A
60054,Kdushat Levi B
60055,Kdushat Levi/HaRav Shach
60057,Mezhirich/Maharitz
60058,Mezritch/Habad
60059,Habad Synagogue/HaMagid MiMezritch
60060,Bayan Synagogue/HaMagid MiMezritch
60061,Mezritch/Haran
60062,Mezhirich/Haye Yitshak
60063,Mezritch/HaAri Road
60064,HaAdmor MiRuzhin/Rabi Akiva
60065,Rozin/HaTov VeHaMetiv
60066,Divre Hayim/Hit'orerut Tshuva
60067,Divre Hayim/Ma'alot Keter Torah
60068,City Culture Center/Rabbi Nahman MiBreslev
60069,Mif'al HaShas/Zvahil
60070,Mif'al HaShas/Ma'a lot Geone Brisk
60071,"Slonim Synagogue/HaSha""s Plant"
60072,Mishmeret Meir School
60073,Igrot Moshe/Kaf HaHayim
60074,Kaf HaHayim A
60075,Kaf HaHayim/Ma'alot Chekhnov
60076,HaRav Auerbach/HaRav MiKretshnif
60077,HaRav Auerbach/HaRabbi MiLubavitz
60078,HaRabbi MiNadvorna A
60079,Nadvorna/Baba Sali
60080,Baba Sali/Nadvorna
60081,Baba Sali/Esh Kodesh
60082,Ribaz/Esh Kodesh
60083,Ribaz/No'am Elimelekh
60084,Rabbi Elazar HaModai/Rabbi Yosef Caro
60085,Rabbi Elazar HaModai/Hagra
60086,Rabbi Akiva/Or HaHayim
60087,City Hall
60088,LeZion Berina Institute
60089,Mezritch/HaAri Blvd
60090,Mezhirich/Haye Yitshak
60091,Mezritch/Haran
60092,Lev Betar Commercial Center
60093,Bet Yaakov Kindergartens
60094,Mezritch/Habad
60095,Mezhirich/Maharitz
60097,Kdushat Levi/HaRav Shach
60098,Kdushat Levi B
60099,Kdushat Levi A
60100,Kdushat Levi/Shalom Rav
60101,Kdushat Levi/Ohel Sara
60102,Kikar Ha'Ir Commercial Center
60103,Lev Betar Commercial Center
60104,City Hall
60105,Rabbi Akiva/Slonim
60106,Bet Yaakov Ahavat Hesed
60107,Karlin Synagogue/Hatam Sofer
60108,Hatam Sofer/Hazo'a
60109,Hazon Ish/Hatam Sofer
60110,Hazon Ish/Ari'eli
60111,Talmude Tora/Ari'eli
60112,Hazon Yosef Park
60113,Rabbi Yohanan Ben Zakay/Hefets Hayim
60114,Zvahil A
60115,HaRabbi MiZvahil/Ma'alot Geone Brisk
60116,Mishkan HaKodesh Synagogue/Esh Kodesh
60117,Esh Kodesh/HaRabi MiLubawitch
60118,Zadka/Esh Kodesh
60120,Hazo'a/Ari'eli
60121,Hazo'a/Hatam Sofer
60122,Hatam Sofer/Hazo'a
60123,Hatam Sofer/HaModa'i
60124,HaRan/Mezhirich
60125,HaRan/Kdushat Levi
60126,Rabi El'azar HaModa'i/HaHida
60127,Divre Hayim/HaHida
60128,Divre Hayim/Hit'orerut Tshuva
60130,Kikar Ha'Ir Commercial Center
60131,HaRav Brim/Pahad Yitshak
60132,Shtibalach Kahal Hassidim/Pahad Yitshak
60133,Shiv'at HaMinim Park
60134,Pahad Yitshak/Yesud Ha'Avoda
60135,Haye Yitshak/HaRav Bender
60136,Haye Yitshak/HaTov VeHaMetiv
60137,Cleveland Synagogue/HaBaba Sali
60138,Tipat Halav/Baba Sali
60139,HaDaf HaYomi/Ma'alot Chekhnov
60140,HaRav Koenig/Ma'alot Rabbi Hillel
60141,Ateret HaNahal Synagogue/HaRav Kenig
60142,Zekhor LeAvraham Synagogue/HaRav Kenig
60143,HaRav Koenig/Ma'alot Rabbi Hillel
60144,HaDaf HaYomi/Ma'alot Chekhnov
60145,Haye Yitshak/HaRav Bender
60146,Talmud Torah Tif'eret HaTorah/Haye Yitshak
60147,Yesud Ha'Avoda/Pahad Yitshak
60148,Shiv'at HaMinim Park
60149,Shtibalach Kahal Hassidim/Pahad Yitshak
60150,HaRav Brim/Pahad Yitshak
60151,Kikar Ha'Ir Commercial Center
60152,Ha'Ari Road/Road 375
60153,Kanievsky/Baba Sali
60154,Breslev/Auditorium
60155,Kanievsky/Baba Sali
60156,HaRabbi MiLubavitz/HaRabbi MiNadvorna
60157,Esh Kodesh/HaRabi MiLubawitch
60158,Ari'eli/Ribaz
60159,Ha'Ari Road/Road 375
60160,Nadvorna/Baba Sali
60161,HaRabbi MiNadvorna A
60162,HaRav Auerbach/HaRabi MiNadborna
60163,HaRav Auerbach/Helkat Yoav
60164,Kaf HaHayim/Ma'alot Chekhnov
60165,Kaf HaHayim A
60166,Igrot Moshe/Ma'alot Rabbi Hillel
60167,Igrot Moshe/Kanievsky
60168,"Slonim Synagogue/HaSha""s Plant"
60169,Mif'al HaShas/Ma'a lot Geone Brisk
60170,Mif'al HaShas/Zvahil
60171,HaRabbi MiZvahil/Ma'alot Geone Brisk
60172,Zvahil A
60173,HaRabbi MiLubavitz/HaRabbi MiNadvorna
60174,Esh Kodesh/Ribaz
60175,Netivot Hochma School/Ohel Sara
60176,Mif'al HaShas/Rabi Nachman MiBreslev
60177,Ohel Sara/David Building
60178,HaRav Ya'akov Mutzafi/Knesset Mordekhay
60179,Knesset Yehezkel A
60180,Knesset Mordekhay/Knesset Yehezkel
60181,Mutsafi A
60182,Mutsafi B
60183,Habad/Mutsafi
60184,Yeshivat Nezer HaTalmud/Habad
60185,Lublin/Darke Ish
60186,Lublin A
60187,HaRav Ya'akov Mutzafi/Admore Vizhnitz
60188,Lublin A
60189,Darke Ish/HaHoze MiLublin
60190,Habad/Mezhirich
60191,Yeshivat Nezer HaTalmud/Habad
60192,Knesset Mordekhay/HaRav Ya'akov Mutzafi
60193,Mutsafi B
60194,Kneset Mordekhay/HaRav Abba Shaul
60195,Knesset Mordekhay/Knesset Yehezkel
60196,Knesset Yehezkel/Knesset Mordekhay
60197,Knesset Yehezkel A
60198,Viznitz Synagogue/Kdushat Levi
60199,Bayan Synagogue/Kdushat Levi
60200,Knesset Yehezkel/Knesset Mordekhay
60201,Habad/Mezhirich
60202,Meshekh Hokhma G
60203,Meshekh Hokhma A
60204,Meshekh Hokhma Z
60205,Psagot Exit
60206,Meshekh Hokhma D
60207,Maalot Simcha/Avnei Nezer
60208,Yishay Camp
60209,Shvut Rachel - Center
60210,Avne Nezer Z
60211,Shilo/Shvut Rachel
60212,Avne Nezer Y
60213,Avne Nezer B
60214,Avne Nezer Het
60215,Shilo/Shvut Rachel
60216,Avne Nezer/Hefets Hayim
60217,Hefets Hayim/Netivot HaMishpat
60218,Kokhav Ya'akov Road
60219,Alon
60220,HaMeyasdim/Erets Binyamin
60221,Nahal Prat Road/HaHaim Road
60222,Or HaHayim G
60223,Or HaHayim D
60224,Or HaHayim Z
60225,Or HaHayim/Ohale Sefer
60226,Avne Nezer/Or HaHayim
60227,Kesem Center/Avne Nezer
60228,Maalot Simcha/Ktzot Hoshen
60229,Hefets Hayim Z
60230,Nahal Prat Road/Nahal Arugot
60232,Nahal Prat Road/Tze'elim Creek
60233,Mesilat Yosef B
60234,Mesilat Yosef/Merome Sade
60235,HaMoriya/Yahalom
60236,HaMoriya/Mevo Ahlama
60237,Kindergarten/Netivot HaMishpat
60238,Netivot HaMishpat KH
60239,Netivot HaMishpat YG
60240,Netivot HaMishpat/Mesilat Yosef
60241,Netivot HaMishpat Z
60242,Shir HaShirim/Pri Megadim
60243,Bet Tfila Square/Netivot HaMishpat
60244,Netivot HaMishpat H
60245,Netivot HaMishpat YZ
60246,Leshem/Turkiz
60247,Netivot HaMishpat/Gefen Square
60248,Netivot HaMishpat/Merome Sade
60249,Netivot HaMishpat
60250,Netivot HaMishpat K
60252,Netivot HaMishpat/Hatam Sofer
60253,Mezhirich/Schools
60254,Hefets Hayim/Avne Nezer
60255,Bet Hillel Blvd/Bet Shamay Blvd
60256,Avi Ezri B
60257,Avi Ezri A
60258,Neot HaPisga Square/Rashi
60259,Leshem/Hoshen
60260,Turkiz/Leshem
60261,Hefets Hayim G
60262,Maalot Simcha/Ktzot Hoshen
60263,Maalot Simcha/Avnei Nezer
60266,Mesilat Yesharim G
60267,Alon Shvut Junction
60268,Commercial Center/Yehezkel Boulevard
60269,El'azar Junction
60270,Sd. Yehezkel/Rav VeShmu'el
60271,Fire Fighters/Yehezkel Boulevard
60272,Rashbi D
60273,Shilo Road/HaRo'e
60274,Shilo Road/HaRo'e
60275,HaRav Shach Giml
60276,Rashbi B
60277,Rashbi V
60278,Rashbi A
60279,Yehuda HaNassi/Yehezkel
60280,Postal Boxes/Yehuda HaNassi
60281,Yehuda HaNassi H
60282,Yehuda HaNassi/Rashbi
60283,"HaRemez Road/HaSha""s Plant"
60284,Biala Synagogue
60285,Mir Yeshiva/Rabbi Akiva
60286,Rabbi Akiva D
60287,Sd. Yehezkel/Rav VeShmu'el
60288,Sd. Yehezkel/Rav VeShmu'el
60289,Ohel Sara/David Building
60290,Bet Hillel Blvd/City Exit
60292,Hashmona'im South Junction
60293,Bet Shamay Blvd/HaRav MiPonevezh Blvd
60294,Bet Hillel Blvd/City Entry
60296,El'azar Junction
60298,Hefets Hayim/Noda BeYehuda
60299,Bet Hillel Blvd/Mesilat Yesharim
60300,Mesilat Yesharim/Ohale Dvora
60301,Kindergarten/Netivot HaMishpat
60302,Netivot HaMishpat/Maalot Simcha
60303,Rabbi Akiva/Yehuda HaNassi
60304,Mea Shearim School
60305,Rabbi Akiva B
60306,Rabbi Akiva G
60307,Yehuda HaNassi A
60308,Nezer Yeshiva/Rabbi Yehuda HaNasi
60309,Yehuda HaNassi G
60310,Yehuda HaNassi D
60311,Rashbi/Yehuda HaNassi
60312,Hazon Ish/Avi Ezri
60313,Kollel Ponevezh/Rav MiPonevezh Boulevard
60314,Karlin Synagogue
60315,Netivot HaMishpat B
60317,Avi Ezri V
60318,Hazon Ish/Avi Ezri
60319,Green Park/HaRav MiPonevezh
60320,Karlin Synagogue
60321,Gate
60322,Metar Passage
60323,Metar Passage
60325,Beka'ot Junction
60326,Beka'ot
60327,Bet Shamay Blvd/Sha'are Tshuva
60328,Tene Omarim - Exit
60329,Pool
60330,Ismah Israel/Maharitz
60331,Tene Omarim A
60332,Darke Ish/Ismah Israel
60333,Eshkolot - Office
60334,Eshkolot A
60335,Kdushat Levi D
60336,Kdushat Levi/HaMaharits
60337,Hativa Sheva Junction
60338,Education Center/Binyan David
60339,Education Center/Binyan David
60340,Emergency Center/Ohel Sara
60341,Kdushat Levi/HaMaharits
60342,Kdushat Levi D
60343,Kdushat Levi/Bruck
60344,Beka'ot Junction
60345,Mikvah
60346,Office
60347,Hamra Junction
60348,Hamra Junction
60349,Tirtsa Junction
60350,Ro'i Camp Junction
60351,Negohot
60352,Hashmona'im North Junction
60354,Or HaHayim B
60355,Or HaHayim V
60356,Postal Boxes/Rabbi Akiva
60358,Kupat Holim/Rabbi Akiva
60359,Ro'I A
60361,Mitspe Shalem Junction
60362,Mitspe-Shalem
60364,Mitspe Shalem Junction
60365,Giva'at HaIai
60366,Commercial Center/Rashbi
60367,Rashbi/Tarfon
60368,HaDvash/David HaMelech Boulevard
60370,Mesilat Yosef A
60372,Mesilat Yosef D
60373,Netivot HaMishpat YD
60374,Netivot HaMishpat TV
60375,Road 60/Yits'har Junction
60376,Netivot HaMishpat/Merome Sade
60377,Netivot HaMishpat/Hatam Sofer
60378,Avne Nezer/Hefets Hayim
60379,Avne Nezer G
60380,Avne Nezer D
60381,Or HaHayim T
60382,Hefets Hayim A
60383,Hefets Hayim B
60386,Hefets Hayim/Mesilat Yosef
60387,Or HaHayim/Hefets Hayim
60388,Avne Nezer/Or HaHayim
60392,Rashbi G
60395,Road 60/Yits'har Junction
60396,Moriya/Neve Sha'anan
60397,Tsahal 105
60398,Tsufim Post
60399,Bir Nabala Junction/Ramallah Road
60400,Mitspe Asa'el
60401,Psagot/Ashkubiyot
60402,Ma'alot HaHokhma
60403,Ma'alot HaHokhma
60404,Neve Yair Base Westward
60405,Neve Yair Base Eastward
60406,Ahavat Shalom
60407,Bareket/Piteda
60408,Avne HaHoshen/Ahlama
60409,Bareket/Sapir
60410,Avne HaHoshen/Bareket
60411,Avne HaHoshen/Odem
60413,Rachel's Tomb
60414,Rachel's Tomb
60415,Kfar Adumim Junction
60417,Vered Yeriho
60418,Vered Yericho Camp
60421,Merkaz Pais for retirees
60422,Office
60423,Kfar Adumim Junction
60424,Mitspe-Yeriho Junction
60425,Mitspe-Yeriho Junction
60427,Kfar Adumim Junction
60428,Me'arat Hamahpela
60429,Tomer/Office
60430,Gilgal/Entry
60431,Office
60432,Tomer Junction/Road 90
60433,Tomer Junction/Road 90
60434,Petsa'el Junction
60435,Dining Room
60436,Gilgal Junction/Road 90
60438,Gilgal Junction/Road 90
60439,Petsa'el Junction/Road 90
60440,Niran Junction/Road 90
60441,Niran Junction/Road 90
60442,Gitit B
60444,Yerushalayim Road/Amos
60447,Office
60453,Hamra Junction
60454,Rimonim A
60455,Giv'on HaHadasha/Center
60457,Beka'ot Junction
60458,Beka'ot Junction
60459,Ro'i Camp Junction
60460,Peles Camp Junction
60461,Peles Camp Junction
60462,Peles Camp
60466,Almog Junction
60467,Mifgash HaBik'a/Road 90
60469,Karmel/Exit
60470,Efrat South Junction to South
60471,Efrat South Junction to East
60472,Efrat South Juntion to North
60473,Levona/Nitsanim Boulevard
60474,Ateret Junction
60475,Ateret Junction
60476,Ateret Junction
60477,Center/Ateret
60479,Sports Field
60480,Rehan
60481,Rehan Junction
60482,Pool
60483,Hinanit
60484,Mevo Dotan
60486,Rehan Junction
60487,Mevo Dotan Intersection
60488,Gitit Junction
60489,Yitav Junction
60490,Yitav Interchange
60491,Halamish Junction
60492,Halamish Junction
60493,Halamish Junction
60494,Halamish Junction
60495,Neve Ahi
60496,Shilo A
60497,Industrial Zone
60498,Industrial Zone
60499,Shilo Junction
60501,Neve Daniel South Junction
60504,Ma'ale HaHar
60505,Haruv/HaHoresh
60506,Haruv/Irit
60507,Halamish 1
60508,Matnas/Haruv
60510,Ma'ale HaHoresh/Oren
60514,Nebi Musa Junction
60515,Nebi Musa Junction
60516,Shadmot Mehola/Road 90
60517,Shadmot Mehola/Road 90
60518,Efrat Southern Gate/Exit
60520,Alon Shvut Junction
60523,Shmuel HaNavi Tomb Junction
60524,HaMaccabim/Shevet Binyamin
60525,HaMaccabim/HaShaked
60527,HaMaccabim/Yehoshua Bin Nun
60528,Yehoshua Bin Nun/HaMaccabim
60531,Mishor Adumim Intersection
60532,Adumim Junction/Yishay Camp Junction
60533,Shivuk HaShikma Commercial Center
60538,Ugda/Haruvit
60543,HaHevra HaKalkalit Blvd/Haruvit
60544,Talme Yosef/Haruvit
60546,HaHevra HaKalkalit Boulevard/Haruvit
60547,Haruvit/HaHevra HaKalkalit Boulevard
60550,Ma'ale Levona G
60551,Ma'ale Levona A
60553,Ugda/Haruvit
60555,Midbar Yehuda Road/HaGitit
60556,HaGay Road/Midbar Yehuda Road
60557,Central Park
60558,Eged Terminal/Kedem Road
60559,Kokhav HaShahar A
60560,Yabed Junction
60561,Mevo Dotan Junction
60565,Metzad B
60567,Nahli'el Junction
60568,Yehoshua Bin Nun
60569,Nahli'el Junction
60571,Pne Hever A
60572,Pne Hever B
60573,Dolev
60574,Almog Junction
60575,Industrial Zone
60576,Industrial Zone
60577,Ma'on/Center
60579,Susya/Sports Field
60582,Center
60584,Almon Junction
60585,Almon Junction
60586,HaKinor/HaTsiltsal
60587,HaHalil/HaShofar
60588,Scientific High School Yeshiva
60590,Bet Hagai Intersection
60592,HaGay/Ha'Arava
60593,HaGay/Ha'Arava
60594,Ofer Camp Intersection
60597,Gross Square
60598,Me'arat Hamahpela
60599,Beit Romano
60600,Sports Field
60603,Otnie'l Intersection
60607,Ma'ale Shne'or/Ma'ale David
60608,Kadum Camp
60609,Kadum Camp
60612,Mevo Shilo Camp
60613,Yosh Camp
60615,Bet Ha'Arava Junction/Road 90
60616,Mateh Binyamin Regional Council
60617,Psagot/Ashkubiyot
60618,Bet Ha'Arava Junction
60619,Bet Ha'Arava Junction
60620,Metsoke Dragot Junction
60621,Ovnat Junction
60622,Ovnat Junction
60623,Mt. Giloh
60624,College/HaHar Road
60625,Ma'ale Mikhmash
60626,Kokhav HaShahar Junction
60627,Mihmash Intersection
60628,HaGitit/Ha'Inbal
60629,Mitspe Nevo/Mevo HaKatrus
60630,Mizpe Nevo Square
60631,HaGitit/Mitspe Nevo
60633,Na'ama/Center
60634,Hashmona'im Junction
60638,Kfar Etsyon B
60639,Telem
60640,Derekh Erets Yemini/HaTe'ena
60641,Emunim/HaTe'ena
60642,Kokhav HaShahar B
60643,Horon Camp
60644,Sal'it A
60646,Arava/Mevo Hadas
60647,Shevet Binyamin/HaLulav
60649,Shevet Binyamin/HaLulav
60650,HaGay/Shevet Binyamin
60651,Kedem Road/Avne HaHoshen
60652,HaGay Road/Kedem Road
60653,HaGay Road/Hametsadim
60654,Ahavat Shalom/Maalot Moshe
60655,HaNevel/Ha'Ugav
60658,HaHalil/HaKeren
60660,HaKinor/HaTsiltsal
60662,Giv'at Ze'ev
60663,Giv'at Ze'ev
60664,HaGay Road/Kedem Road
60665,Eged Terminal/Kedem Road
60666,Kikar Yahalom Commercial Center
60667,HaGay Road/Midbar Yehuda Road
60670,HaOren/Ha'Ela
60671,Adora Junction
60672,Adora/Center
60675,Nirit/Golan
60676,Ma'ale Efrayim Junction
60677,Ma'ale Efrayim Junction
60678,Ma'ale Efrayim Junction
60679,Luz Boulevard/Mivtsa Shlomo
60681,Hibat Tsiyon/Sulam Ya'akov
60683,Luz Blvd/Dikla
60684,Torah Ve'Avoda/Hareiya Circles
60687,Morad Nahal Prat/Ma'ale Binyamin
60688,Turkiz/Inbar
60689,Turkiz/Leshem
60691,Metzad A
60692,Rimonim A
60693,Yitav/Kupat Holim Clalit
60694,Yitav Junction
60695,HaMoriya/Nahal Eshkol
60696,Office
60697,Kiryat Ye'arim/Mitspa
60698,Kiryat Ye'arim/Rama
60699,Neve Daniel North Junction
60700,HaMaccabim/Shevet Binyamin
60701,HaMaccabim/Mevo HaShikma
60703,HaMaccabim/Yehoshua Bin Nun
60704,HaMaccabim/Mevo HaShikma
60705,Kiryat Ye'arim/HaLulav
60706,HaLulav/Arava
60707,HaLulav/Arava
60708,Kiryat Ye'arim/HaLulav
60709,Kiryat Ye'arim/Almon
60711,Giv'at Ze'ev
60714,Kalya Beach
60715,Kalya Beach
60716,Hemdat Junction
60717,Gitit Junction
60718,Kedar Junction
60722,Bet Horon Interchange
60726,HaGitit/Ha'Ugav
60727,HaMaccabim/Shevet Binyamin
60728,Arava/Ha'Etrog
60729,Tecetz Camp
60730,Arye Camp
60732,Ma'ale Levona B
60733,Office
60734,Giv'at Ze'ev
60735,Kiryat Ye'arim
60738,Sadot/Holit
60744,HaGefen/Tirosh
60746,HaGefen 3
60749,Shmuel Otniel Junction
60750,Shmuel Otniel Junction
60751,Peles Camp Junction
60753,Susya Camp
60754,Suva Adorayim Center
60756,Ulpana/Neriya
60757,Anatot Camp
60761,Levona/Esh'har
60762,HaShaked/Kokhavit
60763,Ma'ale HaZayit A
60764,Ma'ale HaZayit B
60765,Prihat HaShaked/Dolev
60766,Sport Center
60768,Hakhlili/Erets HaTsvi
60769,HaMeyasdim
60771,Ohad Road/HaSovlanut
60772,Mekhora Junction
60773,Mekhora Junction
60774,Mekhora
60775,Mekhora Junction
60776,Tirtsa Camp
60777,Pool
60778,Ofarim/Square
60779,Ha'Eshel/HaShaked Ofarim
60780,HaBrosh A
60781,Afik Camp
60782,Nevo Camp Junction/Road 90
60783,Allenby Bridge Junction/Road 90
60784,Nevo Camp Junction/Road 90
60785,Allenby Bridge Junction/Road 90
60786,Bet Ha'Arava Junction/Road 90
60787,Na'ama Junction/Road 90
60788,Office
60789,Shvut Rachel
60790,Kidron/Nahli'eli
60791,Arugot/Dukhifat
60792,Ofra/Entry
60793,Gas Station/Kokhav Ya'akov
60797,Mimshal - Har- Manoah
60799,Mineral Beach
60801,Nof HaSharon/Havatselet
60802,Rabin Camp
60803,Vered/Havatselet
60805,Hemdat
60806,Hemdat Junction
60807,Brosh Junction/Road 90
60808,Brosh Junction/Road 90
60809,Barvaz camp/Road 90
60811,Omer Regional School
60812,Kfar Eldad
60813,Nahal Kidron/Nahal Hever
60816,Maalot Simcha/Mesilat Yesharim
60817,Bet Shamay Blvd/Bet Hilel Blvd
60820,Geva'ot
60822,Bet Hagay B
60823,Pne Kedem
60824,Exit Road/Ateret
60825,Ibe Hanachal
60826,Sha'ar Binyamin Industrial Zone
60827,Mt. Schmuel Intersection
60828,Hahashmona'im/Matit'yahu
60830,Arugot Creek/Nahal Prat Road
60832,Yair Lookout
60834,Eshtamoa Lookout
60835,Peles Camp Junction
60836,Hemdat
60839,Tsahal/Barak
60846,Mt. Schmuel/Avne HaHoshen
60847,Tomb of Samuel
60848,Tomb of Samuel
60849,Giv'at Asaf
60850,Giv'at Asaf
60852,Arugot/Hever
60853,Yitav/Dror
60855,Brakha B
60857,Nofe HaSela/HaHalamish
60858,Kedem Road/HaNikrah
60859,Talmud Torah/Kedem Road
60860,Mamreh Square
60861,Kiryat Arba/Nofe Mamre Road
60862,Kiryat Arba/Nofe Mamre Road
60863,Nofe Mamre Road/3597
60865,Kedem Road/Avne HaHoshen
60866,Kedem Road/Mt. Michvar
60867,Adumim Mall
60868,Har Habayit Road/Zemach HaSade'h Road
60870,Zemach HaSade'h Road/Ha'Eshel
60871,Zemach HaSade'h Road/HaTsaftsefa
60872,Zemach HaSade'h Road/HaRotem
60873,Zemach HaSade'h Road/HaRotem
60874,Zemach HaSade'h Road/HaTsaftsefa
60875,Zemach HaSade'h Road/HaShikma
60876,Pri Megadim/Hut HaShani
60877,Pri Megadim/Et HaZamir
60878,Ma'ale Adumim Police/Har Habayit Road
60879,Adumim Mall
60880,Mizpe Nevo Square
60881,Mitspe Nevo/HaGilgal
60883,Mitspe Nevo Park
60884,Har HaBayit Road/HaEshel
60885,Har Habayit Road/Zemach HaSade'h Road
60886,Ha'Irit/Ha'Ezov
60887,Ha'Irit/HaTzalaf
60888,Ha'Irit/HaKarkum
60889,Ha'Irit/HaKarkum
60891,Yoni Netanyahu/Nofe Mamre Road
60892,Sd. Kaleb Ben Yefune/Gur Arye
60893,Sd. Kaleb Ben Yefune/David HaMelekh
60894,David HaMelekh/Yehoshua Bin Nun
60895,Religious Council
60896,Nahal Eshkol/Sd. Kaleb Ben Yefune
60897,Nahal Eshkol/Gur Arye
60898,Gur Arye/Nahal Eshkol
60899,Kiryat Arba/60
60900,David HaMelekh/Sd. Kaleb Ben Yefune
60901,Ofra/Exit
60902,Sd. Kaleb Ben Yefune/Yehoshua Bin Nun
60903,Sha'ar Binyamin Industrial Zone
60905,Tapu'ah Junction
60909,Simhat Olam/Or Hadash
60910,Ahavat Israel/Ma'alot HaHokhma
60912,Makor Baruch/Ahavat Israel
60913,Makor Baruch/Ahavat Israel
60915,Club/Ahavat Israel
60916,Ahavat Israel/Minhat Aharon
60918,Caravans Quarter
60920,Ahavat Israel/Kehilat Ya'akov
60921,Tel Tsion Terminal
60922,Ahavat Israel/Ma'alot HaHokhma
60923,Kokhav Ya'akov Road/Simhat Olam
60925,HaTsur/Kedem Road
60927,HaShaham/HaGazit
60930,HaHevra HaKalkalit Boulevard/Haruvit
60931,Atsmona/Sadot
60932,Haruvit/HaHevra HaKalkalit Boulevard
60936,Kedem Road/Nofe HaSela
60937,HaNikrah/HaRekhes
60938,HaTsur/Ha'Even
60940,HaHalamish/HaGir
60942,HaHalamish/HaRekhes
60943,HaGazit/HaShaham
60945,Sha'ar HaGay/HaTsiyonut Road
60956,HaKomemiyut/HaRishonim Lane
60958,Football Field
60960,Massu'a Road/Mevo HaBosem
60961,Gil'ad Road/Massu'a
60962,Gil'ad Road/Massu'a
60964,HaShaham/HaGa'ash
60965,HaShaham/HaShayish
60966,Rotem
60967,Gur Arye/Nahal Eshkol
60968,Ishai/55
60969,Mehola Junction
60970,Kidron/HaZamir
60971,Rehan Checkpoint
60972,Rehan Checkpoint Northbound
60974,HaTsiyonut Road/Yefe Nof
60978,HaRekhes/Nofe HaSela
60979,HaRekhes/HaShayish
60981,HaShaham/Nofe HaSela
60983,Elon More
60984,Giva'at HaBracha
60985,Rami Quarter
60986,Neve Ofra
60987,Neve Ofra
60993,Sapir/Ptada Alley
60994,HaOren/Eli HaCohen Blvd
60995,HaHarduf/Hakalanit
60997,Hakalanit/Karkum Alley
60998,HaLilakh/HaYakinton Alley
60999,Hakalanit/HaNurit
61001,Giv'at-HaTamar
61002,Football Field
61003,David HaMelekh Boulevard/Zerubavel
61005,Zeit Shemen/Matityahu HaCohen
61006,HaKtoret A
61007,HaDekalim Square/HaKtoret
61008,HaKtoret B
61010,Zeit Shemen/HaKtoret
61011,Zeit Shemen/Yehuda HaMaccabi
61013,HaZayit School
61015,HaDekel School
61016,HaDekel/Ezra
61017,David HaMelekh Boulevard/Ezra
61018,Netsah Yerushalayim/Hagay
61019,Netsah Yerushalayim/Ma'ale En Tsurim
61020,Netsah Yerushalayim/HaGefen
61022,David HaMelech
61023,Rimon/Ha'Ela
61024,Rimon/Ma'ale HaZayit
61027,David HaMelekh Boulevard/HaTe'ena
61028,HaGefen/David HaMelekh Boulevard
61030,Netsah Yerushalayim/Ma'ale En Tsurim
61032,Orot Etzion-boys school
61033,HaBa'al Shem Tov/Ish Matsli'ah
61034,HaRav Pinhas Levin/Rabbi Me'ir MiPremishlan
61035,Rambam Square
61037,Commercial Center/HaGa'on MiVilna
61038,Hatam Sofer A
61039,Hatam Sofer/Netiv Revavot Efraim
61040,Commercial Center/HaGa'on MiVilna
61043,Imanuel/Exit Gate
61044,Bne Tsiyon Library
61045,Eshkol Pais Arts & Sciences
61046,Midbar Yehuda Road/HaShofar
61047,Midbar Yehuda Road/HaHalil
61049,Adam Boulevard/Harduf Hanehalim
61050,Adam Boulevard/Harduf Hanehalim
61052,Kalanit/Lilakh
61053,Kalanit/Sigalit
61054,Harduf Hanehalim/Kalanit
61055,Adam Boulevard/437
61058,Yishay Camp
61059,Mevo Tsofnat/Nahala
61062,Mevo Tsofnat/Nahala
61065,HaGa'ash/HaRekhes
61067,Aviation & Space Technological College
61068,Peles Nahal
61069,Tsofit Preparatory Program
61070,Tsofit Preparatory Program
61071,Kedar Junction
61074,Giv'at Ze'ev
61075,Giv'at Ze'ev
61077,Zemach HaSade'h Road/Ha'Irit
61078,Ha'Almog/HaKurkar
61079,Ha'Almog/Haluke Nahal
61081,Adumim Junction/Yishay Camp Junction
61083,Yud Dalet BeElul/HeHarduf
61084,HaOren/Ha'Ela
61085,Giv'at HaMeyasdim
61087,Atsmona/Sadot
61090,Atsmona/Sadot
61091,Nili A
61092,Nili
61097,Uziel
61098,Ulpana
61099,Caravans
61101,Talmon Dolev Junction
61103,Talmon D
61104,Horesh Yaron Intersection
61105,Hare Besamim Road/Shir HaShirim
61106,Pri Megadim/Shir HaShirim
61107,Zayit Ra'anan Intersection
61109,Nahliel/Yeshiva
61110,Nahliel A
61111,Zayit Ra'anan Intersection
61112,Hare Besamim Road/HaGefen
61113,Hare Besamim Road/Shir HaShirim
61114,Ulpana/Neriya
61115,Horesh Yaron Intersection
61116,Talmon G
61118,Talmon Dolev Junction
61119,Tamar/Gefen
61120,Adam Boulevard/Yasmin
61121,Adam Boulevard/Savyon
61122,Harduf Hanehalim/Kalanit
61124,Harduf Hanehalim/Rakefet
61125,Levona
61126,Levona/Adam Blvd
61127,Levona
61128,Levona/Adam Blvd
61129,Parag/Rakefet
61130,Harduf Hanehalim/Karkum
61131,Levona/Vered
61132,Adam Boulevard/Levona
61133,Parag/Rakefet
61134,Public Garden/HaLilakh
61135,Kalanit/Nurit
61136,Synagogue/HaLilakh
61137,Yasmin/Kalanit
61138,Kalanit/Havatselet
61139,Public Garden/HaLilakh
61140,HaSela/HaTe'ena
61141,Kdushat Levi/Bruck
61142,Darke Ish/HaRav Ben Zion Bruk
61143,Darke Ish/HaRav Bruk
61144,Ismah Israel/Darke Ish
61145,Ismah Israel/Maharitz
61146,Emergency Center/Ohel Sara
61147,Yoni Netanyahu Road/Hareziya Cook
61148,Sd. Kaleb Ben Yefune/Yehoshua Bin Nun
61149,Asaf Camp
61152,Gas Station/Kokhav Ya'akov
61154,Kiryat Ye'arim/Almon
61155,Birkat Moshe Hesder Yeshiva
61156,Kupat Holim Clalit/Ahavat Emet
61157,HaRav Pardes/Meir Balaban
61158,HaRav Pardes/Meir Balaban
61160,HaRekhes/HaShayish
61161,Almon - Caravans
61162,Luz Blvd/Haruvit
61163,City Hall
61164,Kdumim
61165,HaGitit/Ha'Inbal
61166,HaRekhes/HaNikrah
61167,Kedem Road/Nofe HaSela
61168,Talmud Torah/Kedem Road
61169,Morad Nahal Prat/Nahal Kidron
61171,Midbar Yehuda Road/HaGitit
61172,Zemach HaSade'h Road/Ha'Irit
61173,Zemach HaSade'h Road/HaTsuf
61174,Pri Megadim/Agan HaSahar
61175,Pri Megadim/Bat Nadiv
61176,HaGitit/Ha'Ugav
61177,Midbar Yehuda Road/HaHalil
61178,Dekel Vilnai Junior High
61179,Matnas
61180,Otni'el/Exit
61181,Bet Ha'Arava Junction/Road 90
61182,Talmon Dolev Junction
61183,Rehan Junction
61184,Commercial Center/HaTsiyonut
61186,Massu'a Junction/Road 90
61187,Shilo B
61188,Sulam Ya'akov/Mevo HaYeshiva
61189,Mifgash HaBik'a Commercial Center
61190,Efrat Southern Gate/Entry
61191,Gush Etsyon Junction
61192,Hativa Sheva Junction/Latrun
61194,Kiryat Arba/3507
61199,N. Eshkol/Eshel
61200,Avne HaHoshen/Yahalom
61201,Avne HaHoshen/Yahalom
61202,Agan HaAyalot/HaYa'el
61203,Agan HaAyalot/Entry
61204,Ha'Etrog/Hasidut Karlin
61205,Prihat HaShaked
61206,HaAdmor MeRojin/Ba'al HaTanya
61207,Hinanit Absorption Center
61208,Dvir/Avne Milu'im
61209,Shomriya Intersection
61210,Shekef Junction Westbound
61211,HaGefen/HaHadas
61212,Jericho Road/Al-Azariya
61213,Jericho Road/Al-Azariya
61214,Yoni Netanyahu/Suva
61215,Hareziya Cook/HaRe'em
61216,Hareziya Cook/Yitshak Tabenkin
61217,Hareziya Cook/Yoni Netanyahu
61218,David HaMelekh Boulevard/Zerubavel
61219,Rahel Imenu Boulevard/David HaMelekh Boulevard
61220,Rahel Imenu Boulevard/David HaMelekh Boulevard
61221,Netsah Yerushalayim/Migdal Eder
61222,Netsah Yerushalayim/Migdal Eder
61223,Ovnat
61224,Kokhav Ya'akov Road/Simhat Olam
61225,Inbar/Yahalom
61226,Inbar Gimel
61227,Inbar Bet
61228,Inbar/Topaz
61229,Ma'on Junction/Road 317
61230,Karmel/Road 317
61231,Qasr al Yahud/Road 90
61232,Gitit Junction/Road 508
61233,Qasr al Yahud/Road 90
61234,Mitspe Eshtamoa Junction
61235,Mitspe Eshtamoa Junction
61236,Nahal Eshkol/3507
61237,Eli'ezer Hasday Road
61238,Yatir Passage/Metsudat Yehuda
61239,Yatir Passage/Metsudat Yehuda
61240,HaGay
61241,HaGay/HaGiv'a
61242,Nofe Nehemya
61243,Biala Synagogue
61244,Kneset Yehezk'el B
61245,Abba Shaul/HaRamaz Road
61246,Abba Shaul/Boarding
61247,Abba Shaul/Alight
61248,Ibi Nahal/Snir
61249,Giv'at Ronen
61250,HaYovel/HaNevel
61251,HaDagan/HaZor'im
61252,HaDvash/Mevo Nikanor
61253,Matityahu HaKohen/Hana
61254,Matityahu HaKohen/Day Nursery
61255,Matityahu HaCohen 1
61256,Rahel Imenu Blvd/Zet Shemen
61257,Rosh Tsurim
61258,Ktsot HaHoshen/Ma'alot Simha
61259,She'agat Arye 3
61260,She'agat Arye 15
61261,Ktsot HaHoshen/She'agat Arye
61262,Gan Ha'Ir/Ktsot HaHoshen
61263,Gan Ha'Ir/Ktsot HaHoshen
61264,Ktsot HaHoshen
61265,Ktsot HaHoshen
61266,Ktsot HaHoshen/Netivot HaMishpat
61267,Merome Sade/Mesilat Yosef
61268,Merome Sade/Mesilat Yosef
61269,Merome Sade/Netivot HaMishpat
61270,Merome Sade 16
61271,Gan Ha'Ir/Merome Sade
61272,Kneset Yits'hak/Merome Sade
61273,Merome Sade 15
61274,Merome Sade 40
61275,Shopping Center/Mesilat Yosef
61276,Mesilat Yosef/Hatam Sofer
61277,Nof Herodion
61278,Nof Herodion/Alone Mamre
61279,Alone Mamre/Nof Herodion
61280,Alone Mamre/HaAvot Road
61281,Mt. Giloh
61282,HaAvot Road/Alone Mamre
61283,HaBustan Blvd/HaMeyasdim Road
61284,Grocery store
61285,Alon 1
61286,Alon 2
61287,Nahal Prat Road/Nahal Arugot
61288,Sha'are Teshuva/Reshit Hokhma
61289,Agan HaAyalot/HaYa'el
61290,Ariel Mall
61291,Shikma/Dolev
61292,Tamar/Dolev
61293,Tamar/Shikma
61294,David HaMelekh Blvd/HaGefen
61295,David HaMelekh Blvd/Smadar
61296,Matityahu HaKohen/HaTsiporen
61297,Nve Shaanan/B.El
61298,Shaanan/Ir David
61299,Yahalom/Sapir
61300,Ohev Israel/Kdushat Levi
61301,Ohev Israel/Derekh AMotenu School
61302,Ohev Israel/Schools
61303,Ohev Israel/HaRav Shach
61304,Admore Viznitz/HaRav Shach
61305,Admore Viznitz/Aba Shaul
61306,Admore Viznitz/Aba Shaul
61307,Admore Viznitz/Kneset Yehezkel
61308,Homesh/Yefe Nof
61309,Gil'ad/HaMor
61310,Halom Yosef/El David
61311,Halom Yosef/Rashbi
61312,Sha'are Teshuva/Kolel Retsufot
61313,Sha'are Teshuva/Reshit Hokhma
61314,Viznitz School/Abaye VaRaba
61315,Sha'ar Binyamin Terminal/Alight
61316,Sha'ar Binyamin Terminal/Boarding
61317,Alfe Menashe Junction
61318,Matityahu HaCohen 4
61319,David HaMelekh Boulevard/HaTe'ena
61320,David HaMelekh Blvd/HaGefen
61321,David HaMelekh Blvd/HaShayarot
61322,Sde Bar/Center
61323,HaShomroni HaTov Interchange
61324,HaShomroni HaTov Interchange
61325,Refreshing Station/Mifgash HaBik'a
61326,Kedar
61327,HaDagan/Entry
61328,HaTan/HaShofar
61329,Road 446/Bet Hillel Blvd
61330,Adam Boulevard/Yasmin
61331,Adam Blvd/Bosmat
61332,Adam Blvd/Bosmat
61333,Ahavat Israel A
61334,Ahavat Israel Vav
61335,Geva Binyamin
61336,Geva Binyamin B.
61337,Ha'Omer/Ma'ale Carmel
61338,HaKatsir/Ha'Omer
61339,HaDagan/HaKatsir
61340,HaTsorfim/Ma'ale HaMorag
61341,HaTsorfim/Ha'Omer
61342,HaDvash/Me'ona Passage
61343,Bet HaBehira
61344,Bet HaBehira/Ariel
61345,School/Moriya
61346,Bet HaBehira/HaDvash
61347,Moriya/HaDvash
61348,HaTsvi/HaShir
61349,Latrun Interchange
61350,Giv'at Assaf Junction/Road 60
61351,Giv'at Assaf Junction/Road 60
61352,Road 367/East
61353,Road 367/North
61354,Road 367/West
61355,Alon Shvut Square/Road 367
61356,Road 367/Megine HaGush
61357,Road 367/Megine HaGush
61358,Yefe Nof/Gad
61359,Hesed LeAvraham/Kdushat Levi
61360,Dvir/Shirat HaLeviyim
61361,Bet Sefer/Dvir
61362,Tunnels Barrier
61363,HeAsor Blvd
61364,Center/HeAsor Blvd
61365,Nahli'eli/Sayfan
61366,Ma'ale HaHoresh
61367,Ma'ale HaHoresh/Dekel
61368,Ofer Camp/Road 443
61369,Omri Sofer/HaRav Elyashiv
61370,HaRav El'yashiv/Imre Sofer
61371,HaRav El'yashiv/Be'er Ya'akov
61372,HeAsor Blvd/HaAhim Promenade
61373,Ariel Mall/Ron Nahman Road
61374,Ariel Mall/Ron Nahman Road
61375,Hazon Ish/Minhat Yehuda
61376,Hazon Ish/HaRav Elyashiv
61377,Avi Ezri/Terminal
61378,Avi Ezri/Terminal
61379,Rashi/Rabad
61380,Rashi/HaRitva
61381,Nahlieli/Dukhifat
61382,Nahlieli/Anafa
61383,HaYarden/HaGilad
61384,Nahlieli/Agur
61385,Nahlieli/School
61386,Gush Etsyon Shooting Range
61387,Emek Brakhot
61388,Nahal Na'amanim
61389,Nahal HaPirim/Nahal Ha'Ets
61390,Nahal Etsyona
61391,Nahal HaPirim/Nahal Etsiyona
61392,Emek Brakhot/Nahal HaEts
61393,Etsyon Industrial Park/3157
61394,Sport Ground/Sinai
61395,HaTan/HaLavi
61396,HaTan/HaLavi
61397,HaTan/Hay Bar
61398,Mahanayim Yeshiva
61399,Mahanayim Yeshiva
61400,HaGalil/HaYarden
61401,HaGalil/HaTavor
61402,HaYarden/HaGalil
61403,Ma'ale Binyamin/No'it
61404,Ma'ale Binyamin/Eshbol
61405,Morad Nahal Prat
61406,Inbar
61407,Inbar/Topaz
61408,Inbar Bet
61409,Inbar Gimel
61410,Inbar/Yahalom
61411,Midbar Paran
61412,Nahal Kedem Road
61413,Ramban/Bet Shamay Blvd
61414,Ramban/Rashbam
61415,Ramban/Rashbam
61416,Ramban/Bet Shamay Blvd
61417,Gan Hadasim/Bet Hilel Blvd
61418,HaRav Shakh/Ohev Israel
61419,HaRav Shakh/Ohev Israel
61420,Aba Shaul/Admore Viznitz
61421,HaMeyasdim/Me Mabu'a
61422,Nevo Camp
61423,Omri Sofer/Shevet HaLevi
61424,Omri Sofer/Mir Yeshiva
61425,Omri Sofer/Mir Yeshiva
61426,Namer HaMidbar/Pasmon HaMidbar
61427,HaHalmonit/HaNisanit
61428,Mevo'ot Yeriho
61429,Netafim/Exit
61430,Ofer Camp Intersection
61431,Moriya/HaRambam
61432,Kiryat Hinukh Junction
61433,Kiryat Hinukh Junction
61434,David HaMelech/HaDvash
61435,Kfar Etzion/Exit
61436,Shaar Binyamin Terminal
61437,Yabia Omer/HaAdmor MiLelov
61438,Yabia Omer/Shevet HaLevi
61439,Yabia Omer/HaAdmor MiLelov
61440,Beit Yaakov/HaRav Shach
61441,Beit Yaakov/HaRav Shach
61442,HaRav Shach Dalet
61443,Synagogue/Abba Shaul
61444,Abba Shaul Aleph
61445,Givat HaTamar/Entrance
61446,HaMessila/Menashe
61447,Torah VaAvoda/HaHayim Road
61448,Ramallah Road/Marj Ibn Amer
61449,Ramallah Road/Baysan
61450,Moriah/HaTirosh
61451,Migdal HaLvanon/HaShikma
61452,Migdal HaLvanon/Shoshanim
61453,Moriya/Yefe Nof
61454,Neve Shaanan/Zion
61455,Halamish/Yahalom
61456,HaKerem/HaGefen
61457,HaKerem
61458,Nahal Kedem Road/Nahal Porat Road
61459,Shima Junction
61460,Shima Junction
61461,Meitarim Indurstrial Zone Junction
61462,Meitarim Indurstrial Zone Junction
61463,Sansana Junction Eastward
61464,Sansana Junction Northward
61465,Sansana Junction Westward
61466,Mt. Schmuel Intersection
61467,Maayan Ganim
61468,Avne Milu'im/Ma'ale Ariel
61469,Ohad Road/Rakefet
61470,Ohad Road/Yehuda HaMaccabi Road
61471,Turkiz/Leshem
61472,Turkiz/Bdolach
61473,Turkiz/Nofach
61474,Nahal Modi'in/Nahal Natuf
61475,Nahal Natuf/Nahal Modi'in
61476,Nahal Natuf/Nahal Meron
61477,Neve Erez Junc.
61478,HaYarden
61479,Abba Shaul/Talmudei Torah
61480,Abba Shaul B
61481,Ali Junction/Entrance
61482,Ali Junction to East
61483,Ali Junction to West
61484,Beit HaShalom/Lapid Road
61485,Beit HaShalom/Lapid Road
61486,HaHoshen/Ma'ale Shneor
61487,Yahalom/Hatziyonut Road
61488,Nodkey Shaul/Entrance
61489,Nokdey Shaul A
61490,Nokdey Shaul B
61491,Nodkey Shaul
61492,Beit Hillel/Beit Shamay
61493,Mischatim/Beit Shamay Avenue
61494,Beit Shamay/Rashi
61495,Chochmat HaTorah/Beit Shamay
61499,Refreshment Station/Tzipora Junction
61500,Gush Etsyon Junction
61501,Sha'ar Slait/Exit
61502,Slait/Northern Neighborhood
61503,Alonei Shiloh
61504,HaGefen/HaTamar
61505,Mishor Adumim Intersection
62000,Al-Iman School/Ramallah Road
62140,Nof HaSharon/Mor
62159,Nirit/Meron
62161,Havatselet/Hatsav
62162,Sal'it G
62163,Ecological Garden
63097,Moriya/Neve Sha'anan
63098,HaTsiyonut Road/Mivtsa Har'el
63099,HaGeva Quarter
63100,HaOren/HaZayit
63101,Sport Club/Mevo Oranit
63102,HaOren/Mevo Oranim
63103,HaZayit/Lotem
63104,Ha'Alon/HaZayit
63105,Heichal Moshe Synagogue/HaZayit
63106,HaZayit/HaShita
63107,Alfe Menashe Junction
63108,Alfe Menashe Junction
63109,Alfe Menashe Industrial Zone
63110,Checkpoint
63111,Oranit Terminal
63112,Kupat Holim Leumit/Mt. HaMor
63113,Pedu'el
63114,Elkana/Hitchhikers station
63115,Elkana/Under Bridge
63116,Ale Zahav
63118,Brucheen
63119,Ariel Industrial Park West
63120,Ariel Industrial Park West
63121,Ariel Industrial Park West
63122,Ariel Industrial Park West
63123,Ariel Industrial Park West
63124,Ariel Industrial Park West
63125,Ariel Industrial Park West/Gate Keepeer Entry
63126,Ariel Industrial Park West/Gate Keeper Exit
63127,Ya'alom/Bareket
63128,Sha'are Tikva Junction
63129,Sha'are Tikva Junction
63130,Inbar/Sela
63131,Inbar/Sela
63132,Halamish/Yahalom
63133,Kupat Holim Clalit/Yahalom
63134,Yahalom/Almog
63135,Almog/Bareket
63136,Alfe Menashe Industrial Zone
63137,Alfe Menashe
63138,Arbel/Meron
63139,Arbel/Gilad
63140,Tsofit/Shaldag
63141,Arbel/Meron
63142,Arbel/Tavor
63143,Hohit/Sal'it
63144,Arbel/Gilad
63145,Gilboa/Karmel
63146,Gilboa/Harduf
63147,Arbel/HaHermon
63148,Dror/Sal'it
63149,Golan/Galil
63150,Public Garden/Gilboa
63151,Tsofe HaSharon School/Gilboa
63152,Arbel/Gilboa
63153,Tavor/Tavor Lane
63154,Local Council
63156,Sport Center/Tavor
63157,Karkum/Livne
63159,Yuvalum Synagogue/Poleg
63160,Yuvalum Synagogue/Poleg
63161,Poleg/Shoval
63162,Karkum/Haruv
63163,HaZayit/Yarden
63164,Dan/Yarden
63165,HaZayit/HaGefen
63166,Bareket/Halamish
63167,Ha'Erez/HaHaruv 1
63168,Ha'Erez/HaHaruv 2
63169,Etz Hefer Synagogue/HaHaruv
63170,New 2 Blockage
63171,Eliyahu Barrier
63173,Mutsav Tsofim 1
63174,Arve HaNahal/Hadas
63175,Poleg/Kidron
63176,Poleg/Kidron
63177,HaZayit/Poleg
63178,HaZayit/Poleg
63179,Yarden/Smadar
63180,Ma'ale Shomron Industrial Zone
63181,Ma'ale Shomron
63182,HaBrosh/HaOranim
63183,Heichal Rephael Synagogue/HaHatsav Alley
63184,HaBrosh/HaNitsanim
63185,HaGefen/HaHatsav Alley
63186,Nitsanim/HaRakefet Alley
63188,Alon/Nitsanim
63189,Alon/Nitsanim
63190,Ha'Alon/HaNitsanim
63191,Alon/HaBrosh
63192,Karne Shomron Mall
63195,Karnei Shomron/Exit
63196,Kiryat Netafim
63197,Military Base
63198,HaDekel/HaTsiv'oni
63199,Rehav'am Boulevard/Komemiyut
63200,Komemiyut/Rehav'am Boulevard
63201,Kle Shir/Ha'Ugav
63203,Kle Shir/HaPa'amon
63204,Kle Shir/HaTsiltsalim
63205,HaGitit/Kle Shir
63206,Pais Youth Club
63207,Kle Shir/HaNevel
63208,HaRishonim Blvd Terminal
63213,Neve Menahem
63214,Neve Menahem
63215,HaRo'e Road/Yahalom
63216,Grocery store/Avne Hefets
63217,Carmel/Levona
63218,Carmel/Gil'ad
63219,Ta'al Uri Bar-On Road/Ha'Etzel
63220,Gilad/Ibe Nahal
63221,General Uri Baron Road/Ma'ale HaGiv'a
63222,HaMaccabim/HaGefen
63223,Office
63224,Enav
63227,Gitai Junction
63228,Gitai Junction
63229,Efron Road/Hamelaha
63230,Ganim/HaVradim
63231,Ganim/HaKalaniot
63232,Ha'Atsma'ut/Efron Road
63233,General Uri Baron/HaPisga
63234,Ganim/HaSavyonim
63235,Ha'Atsma'ut/Yerushalayim Blvd
63236,HaTavor/Sha'ar HaGay
63237,Ha'Atsma'ut/Yerushalayim Blvd
63238,General Uri Baron/HaHagana
63239,Tsahal/Yo'av
63240,Yerushalayim Blvd/Sheshet HaYamim
63241,Yerushalayim Blvd/Sheshet HaYamim
63242,Bik'at HaYarden/HaGalil
63243,HaRambam Synagogue/Bik'at HaYarden
63244,Yiftah/Tsahal
63246,HaNegev/Ha'Arava
63247,Sheshet HaYamim/Yamit
63248,Sheshet HaYamim/HaTsiyonut
63249,Sheshet HaYamim/Operation Kadesh
63250,Pais Community Center/Karkum
63251,Efrata/Mivtsa Kadesh
63252,Yerushalayim Blvd/Sha'ar HaGay
63253,Yerushalayim Blvd/Sha'ar HaGay
63254,Sha'ar HaGay/Ron Nahman Road
63256,Yodfat/Masada
63257,Bethlehem/Efrata Road
63259,Sha'ar HaGay/Atzmon
63260,HaTavor/HaGilboa
63261,HaTsiyonut Road/HaShaked
63262,Ha'Atsma'ut/Efron Road
63263,HaTsiyonut Road/Sha'ar HaGay
63264,Ramat HaGolan/Edom
63265,Ramat HaGolan/Edom
63266,Moriya/Yerushalayim Blvd
63267,Moriya/Yerushalayim Blvd
63269,HaGilboa/HaTavor
63270,Ramat HaGolan/HaGilboa
63271,Dormitories/Ramat HaGolan
63272,Dormitories/Ramat HaGolan
63273,Ari'el University/Ramat HaGolan
63275,Ari'el University/Road 31
63276,Upper Campus
63277,Rechelim 2 Intersection
63279,Rehelim
63281,Mt. HaShomron/Kane Creek
63282,Revava Junction
63283,Yakir Junction
63284,Yakir Junction
63285,Commercial Center/Hatam Sofer
63286,Events Hall/HaGaon MeVilna
63287,Events Hall/HaGaon MeVilna
63288,Rambam Square/Rabbi Me'ir MiPremishlan
63289,Rambam Square/Rabbi Me'ir MiPremishlan
63290,HaRav Pinhas Levin/Hazon Ovadya
63291,HaRav Pinhas Levin/Ayelet HaShahar
63292,HaRav Pinhas Levin/Ayelet HaShahar
63293,HaRav Pinhas Levin/Netivot Shalom
63294,HaRav Pinhas Levin/Netivot Shalom
63295,Hatam Sofer B
63296,Hatam Sofer G
63297,Hatam Sofer D
63298,Hatam Sofer D
63299,Commercial Center/Hatam Sofer
63300,HaRav Pinhas Levin/Rabbi Me'ir MiPremishlan
63301,Hatam Sofer H
63302,Hatam Sofer/Netiv Revavot Efraim
63303,Imanu'el Junction
63304,HaBesht/HaRav Pinchas Levin
63305,Imanu'el Industrial Park
63306,Industrial Park
63313,Industrial Park
63314,Industrial Park
63315,Kdumim Intersection
63316,Kadum Camp
63317,Ha'Aderet VeHa'Emuna/HaHayil
63318,HaRishonim Road/Ma'ale Shneor
63319,Ma'ale Shne'or/Tvu'at Shemesh
63320,Yahalom/Hatziyonut Road
63321,HaTsiyonut Road/Ma'ale Shne'or
63322,Almog Center/HaTsiyonut Road
63323,Ma'ale Shne'or/HaRishonim Road
63324,HaTsiyonut Road/Yahalom
63327,Yefe Nof/Ma'ale Rashi
63328,Yefe Nof/Ma'ale Rashi
63329,Mevo Tsofnat/Shilo
63330,Ulpana/Mevo Tsofnat
63331,Mevo Tsofnat/Tirtsa
63332,HaYovel/HaGitit
63333,Mevo Tsofnat/Tirtsa
63335,Kdumim Industrial Park
63336,Kdumim Industrial Park
63339,HaZayit/HaOren
63340,Office
63342,Tapu'ah Junction
63343,Tapu'ah Junction
63344,Tapu'ah Junction
63345,Office
63346,Yits'har A
63347,458 Junction/505 (1
63348,458 Junction/505 (2
63349,Office
63350,Migdalim Junction
63351,Migdalim Junction
63352,Migdalim Junction
63354,Afik Camp Junction to East
63355,Afik Camp Junction to West
63356,Hamaskit Junction
63357,Brakha Junction
63358,Horon Camp
63359,Horon Camp
63360,Itamar A
63361,Har Brakha Elementary School
63362,Kupat Holim Clalit
63363,Brakha A
63364,Alon More Post
63365,Alon More Post
63366,Elon More Industrial Zone
63367,Elon More Industrial Zone
63368,Shmone Aliyot Road/HaTsiporen Alley
63369,Shmone Aliyot Road/Eretz Hemda
63370,Shmone Aliyot Road/Sinai
63371,Nahalat Itzhak School/Shmone Aliyot
63372,Shmone Aliyot Road/Bashan
63373,Shmone Aliyot Road/Knesset Israel
63374,Knesset Israel 2
63375,Knesset Israel 1
63376,Alon Moreh B
63377,Shmone Aliyot Road/Gilad
63378,Elon More/Yeshiva 2
63380,Synagogue
63381,Sports Field
63383,Afik Camp
63384,Ma'ale Efrayim Intersection
63385,Ma'ale Efrayim Intersection
63386,Bet Hatalmid
63387,Pais Youth Club
63391,Gitit A
63392,Petsa'el Intersection
63393,Petsa'el Intersection
63394,Petsa'el Junction
63395,Petsa'el Junction/Road 90
63397,Karmel
63398,Shmone Aliyot Road/Netsah Israel
63400,Efrata Road/Masada
63401,Shvut Ariel Synagogue/Tsahal
63402,Barkan
63407,Barkan Road/Halamish
63408,Barkan Road/Halamish
63409,HaTsiyonut Road/Mivtsa Uvda
63410,HaTsiyonut Road/Masada
63411,HaTsiyonut Road/Mivtsa Hiram
63412,Efron Road/HaShomron
63413,Ramat HaGolan/HaGilboa
63414,Ha'Atsma'ut/Ganim
63415,Barkan Road/Hashoham
63416,Barkan Road/Hashoham
63417,Hashoham/Ha'Odem
63418,Hashoham/Ha'Odem
63419,Hashoham/HaBareket
63420,Hashoham/HaBareket
63421,Hashoham/HaShenhav
63422,Hashoham/HaShenhav
63424,HaNegev/Sheshet HaYamim
63425,Moriya/Yefe Nof
63426,Fire Fighters
63427,Rehabilitation Center/Efron Road
63428,Ari'el Junction
63429,Ari'el Junction
63431,Revava Junction
63432,Tapu'ah Junction 2
63433,Kupat Holim Leumit/HaNahshonim Road
63434,Barkan Road/Ha'Inbar
63435,Barkan Road/Ha'Inbar
63436,Karne Shomron Mall
63437,Yodfat/Masada
63438,Ari'el University/Ramat HaGolan
63441,Tsufim Junction
63442,HaTsiyonut Road/Masada
63444,Military Base
63445,Checkpoint
63446,Oranit Checkpoint 1
63448,Ge'on HaYarden Road/Massu'a
63449,Gitai Junction
63450,Kindergartens/HaYovel
63451,Mt. Bracha
63452,Mutsav 105
63453,HaHermon/Ha'Arbel
63455,Gvanim School/HaShaked
63457,Ha'Eshel/HaRimon
63458,Abaye VeRava Blvd/Rabi Akiva
63459,Abaye VeRava Blvd/Yehuda HaNasi
63465,Students village/Migdalim
63466,Mitspe Dani/Road 458
63467,Mitspe Dani/Road 458
63469,Kalandya Passage/Alight
63470,Kalandia checkpoint
63471,Har Dov Square
63472,Commercial Center/Yehoshua Bin Nun
63474,Pri Megadim/Bat Nadiv
63476,HaHalamish/Nofe HaSela
63477,HaGitit/Ha'Ugav
63478,Karme Tsur/Office
63479,Military Base/Road 3507
63480,Iyun HaTalmud/Harav MiPonevezh
63483,Shilo/Higher Quarter
63484,Library/Midbar Yehuda Road
63485,Giv'on HaHadasha/HaRimon
63487,Irus/Hartsit
63488,Ma'ale Adumim City Hall/Kedem Road
63489,Almon/Ha'Etrog
63491,Almon/Council
63492,Rehan Junction/Road 596
63493,Abir Ya'akov/Ma'ayane HaYeshua
63494,Makor Baruch 3
63495,Makor Baruch 4
63496,HaBdolet/HaNehoshet
63497,Kedem Road/HaRekhes
63499,HaTsur/Nofe HaSela
63500,Megine HaGush/Kaf Het Be'Iyar
63501,Megine HaGush/HaShayarot
63502,Megine HaGush/Kaf Het Be'Iyar
63503,Psagot Center
63505,Ahavat Israel B
63506,Ahavat Israel G
63508,Ahavat Israel D
63509,Simhat Olam/Abir Ya'akov Boulevard
63510,Road 3157/HaMelekh David Boulevard
63511,Nahal Kidron/Mikvah
63513,Atse HaZayit Square
63514,Nahal David/Nahal Kidron
63516,Amos/Al-David
63517,Amos
63518,Amos/Not'e Kramim
63519,Amos/Adirim
63520,Ha'Isha HaHakhama
63521,Ha'Isha HaHakhama
63522,Teko'a B
63523,Zeit Shemen/Yonatan HaHashmonai
63524,Zeit Shemen/Yehuda HaMaccabi
63525,Zeit Shemen/Pitom HaKtoret
63526,Zeit Shemen/HaKtoret
63527,HaDekel/Rachel Imenu
63528,Shiloh D
63529,Shilo Upper Quarter A
63530,Shilo Upper Quarter B
63531,Shilo G
63532,Ma'ale Levona H
63533,Ma'ale Levona V
63534,Ma'ale Levona Z
63535,Hahashmona'im/Netser Hazani
63536,Hahashmona'im/Netser Hazani
63537,HaHalutsim Road/Svut Sinai
63538,HaHalutsim Road/Avshalom
63539,HaHalutsim Road/Mevo HaOranim
63540,HaHalutsim Road/Bareket
63541,HaMessila/HaHaim Road
63542,Eretz Hemda
63543,Eretz Hemda/HaNetsiv
63544,Eretz Hemda/Yehuda HaMaccabi
63545,Eretz Hemda/Halamish
63546,Sulam Ya'akov/Me Marom
63547,Sulam Ya'akov/Luz Boulevard
63548,Luz Boulevard/HaHalutsim
63549,HaHalutsim Road/HaHita
63550,HaHalutsim Road/Pri Gan
63551,HaHalutsim Road/Luz Boulevard
63552,Luz Boulevard/Bilu
63553,Gas Station/Nofe Mamre
63554,Eshtamoa Lookout
63557,Suvat HaTe'ena
63558,HaGefen/HaMa'ayan
63559,Netsah Yerushalayim/HaLamed He
63560,Netsah Yerushalayim/Hagay
63561,HaGefen/Tirosh
63562,Hatmar Etzion
63563,Road 60/Neve Daniel
63565,Local Council/Torah Ve'Avoda
63566,Bet El Terminal
63567,HaHalutsim Road/Mevo Livne
63568,HaMoriya/Nahal Eshkol
63569,Nevo B Lookout
63570,Hinanit/Shaked Entry
63571,Hinanit Shaked/Exit
63573,Herodion/Base
63575,Bet Hagai
63576,HaRekhes/HaGavish
63578,Hermesh/Center
63579,HaTamar/Morad HaDekel
63581,HaRav Pinhas Levin/Hazon Ovadya
63582,Elkana/Northern Quarter
63583,Shir HaShirim/Ginat Ha'Egoz
63584,Yahalom/Hoshen
63585,HaOren/HaHaruv
63586,Ale Zahav A
63587,Ma'ale Shomron/Exit
63588,Ma'ale Shomron/Nursery
63589,HaGefen/HaShikma
63590,HaDekel/Suba
63591,Shave Shomron/Exit
63592,Shir HaShirim/Shalom
63593,Priel/Eitam
63594,Priel/Eitam
63595,Ofira/Sadot
63596,Ofira/Priel
63597,Ofira/Sadot
63600,Prigan/Ugda
63601,Prigan/Ugda
63602,Ugda/Netiv Ha'Asara
63603,Ugda/Netiv Ha'Asara
63604,Massu'a
63605,Mitspe Nevo/HaGilgal
63606,Mitspe Nevo Park
63607,Neco G Lookout
63609,Road 316/Beit Yatir Road
63610,Bet Yatir/Center
63611,Tal Menashe/Center
63612,Ma'ale Amos A
63615,Ma'ale Amos D
63616,Mevo Dotan/Center
63617,Neve Yaakov Terminal/Rav Pardes
63618,HaGefen/HaMa'ayan
63619,Football Field/HaGefen
63620,Rehan/Center
63621,Levona/Arava
63622,Yod Dalet BeElul Road/Ali HaCohen Blvd
63624,Hahatsotsra/HaPa'amon
63625,Almog/Swimming Pool
63626,Talme Yosef/Haruvit
63627,Klil HaHoresh/Ha'Egoz
63629,Gas Station/Kedem Road
63631,Ort-Space & Aviation School/Kedem Road
63632,Uziel/Dolev
63633,Uziel/Dolev
63635,Levona/Dvoranit
63636,Levona/Ha'Ela
63637,Levona/Ma'ale HaZayit
63638,Ma'ale HaZayit/Levona
63639,HaBrosh/HaRimon
63640,Ma'ale HaZayit/HaBrosh
63641,Bet Horon Office/Yehuda HaMaccabi Road
63642,Kupat Holim/HaMaccabim
63643,HaRekhes/Nofe HaSela
63644,Mitspe Nevo Park
63646,HaGitit
63648,Road 3507/Nofe Mamre Road
63649,HaMaccabim/Irus
63650,HaMaccabim/HaShaked
63651,Gush Etsyon Junction
63652,Kalev Ben Yefune Boulevard/Emek Hevron
63653,Mitspe Asa'el
63655,Nahliel/Gate
63657,Nili/Gate
63660,Scientific High School Yeshiva
63661,Pais Club/HaGay
63662,Yehoshua Bin Nun/HaMaccabim
63663,Irus/Rakefet
63664,Havatselet/Kalanit
63665,Havatselet/Parag
63667,Road 316/Beit Yatir Road
63673,Ro'I B
63679,HaGil'ad Road
63686,Rimonim/Exit
63687,Rimonim/Office
63690,Kokhav HaShahar/Entry
63691,Kokhav HaShahar/Exit
63698,Kdumim Junction
63699,Ha'Etrog/Karlin
63700,Am Ehad/HaMidbar Road
63702,HaMeyasdim/HaMa'ayan
63706,Prat Road/Shtule HaZayit
63707,Am Ehad/HaTsofim Road
63708,Am Ehad/Mishkenot Haro'im
63712,Abir Ya'akov/Shivat Zion
63713,Abir Ya'akov/Mevaser Tov
63714,Mishkenot Haro'im/Shalom River
63715,Mishkenot Haro'im/Avne Hefets
63716,Mishkenot Haro'im/Avne Hefets
63717,Mishkenot Haro'im/Shalom River
63718,Abir Ya'akov/Avne Hefets
63720,Asaf Camp
63724,HaRav Shach/Kdushat Levi
63725,HaRav Shach/Road 10
63726,Synagogue/HaRav Shach
63727,Synagogue/HaRav Shach
63728,HaRav Shach/Road 10
63729,HaNurit/HaLilakh
63730,HaShaham/HaShayish
63731,HaMeyasdim/Gvul Yehuda
63732,Zriha/Eden
63733,Zriha/Eden
63734,Zriha/Keshet
63735,Zriha/Reshet
63736,Zriha/Suva
63742,Sde Bar
63800,Merome Sade/Netivot HaMishpat
63880,Knesset Yehezkel/Admore Vizhnitz
63881,Admore Vizhnitz/Knesset Yehezkel
63882,Center Garden
63883,Center Garden
63884,HaHoze MiLublin/Admore Vizhnitz
63885,Mutzafi/Habad
63886,HaRemez Road/Sadigura
63887,Kneset Mordekhay/HaRav Abba Shaul
63888,Admore Vizhnitz/HaHoze MiLublin
63889,HaHoze MiLublin/Darke Ish
63890,Ba'al HaTanya/HaAdmor MiSlonim
63891,Mutsafi A
63892,Upper Parking/Tomhe Tmimim
63893,Upper Parking/Tomhe Tmimim
63894,Meitarim Indurstrial Zone
63896,Shekef Junction
63897,Tarkumiye crossing
63899,Sd. Kaleb Ben Yefune/Emek Hevron
63900,Yeshiva Tikhonit/Yoni Netanyahu
63903,Hativa Sheva Junction
63904,Efrat Northern Gate/Entry
63905,Efrat Northern Gate/Exit
63906,Nahal Kidron/Nahal David
63907,Agan HaAyalot
63908,Commercial Center/Agan HaAyalot
63909,Commercial Center/Agan HaAyalot
63910,Agan HaAyalot
63911,Kindergarten/Agan HaAyalot
63913,Agan HaAyalot/HaDishon
63914,Mishha'b (Ministry of Defense)
63917,Kidron/Dragot
63918,Makor Baruch 2
63919,Tel Zion/Caravans
63920,Tsemah HaSade Road/Har HaBayit Road
63925,Haruvit/HaHevra HaKalkalit Boulevard
63926,Lilakh/Kalanit
63930,Ro'i
63931,Maskiyot
63932,Mehola Checkpoint/Road 90
63933,Mehola Checkpoint/Road 90
63934,Gross Square
63935,Ha'Avot Rd/Sorek Rd
63936,Karme Tsur Camp
63938,Kindergarten/Agan HaAyalot
63939,Agan HaAyalot/HaDishon
63943,Negohot/Center
63944,David HaMelekh Blvd/Rahel Imenu Blvd
63945,HaTsvi Quarter
63946,Football Field
63948,Yehezkel Boulevard/Kiryat Sefer Road
63950,HaShaham/Nofe HaSela
63952,Ha'Almog/HaKurkar
63953,HaBdolakh/Ha'Almog
63954,HaBdolakh/Ha'Almog
63955,HaBdolakh/Ha'Almog
63956,HaBdolakh/Ha'Almog
63957,Ha'Almog/Haluke Nahal
63958,Mitspe Nevo Park
63960,Birkat Moshe Hesder Yeshiva
63961,HaGazit/HaShaham
63962,HaRekhes/HaGa'ash
63963,HaGitit/HaNevel
63964,HaRekhes/HaGavish
63965,Zemach HaSade'h Road/HaSuf
63966,HaKinor/HaKeren
63967,Herodion
63969,Mevo Horon Junction
63974,Hadera Yeshiva/Sha'are Tshuva
63975,Sha'are Tshuva/Hazon David
63976,Sha'are Teshuva/Reshit Hokhma
63977,Talmud Torah Avi Ezri
63978,HaShelah/Mesilat Yesharim
63979,Meshekh Hokhma V
63981,Mesilat Yesharim/HaShelah
63982,HaShaham/HaShayish
63983,HaHoze MiLublin/Kdushat Tsion
63984,Netivot HaMishpat/Merome Sade
63985,Meshech Hochma Square
63988,Mesilat Yesharim/Kiryat Sefer Road
63989,Mir Yeshiva/Rabbi Akiva
63990,Ha'Eshel/HaRimon
63993,Ariel Industrial Park West/Klil
63994,Ariel Industrial Park West/Ahva
63995,Ariel Industrial Park West 5
63997,HaTavor/Dragot
63998,HaCarmel/HaYarkon
64003,Maccabim Checkpoint
64004,Ofer Camp
64005,Giv'at Ze'ev Junction
64006,Giv'on Hayeshana/436
64195,HaGiv'a 40
64196,Ehud/HaHoresh
64197,HaYa'ar/HaMa'ayan
64201,Mevo Horon Junction
64202,Moriya/Hacarmel
65065,Modi'in Junction
65066,Office
65133,Giv'on Hayeshana/436
65134,Giv'at Ze'ev Junction
65135,Bet Horon Interchange
65136,Maccabim Checkpoint
65138,Mesilat Yesharim/Terminal
65139,Har'el Blvd/Ha'Ela
65140,HaGay/Mevo HaRo'im
65141,HaGay/Mevo HaKfar
65142,Ha'Ela/HaOren
65143,Nof Harim/HaGay
65144,Ha'Ela/Ha'Alon
65145,Ha'Alon/Mevo HaRimon
65146,Ha'Alon/Mevo HaTe'ena
65147,Ha'Alon/Ha'Arava
65148,Nof Harim/Mevo HaKramim
65149,HaGay/Mevo HaHalilim
65150,Nof Harim/Mevo HaBustan
65151,HaGay/Mevo HaHalilim
65152,Ecological Garden Water Aqueduct/HaGay
65153,HaGay
65155,Ahavat Torah Yeshiva/Mesilat Yesharim
65156,Netivot HaMishpat/Avi'ezri
65157,Hefets Hayim/Sde Hemed
65158,Mesilat Yosef/Hatam Sofer
65159,Kindergarten/Mesilat Yosef
65160,Mesilat Yosef/Merome Sade
65161,Meshekh Hokhma B
65162,Mesilat Yosef/Merome Sade
65163,Latrun Interchange
65231,Bet Shamay Blvd/Or Elhanan
65232,Neot Hapisga Square/HaRitva
65233,Lamed He Checkpoint
65234,HaTsiv'oni/HaTe'ena
65235,Avivim/Dganya
65236,Kineret/Dan
65237,Irus/HaTe'ena
65238,Iyun HaTalmud/Harav MiPonevezh
65239,Yeshiva Tikhonit HaShomron/Rehav'am Boulevard
65240,Pirhe Bar/Irus
65241,Sport Club/HaEgoz
65242,Ort High School/Mevo Oranit
65243,Ha'Arbel/Sorek
65244,Ha'Arbel/HaGa'aton
65245,HaArbel/HaArbel Alley
65246,Karne Shomron/Entry
65247,Golan/Public Garden
65248,Galil/Kineret
65249,HaRav Tsdaka/Esh Kodesh
65250,Hoshen Hamishpat/Arava Industrial Zone
65251,Hoshen Hamishpat/Arava Industrial Zone
65252,HaRav Shalom Shabazi/Arava Industrial Zone
65253,HaRav Shalom Shabazi/Arava Industrial Zone
65254,Gan Ha'Arava/HaBashan
65255,HaBashan/Atzmon
65256,HaBashan/HaGilboa
65258,Post Office/HaNahshonim Road
65259,Holocaust House/HaNahshonim Road
65260,Bet Hachayal/HaNahshonim Road
65263,Aliza Begin School/HaPisga
65264,Nachshonim School/HaShomron
65265,Or Zevulun School/HaNegev
65267,Malkishu'a/Entry
65268,Rehav'am Boulevard/Karne Shomron
65269,Harduf Hanehalim/Yasmin
65270,Yasmin/Parag
65271,Yasmin/Parag
65272,Parag/Irus
65273,Adam Boulevard
65274,Parag/Irus
65275,Harduf Hanehalim/Yasmin
65276,Yosh Camp
65278,Sha'are Tshuva
65279,Talmud Torah Ateret Shlomo/HaRitva
65280,Te'enim Checkpoint
65281,Te'enim Checkpoint
65282,Elkana/Entry
65283,Elkana/Orot College
65284,Bareket
65285,Yahalom/Hoshen A
65287,Alon/HaSavyon Alley
65288,HaBrosh/HaSavyon Alley A
65289,HaBrosh/Nitsanim
65290,Yakir Military Base
65291,Oranit/Entry
65292,HaCarmel/HaYarden
65293,Shir HaShirim/Suva
65294,Kalandia checkpoint Parking
65296,Kalandya Barrier
65297,Al Kraz
65298,Abay VeRaba Boulevard/Rabbi Tarfon
65299,Bet Hillel Blvd/Shopping Center
65300,Bet Hillel Blvd/Ateret Shlomo
65301,Bet Hillel Blvd/Ateret Shlomo
65303,Sha'are Tshuva A
65304,HaHinukh School/Sha'are Tshuva
65305,HaKinor/HaKeren
65308,HaTsur
65309,HaTsur
65312,Adumim Junction/Yishay Camp Junction
65313,Ha'Eshel/HaShita
65319,Prat Road/HaMeyasdim
65321,Prat Road/HaHaim Road
65323,Prat Road/HaHaim Road
65332,Ma'ale Ari'el/Avne Milu'im
65336,Alon 3
65337,Mehola Junction/Road 90
65338,Mehola Junction
65339,Nahal HaPirim/Nahal Ha'Ets
65340,Agan HaAyalot
65341,College/HaHar Road
65342,HaHar Road
65343,HaHar Road
65344,HaHar Road 2
65345,Ktalav
65346,Beitar Checkpoint/Road 375
65348,Road 317
65351,Ma'on North Junction/Road 317
65352,Susya North Junction/Road 317
65354,Karmel North/Road 317
65356,Susya South/Road 317
65357,Susya North/Road 317
65359,Road 436/Giv'at Ze'ev
65362,Adam Boulevard
65363,Levona/Vered
65364,Civil Administration
65365,Ari'el Junction
65366,Tapu'ah Junction
65369,Shekef Post Northbound
65371,Shekef Junction Northbound
65372,Ma'ale Ari'el
65373,Ma'ale Ari'el
65374,Shai District
65375,Zriha/Or
65376,HaGay Road/Hametsadim
65377,HaHevra HaKalkalit Boulevard/Neviot
65379,HaTsur A
65380,HaTsur A
65381,HaTsur/Nofe HaSela
65382,HaRitva G
65383,HaShelah/Mesilat Yesharim
65384,Tahaz Parking/Bet Hilel Boulevard
65385,HaRambam/HaTavor
65386,City Terminal/Bet Hilel Boulevard
65387,Bet Hilel Boulevard/Hefets Hayim
65388,Bet Hilel Boulevard/Abay VeRaba Boulevard
65389,Bet Hinuch High School/HaRitva
65390,HaRitva A
65391,Gush Etsyon Regional School
65395,HaShahar A
65396,HaShahar B
65397,Ofek School
65398,HaGay Road/Avne HaHoshen
65399,Susya/Clinic
65400,Shekef Post Junction/358
65401,Shamir Park/Mt. Scopus Road
65403,Anatot Camp
65405,HaMessila/Menashe
65407,Yosef Square
65408,Modi'in Ilit Terminal/Alight
65409,Modi'in Ilit Terminal
65410,Meshekh Hokhma/HaShelah
65411,Avi Ezri Z
65412,Atsmona/Sadot
65413,Atsmona/Sadot
65414,Alon/Road 458
65415,Atzmona/Haruvit
65416,N. A. Metals/Atsmona
65422,Bet Ha'Arava/Sports Field
65424,Mt. Bracha/Students village
65425,Ramat Elkana/HaDolev
65426,Ramat Elkana/Exit
65427,M. Levona/Kinnamon
65428,Synagogue
65429,Ma'ale HaKramim/HaTirosh
65430,Ma'ale HaKramim
65431,HaRav Uzi'el/HaRav Goren
65432,HaRav Uzi'el/Ma'ale Kramim
65433,Ma'ale Kramim/HaRav Uzi'el
65434,HaRav Uzi'el/HaRav Levin
65435,HaRav Uzi'el/HaRav Levin
65436,Kokhav Ya'akov Road
65437,Bet HaArava New Junction
65438,Bet HaArava New Junction
65439,Bne Ya'akov/Naftali
65440,HaShaked Alley/Bne Ya'akov
65441,Ma'ale Binyamin/Tsurit
65442,Ma'ale Binyamin/Kanfe Ru'ah
65443,Shiv'at HaMinim/Rimon
65444,Bet Yaacov Tvunot School/Ha'Ayalot
65445,Road 446/Kiryat Sefer Road
65446,Nofe HaHoresh School/Ha'Arava
65447,Ramallah Terminal
65448,Anatot Road
65449,Bab El-Zakak/Beit Jala Road
65450,Shehakim Elementary School/Duvdevan
65451,State Religious School/Hacarmel
65452,Mevo Oranit/Ha'Eshel
65453,Ramallah Terminal
65454,Anatot Road
65455,Bab El-Zakak/Beit Jala Road
