Id,Y
1,1
2,0
3,1
4,0
5,1
6,1
8,0
9,0
15,1
19,1
27,1
28,1
29,1
30,1
31,1
32,1
33,1
34,1
35,1
36,1
37,1
40,1
41,1
42,1
45,1
46,1
48,1
49,1
50,1
51,1
52,1
53,1
54,1
55,1
57,1
58,1
59,1
60,1
61,1
62,0
63,1
64,1
65,1
66,1
67,1
68,0
69,1
70,0
71,0
72,0
73,1
76,1
77,1
78,1
79,1
80,1
83,1
84,1
85,1
86,1
88,1
89,1
91,1
93,1
94,1
95,1
97,1
102,1
104,1
105,1
106,1
107,1
108,1
109,1
110,1
111,1
112,1
113,1
114,1
115,1
116,1
117,1
119,1
120,1
121,1
122,1
123,1
124,1
125,1
126,1
127,1
128,1
129,1
130,1
131,1
132,1
134,1
135,1
136,1
137,1
138,1
139,1
140,1
141,1
142,1
143,1
144,1
145,1
146,1
147,1
148,1
149,1
150,1
151,1
152,1
153,1
154,1
155,1
156,1
157,1
158,1
159,1
160,1
161,1
162,1
163,1
164,1
165,1
166,1
167,1
168,1
169,1
170,1
171,1
172,1
173,1
174,1
175,1
176,1
177,1
179,1
180,1
181,1
182,1
183,1
184,1
186,1
187,1
188,1
189,1
190,1
191,1
192,1
193,1
194,1
195,1
196,1
197,1
198,0
199,1
200,1
201,1
202,1
203,1
207,1
210,1
211,1
213,1
214,1
215,1
220,1
221,1
222,1
223,1
224,1
227,1
228,1
229,1
230,1
232,1
234,1
235,1
236,1
237,1
239,1
241,1
242,1
244,1
246,1
253,1
254,1
255,1
256,1
257,1
258,1
260,1
261,1
263,1
264,1
265,1
266,1
268,1
272,1
273,1
274,1
275,0
276,1
277,1
278,1
279,1
280,1
282,1
283,1
284,1
285,1
286,1
287,1
289,1
290,1
291,1
292,1
293,1
294,1
295,1
296,1
297,1
298,1
299,1
300,1
301,1
302,1
304,1
305,1
306,1
307,1
308,1
309,1
310,1
311,1
312,1
313,1
314,1
315,1
316,1
317,1
318,1
321,1
322,1
323,1
324,1
326,1
327,1
328,1
329,1
330,1
331,1
332,1
333,1
334,1
335,1
336,1
337,1
338,1
339,1
342,0
343,1
344,1
345,1
346,1
347,1
348,1
349,1
350,1
351,1
352,1
353,1
354,1
356,1
358,1
359,1
360,1
361,1
362,1
363,1
365,1
366,1
367,1
368,1
369,1
370,1
371,1
372,1
373,1
374,1
375,0
378,1
380,1
381,1
382,1
383,1
386,1
387,1
388,1
391,1
392,1
394,1
399,1
400,1
401,1
402,0
403,1
404,1
405,0
406,0
407,1
408,0
409,0
410,0
411,0
412,1
413,1
414,1
415,1
417,1
418,1
419,1
420,1
422,1
423,1
424,1
425,1
426,1
427,1
428,1
429,1
430,1
431,1
432,1
433,1
434,1
435,1
436,1
437,1
438,1
439,1
440,1
442,1
443,1
444,1
445,1
446,1
447,1
448,1
449,1
450,1
451,1
452,1
453,1
454,0
455,1
456,1
457,1
458,0
459,0
460,1
462,1
463,1
464,1
465,1
466,1
467,0
468,0
469,1
470,1
471,1
474,1
480,1
481,1
482,1
483,1
484,1
485,1
486,1
491,1
492,1
495,1
496,1
499,1
500,1
501,1
503,1
504,1
506,1
510,1
511,1
513,1
514,1
515,1
516,1
517,1
518,1
520,1
522,1
523,1
524,1
525,1
526,1
527,1
531,1
534,1
536,0
537,0
538,1
539,1
540,0
541,1
543,1
544,1
545,1
546,0
547,1
548,1
549,1
551,1
554,1
555,1
557,1
558,1
559,1
560,0
562,0
563,1
564,1
565,1
566,1
567,1
568,1
569,1
570,1
571,1
572,1
573,1
574,1
575,1
576,1
577,1
578,1
579,1
580,1
581,1
582,1
583,1
584,1
585,1
586,1
588,1
589,1
590,1
591,1
592,1
593,1
594,1
595,1
596,1
597,1
598,1
599,1
600,1
601,1
602,1
603,1
604,0
605,1
606,1
607,1
608,1
609,1
610,1
611,1
612,1
613,1
614,1
615,1
616,1
617,1
618,0
623,1
624,1
625,1
626,1
627,1
630,1
631,1
632,1
634,1
635,1
636,0
638,0
639,0
640,0
643,1
644,1
645,1
646,1
647,1
648,1
649,1
651,1
652,1
653,1
654,1
657,1
658,1
659,1
660,1
661,1
663,1
664,1
665,1
666,1
669,1
670,1
672,1
673,1
674,1
680,0
681,1
682,1
684,1
693,1
699,1
700,0
702,1
703,1
704,1
705,1
707,1
712,1
720,1
721,1
731,1
732,1
733,1
734,1
735,1
736,1
737,1
738,1
739,1
740,1
741,1
742,1
743,1
744,1
745,1
746,1
747,1
748,1
749,1
750,1
751,1
752,1
753,1
755,1
760,1
761,1
762,1
764,1
767,1
768,1
769,1
770,1
771,1
772,1
773,1
774,1
775,1
777,1
778,1
780,0
799,1
800,1
801,1
802,1
803,1
804,1
805,0
806,1
809,1
812,1
813,1
814,1
815,1
816,1
817,1
819,1
821,1
822,1
823,1
824,1
825,1
826,1
828,1
829,1
831,1
832,1
833,1
834,1
835,1
836,1
837,1
838,1
839,1
840,1
841,1
842,1
843,1
844,1
845,1
846,1
847,1
848,1
849,1
850,1
851,1
852,1
853,1
854,1
857,1
858,1
859,1
860,1
862,1
863,1
864,1
865,1
866,1
867,1
868,1
869,1
870,1
874,1
875,1
877,1
878,1
879,1
880,1
881,1
882,1
883,1
885,1
886,1
887,1
891,1
893,1
894,1
896,1
897,1
898,1
899,1
900,1
901,1
902,1
903,1
904,1
905,1
906,1
909,1
910,1
911,1
913,0
914,0
915,1
916,1
917,1
918,0
919,1
921,1
922,1
923,0
924,1
926,1
927,1
929,1
930,1
931,1
932,1
933,1
937,1
938,1
939,1
940,1
941,1
942,1
943,1
944,1
945,1
946,1
947,1
948,1
949,1
950,1
951,1
952,1
953,1
954,1
955,1
956,1
957,1
958,1
959,1
960,1
962,1
964,1
965,1
966,1
967,1
968,1
969,1
970,1
971,1
972,1
973,1
975,1
976,1
977,1
978,1
979,1
980,1
981,1
982,1
986,1
988,1
989,1
990,1
991,1
992,1
993,1
995,1
996,1
999,1
1001,1
1002,1
1003,1
1004,1
1005,1
1006,1
1007,1
1008,1
1009,1
1010,1
1011,1
1012,1
1013,1
1014,1
1015,1
1016,1
1017,1
1018,1
1019,1
1020,1
1021,1
1022,1
1024,1
1025,1
1026,1
1027,1
1028,1
1029,1
1030,1
1031,1
1032,1
1033,1
1037,0
1038,1
1039,1
1040,1
1041,1
1042,1
1043,1
1044,1
1045,1
1046,1
1047,1
1048,1
1049,1
1050,1
1051,1
1052,0
1053,1
1054,1
1055,1
1056,1
1057,1
1058,1
1059,1
1060,1
1061,0
1062,1
1063,1
1064,0
1065,1
1066,0
1067,0
1068,0
1070,1
1071,1
1072,1
1073,1
1074,1
1075,1
1076,1
1077,1
1078,1
1079,1
1080,1
1081,1
1082,1
1083,1
1084,0
1085,0
1086,0
1087,0
1088,1
1089,1
1090,1
1091,1
1092,1
1093,1
1094,1
1095,1
1097,1
1098,1
1099,1
1100,1
1103,1
1105,1
1106,1
1107,1
1108,1
1111,1
1113,0
1114,1
1115,1
1116,1
1117,1
1118,0
1119,1
1120,1
1122,1
1123,1
1124,1
1125,0
1126,1
1127,1
1128,1
1129,1
1130,1
1131,1
1132,1
1133,1
1134,1
1135,1
1136,1
1137,1
1138,1
1139,1
1140,1
1141,1
1142,1
1143,1
1144,1
1150,1
1154,1
1155,1
1160,1
1161,0
1162,1
1163,1
1164,1
1166,0
1171,1
1187,0
1188,1
1189,1
1190,1
1191,1
1193,1
1195,1
1199,1
1200,1
1201,1
1202,1
1204,1
1205,1
1206,1
1207,1
1210,1
1211,1
1212,0
1220,1
1221,1
1222,1
1223,1
1224,1
1225,1
1226,1
1227,1
1228,1
1229,1
1230,1
1232,1
1233,1
1234,1
1235,1
1240,0
1242,1
1243,1
1245,1
1246,1
1247,1
1248,1
1249,1
1250,1
1255,1
1256,1
1257,1
1258,1
1259,1
1260,1
1264,1
1265,1
1266,1
1269,1
1270,1
1271,1
1272,1
1273,1
1275,1
1276,1
1278,1
1279,1
1280,1
1281,1
1282,1
1283,1
1284,1
1285,1
1286,1
1287,0
1289,1
1290,1
1291,1
1292,1
1293,1
1294,1
1295,1
1296,1
1297,0
1298,1
1299,1
1300,0
1301,0
1302,1
1303,1
1304,1
1305,1
1306,1
1307,1
1308,1
1309,1
1310,1
1312,1
1313,1
1314,1
1315,1
1317,1
1318,1
1319,1
1321,1
1322,1
1323,1
1325,1
1327,1
1328,1
1329,1
1330,1
1331,0
1332,1
1333,1
1335,1
1336,1
1337,1
1338,0
1339,1
1340,1
1341,1
1342,1
1343,1
1344,1
1345,1
1346,1
1347,1
1348,1
1349,1
1350,1
1351,1
1352,1
1354,1
1355,1
1356,1
1357,1
1358,1
1359,1
1360,0
1361,0
1362,1
1363,1
1364,1
1365,1
1366,1
1367,1
1368,1
1369,1
1370,1
1371,1
1372,1
1373,1
1374,1
1375,1
1376,1
1379,1
1380,1
1381,1
1382,1
1392,1
1398,1
1399,0
1400,1
1401,1
1403,1
1404,1
1407,1
1412,1
1415,1
1417,1
1418,1
1419,1
1420,1
1421,1
1422,1
1423,1
1424,1
1426,1
1427,1
1428,1
1429,1
1430,1
1431,1
1433,1
1434,1
1435,1
1437,1
1438,1
1439,1
1440,1
1441,1
1442,1
1443,1
1444,1
1445,1
1446,1
1447,1
1448,1
1449,1
1450,1
1451,1
1452,1
1453,1
1454,1
1455,0
1456,0
1457,0
1458,0
1459,1
1460,0
1461,0
1462,0
1463,0
1464,0
1465,1
1466,1
1467,1
1468,1
1469,1
1470,1
1471,1
1472,1
1473,1
1474,1
1475,1
1476,1
1477,1
1478,1
1479,1
1480,1
1481,1
1482,1
1483,1
1484,1
1485,0
1486,1
1487,1
1488,1
1489,1
1490,1
1491,1
1492,1
1493,1
1494,1
1497,1
1498,0
1499,1
1500,0
1501,0
1502,0
1503,0
1504,1
1505,1
1506,1
1507,1
1509,0
1510,1
1511,1
1512,1
1513,1
1514,1
1515,1
1516,1
1517,1
1518,1
1519,1
1520,1
1521,1
1522,1
1523,1
1524,1
1525,1
1526,1
1528,1
1529,1
1530,1
1531,1
1532,1
1533,1
1534,1
1535,1
1536,1
1537,1
1538,1
1539,1
1540,1
1541,1
1542,1
1543,1
1544,1
1545,1
1546,1
1547,1
1548,1
1549,1
1550,1
1551,1
1552,1
1553,1
1554,1
1555,1
1556,1
1557,1
1558,1
1559,1
1560,1
1561,1
1562,1
1563,1
1564,1
1565,1
1566,1
1567,1
1568,1
1569,1
1570,1
1571,1
1572,1
1573,1
1574,1
1575,1
1576,1
1577,1
1578,1
1579,1
1580,1
1581,1
1582,1
1584,1
1585,1
1586,1
1587,1
1588,1
1589,1
1590,1
1591,1
1592,1
1595,1
1596,1
1598,1
1601,1
1602,1
1603,1
1604,1
1606,1
1607,1
1608,0
1609,1
1610,1
1611,1
1612,1
1614,1
1615,1
1616,1
1617,1
1618,1
1619,1
1620,1
1621,1
1622,1
1625,1
1626,1
1628,1
1629,1
1630,1
1631,1
1632,1
1633,1
1634,1
1635,0
1636,0
1637,1
1638,1
1639,1
1640,1
1641,1
1642,1
1643,1
1644,1
1645,1
1646,1
1647,1
1648,1
1649,1
1650,0
1651,1
1653,1
1654,1
1655,1
1656,1
1657,1
1658,0
1659,0
1660,1
1661,1
1662,1
1663,1
1664,1
1665,1
1666,1
1667,0
1668,0
1669,1
1670,1
1671,1
1672,1
1673,1
1674,1
1675,1
1676,1
1677,1
1679,1
1680,1
1681,1
1682,1
1683,1
1684,1
1685,1
1686,1
1687,1
1689,1
1690,1
1691,1
1692,1
1693,1
1694,1
1695,1
1696,1
1697,1
1698,1
1699,1
1700,1
1701,1
1702,0
1704,1
1705,1
1706,1
1707,1
1708,1
1709,1
1710,1
1711,1
1712,1
1713,1
1714,1
1715,1
1716,1
1717,1
1720,0
1722,1
1723,1
1724,1
1725,1
1726,1
1727,1
1728,1
1729,1
1731,1
1732,1
1733,1
1734,1
1735,1
1736,1
1737,1
1738,1
1739,1
1740,1
1741,1
1742,1
1743,1
1744,1
1746,0
1747,1
1748,0
1749,1
1750,0
1751,0
1752,0
1753,0
1754,1
1764,1
1765,1
1768,1
1783,1
1784,1
1785,1
1786,1
1787,1
1788,1
1790,1
1791,1
1796,1
1797,1
1798,1
1799,1
1801,1
1802,1
1803,1
1804,1
1805,1
1807,1
1808,1
1809,1
1810,1
1811,1
1812,1
1813,1
1814,1
1816,0
1817,1
1818,1
1819,1
1820,1
1821,1
1822,1
1823,1
1824,1
1825,1
1826,1
1827,1
1828,1
1829,1
1830,1
1831,1
1832,1
1833,1
1834,1
1835,1
1836,1
1837,1
1838,1
1839,0
1840,0
1841,1
1842,1
1843,1
1844,1
1845,1
1846,1
1847,1
1848,1
1849,1
1850,1
1851,1
1852,1
1853,1
1854,1
1855,1
1856,1
1857,1
1858,1
1859,1
1861,1
1862,1
1863,1
1864,1
1865,1
1866,1
1867,1
1868,1
1869,1
1870,1
1871,1
1872,1
1873,1
1874,0
1875,0
1876,1
1877,1
1878,1
1879,1
1880,1
1881,1
1882,1
1883,1
1884,1
1885,1
1886,1
1887,1
1888,1
1889,0
1890,0
1891,1
1892,1
1893,1
1894,1
1895,1
1896,1
1897,1
1898,1
1899,1
1900,1
1901,1
1902,1
1903,1
1904,1
1905,1
1906,1
1907,1
1908,1
1909,1
1910,1
1911,1
1912,1
1913,1
1914,1
1915,1
1916,1
1917,1
1918,1
1919,1
1920,0
1922,0
1923,1
1924,0
1925,1
1926,1
1927,1
1928,1
1930,1
1931,1
1932,1
1933,1
1936,1
1937,1
1938,1
1939,1
1940,1
1941,1
1942,1
1943,1
1944,1
1945,1
1948,1
1949,1
1950,0
1951,1
1952,1
1953,1
1954,1
1955,1
1956,1
1957,1
1958,1
1959,1
1960,1
1961,1
1962,1
1963,1
1964,1
1965,1
1966,1
1967,1
1968,1
1969,0
1970,1
1971,0
1972,0
1973,1
1974,0
1975,1
1978,1
1979,0
1980,0
1981,0
1982,0
1985,1
1986,1
1987,1
1988,0
1989,1
1992,1
1997,0
2000,0
2001,0
2002,1
2003,1
2004,1
2005,1
2006,1
2007,0
2011,1
2023,1
2024,1
2025,1
2028,1
2029,1
2031,0
2032,0
2035,1
2039,1
2040,1
2069,1
2070,1
2071,1
2072,1
2076,1
2077,1
2079,1
2084,1
2090,0
2096,1
2097,1
2098,1
2099,1
2109,1
2114,1
2117,1
2118,1
2129,1
2130,1
2143,1
2147,1
2148,1
2149,1
2150,1
2152,1
2153,1
2154,1
2155,1
2156,1
2157,1
2158,1
2160,1
2161,1
2163,1
2164,1
2166,1
2167,1
2168,1
2169,1
2170,1
2180,1
2181,1
2183,1
2186,1
2187,1
2190,1
2202,1
2203,1
2217,1
2236,1
2245,1
2246,1
2258,1
2260,1
2261,1
2262,1
2263,1
2264,1
2265,1
2266,1
2267,1
2276,1
2278,1
2279,1
2281,1
2282,1
2283,1
2284,1
2285,1
2286,1
2287,1
2293,1
2294,1
2295,1
2296,1
2297,1
2298,1
2299,1
2300,1
2301,1
2302,1
2303,1
2304,1
2306,0
2307,1
2308,1
2309,1
2310,1
2311,1
2313,1
2314,1
2323,1
2325,1
2326,1
2327,0
2329,0
2338,0
2339,1
2345,1
2346,1
2348,1
2349,1
2351,1
2352,1
2353,0
2354,1
2359,1
2360,1
2362,1
2364,1
2365,1
2368,1
2380,1
2386,1
2387,1
2389,1
2391,1
2392,1
2399,1
2401,1
2402,1
2403,1
2405,1
2406,1
2407,1
2410,1
2411,1
2412,1
2420,1
2421,1
2424,1
2425,1
2426,1
2438,1
2441,1
2447,1
2448,1
2454,1
2455,1
2457,1
2458,1
2459,1
2460,0
2462,1
2464,1
2467,1
2468,1
2469,1
2470,1
2472,1
2473,0
2474,1
2475,1
2476,0
2478,0
2479,1
2480,1
2481,1
2482,1
2483,0
2491,1
2492,1
2493,1
2494,1
2495,1
2500,1
2521,1
2524,1
2525,1
2528,1
2529,1
2531,1
2532,1
2533,1
2535,1
2537,1
2538,1
2539,1
2540,1
2544,1
2545,1
2546,1
2547,1
2548,1
2550,1
2551,1
2554,1
2556,1
2558,1
2562,1
2563,1
2564,1
2566,1
2567,1
2568,1
2569,1
2572,1
2573,1
2583,1
2588,1
2589,1
2590,1
2591,1
2592,1
2593,1
2595,1
2597,1
2598,1
2599,1
2601,1
2602,1
2607,1
2608,1
2609,1
2611,1
2612,1
2614,1
2615,1
2616,1
2620,1
2621,1
2623,1
2624,1
2626,1
2628,1
2631,1
2636,1
2648,1
2669,1
2682,1
2683,1
2700,1
2701,1
2702,1
2703,1
2704,1
2706,1
2707,1
2708,1
2709,1
2710,1
2711,1
2714,1
2715,1
2716,1
2718,1
2719,1
2720,1
2721,1
2722,1
2729,1
2747,1
2748,1
2750,1
2751,1
2753,1
2754,1
2758,1
2759,0
2760,0
2761,1
2762,1
2763,1
2766,1
2767,1
2775,1
2776,1
2778,1
2779,1
2780,1
2781,1
2782,1
2783,1
2784,1
2787,1
2788,1
2791,1
2792,1
2795,1
2798,1
2802,1
2803,1
2804,1
2806,1
2809,1
2811,1
2813,1
2814,1
2815,1
2816,1
2821,1
2823,0
2825,0
2826,1
2830,1
2831,1
2834,1
2835,1
2836,1
2837,1
2839,1
2845,1
2846,1
2847,1
2853,1
2854,1
2855,1
2856,1
2859,1
2860,1
2862,1
2866,1
2867,1
2871,1
2879,1
2882,1
2892,1
2893,1
2894,1
2896,1
2897,1
2898,1
2899,1
2901,1
2902,1
2911,1
2913,1
2922,1
2923,1
2930,1
2934,1
2936,1
2939,1
2942,1
2943,1
2944,1
2946,1
2948,0
2949,1
2954,1
2955,1
2956,1
2957,1
2959,1
2960,1
2961,1
2966,1
2968,1
2969,1
2970,1
2971,1
2972,1
2973,1
2975,1
2976,1
2977,1
2978,1
2979,1
2980,1
2981,1
2982,1
2983,1
2985,1
2986,0
2987,0
2990,1
2991,1
3004,1
3005,1
3007,1
3008,1
3009,1
3010,1
3012,1
3014,1
3015,1
3018,1
3021,1
3022,0
3023,1
3024,1
3025,1
3026,1
3027,1
3030,1
3031,1
3032,1
3033,1
3034,1
3035,0
3043,1
3045,1
3046,1
3054,1
3057,1
3060,1
3061,1
3062,1
3063,1
3064,1
3065,0
3066,1
3067,1
3068,1
3070,1
3072,1
3073,1
3074,1
3075,1
3076,1
3078,0
3083,1
3084,1
3085,1
3087,1
3089,1
3090,1
3091,1
3092,1
3093,1
3097,1
3099,1
3100,1
3103,1
3108,1
3109,1
3111,1
3113,1
3114,1
3117,0
3120,1
3121,1
3126,1
3129,1
3131,1
3132,1
3135,1
3137,1
3138,1
3139,1
3141,0
3142,1
3144,0
3152,1
3154,1
3158,1
3162,1
3163,1
3198,0
3208,1
3209,1
3211,1
3218,1
3219,0
3220,1
3225,1
3228,0
3230,1
3232,0
3233,1
3234,1
3235,1
3236,1
3237,1
3238,1
3242,1
3243,1
3244,1
3245,1
3246,1
3249,1
3250,1
3251,1
3254,1
3255,1
3256,0
3257,1
3260,1
3261,1
3269,1
3270,1
3273,1
3274,1
3275,1
3277,1
3278,1
3281,1
3282,1
3283,1
3285,1
3286,1
3287,1
3288,1
3289,1
3291,0
3292,1
3294,1
3296,0
3299,1
3300,1
3301,1
3302,1
3304,1
3312,1
3314,1
3315,1
3317,1
3318,1
3322,1
3323,1
3324,1
3327,1
3333,1
3334,1
3335,1
3336,1
3342,1
3343,1
3346,1
3347,1
3348,1
3349,1
3350,1
3351,1
3352,1
3357,0
3358,1
3359,1
3360,1
3361,1
3362,1
3363,1
3365,1
3369,1
3374,1
3375,1
3376,1
3377,1
3379,1
3381,1
3398,1
3417,1
3418,0
3419,1
3420,1
3421,1
3424,1
3425,1
3431,1
3434,1
3436,1
3437,1
3438,0
3439,1
3443,1
3444,1
3446,1
3447,1
3448,1
3451,1
3452,1
3453,1
3454,1
3455,1
3457,1
3458,1
3459,1
3476,1
3480,1
3483,1
3484,1
3486,1
3505,1
3508,1
3510,1
3511,1
3512,1
3513,1
3519,1
3520,1
3523,1
3541,1
3556,1
3557,1
3558,1
3559,1
3560,1
3561,1
3577,1
3579,1
3580,1
3581,1
3582,1
3585,1
3591,1
3592,1
3593,1
3594,1
3595,1
3596,1
3597,1
3599,1
3601,1
3605,1
3606,1
3607,1
3608,1
3609,1
3618,1
3619,1
3621,0
3629,1
3632,1
3633,1
3634,1
3637,1
3638,1
3639,0
3648,1
3654,1
3655,1
3658,1
3660,1
3661,1
3662,1
3664,1
3665,1
3666,1
3667,1
3668,1
3669,1
3670,1
3671,1
3672,1
3673,1
3674,1
3675,1
3677,1
3678,1
3814,1
3815,1
3816,1
3818,1
3819,1
3820,1
3821,1
3822,1
3823,1
3824,0
3825,1
3826,0
3827,1
3828,1
3830,1
3831,1
3839,1
3841,1
3844,1
3845,1
3847,1
3849,1
3850,1
3851,1
3852,1
3854,1
3855,1
3857,1
3858,1
3859,1
3863,1
3914,1
4007,1
4009,0
4011,1
4012,1
4013,1
4014,1
4015,1
4017,1
4018,1
4020,1
4021,1
4023,1
4024,1
4025,1
4028,1
4037,1
4041,1
4044,1
4050,1
4052,1
4057,1
4075,1
4090,1
4100,1
4106,1
4115,1
4116,1
4133,1
4136,1
4137,1
4138,1
4153,0
4156,1
4169,1
4170,1
4171,1
4173,1
4174,1
4175,1
4179,1
4181,1
4187,1
4190,1
4191,0
4206,1
4208,1
4215,1
4216,1
4218,1
4229,1
4249,1
4256,1
4257,1
4260,1
5058,1
5059,1
5060,1
5061,1
5100,1
5130,0
5131,1
5132,1
5145,0
5146,0
5147,0
5148,0
5149,1
5150,1
5151,0
5152,0
5153,1
5154,1
5155,1
5156,1
5157,0
5158,0
5159,1
5160,1
5161,1
5162,0
5163,0
5164,0
5165,0
5166,1
5167,0
5168,0
5169,1
5170,0
5171,0
5172,0
5173,0
5174,0
5175,0
5176,1
5177,0
5179,1
5180,1
5181,1
5183,0
5184,0
5185,0
5186,0
5187,0
5188,1
5189,1
5190,1
5191,1
5192,1
5193,1
5194,1
5195,1
5196,1
5197,1
5199,1
5200,1
5201,1
5202,1
5205,1
5206,1
5207,0
5208,0
5209,0
5210,0
5211,1
5212,1
5213,1
5214,1
5215,0
5216,1
5217,1
5218,0
5219,1
5220,1
5221,1
5223,1
5224,1
5225,1
5226,1
5227,1
5228,1
5229,0
5230,1
5232,1
5233,1
5234,1
5235,1
5236,1
5237,1
5239,1
5240,1
5241,1
5242,0
5243,1
5244,1
5245,0
5246,0
5247,1
5248,1
5249,0
5250,0
5251,1
5252,1
5253,1
5254,1
5255,1
5256,1
5257,1
5258,1
5259,1
5260,1
5261,1
5262,1
5263,1
5264,1
5265,1
5267,0
5268,0
5269,0
5270,0
5271,1
5272,1
5273,1
5274,1
5275,1
5276,1
5277,1
5278,1
5279,1
5280,1
5281,1
5282,1
5283,1
5284,1
5286,1
5287,0
5288,0
5289,1
5290,0
5291,1
5292,1
5293,1
5294,1
5295,1
5296,1
5297,1
5298,1
5299,1
5301,1
5302,1
5304,0
5305,1
5306,1
5307,1
5308,1
5309,1
5310,1
5311,1
5312,1
5313,1
5314,1
5315,1
5316,1
5317,1
5318,1
5319,1
5320,1
5321,1
5322,1
5323,1
5324,1
5325,1
5326,1
5327,1
5328,1
5329,1
5330,1
5331,1
5332,1
5333,1
5334,1
5335,1
5336,1
5337,1
5338,1
5339,1
5341,1
5342,1
5343,1
5344,1
5346,1
5347,1
5348,1
5350,1
5352,1
5353,1
5354,1
5355,1
5356,1
5357,1
5358,1
5359,1
5360,1
5361,1
5364,1
5365,1
5366,1
5367,1
5368,1
5369,1
5370,1
5371,1
5372,1
5373,1
5374,1
5375,1
5376,1
5377,1
5378,1
5379,1
5381,1
5383,0
5385,1
5386,1
5387,1
5388,1
5389,0
5391,1
5392,1
5393,1
5394,1
5395,1
5396,1
5398,1
5401,1
5403,1
5404,1
5405,1
5406,1
5407,0
5408,0
5409,0
5410,0
5411,0
5412,0
5413,0
5414,0
5415,1
5416,1
5417,0
5418,1
5419,1
5420,1
5421,1
5422,1
5423,1
5424,1
5425,1
5426,1
5427,0
5428,1
5429,1
5430,1
5431,1
5432,1
5433,1
5434,0
5435,0
5437,0
5438,1
5439,1
5440,1
5442,0
5443,0
5444,0
5445,1
5446,1
5447,1
5448,1
5449,1
5450,1
5452,1
5453,0
5454,0
5455,0
5456,0
5457,0
5458,1
5459,1
5460,1
5461,1
5462,1
5465,1
5466,1
5468,0
5469,0
5470,0
5471,0
5472,1
5473,1
5474,1
5475,0
5477,1
5478,1
5479,1
5480,1
5481,1
5482,0
5483,0
5486,1
5487,1
5488,1
5489,1
5490,1
5491,1
5492,1
5493,1
5494,1
5495,1
5496,1
5497,1
5498,0
5499,0
5500,0
5501,0
5502,1
5503,1
5504,0
5505,0
5506,0
5507,1
5508,0
5509,0
5510,0
5511,1
5512,0
5513,0
5514,0
5515,0
5516,0
5517,0
5518,0
5519,1
5520,0
5521,1
5522,0
5523,0
5524,0
5525,1
5526,1
5527,1
5528,1
5529,1
5530,1
5531,1
5532,1
5534,0
5535,0
5536,0
5537,0
5538,1
5539,1
5540,1
5541,1
5542,1
5543,1
5544,0
5545,1
5546,1
5547,1
5548,0
5549,1
5550,1
5551,1
5552,1
5553,1
5554,0
5555,1
5556,1
5557,1
5558,1
5560,1
5561,1
5562,0
5563,1
5564,1
5565,1
5566,1
5567,1
5568,1
5569,1
5570,1
5571,0
5572,0
5574,0
5575,0
5576,0
5577,1
5578,1
5579,0
5580,1
5581,0
5582,0
5583,1
5584,1
5585,1
5586,0
5587,0
5589,1
5590,1
5591,0
5592,0
5593,1
5594,1
5597,1
5601,1
5602,0
5603,1
5605,1
5606,0
5607,0
5608,0
5610,1
5618,0
5620,0
5621,0
5622,1
5623,1
5624,0
5625,0
5626,1
5627,1
5628,1
5629,0
5632,1
5634,1
5635,0
5637,1
5639,1
5640,1
5641,1
5642,1
5643,1
5644,1
5645,1
5647,1
5648,1
5649,0
5650,1
5651,1
5652,1
5653,1
5654,1
5655,1
5656,1
5657,1
5659,1
5660,1
5661,1
5662,1
5663,1
5664,1
5665,0
5666,1
5667,1
5668,1
5669,1
5672,1
5675,1
5677,1
5678,1
5679,1
5680,1
5681,1
5682,1
5683,1
5684,1
5689,1
5692,1
5693,1
5694,1
5695,1
5696,1
5697,1
5698,1
5704,1
5706,1
5707,1
5708,1
5709,1
5710,1
5711,1
5712,1
5713,1
5714,1
5715,1
5718,1
5720,1
5721,1
5722,1
5723,1
5724,1
5725,0
5726,1
5727,1
5735,1
5736,1
5737,1
5738,1
5740,1
5742,1
5744,1
5745,1
5746,1
5747,1
5748,1
5750,1
5751,1
5753,1
5754,1
5755,1
5756,1
5758,1
5759,1
5760,1
5761,1
5762,1
5764,1
5765,1
5766,1
5769,1
5771,1
5772,1
5773,1
5774,1
5776,0
5779,1
5782,0
5783,0
5784,1
5785,1
5786,1
5789,1
5790,1
5791,1
5792,1
5793,1
5794,1
5795,1
5796,1
5797,1
5798,1
5799,1
5800,1
5801,1
5805,1
5806,0
5807,0
5814,0
5816,1
5818,1
5820,1
5821,1
5823,1
5824,1
5825,1
5827,1
5829,1
5830,1
5831,1
5832,1
5833,1
5834,1
5836,0
5837,1
5838,1
5839,1
5840,1
5842,1
5843,1
5844,1
5845,1
5846,1
5847,1
5850,1
5851,1
5852,0
5853,0
5854,1
5855,1
5856,1
5858,1
5861,1
5862,1
5863,1
5864,1
5865,1
5870,1
5871,1
5872,1
5877,1
5880,1
5882,1
5885,1
5886,1
5887,1
5889,1
5891,1
5892,1
5894,1
5895,1
5897,1
5902,1
5903,1
5904,1
5905,0
5907,1
5908,0
5909,1
5910,1
5911,1
5912,1
5913,1
5914,1
5915,1
5918,1
5921,1
5923,1
5924,1
5925,1
5926,1
5927,1
5929,1
5930,1
5931,0
5932,1
5936,1
5937,1
5938,1
5942,1
5943,1
5948,1
5949,1
5950,1
5951,1
5952,1
5954,1
5955,1
5956,1
5959,1
5960,1
5961,1
5962,1
5965,1
5968,1
5971,1
5973,1
5974,1
5975,1
5979,1
5980,1
5985,1
5987,1
5988,1
5989,1
5990,1
5991,1
5992,1
5994,1
5997,1
5998,1
5999,1
6000,1
6003,1
6004,1
6005,1
6007,1
6008,0
6009,0
6010,1
6011,1
6012,1
6014,1
6019,1
6021,1
6022,1
6023,1
6024,1
6025,1
6028,1
6029,1
6030,1
6031,1
6032,1
6033,1
6034,1
6035,1
6036,1
6037,1
6038,1
6039,1
6040,1
6041,1
6042,1
6043,1
6044,1
6045,1
6046,1
6047,1
6048,1
6049,1
6051,1
6054,1
6056,1
6057,1
6064,1
6066,1
6071,1
6073,1
6074,1
6075,1
6077,1
6081,1
6083,1
6089,1
6090,1
6092,1
6094,1
6095,1
6099,1
6100,0
6101,1
6102,1
6103,1
6104,1
6106,1
6107,1
6109,1
6110,1
6111,0
6114,1
6116,1
6117,1
6118,1
6124,1
6126,1
6127,1
6128,1
6129,1
6130,1
6131,0
6132,0
6133,1
6134,1
6135,1
6136,1
6137,1
6138,1
6140,1
6141,1
6188,1
6189,1
6190,1
6191,1
6195,1
6197,0
6198,1
6199,0
6200,0
6201,0
6202,0
6203,1
6204,0
6205,0
6206,0
6207,1
6208,1
6209,1
6210,1
6211,0
6212,0
6214,1
6215,0
6217,0
6218,1
6219,1
6220,1
6221,1
6222,1
6223,1
6224,0
6225,1
6226,1
6228,1
6229,1
6231,1
6232,1
6233,1
6235,1
6236,1
6238,1
6243,1
6244,1
6245,1
6246,1
6247,1
6248,1
6249,1
6250,1
6251,1
6252,1
6253,1
6254,1
6255,1
6256,1
6257,1
6265,1
6266,1
6267,1
6268,1
6269,1
6270,0
6271,1
6272,1
6273,1
6274,1
6275,1
6276,1
6277,1
6278,1
6279,1
6280,1
6281,1
6282,1
6285,1
6286,1
6289,1
6290,1
6293,1
6294,1
6295,1
6296,1
6297,1
6298,1
6299,1
6300,1
6301,1
6302,0
6303,0
6304,1
6305,0
6307,1
9800,1
9801,1
9805,1
9807,1
9808,1
9810,1
9812,1
9813,1
9814,1
9817,1
9820,1
9823,1
9825,1
9826,1
9829,1
9839,1
9840,1
9841,1
9855,1
9856,1
9857,1
9858,1
9859,1
9860,1
9861,1
9862,1
9863,1
9864,1
9865,1
9866,1
9869,1
9870,1
9871,1
9872,1
9873,1
9875,1
9876,1
9877,0
9878,1
9880,1
9881,1
9882,1
9883,1
9884,1
9885,0
9890,1
9891,1
9892,1
9893,1
9895,1
9897,1
9898,1
9899,1
9900,1
9901,1
9903,1
9904,1
9905,1
9906,1
9907,1
9908,1
9909,1
9910,1
9911,1
9914,1
9915,1
9918,1
9919,1
9920,1
9921,1
9922,1
9926,1
9927,1
9933,1
9934,1
9935,1
9936,1
9938,1
9940,1
9942,1
9944,1
9948,1
9949,1
9950,1
9951,1
9954,1
9955,1
9961,1
9962,1
9965,1
9966,1
9968,1
9970,1
9971,1
9972,1
9974,1
9975,1
9976,1
9977,1
9978,1
9979,1
9980,1
9981,1
9982,1
9983,1
9986,1
9987,1
9988,1
9989,1
9990,1
9991,1
9992,1
9993,1
9994,1
9995,1
9999,1
10000,1
10002,0
10003,1
10004,0
10005,0
10006,1
10008,0
10011,1
10012,1
10013,1
10015,1
10016,1
10017,1
10021,1
10023,0
10024,0
10026,1
10027,0
10028,0
10030,1
10032,1
10033,1
10034,1
10035,1
10038,0
10039,0
10040,0
10045,1
10047,0
10048,0
10049,0
10053,1
10056,1
10057,1
10058,0
10060,0
10061,1
10063,1
10064,1
10066,1
10067,1
10068,1
10069,0
10070,1
10072,1
10075,0
10076,1
10077,1
10078,1
10079,1
10081,1
10083,1
10086,1
10088,1
10089,1
10090,1
10091,1
10095,1
10096,1
10097,0
10098,1
10099,1
10100,0
10101,1
10105,0
10108,1
10109,1
10110,1
10111,1
10112,1
10113,1
10114,1
10115,1
10116,1
10117,1
10118,1
10119,1
10120,1
10122,1
10123,1
10126,1
10127,1
10128,1
10129,1
10130,1
10131,0
10132,0
10133,0
10134,0
10135,1
10137,0
10138,0
10139,1
10140,0
10141,0
10142,1
10143,1
10144,0
10145,0
10146,1
10147,1
10148,1
10149,1
10150,1
10151,1
10152,0
10153,1
10154,1
10155,1
10156,0
10157,1
10158,1
10159,1
10160,1
10161,0
10162,0
10166,1
10167,0
10168,0
10171,0
10173,1
10174,0
10184,0
10185,1
10186,1
10187,1
10188,1
10189,1
10190,1
10191,1
10192,1
10193,1
10194,1
10195,1
10196,1
10197,1
10204,1
10213,0
10214,0
10220,0
10221,0
10222,0
10223,0
10224,0
10225,0
10228,0
10229,0
10230,0
10232,0
10233,0
10236,0
10237,1
10238,0
10239,0
10240,0
10241,0
10242,0
10243,0
10244,0
10247,0
10249,1
10250,1
10251,0
10252,1
10254,1
10255,1
10256,1
10257,1
10258,1
10260,1
10261,1
10262,1
10265,1
10266,1
10267,1
10268,1
10269,1
10270,1
10271,1
10272,1
10273,1
10274,1
10275,1
10276,1
10277,1
10279,1
10281,1
10282,1
10283,1
10284,1
10285,1
10286,1
10287,1
10288,1
10289,0
10290,0
10292,1
10293,1
10296,1
10297,0
10298,1
10299,0
10300,0
10301,0
10302,0
10303,1
10305,0
10306,0
10307,0
10309,1
10311,1
10312,1
10313,1
10314,1
10318,1
10319,1
10321,1
10323,1
10324,1
10325,1
10330,0
10331,0
10332,0
10333,0
10334,1
10335,1
10336,0
10339,1
10340,1
10343,1
10345,0
10346,1
10347,1
10349,1
10351,1
10354,1
10355,1
10356,0
10362,1
10365,1
10372,0
10373,0
10374,0
10375,0
10376,0
10377,0
10378,0
10379,0
10380,0
10381,0
10382,0
10383,0
10384,0
10385,0
10386,0
10387,0
10388,0
10389,0
10391,0
10392,0
10393,0
10394,1
10395,0
10397,0
10400,1
10401,1
10402,1
10403,1
10405,0
10408,0
10409,0
10411,0
10414,0
10420,0
10421,0
10422,0
10425,0
10426,0
10430,0
10431,1
10445,1
10446,0
10449,0
10450,1
10451,0
10452,1
10453,1
10454,1
10455,1
10456,1
10457,1
10459,1
10460,1
10461,1
10463,1
10464,1
10465,0
10466,1
10467,0
10468,1
10471,1
10473,1
10475,0
10477,1
10478,0
10479,0
10481,0
10484,0
10487,0
10490,1
10491,0
10492,0
10495,0
10498,0
10499,0
10501,0
10502,1
10503,1
10505,1
10506,1
10507,1
10508,1
10509,1
10510,1
10511,1
10512,1
10515,1
10517,1
10518,1
10521,0
10525,0
10528,1
10530,0
10531,0
10532,0
10534,0
10535,0
10536,1
10537,1
10540,1
10541,0
10542,1
10546,1
10547,0
10560,0
10561,1
10565,0
10566,1
10567,1
10568,0
10569,0
10572,0
10573,0
10575,0
10577,0
10578,0
10579,0
10580,0
10581,0
10582,0
10583,1
10584,1
10585,1
10586,0
10588,0
10595,0
10596,0
10597,1
10598,1
10599,1
10600,1
10601,1
10603,1
10605,0
10607,0
10609,1
10610,1
10611,1
10612,1
10614,1
10615,0
10620,0
10621,0
10624,0
10625,1
10628,0
10629,0
10630,0
10632,0
10633,0
10634,0
10635,0
10636,0
10637,0
10638,0
10639,0
10640,0
10642,0
10643,0
10644,0
10647,0
10648,1
10649,1
10650,1
10651,0
10652,0
10653,0
10654,0
10656,0
10662,0
10664,0
10670,1
10675,0
10680,1
10683,1
10684,1
10687,0
10691,1
10692,1
10694,1
10695,1
10696,1
10697,1
10699,1
10700,1
10701,1
10702,1
10712,0
10718,1
10719,1
10720,1
10730,1
10731,1
10740,1
10743,1
10744,1
10745,1
10746,1
10747,1
10748,1
10749,1
10759,1
10766,1
10769,1
10772,1
10773,1
10774,1
10775,1
10776,1
10779,1
10785,1
10790,0
10791,0
10792,0
10793,0
10794,0
10795,0
10796,0
10798,0
10799,0
10802,1
10803,0
10804,0
10807,0
10813,0
10820,0
10821,0
10823,1
10824,1
10826,0
10827,0
10828,1
10833,1
10836,1
10837,1
10839,1
10842,1
10846,1
10848,1
10849,1
10856,1
10857,1
10861,1
10862,1
10863,1
10870,1
10871,1
10874,1
10877,0
10881,1
10886,1
10887,1
10888,1
10889,1
10890,1
10891,1
10892,1
10893,1
10894,1
10895,1
10896,1
10897,1
10898,1
10899,1
10900,1
10901,1
10902,1
10903,1
10904,1
10905,1
10906,1
10907,1
10908,0
10909,1
10910,1
10911,1
10912,1
10913,1
10914,1
10915,1
10916,1
10917,1
10918,1
10920,1
10922,1
10923,1
10924,1
10925,1
10926,1
10927,1
10928,0
10929,1
10930,1
10932,1
10933,1
10934,1
10935,0
10936,1
10940,1
10941,1
10942,1
10943,0
10944,1
10945,1
10948,1
10949,1
10950,1
10952,1
10953,1
10954,1
10955,1
10956,1
10958,1
10960,1
10962,1
10964,1
10965,1
10966,1
10967,1
10968,1
10969,1
10972,1
10974,1
10975,1
10976,1
10977,1
10979,1
10980,1
10981,1
10983,1
10984,1
10986,1
10987,1
10988,1
10989,1
10990,1
10992,1
10993,1
10994,1
10997,1
10999,1
11000,1
11001,1
11002,1
11003,1
11004,1
11005,1
11006,1
11007,1
11008,1
11009,1
11010,1
11011,1
11012,1
11013,1
11014,1
11015,1
11016,1
11017,1
11018,1
11019,1
11020,1
11021,1
11022,1
11023,1
11024,0
11025,1
11026,1
11027,1
11028,1
11029,1
11030,1
11031,1
11032,1
11033,1
11034,1
11035,1
11036,1
11037,1
11038,1
11039,1
11040,1
11041,1
11042,1
11043,1
11044,1
11045,1
11046,1
11047,1
11048,1
11049,1
11050,1
11051,1
11052,1
11053,1
11054,1
11055,1
11056,1
11057,1
11058,1
11059,1
11060,1
11061,1
11062,1
11063,1
11064,1
11065,1
11068,1
11069,1
11070,1
11071,1
11072,1
11073,1
11074,1
11075,1
11076,1
11077,1
11080,1
11082,1
11083,1
11084,1
11086,1
11089,1
11091,1
11092,1
11093,1
11094,1
11095,1
11096,1
11097,1
11098,1
11100,1
11101,1
11102,1
11103,1
11104,1
11106,1
11107,1
11108,1
11109,1
11110,1
11112,1
11113,1
11114,1
11116,1
11117,1
11118,1
11119,1
11120,1
11122,1
11125,1
11126,1
11127,1
11128,1
11129,1
11130,1
11131,1
11132,1
11133,1
11135,1
11136,1
11138,0
11139,1
11140,1
11143,0
11145,1
11146,1
11147,1
11149,1
11150,1
11152,1
11153,1
11154,0
11155,0
11156,1
11157,0
11158,1
11160,0
11161,0
11162,1
11163,0
11164,1
11165,0
11166,1
11167,1
11168,0
11169,1
11171,1
11172,1
11173,1
11175,1
11176,1
11177,1
11179,0
11180,0
11181,1
11182,1
11183,1
11184,1
11185,1
11187,1
11188,1
11189,0
11190,1
11192,1
11193,1
11194,1
11196,1
11197,1
11198,1
11199,1
11200,1
11201,1
11202,1
11203,1
11204,1
11205,1
11207,1
11208,1
11210,1
11212,1
11213,1
11214,1
11215,1
11216,1
11217,1
11219,1
11221,0
11225,1
11226,1
11227,1
11228,1
11229,1
11230,1
11231,1
11233,1
11234,1
11236,1
11237,1
11241,1
11242,1
11243,1
11245,1
11246,1
11248,1
11249,1
11252,1
11253,1
11254,1
11255,1
11256,1
11258,1
11259,1
11262,1
11263,1
11269,1
11270,1
11271,1
11273,1
11274,1
11277,0
11278,1
11279,0
11280,0
11281,1
11282,1
11283,1
11285,1
11286,1
11287,0
11289,1
11290,1
11292,1
11293,1
11294,1
11296,1
11297,1
11298,0
11300,1
11301,1
11302,1
11303,1
11304,1
11305,1
11306,1
11307,1
11308,1
11310,1
11311,1
11312,1
11313,1
11316,1
11318,1
11319,1
11321,1
11322,1
11323,1
11324,1
11325,1
11328,0
11332,1
11333,1
11336,0
11340,1
11341,0
11342,1
11343,1
11344,0
11345,0
11346,0
11347,0
11348,1
11350,1
11351,0
11352,0
11353,0
11354,1
11355,1
11356,1
11357,1
11358,1
11359,1
11360,1
11361,1
11362,1
11363,1
11364,1
11365,1
11367,1
11368,1
11369,1
11370,1
11371,1
11372,1
11373,1
11374,1
11376,0
11377,0
11378,0
11379,0
11380,0
11381,1
11382,1
11383,1
11385,1
11387,0
11388,1
11389,1
11391,1
11392,1
11393,1
11394,1
11395,1
11396,0
11397,1
11398,1
11399,1
11400,1
11401,1
11402,0
11403,1
11407,1
11408,1
11409,1
11410,1
11411,1
11412,1
11413,0
11414,1
11415,1
11416,1
11417,1
11418,1
11419,1
11420,1
11421,1
11422,1
11424,1
11425,1
11426,1
11427,1
11428,1
11429,1
11430,1
11431,1
11433,1
11434,1
11435,1
11436,1
11437,1
11438,1
11439,1
11440,1
11441,1
11442,1
11443,1
11444,1
11445,0
11447,1
11448,1
11449,0
11450,1
11451,1
11452,1
11453,1
11454,1
11455,1
11456,1
11457,1
11458,1
11459,1
11461,1
11462,1
11464,1
11465,1
11466,1
11467,0
11469,1
11470,1
11471,1
11472,0
11473,1
11474,1
11475,1
11476,1
11477,1
11478,1
11479,1
11480,1
11481,1
11482,1
11483,1
11484,1
11485,1
11486,0
11487,0
11488,1
11489,1
11490,1
11492,0
11493,1
11494,1
11495,1
11496,1
11497,1
11498,0
11499,1
11500,1
11501,1
11502,1
11503,1
11504,1
11505,1
11506,1
11507,0
11510,1
11511,1
11512,1
11513,1
11514,1
11515,1
11516,1
11517,1
11518,1
11519,1
11520,1
11521,1
11522,1
11523,1
11524,1
11525,1
11526,1
11527,1
11528,1
11529,1
11530,1
11531,1
11532,1
11533,1
11534,1
11535,1
11536,1
11537,1
11538,1
11539,1
11540,1
11541,1
11542,1
11543,1
11544,1
11545,1
11546,1
11547,1
11548,1
11549,1
11550,1
11551,1
11553,1
11554,1
11555,0
11556,0
11557,1
11558,1
11559,1
11560,1
11561,1
11562,1
11563,1
11564,1
11565,1
11566,1
11568,1
11569,1
11570,1
11571,1
11572,1
11573,1
11574,1
11575,1
11576,1
11577,1
11578,1
11579,0
11580,1
11581,1
11582,1
11583,1
11584,1
11585,1
11586,0
11587,1
11588,1
11589,1
11592,1
11593,1
11594,1
11596,1
11597,1
11599,1
11600,1
11601,1
11602,1
11603,1
11605,1
11607,1
11608,0
11609,1
11610,1
11611,1
11612,0
11613,1
11614,0
11615,0
11616,0
11617,1
11618,1
11619,1
11620,1
11621,1
11622,1
11623,1
11624,1
11625,1
11626,0
11627,0
11628,1
11629,1
11630,1
11631,1
11632,1
11633,1
11634,1
11635,1
11636,1
11637,1
11638,1
11639,0
11640,0
11641,0
11642,0
11643,1
11644,1
11645,1
11646,1
11647,1
11648,1
11649,1
11650,1
11651,1
11655,0
11656,0
11657,0
11658,0
11659,0
11661,1
11662,1
11663,0
11664,1
11665,1
11666,1
11667,1
11668,1
11669,1
11670,1
11671,1
11672,1
11673,1
11674,1
11675,1
11676,1
11677,1
11678,1
11679,1
11680,1
11681,1
11682,1
11683,1
11684,1
11685,1
11686,1
11687,0
11688,0
11689,0
11690,1
11691,1
11692,1
11693,1
11694,1
11695,1
11697,1
11703,1
11704,1
11706,1
11707,1
11708,1
11709,0
11711,1
11713,0
11714,1
11715,0
11716,0
11717,0
11718,1
11719,1
11720,1
11721,1
11722,1
11723,0
11724,1
11725,1
11726,1
11727,1
11728,0
11729,1
11730,1
11731,1
11732,1
11733,1
11734,0
11735,0
11736,1
11737,1
11738,1
11739,0
11740,0
11741,1
11742,0
11743,1
11744,1
11746,1
11747,1
11748,1
11749,0
11750,1
11751,1
11752,1
11753,1
11754,1
11755,1
11756,1
11757,1
11758,1
11759,1
11760,0
11761,0
11762,1
11763,1
11764,1
11765,1
11766,1
11767,1
11768,1
11769,1
11770,1
11771,1
11772,1
11773,1
11774,1
11775,1
11776,1
11779,1
11780,0
11781,1
11782,1
11783,1
11784,1
11785,1
11786,1
11787,1
11788,1
11789,1
11790,1
11791,1
11792,0
11793,0
11794,1
11795,1
11796,1
11797,1
11798,1
11799,1
11800,1
11801,1
11802,1
11803,1
11804,1
11805,1
11806,1
11807,1
11808,0
11809,1
11810,0
11811,0
11812,0
11813,1
11814,1
11815,1
11816,1
11817,1
11826,1
11830,1
11831,1
11837,1
11845,1
11846,1
11855,1
11856,1
11857,0
11858,1
11862,1
11863,1
11864,1
11865,1
11866,1
11868,1
11869,1
11876,1
11877,1
11878,1
11879,1
11880,1
11881,1
11882,1
11883,0
11884,1
11885,1
11886,1
11887,1
11888,1
11889,1
11890,1
11891,1
11892,1
11893,1
11895,1
11896,1
11897,1
11898,1
11899,1
11900,1
11901,1
11902,1
11903,1
11904,1
11905,0
11906,1
11907,1
11908,1
11909,1
11910,1
11911,1
11912,1
11913,1
11914,1
11915,1
11916,1
11917,1
11918,1
11919,1
11920,1
11921,1
11922,1
11923,0
11924,0
11925,1
11926,1
11927,0
11928,1
11929,1
11930,1
11931,1
11933,1
11934,1
11935,1
11936,1
11937,1
11938,1
11939,1
11940,1
11941,1
11942,1
11943,1
11944,1
11945,1
11946,1
11947,1
11948,1
11949,1
11950,1
11951,1
11952,1
11953,1
11954,1
11955,1
11956,1
11957,1
11958,1
11959,1
11960,1
11961,1
11962,0
11963,1
11964,1
11965,1
11966,1
11967,1
11968,1
11969,1
11970,0
11971,0
11972,1
11973,1
11974,0
11975,0
11976,1
11977,1
11978,1
11979,1
11980,1
11981,1
11983,1
11984,1
11985,1
11986,0
11987,1
11988,1
11989,1
11990,1
11991,1
11992,1
11993,1
11994,1
11995,1
11996,0
11997,0
11998,1
11999,1
12000,0
12001,0
12002,1
12003,1
12004,1
12005,1
12006,1
12007,1
12008,1
12009,1
12010,1
12011,1
12012,1
12013,1
12014,1
12015,1
12016,1
12017,1
12018,1
12019,1
12020,1
12021,1
12022,1
12024,1
12025,1
12026,1
12028,1
12029,1
12030,1
12031,1
12032,1
12033,1
12034,1
12035,1
12036,0
12037,1
12038,1
12039,1
12040,0
12041,0
12042,0
12043,0
12044,1
12045,1
12046,1
12047,1
12048,1
12049,0
12050,1
12051,0
12052,1
12053,0
12054,0
12055,0
12056,1
12057,1
12058,1
12059,1
12060,1
12062,0
12063,1
12064,0
12065,0
12066,0
12067,1
12068,1
12069,0
12070,0
12071,1
12072,1
12073,0
12074,1
12075,1
12076,1
12078,1
12079,1
12080,0
12081,0
12082,0
12083,0
12084,0
12085,0
12086,1
12087,0
12088,1
12089,1
12090,1
12091,1
12092,0
12093,0
12094,1
12095,1
12096,1
12097,1
12098,1
12099,1
12100,1
12101,1
12102,1
12104,0
12108,1
12109,1
12110,1
12111,1
12112,1
12113,1
12114,0
12115,1
12116,1
12117,1
12118,0
12119,0
12120,1
12121,1
12122,1
12123,1
12124,1
12125,1
12126,1
12127,1
12128,1
12129,1
12130,1
12131,1
12132,1
12133,1
12134,1
12135,0
12136,0
12137,0
12138,0
12139,1
12140,1
12141,1
12142,0
12143,0
12144,1
12145,0
12146,0
12147,0
12148,0
12149,1
12150,1
12151,1
12152,1
12153,0
12154,1
12155,1
12157,0
12158,0
12159,1
12160,1
12161,1
12162,1
12163,1
12164,1
12166,1
12167,1
12168,1
12169,1
12170,1
12171,1
12172,1
12173,1
12174,0
12175,1
12176,1
12177,1
12178,1
12179,0
12180,1
12181,0
12182,1
12183,1
12184,1
12185,1
12186,1
12187,0
12188,0
12189,1
12190,0
12191,1
12192,1
12193,0
12194,1
12195,1
12196,1
12197,1
12198,1
12199,1
12200,1
12201,1
12202,1
12203,1
12204,1
12205,1
12206,1
12207,1
12208,1
12209,1
12210,1
12211,0
12212,0
12213,1
12214,1
12216,0
12217,1
12218,1
12219,1
12220,1
12221,1
12222,1
12223,1
12224,1
12225,1
12226,1
12228,1
12229,1
12230,1
12231,1
12232,1
12233,1
12234,1
12235,1
12236,0
12237,1
12238,1
12239,1
12240,1
12241,1
12242,1
12243,1
12244,1
12245,1
12246,1
12247,1
12248,1
12249,1
12250,1
12251,1
12252,1
12253,1
12254,1
12255,1
12256,1
12257,1
12258,1
12259,1
12260,1
12261,1
12262,1
12263,1
12264,1
12265,0
12266,1
12267,0
12268,1
12269,1
12270,1
12271,0
12272,0
12273,0
12274,0
12275,0
12276,1
12277,0
12280,1
12281,1
12282,1
12283,0
12284,1
12286,1
12287,1
12288,1
12289,1
12291,1
12292,1
12293,1
12295,1
12296,1
12299,1
12300,1
12301,1
12302,1
12303,1
12304,1
12305,1
12306,1
12307,1
12308,1
12309,1
12310,1
12311,1
12312,1
12313,1
12314,1
12315,1
12316,1
12317,1
12318,1
12319,1
12321,0
12322,1
12323,0
12324,1
12325,1
12326,1
12327,1
12328,1
12329,1
12330,1
12331,1
12332,1
12333,1
12334,1
12335,1
12336,1
12337,1
12338,1
12339,1
12340,1
12344,1
12345,1
12348,1
12350,1
12351,1
12352,1
12353,1
12354,1
12355,1
12356,1
12357,1
12358,1
12359,1
12360,1
12361,1
12362,1
12363,1
12364,1
12365,1
12366,0
12367,1
12368,0
12369,0
12370,0
12371,0
12372,1
12373,1
12375,1
12376,1
12378,1
12379,1
12380,1
12381,1
12382,1
12383,1
12384,1
12385,1
12386,1
12387,1
12388,1
12389,0
12390,1
12391,1
12392,1
12393,1
12394,1
12395,0
12396,1
12397,1
12398,1
12399,1
12400,1
12401,1
12402,1
12403,0
12404,0
12405,0
12406,0
12407,0
12408,1
12409,1
12410,1
12411,1
12412,1
12413,1
12414,1
12415,1
12416,1
12417,1
12418,1
12419,1
12420,1
12421,1
12422,1
12423,1
12424,1
12425,1
12426,1
12427,1
12428,1
12429,1
12430,1
12431,1
12432,1
12433,1
12434,1
12435,1
12436,0
12437,1
12438,1
12439,1
12440,1
12441,0
12442,0
12443,1
12444,1
12445,1
12447,0
12448,0
12449,1
12450,0
12451,1
12452,1
12453,1
12454,1
12455,1
12456,1
12457,0
12458,1
12459,0
12460,1
12461,1
12462,1
12463,1
12464,1
12465,1
12466,1
12467,1
12469,0
12470,1
12471,1
12472,1
12473,1
12474,0
12475,0
12476,1
12477,1
12478,0
12479,0
12480,0
12481,1
12482,1
12483,0
12484,1
12485,1
12486,1
12487,1
12488,1
12489,1
12490,1
12491,1
12492,1
12493,1
12494,1
12495,1
12496,1
12497,0
12498,0
12499,0
12500,1
12501,1
12502,1
12503,1
12504,1
12505,1
12506,1
12507,1
12508,1
12509,1
12510,1
12511,1
12512,1
12513,1
12515,0
12516,0
12517,0
12518,1
12519,1
12520,0
12521,0
12522,0
12523,1
12524,1
12525,1
12526,1
12527,1
12528,1
12529,1
12530,1
12531,1
12532,1
12533,1
12534,0
12535,1
12536,0
12537,1
12538,1
12539,1
12540,1
12541,1
12542,1
12543,1
12544,1
12545,1
12546,1
12547,1
12548,1
12549,1
12550,0
12551,1
12552,1
12553,1
12554,1
12555,0
12556,1
12557,1
12560,1
12563,1
12564,1
12565,1
12566,1
12567,0
12568,1
12569,1
12570,1
12571,1
12572,1
12573,0
12574,1
12575,0
12576,1
12577,0
12578,1
12579,0
12580,1
12581,1
12584,1
12585,1
12586,0
12587,1
12588,1
12589,1
12590,1
12591,1
12592,1
12593,1
12594,1
12595,1
12596,1
12597,1
12598,1
12599,1
12600,1
12601,1
12602,0
12603,1
12604,1
12605,1
12606,1
12607,1
12608,0
12609,0
12610,0
12611,1
12612,1
12613,1
12614,1
12615,1
12616,1
12617,1
12618,1
12619,1
12620,1
12621,1
12622,1
12623,1
12624,1
12625,1
12626,1
12627,1
12628,1
12629,1
12630,1
12631,1
12632,1
12633,1
12634,1
12635,1
12636,1
12637,1
12638,1
12639,1
12640,1
12641,1
12642,1
12643,1
12644,1
12645,1
12646,1
12647,1
12648,1
12649,1
12650,1
12651,1
12652,1
12653,1
12654,1
12655,1
12656,1
12657,0
12658,0
12659,1
12660,1
12661,1
12662,1
12663,1
12664,1
12665,1
12666,1
12667,0
12668,0
12670,1
12671,1
12672,0
12673,1
12674,1
12675,1
12676,1
12677,1
12678,0
12679,1
12680,1
12681,1
12682,1
12683,1
12684,1
12685,1
12686,1
12687,1
12689,1
12690,1
12691,1
12692,1
12693,1
12694,1
12695,1
12696,1
12697,1
12698,1
12699,1
12700,1
12701,1
12702,1
12703,1
12704,1
12705,1
12706,1
12707,0
12708,0
12709,0
12710,0
12711,0
12712,1
12713,1
12714,1
12715,1
12716,1
12717,1
12718,0
12719,0
12720,0
12721,1
12722,1
12723,1
12724,1
12725,1
12726,1
12727,1
12728,1
12729,1
12730,1
12731,1
12732,1
12733,1
12734,0
12735,1
12736,1
12737,1
12738,1
12739,1
12740,1
12742,1
12743,1
12744,0
12745,0
12746,1
12747,1
12748,1
12749,1
12750,1
12751,1
12752,1
12753,1
12754,1
12755,1
12757,0
12758,0
12759,1
12760,1
12761,1
12762,1
12763,1
12765,1
12766,0
12767,0
12768,1
12769,1
12770,1
12771,0
12772,0
12773,1
12774,1
12775,1
12776,1
12777,1
12778,1
12779,1
12780,1
12781,1
12782,1
12783,1
12784,1
12785,1
12786,1
12787,1
12788,1
12789,1
12790,1
12791,1
12792,1
12793,1
12794,1
12795,1
12796,0
12797,1
12798,1
12799,1
12800,1
12801,1
12802,1
12803,1
12804,1
12805,1
12806,1
12807,1
12808,1
12809,1
12810,0
12811,1
12812,0
12813,0
12814,1
12815,1
12816,1
12817,1
12818,1
12819,1
12820,1
12821,1
12822,1
12823,1
12824,1
12825,1
12826,1
12827,1
12828,1
12829,1
12830,1
12831,1
12832,1
12833,1
12834,1
12835,1
12836,1
12837,1
12838,1
12840,1
12841,1
12842,1
12843,1
12844,1
12845,1
12846,1
12847,1
12848,0
12849,1
12850,1
12851,1
12852,1
12853,0
12854,0
12855,1
12856,1
12857,1
12858,1
12859,1
12860,1
12861,1
12862,1
12863,1
12864,1
12865,1
12866,1
12867,1
12868,1
12869,1
12870,1
12871,1
12872,1
12873,1
12874,1
12875,1
12876,1
12877,1
12878,1
12879,1
12880,1
12881,1
12882,1
12883,1
12884,1
12885,1
12886,1
12887,1
12888,1
12889,1
12890,1
12891,1
12892,1
12893,1
12894,1
12895,1
12896,1
12897,1
12898,1
12899,0
12900,0
12901,1
12902,1
12903,1
12904,1
12905,1
12906,1
12907,1
12908,1
12909,1
12910,1
12911,1
12912,1
12913,1
12914,1
12915,1
12916,1
12917,1
12918,1
12919,0
12920,0
12921,0
12922,1
12923,0
12924,1
12925,1
12926,1
12927,0
12928,0
12929,1
12930,1
12931,1
12932,0
12933,0
12934,0
12935,0
12936,0
12937,0
12938,0
12939,0
12940,1
12941,1
12942,1
12943,1
12944,1
12945,1
12946,1
12947,1
12948,1
12949,1
12950,0
12951,0
12952,0
12953,1
12954,1
12955,1
12956,1
12957,1
12958,1
12959,1
12960,1
12961,1
12962,1
12963,1
12964,1
12965,1
12966,1
12967,1
12968,1
12969,1
12970,1
12971,1
12972,1
12973,1
12974,1
12975,1
12976,1
12977,1
12978,1
12979,1
12980,1
12981,1
12982,1
12983,1
12984,1
12985,1
12986,0
12987,1
12988,1
12989,0
12990,1
12991,1
12992,1
12993,1
12994,1
12995,1
12996,1
12997,1
12998,0
12999,0
13000,1
13002,1
13004,1
13005,1
13007,1
13009,0
13010,0
13011,1
13018,1
13019,1
13020,1
13021,1
13022,1
13023,1
13024,1
13029,1
13034,1
13035,1
13036,1
13039,1
13040,1
13041,1
13042,1
13044,1
13045,1
13046,1
13047,1
13049,1
13051,1
13052,1
13053,1
13054,1
13055,1
13056,1
13057,1
13058,1
13059,1
13062,1
13063,0
13065,1
13067,1
13068,1
13069,1
13072,1
13074,1
13075,1
13076,1
13078,1
13079,1
13081,1
13083,1
13086,1
13088,1
13089,1
13091,1
13092,1
13093,1
13094,1
13095,1
13096,1
13097,1
13098,1
13099,1
13100,1
13101,1
13102,1
13103,1
13104,1
13105,1
13106,1
13107,1
13108,1
13110,1
13111,1
13112,1
13113,1
13114,1
13115,1
13116,1
13117,1
13118,1
13119,1
13120,1
13121,0
13122,1
13124,1
13125,0
13126,1
13127,1
13128,1
13129,1
13130,1
13131,1
13132,1
13133,1
13134,1
13136,1
13137,1
13138,1
13139,1
13140,1
13141,1
13142,1
13143,1
13144,1
13146,1
13147,1
13148,1
13149,1
13150,1
13151,1
13152,1
13154,1
13155,1
13156,1
13159,1
13161,1
13163,1
13164,1
13165,1
13166,1
13167,1
13168,1
13169,1
13171,1
13172,1
13173,1
13174,1
13175,1
13176,1
13177,1
13178,1
13179,1
13180,1
13182,1
13184,1
13185,1
13186,1
13187,1
13188,1
13189,1
13190,1
13191,1
13192,1
13193,1
13194,1
13195,1
13196,1
13197,1
13198,1
13199,1
13200,1
13201,1
13203,1
13204,1
13205,1
13206,1
13207,1
13208,1
13209,1
13210,1
13212,1
13213,1
13215,1
13216,1
13217,1
13218,1
13219,1
13220,1
13221,1
13223,1
13224,1
13225,1
13226,1
13228,1
13229,1
13230,1
13231,1
13232,1
13234,1
13235,1
13236,1
13237,1
13238,1
13239,1
13240,1
13241,1
13242,1
13243,1
13244,1
13245,1
13247,1
13249,1
13250,1
13251,1
13252,1
13253,1
13254,1
13255,1
13256,1
13257,1
13258,1
13259,1
13260,1
13262,1
13264,1
13265,1
13266,1
13269,1
13271,1
13272,1
13273,1
13274,1
13279,1
13281,1
13282,1
13283,1
13284,1
13285,1
13286,1
13287,1
13288,0
13289,1
13290,1
13291,1
13292,1
13294,1
13295,1
13296,1
13297,1
13298,1
13299,1
13300,1
13301,1
13302,0
13303,1
13304,1
13305,1
13308,1
13310,1
13312,1
13316,1
13317,1
13318,1
13322,1
13323,1
13324,1
13326,1
13327,1
13328,1
13329,1
13330,1
13331,1
13332,1
13333,1
13334,1
13336,1
13338,1
13339,1
13342,1
13343,1
13344,1
13346,1
13348,1
13349,1
13351,1
13352,1
13353,1
13356,1
13357,1
13358,1
13359,1
13360,1
13361,1
13362,1
13363,1
13364,1
13365,1
13366,1
13367,1
13368,1
13369,1
13370,1
13371,1
13372,1
13373,0
13374,1
13375,1
13376,1
13377,1
13378,1
13380,1
13381,1
13382,1
13383,1
13384,1
13385,1
13386,1
13388,0
13389,1
13390,1
13391,1
13395,1
13396,1
13397,1
13398,1
13401,0
13402,0
13404,0
13408,0
13409,1
13410,1
13411,1
13412,1
13413,1
13414,1
13415,1
13416,1
13417,1
13418,1
13419,1
13420,0
13423,1
13424,1
13426,1
13427,0
13428,0
13429,1
13430,0
13431,1
13432,1
13435,1
13436,1
13437,1
13438,1
13439,1
13440,1
13441,1
13442,1
13443,1
13444,1
13448,1
13450,1
13451,1
13452,1
13457,0
13459,1
13460,1
13461,1
13462,1
13465,1
13466,1
13474,1
13475,1
13476,0
13478,1
13479,1
13480,1
13481,0
13482,0
13483,1
13485,1
13486,0
13487,1
13488,1
13489,1
13490,0
13491,0
13492,1
13493,1
13494,1
13495,1
13497,0
13498,1
13499,1
13500,0
13501,0
13502,0
13503,1
13504,1
13505,0
13506,0
13507,0
13508,1
13509,1
13510,1
13511,0
13512,1
13513,1
13514,0
13515,1
13516,0
13517,0
13518,1
13519,1
13520,1
13522,1
13523,1
13524,1
13525,0
13526,1
13527,1
13528,1
13529,0
13530,1
13531,1
13532,0
13535,1
13536,1
13537,1
13538,1
13539,1
13540,1
13542,1
13543,1
13544,1
13545,1
13546,0
13547,1
13548,0
13549,1
13550,1
13552,1
13553,1
13554,1
13555,1
13556,1
13557,1
13558,0
13559,1
13560,0
13561,0
13562,1
13563,1
13564,1
13566,1
13567,1
13568,0
13569,1
13570,1
13571,0
13577,1
13578,1
13579,1
13580,0
13581,1
13582,1
13583,1
13584,1
13585,1
13586,1
13587,1
13588,1
13590,1
13591,0
13592,1
13593,1
13594,1
13595,0
13596,1
13597,1
13598,0
13599,0
13600,0
13601,1
13602,1
13603,1
13604,0
13605,0
13606,1
13607,1
13608,1
13609,1
13610,1
13612,0
13613,0
13614,0
13615,0
13616,1
13618,1
13619,1
13620,1
13621,0
13622,1
13623,1
13624,0
13625,0
13626,0
13627,0
13628,0
13629,0
13630,0
13631,0
13632,0
13633,0
13634,0
13635,0
13636,0
13637,1
13638,0
13639,0
13640,1
13641,1
13643,1
13644,1
13645,1
13646,1
13647,1
13648,1
13650,1
13653,1
13654,1
13655,1
13658,0
13659,0
13660,0
13661,1
13662,1
13663,1
13664,0
13665,1
13666,1
13667,0
13668,1
13669,1
13670,1
13673,1
13677,1
13679,0
13680,1
13681,0
13683,0
13685,0
13686,1
13687,1
13689,1
13692,0
13693,0
13694,1
13695,1
13698,0
13700,1
13701,0
13702,1
13703,0
13709,0
13711,0
13712,0
13713,0
13719,0
13720,0
13721,0
13722,0
13724,0
13728,1
13729,1
13730,1
13735,0
13736,0
13739,0
13740,0
13742,1
13743,0
13744,0
13746,0
13747,0
13749,0
13751,1
13756,0
13757,0
13758,0
13759,0
13760,0
13761,0
13764,0
13766,0
13767,0
13773,0
13774,1
13775,1
13776,1
13777,0
13778,1
13779,1
13780,1
13781,0
13782,0
13783,1
13784,1
13785,1
13786,1
13787,1
13788,1
13789,1
13790,1
13791,1
13792,1
13793,1
13796,0
13798,1
13800,0
13803,1
13804,1
13805,1
13806,1
13807,0
13808,0
13809,0
13810,1
13811,1
13812,1
13813,1
13815,1
13816,1
13817,0
13818,1
13819,1
13820,1
13822,1
13823,0
13824,1
13825,1
13826,1
13827,0
13828,0
13830,1
13834,0
13835,0
13837,0
13838,0
13839,0
13841,0
13845,1
13846,1
13847,1
13848,1
13850,0
13851,1
13852,0
13853,0
13854,0
13855,0
13856,0
13857,0
13858,0
13859,0
13860,0
13861,1
13862,0
13863,0
13864,0
13865,1
13866,0
13867,0
13868,1
13869,0
13870,0
13871,1
13872,0
13873,0
13874,0
13875,0
13876,0
13877,1
13878,0
13879,0
13880,0
13881,0
13882,1
13883,1
13884,0
13885,1
13886,1
13887,1
13888,1
13889,0
13890,0
13891,0
13892,0
13893,1
13894,0
13895,0
13896,1
13897,0
13898,1
13899,1
13900,1
13901,0
13902,1
13903,1
13904,1
13905,1
13906,1
13907,1
13908,1
13909,1
13910,1
13911,1
13912,1
13913,1
13914,0
13915,1
13916,1
13917,1
13918,1
13919,1
13920,1
13921,1
13922,1
13923,1
13924,1
13925,0
13926,0
13927,1
13928,1
13929,0
13930,1
13931,0
13932,1
13933,1
13934,1
13935,1
13936,1
13937,1
13938,1
13939,1
13940,1
13941,1
13942,1
13943,1
13944,1
13945,1
13946,1
13947,1
13948,1
13949,1
13950,1
13951,0
13952,1
13953,0
13954,1
13961,1
13962,1
13965,1
13966,1
13967,1
13969,0
13972,0
13974,0
13976,1
13981,0
13983,1
13985,0
13986,0
13989,0
13991,0
13992,1
13998,1
14000,0
14001,0
14002,0
14003,0
14006,1
14008,1
14013,1
14015,1
14030,0
14032,0
14033,0
14035,0
14041,0
14042,0
14043,0
14044,1
14045,1
14046,1
14047,0
14048,1
14050,1
14051,0
14053,1
14055,1
14057,1
14061,1
14062,1
14063,0
14066,1
14069,1
14070,0
14071,1
14073,0
14078,1
14080,1
14082,0
14086,1
14089,1
14091,0
14092,0
14093,1
14094,1
14095,1
14097,0
14098,0
14100,0
14102,0
14106,0
14108,0
14110,1
14111,1
14112,1
14118,1
14123,1
14125,1
14126,1
14127,1
14128,1
14130,1
14131,1
14133,1
14136,1
14137,0
14138,1
14139,1
14140,1
14141,1
14145,0
14151,0
14153,0
14154,0
14156,0
14164,1
14166,0
14171,0
14173,0
14176,0
14179,1
14183,1
14186,1
14187,1
14188,1
14191,1
14195,1
14196,1
14197,1
14200,1
14201,1
14204,1
14211,1
14212,1
14213,1
14214,1
14217,1
14218,1
14221,1
14222,1
14223,1
14225,1
14226,1
14229,1
14230,1
14231,1
14232,1
14233,1
14235,1
14236,1
14244,1
14248,1
14251,1
14253,1
14255,1
14256,1
14259,1
14261,1
14262,1
14264,1
14266,0
14273,1
14277,1
14278,1
14281,1
14283,1
14287,1
14288,1
14295,1
14299,1
14300,1
14302,1
14303,1
14309,1
14310,1
14313,1
14323,1
14324,1
14325,0
14326,1
14328,1
14330,1
14331,1
14336,1
14340,1
14341,1
14345,0
14348,0
14349,0
14358,1
14359,1
14360,1
14361,1
14362,1
14364,1
14365,1
14367,1
14368,1
14369,1
14370,1
14371,1
14372,1
14373,1
14374,1
14375,1
14376,1
14377,1
14379,1
14381,1
14382,1
14384,1
14385,1
14386,1
14387,1
14388,1
14389,1
14395,1
14400,1
14401,0
14402,0
14403,0
14404,1
14406,1
14407,1
14408,1
14409,1
14410,1
14414,1
14415,0
14418,0
14420,1
14424,1
14425,1
14426,1
14428,1
14429,0
14433,1
14434,1
14435,1
14449,1
14450,0
14453,1
14454,1
14455,1
14457,1
14458,1
14459,1
14461,1
14464,1
14465,1
14468,0
14473,0
14482,1
14484,1
14485,1
14486,1
14487,1
14488,1
14490,1
14492,1
14493,1
14494,1
14495,1
14496,1
14498,1
14499,1
14500,1
14501,0
14502,1
14503,1
14505,1
14506,1
14508,1
14509,1
14510,1
14513,1
14514,1
14516,1
14517,0
14518,1
14519,1
14520,1
14522,1
14523,1
14525,1
14531,1
14533,1
14534,1
14537,1
14538,1
14540,1
14541,1
14542,1
14544,1
14545,0
14553,1
14555,1
14556,1
14557,1
14558,1
14561,0
14562,0
14564,1
14565,0
14567,1
14570,1
14571,1
14572,1
14573,0
14577,1
14579,0
14580,1
14581,1
14582,1
14583,1
14585,0
14586,1
14587,1
14588,0
14590,1
14592,1
14593,1
14594,1
14595,0
14596,0
14597,0
14598,0
14599,0
14600,0
14601,1
14603,1
14604,0
14605,0
14606,0
14608,1
14611,1
14615,0
14616,1
14619,0
14621,1
14622,1
14623,0
14624,0
14625,0
14630,0
14634,0
14637,0
14639,0
14641,1
14644,0
14647,0
14648,0
14649,0
14650,0
14655,1
14656,0
14657,1
14659,0
14660,0
14661,0
14663,1
14664,1
14665,1
14666,1
14667,1
14668,1
14669,1
14670,1
14671,1
14672,1
14673,1
14674,1
14675,1
14676,1
14677,1
14678,1
14679,1
14680,1
14681,1
14682,1
14683,1
14684,1
14685,1
14686,1
14687,1
14688,1
14689,1
14690,1
14691,1
14692,1
14693,1
14695,1
14696,1
14697,1
14699,1
14702,1
14703,1
14704,1
14705,1
14707,1
14708,1
14709,1
14710,1
14712,1
14714,1
14716,1
14720,1
14721,1
14722,1
14724,1
14725,1
14728,1
14729,1
14730,1
14732,1
14733,1
14734,1
14735,1
14736,1
14737,1
14738,1
14739,1
14740,1
14741,1
14742,1
14743,1
14744,1
14745,1
14746,1
14754,1
14755,1
14756,1
14762,1
14765,1
14766,1
14767,1
14775,1
14777,1
14781,1
14782,1
14783,1
14784,1
14786,1
14787,1
14788,1
14789,1
14791,1
14792,1
14793,1
14794,1
14795,1
14796,1
14797,1
14798,1
14800,1
14801,1
14802,1
14803,1
14804,1
14805,1
14806,1
14807,1
14808,1
14811,1
14812,1
14814,1
14815,1
14816,1
14817,1
14818,1
14819,1
14822,1
14826,1
14827,1
14830,1
14831,1
14832,1
14836,1
14838,1
14840,1
14844,1
14845,1
14847,1
14848,1
14849,1
14851,1
14855,1
14856,1
14857,1
14861,1
14863,1
14864,1
14866,1
14867,1
14869,1
14870,1
14871,1
14873,1
14875,1
14876,1
14878,1
14880,1
14881,1
14882,1
14883,1
14887,1
14890,1
14891,1
14892,1
14893,1
14895,1
14896,1
14897,1
14898,1
14902,1
14903,1
14904,1
14905,1
14906,1
14908,1
14909,1
14910,1
14912,1
14913,1
14917,1
14918,1
14919,1
14920,1
14921,1
14922,1
14925,1
14926,1
14927,1
14928,1
14929,1
14930,1
14931,1
14932,1
14933,1
14934,1
14935,1
14936,1
14938,1
14939,0
14941,1
14942,1
14946,0
14949,0
14950,1
14951,1
14952,1
14953,1
14955,1
14956,1
14957,1
14958,1
14962,1
14963,1
14964,1
14965,1
14966,1
14967,1
14968,1
14969,1
14970,1
14972,1
14973,1
14974,1
14975,1
14977,1
14978,1
14983,1
14984,1
14985,1
14986,1
14987,1
14988,1
14989,1
14990,1
14991,1
14995,1
14997,1
14999,1
15000,1
15001,1
15002,1
15003,1
15004,1
15005,1
15006,1
15007,1
15008,1
15009,1
15010,1
15016,1
15018,1
15021,0
15022,1
15023,1
15025,1
15028,1
15029,1
15030,1
15033,1
15034,1
15035,1
15036,1
15037,1
15038,1
15039,1
15040,1
15041,1
15042,1
15044,1
15045,1
15046,1
15047,1
15048,1
15049,1
15050,1
15051,1
15052,1
15054,1
15055,1
15058,1
15061,1
15062,1
15063,1
15067,1
15068,1
15069,1
15075,1
15076,1
15077,1
15078,1
15082,1
15084,1
15086,1
15087,1
15088,1
15091,1
15093,1
15094,1
15095,1
15096,1
15097,1
15098,1
15099,1
15100,1
15101,1
15102,1
15103,1
15105,1
15107,1
15110,1
15111,1
15112,1
15113,1
15114,1
15118,1
15121,1
15122,1
15123,1
15124,1
15125,1
15126,1
15127,1
15128,1
15129,0
15130,1
15132,1
15133,1
15134,1
15135,1
15136,1
15137,0
15138,1
15139,1
15140,1
15141,1
15142,1
15143,1
15145,1
15146,1
15147,1
15148,1
15149,1
15150,1
15151,1
15152,1
15153,1
15155,1
15156,1
15157,1
15158,1
15159,1
15161,1
15164,1
15165,1
15167,1
15168,1
15169,1
15171,1
15173,1
15174,1
15175,1
15177,1
15178,1
15179,1
15180,1
15181,1
15183,1
15184,1
15189,1
15191,1
15194,1
15196,1
15197,1
15199,1
15200,1
15201,1
15204,1
15207,1
15208,1
15209,1
15211,0
15212,1
15216,1
15217,1
15218,1
15219,1
15220,1
15221,1
15222,1
15223,1
15224,1
15225,1
15226,1
15228,1
15230,1
15231,1
15232,1
15233,1
15234,1
15235,1
15238,1
15239,1
15240,1
15241,0
15243,1
15245,0
15248,0
15251,1
15252,1
15253,1
15256,1
15257,1
15258,1
15259,1
15260,1
15264,1
15265,1
15266,1
15269,1
15271,1
15272,1
15273,1
15274,1
15275,1
15277,1
15280,1
15282,1
15283,1
15287,1
15289,1
15290,1
15291,1
15294,1
15296,1
15298,1
15299,1
15300,1
15302,1
15303,1
15305,0
15306,1
15307,1
15308,1
15309,1
15310,1
15311,1
15313,1
15314,1
15316,1
15317,1
15319,1
15320,1
15321,1
15322,1
15323,1
15331,1
15332,1
15333,1
15334,1
15336,0
15337,0
15338,0
15339,0
15340,0
15343,0
15344,0
15345,0
15346,0
15348,0
15349,0
15352,0
15353,0
15354,0
15355,0
15356,1
15357,1
15359,1
15362,0
15363,0
15364,0
15365,0
15366,1
15367,1
15368,0
15369,0
15371,0
15372,0
15373,0
15374,1
15375,0
15376,0
15377,1
15378,0
15379,0
15380,0
15381,0
15382,0
15383,1
15384,0
15385,0
15386,0
15387,0
15388,0
15389,0
15390,0
15391,0
15392,0
15393,0
15394,0
15395,0
15396,0
15397,0
15398,0
15399,0
15400,0
15401,0
15403,1
15407,0
15408,0
15410,0
15411,0
15412,0
15413,0
15414,0
15415,0
15416,0
15417,0
15418,0
15420,0
15421,0
15422,0
15423,0
15424,0
15425,0
15426,0
15427,0
15429,0
15430,0
15432,0
15433,0
15434,0
15436,0
15437,0
15438,0
15439,0
15440,0
15441,0
15442,0
15443,0
15445,0
15446,0
15447,0
15448,0
15449,0
15450,0
15451,0
15452,0
15453,0
15454,0
15455,0
15456,0
15457,0
15458,0
15459,0
15460,0
15461,0
15462,1
15463,0
15464,1
15466,0
15468,0
15469,0
15470,0
15471,0
15472,0
15473,0
15475,0
15476,0
15478,0
15479,0
15480,0
15481,0
15483,0
15484,0
15486,0
15490,0
15491,0
15492,0
15493,0
15495,0
15496,0
15501,0
15502,0
15503,0
15505,0
15507,0
15508,0
15511,0
15512,0
15513,0
15514,0
15515,0
15518,0
15519,0
15526,0
15528,0
15530,0
15531,0
15533,0
15534,0
15535,0
15537,0
15538,0
15539,0
15541,0
15542,1
15543,1
15544,1
15545,0
15546,0
15547,0
15548,1
15549,1
15551,1
15552,1
15553,0
15554,1
15555,0
15556,0
15561,1
15562,1
15564,1
15565,0
15566,0
15567,0
15569,0
15570,0
15571,1
15572,0
15573,1
15575,0
15576,0
15577,1
15578,0
15579,0
15580,0
15581,0
15582,0
15583,0
15585,0
15586,0
15587,0
15588,0
15589,0
15590,1
15591,0
15592,0
15593,0
15594,0
15595,0
15596,0
15597,0
15598,0
15599,0
15601,0
15602,0
15603,0
15605,0
15607,0
15608,0
15611,0
15613,0
15615,0
15617,0
15618,0
15619,0
15620,0
15621,0
15622,0
15623,0
15624,0
15625,0
15626,0
15627,0
15628,0
15630,0
15634,0
15635,0
15636,0
15638,0
15640,0
15641,0
15643,0
15647,0
15648,0
15649,0
15650,0
15653,0
15654,0
15656,0
15657,1
15662,0
15664,0
15665,0
15667,1
15668,1
15669,0
15670,0
15673,0
15674,1
15675,1
15677,1
15678,1
15679,1
15681,1
15682,1
15684,1
15685,1
15686,0
15692,1
15693,1
15695,0
15698,0
15700,1
15701,1
15702,1
15703,1
15705,1
15706,1
15708,1
15709,1
15711,1
15712,1
15713,1
15715,1
15716,1
15717,1
15719,1
15720,1
15721,1
15722,1
15723,1
15724,1
15725,1
15726,1
15729,1
15731,1
15732,1
15733,1
15734,1
15735,1
15737,1
15738,1
15739,1
15740,1
15741,1
15742,1
15743,1
15745,1
15746,1
15747,1
15748,1
15749,1
15751,1
15752,1
15753,1
15755,1
15756,1
15758,1
15759,1
15760,1
15761,1
15762,1
15764,1
15765,1
15766,1
15771,1
15772,1
15773,1
15774,1
15776,1
15781,1
15782,1
15784,1
15786,1
15787,1
15792,1
15793,1
15795,1
15796,1
15797,1
15798,1
15800,1
15801,1
15803,1
15805,1
15806,1
15807,1
15809,1
15810,1
15812,1
15813,1
15814,1
15815,1
15816,1
15819,1
15820,1
15821,1
15822,1
15823,1
15824,1
15825,1
15826,1
15830,1
15832,1
15833,1
15834,1
15835,1
15836,1
15837,1
15838,1
15839,1
15841,1
15842,1
15846,1
15848,1
15849,1
15850,1
15854,1
15857,1
15858,1
15859,1
15860,1
15861,1
15863,1
15864,1
15866,1
15867,1
15868,1
15870,1
15871,1
15876,1
15877,1
15878,1
15880,1
15884,1
15885,1
15886,1
15887,1
15888,1
15889,1
15890,1
15891,1
15893,1
15894,1
15897,1
15902,1
15903,1
15906,1
15907,1
15908,0
15909,1
15910,1
15913,1
15914,1
15916,1
15917,1
15918,1
15920,1
15921,1
15922,1
15923,1
15924,1
15927,1
15928,1
15929,1
15930,1
15931,1
15932,1
15933,1
15934,1
15935,1
15936,1
15937,1
15938,1
15939,1
15940,1
15941,1
15942,1
15943,1
15944,1
15947,1
15948,1
15950,1
15951,1
15953,1
15954,1
15955,1
15957,1
15958,1
15959,1
15960,1
15961,1
15962,1
15963,1
15964,1
15967,1
15968,1
15969,1
15970,1
15972,1
15973,0
15982,1
15984,0
15987,0
15992,1
15993,0
15994,0
15995,0
15996,1
15997,1
15998,1
15999,1
16009,0
16010,1
16014,1
16018,1
16021,0
16025,1
16026,1
16027,1
16028,1
16029,1
16030,1
16032,1
16033,0
16034,0
16035,1
16036,1
16037,1
16038,1
16039,1
16040,1
16042,1
16043,1
16044,0
16045,0
16049,0
16052,0
16054,1
16055,0
16058,1
16059,1
16060,1
16062,0
16063,0
16064,0
16065,1
16067,0
16071,0
16072,0
16075,0
16076,1
16077,1
16079,1
16083,1
16084,1
16085,1
16086,0
16087,0
16090,1
16092,1
16094,1
16095,1
16096,1
16097,1
16098,1
16100,1
16101,1
16102,1
16103,1
16104,1
16105,1
16108,1
16109,1
16111,1
16112,1
16113,1
16114,1
16116,1
16117,1
16118,1
16119,1
16120,0
16121,0
16122,0
16123,1
16124,1
16125,1
16126,1
16127,1
16128,1
16129,0
16130,0
16131,0
16132,0
16133,0
16134,0
16135,0
16136,0
16137,1
16139,1
16140,1
16141,1
16142,1
16143,1
16144,1
16145,1
16146,1
16147,0
16148,0
16149,1
16150,1
16151,0
16152,0
16153,0
16154,1
16155,1
16156,1
16157,1
16158,1
16159,1
16160,1
16161,1
16162,1
16164,1
16165,1
16166,0
16167,1
16168,1
16169,1
16170,0
16171,0
16172,0
16173,0
16174,0
16176,0
16177,0
16178,1
16179,0
16180,1
16181,0
16182,0
16183,1
16184,1
16185,1
16186,1
16187,1
16189,1
16190,1
16191,1
16192,1
16193,1
16194,1
16197,1
16198,1
16199,1
16200,1
16201,1
16202,1
16203,1
16204,1
16205,1
16206,1
16207,1
16208,1
16209,1
16212,1
16213,1
16214,1
16215,1
16216,1
16217,1
16218,1
16219,1
16220,1
16221,1
16222,1
16223,1
16224,1
16225,1
16226,1
16227,1
16228,1
16229,1
16230,1
16231,1
16232,1
16233,1
16234,1
16235,1
16236,1
16237,1
16238,1
16239,1
16240,1
16241,1
16242,1
16244,1
16246,1
16247,1
16248,1
16249,1
16251,1
16252,1
16253,1
16254,1
16255,1
16257,1
16258,1
16259,1
16260,1
16261,1
16262,1
16263,1
16264,1
16265,1
16266,1
16267,1
16268,1
16269,1
16270,1
16271,1
16272,1
16273,1
16274,1
16275,0
16276,1
16277,1
16278,1
16279,1
16280,1
16281,1
16282,1
16283,1
16284,1
16285,1
16286,1
16287,1
16288,1
16289,1
16290,1
16291,1
16292,1
16293,1
16294,1
16295,1
16296,1
16297,1
16298,1
16299,1
16301,1
16302,1
16303,1
16304,1
16305,1
16306,1
16307,1
16308,1
16309,1
16310,1
16311,1
16312,1
16313,1
16314,1
16315,1
16316,1
16317,1
16318,1
16319,1
16320,1
16321,1
16331,1
16335,1
16336,0
16345,1
16353,1
16354,1
16355,0
16356,1
16361,0
16366,1
16367,1
16368,1
16369,0
16370,0
16372,1
16384,1
16385,1
16386,1
16387,1
16388,1
16389,1
16390,1
16391,1
16392,1
16393,1
16394,1
16395,1
16396,1
16397,1
16398,1
16399,1
16400,1
16401,1
16402,1
16403,1
16404,1
16405,1
16406,1
16407,1
16408,1
16409,1
16410,0
16415,1
16418,0
16420,0
16422,0
16424,0
16426,0
16427,0
16428,0
16429,0
16430,0
16431,0
16432,0
16433,0
16434,0
16435,0
16436,0
16437,1
16438,1
16444,0
16453,0
16454,1
16455,0
16456,0
16457,0
16458,0
16459,1
16460,0
16461,0
16462,0
16464,0
16469,0
16470,0
16471,0
16473,0
16474,0
16475,0
16476,0
16477,0
16478,0
16479,1
16480,1
16481,1
16482,1
16484,1
16485,1
16486,1
16487,1
16488,1
16489,1
16490,0
16491,1
16492,1
16493,0
16494,1
16495,1
16497,1
16498,1
16499,0
16500,1
16501,0
16502,0
16503,0
16505,1
16506,1
16512,1
16515,1
16516,1
16517,1
16518,1
16519,1
16520,1
17900,0
17902,1
17903,1
17905,1
17906,1
17908,1
17910,1
18001,1
18005,1
18006,1
18008,1
18009,1
18010,1
18012,1
18015,1
18018,1
18021,0
18022,1
18024,0
18025,1
18026,0
18027,1
18028,1
18029,1
18030,1
18034,1
18037,1
18042,1
18044,1
18046,1
18047,1
18049,1
18050,1
18051,1
18052,1
18054,1
18055,1
18056,1
18057,1
18058,1
18059,1
18060,1
18061,1
18063,1
18064,1
18065,1
18066,1
18067,1
18068,1
18072,1
18075,1
18077,0
18078,1
18079,1
18080,1
18082,1
18086,0
18087,1
18092,1
18093,1
18094,1
18097,1
18101,1
18102,1
18103,1
18104,1
18105,1
18106,1
18107,1
18111,1
18112,1
18115,1
18116,1
18118,0
18119,0
18120,1
18124,1
18127,1
18132,1
18133,1
18135,1
18137,1
18142,1
18144,1
18145,1
18148,1
18149,1
18150,1
18151,1
18153,1
18154,1
18155,1
18156,1
18159,1
18161,1
18162,1
18163,1
18164,1
18165,1
18167,1
18168,1
18170,1
18175,1
18179,0
18183,1
18191,1
18192,0
18193,1
18194,1
18195,1
18196,1
18197,1
18198,1
18200,1
18201,1
18203,1
18204,0
18205,1
18211,1
18215,1
18225,1
18227,1
18228,0
18229,0
18232,1
18234,1
18240,1
18241,1
18242,1
18243,1
18253,1
18258,1
18259,1
18260,1
18261,1
18262,1
18263,0
18264,1
18265,1
18266,1
18267,1
18268,1
18269,1
18271,1
18272,1
18273,0
18274,1
18276,1
18278,1
18279,1
18280,1
18286,1
18288,1
18290,1
18301,1
18303,0
18305,1
18306,1
18307,1
18310,1
18313,1
18314,1
18316,1
18317,1
18318,1
18319,1
18324,1
18327,1
18328,1
18329,1
18331,1
18333,1
18334,1
18336,1
18338,1
18339,1
18343,1
18344,1
18348,1
18349,1
18350,1
18351,1
18352,1
18353,1
18356,1
18358,1
18360,1
18363,1
18364,1
18371,1
18372,1
18375,1
18377,1
18379,1
18380,1
18381,1
18383,1
18384,1
18386,1
18387,0
18389,1
18390,1
18391,1
18393,1
18394,1
18396,1
18397,1
18400,0
18403,0
18404,1
18406,1
18416,0
18417,1
18420,1
18423,1
18425,1
18427,1
18428,1
18431,1
18433,1
18434,1
18435,0
18437,0
18439,1
18440,1
18441,1
18442,1
18443,1
18446,1
18447,1
18448,1
18449,1
18450,1
18451,0
18452,0
18453,0
18454,0
18455,1
18456,1
18457,1
18458,0
18459,0
18460,0
18461,0
18462,0
18464,1
18465,1
18467,1
18469,1
18470,1
18474,0
18475,0
18476,0
18477,1
18478,1
18479,1
18484,1
18500,0
18503,1
18504,1
18505,1
18506,1
18507,1
18508,1
18509,1
18510,1
18511,0
18512,0
18513,0
18514,0
18515,1
18516,1
18517,1
18518,0
18519,1
18520,1
18529,0
18530,1
18532,1
18533,1
18534,1
18535,1
18537,1
18538,1
18539,1
18540,1
18541,1
18544,1
18545,1
18548,1
18549,1
18550,1
18552,1
18553,1
18554,1
18556,1
18557,1
18559,1
18560,1
18561,1
18562,1
18563,1
18565,1
18566,1
18567,1
18568,1
18569,1
18570,1
18571,1
18572,1
18573,1
18575,1
18576,1
18577,1
18578,1
18579,1
18580,1
18581,1
18582,1
18583,1
18584,1
18585,1
18586,1
18588,1
18590,1
18591,1
18594,1
18595,1
18596,1
18597,1
18598,1
18599,1
18600,1
18601,1
18602,1
18604,1
18605,1
18608,1
18610,1
18611,1
18612,1
18613,1
18614,1
18615,1
18616,1
18618,0
18619,1
18620,1
18621,1
18622,1
18623,1
18624,1
18625,1
18626,1
18628,1
19116,1
19119,1
19120,1
19121,0
19122,0
19124,1
19125,0
19127,0
19130,0
19131,0
19132,1
19134,1
19136,1
19138,1
19139,1
19142,1
19143,0
19144,1
19147,0
19148,0
19149,0
19150,0
19151,1
19152,1
19153,1
19154,0
19155,0
19156,1
19157,1
19158,1
19163,1
19164,1
19165,1
19166,1
19167,1
19168,1
19170,1
19175,1
19179,1
19180,1
19182,1
19183,1
19184,1
19186,1
19189,1
19190,1
19191,1
19193,0
19196,1
19198,1
19199,1
19204,1
19205,1
19206,1
19207,1
19208,1
19210,0
19212,0
19215,1
19216,1
19217,1
19218,0
19219,0
19220,1
19221,1
19222,1
19223,1
19224,1
19226,1
19227,1
19228,1
19229,1
19230,1
19232,1
19233,1
19234,1
19235,1
19236,0
19237,0
19238,0
19239,0
19240,0
19241,0
19242,0
19243,1
19244,1
19245,1
19246,1
19247,1
19248,1
19249,1
19250,1
19251,1
19252,1
19253,1
19254,0
19255,0
19256,0
19257,0
19258,1
19259,1
19260,1
19261,1
19262,1
19263,1
19264,1
19265,1
19266,1
19267,1
19268,1
19269,1
19270,1
19271,1
19272,1
19273,1
19274,1
19275,1
19276,0
19277,1
19278,1
19280,1
19281,1
19282,0
19283,1
19284,1
19285,1
19286,1
19287,1
19288,1
19289,1
19290,1
19291,1
19292,1
19293,1
19294,1
19295,1
19296,1
19297,1
19298,1
19299,1
19301,1
19302,1
19303,1
19304,1
19305,1
19306,1
19307,1
19308,1
19310,1
19312,0
19313,0
19315,0
19317,0
19318,1
19319,1
19320,1
19321,1
19322,1
19323,1
19324,0
19325,1
19327,0
19330,1
19331,1
19332,1
19333,0
19340,1
19341,1
19342,1
19345,0
19346,0
19347,0
19348,0
19349,1
19350,1
19351,1
19352,1
19353,1
19354,1
19355,1
19356,1
19357,1
19358,1
19359,1
19360,1
19361,1
19362,1
19363,1
19364,1
19365,1
19366,1
19367,1
19368,1
19369,1
19370,1
19373,1
19375,1
19377,1
19378,1
19379,1
19380,1
19381,1
19382,1
19383,1
19385,1
19387,1
19395,1
19397,1
19398,0
19399,1
19401,1
19402,1
19403,1
19404,0
19405,1
19406,1
19407,1
19408,1
19412,1
19413,1
19414,1
19416,1
19417,1
19418,1
19419,1
19420,1
19422,1
19423,1
19425,1
19427,1
19428,1
19429,1
19430,1
19431,1
19432,1
19433,1
19434,1
19436,1
19437,1
19438,1
19439,1
19440,1
19441,1
19442,1
19443,1
19444,1
19447,1
19450,1
19452,1
19453,1
19455,1
19456,1
19457,1
19459,1
19460,1
19462,1
19463,1
19466,1
19468,1
19473,1
19474,1
19475,1
19476,1
19477,1
19478,1
19479,1
19480,1
19482,1
19485,1
19486,1
19487,1
19488,1
19489,1
19491,0
19492,1
19493,1
19494,1
19495,1
19496,1
19497,1
19498,1
19499,1
19500,1
19501,1
19504,1
19505,1
19506,0
19507,1
19508,1
19510,1
19511,1
19512,0
19513,1
19516,1
19517,1
19518,1
19519,1
19520,1
19521,1
19522,1
19523,1
19524,1
19525,1
19527,1
19528,1
19529,1
19530,1
19531,1
19532,1
19533,1
19535,1
19536,1
19538,1
19539,1
19540,1
19542,1
19544,1
19545,1
19546,0
19547,1
19548,1
19549,1
19550,1
19551,1
19552,1
19553,1
19555,1
19556,1
19557,1
19558,1
19559,1
19561,1
19563,1
19564,1
19565,1
19566,1
19567,1
19569,1
19570,1
19571,1
19572,1
19577,1
19578,1
19579,1
19580,1
19581,1
19582,1
19585,1
19586,1
19587,0
19588,1
19589,1
19590,0
19591,1
19592,1
19593,1
19594,1
19595,1
19596,1
19597,1
19598,1
19599,1
19600,1
19601,1
19602,1
19603,1
19604,1
19605,1
19606,1
19607,1
19608,1
19609,1
19610,1
19611,1
19612,1
19613,1
19614,1
19615,1
19616,1
19617,1
19618,1
19619,1
19620,1
19621,1
19622,1
19623,1
19624,1
19625,1
19626,1
19627,1
19628,1
19629,1
19630,1
19631,1
19632,1
19633,1
19634,1
19635,0
19636,0
19637,1
19638,1
19639,1
19640,1
19641,1
19642,1
19643,1
19644,1
19645,1
19646,1
19647,1
19648,1
19649,1
19650,1
19651,1
19652,1
19653,1
19654,1
19655,1
19656,1
19657,1
19660,1
19663,0
19667,1
19670,0
19671,0
19672,0
19673,0
19674,0
19675,1
19676,1
19677,1
19678,1
19679,1
19680,1
19681,1
19682,1
19683,1
19684,1
19685,1
19686,1
19687,1
19688,1
19689,1
19690,1
19691,0
19692,0
19693,1
19694,1
19696,0
19697,0
19698,1
19699,1
19700,1
19701,1
19702,1
19703,1
19704,0
19705,1
19706,1
19707,1
19708,1
19709,1
19710,0
19711,1
19712,1
19713,1
19714,1
19715,1
19716,0
19717,1
19718,1
19719,1
19720,1
19721,1
19722,1
19723,1
19724,1
19725,1
19726,1
19727,1
19728,1
19729,1
19730,1
19731,1
19732,1
19733,1
19735,1
19736,1
19739,1
19740,1
19741,1
19742,1
19748,0
19749,1
19750,1
19751,1
19752,1
19753,1
19754,1
19755,1
19757,0
19759,1
19760,1
19762,1
19763,1
19765,0
19787,0
19788,1
19789,1
19790,1
19793,1
19794,1
19795,1
19796,1
19797,1
19798,1
19799,1
19800,1
19801,1
19807,1
19810,1
19812,1
19814,1
19815,1
19816,1
19817,1
19818,1
19819,1
19822,0
19823,0
19824,0
19827,0
19828,0
19829,1
19831,0
19833,0
19835,1
19837,1
19840,1
19841,1
19843,0
19844,0
19847,1
19848,1
19849,1
19850,1
19851,1
19852,1
19853,1
19854,1
19855,1
19856,0
19857,1
19858,1
19859,1
19860,0
19861,1
19862,1
19863,1
19864,1
19865,0
19866,1
19867,0
19868,1
19869,1
19870,0
19871,0
19872,0
19873,1
19874,1
19875,1
19876,0
19877,0
19878,0
19879,0
19880,0
19886,1
19887,1
19888,1
19889,1
19892,0
19893,1
19894,1
19895,1
19896,1
19897,1
19898,1
19899,1
19900,1
19901,1
19903,1
19904,1
19905,0
19906,0
19907,1
19908,1
19909,1
19911,1
19912,0
19919,1
19924,1
19926,1
19929,1
19930,1
19935,1
19942,1
19945,0
19946,0
19947,1
19948,0
19949,0
19950,1
19951,0
19952,0
19953,1
19954,1
19955,1
19956,1
19957,1
19958,1
19959,1
19960,1
19961,1
19962,1
19963,1
19964,1
19965,1
19966,1
19967,1
19968,1
19969,1
19970,1
19971,1
19972,1
19973,1
19974,0
19975,0
19976,1
19977,1
19978,1
19979,1
19980,1
19981,1
19982,1
19983,1
19984,1
19985,1
19986,1
19987,1
19988,1
19990,1
19991,1
19992,1
19993,1
19994,1
19995,1
19996,1
19997,1
19998,1
19999,0
20000,1
20001,1
20002,1
20003,1
20004,1
20005,1
20009,1
20010,1
20013,1
20017,1
20021,1
20022,1
20023,1
20024,1
20026,1
20027,1
20028,1
20029,1
20033,1
20034,1
20036,1
20037,1
20041,1
20042,1
20043,1
20046,1
20047,1
20048,1
20050,1
20051,1
20052,1
20053,1
20054,1
20055,0
20056,1
20057,1
20058,1
20059,1
20060,1
20061,1
20062,1
20064,1
20065,1
20066,1
20067,1
20068,0
20075,1
20077,1
20078,1
20079,1
20080,1
20081,1
20082,1
20084,1
20085,1
20086,1
20087,1
20089,1
20090,1
20091,1
20092,1
20093,1
20094,1
20095,1
20096,1
20097,1
20099,1
20100,1
20102,1
20103,1
20104,1
20105,1
20107,1
20109,1
20110,1
20111,1
20112,0
20113,1
20116,1
20118,0
20120,1
20121,1
20122,1
20130,1
20133,1
20134,0
20137,1
20138,1
20139,1
20141,1
20142,1
20145,1
20146,1
20147,1
20148,1
20150,1
20152,1
20153,1
20154,1
20155,1
20160,1
20162,1
20163,1
20164,1
20165,1
20167,0
20168,1
20170,1
20171,1
20172,1
20173,1
20176,1
20179,1
20180,1
20181,1
20182,1
20183,1
20184,1
20185,1
20186,1
20187,1
20188,1
20189,0
20190,1
20193,1
20194,1
20195,1
20196,1
20197,0
20198,1
20199,1
20200,1
20201,1
20202,1
20203,1
20204,1
20205,1
20206,1
20207,1
20208,1
20211,1
20212,1
20213,1
20214,1
20215,1
20216,1
20217,1
20218,1
20219,1
20220,1
20221,1
20222,1
20223,1
20224,1
20225,1
20226,1
20227,1
20228,1
20229,1
20230,1
20231,1
20232,1
20233,1
20234,1
20235,1
20236,1
20237,1
20242,1
20243,1
20244,1
20245,1
20246,1
20247,1
20248,1
20249,1
20256,1
20265,1
20266,1
20269,1
20270,1
20271,1
20272,1
20273,1
20274,1
20275,1
20276,1
20277,1
20278,1
20280,1
20281,0
20282,0
20283,1
20284,1
20286,1
20287,1
20288,1
20289,1
20290,1
20292,1
20293,1
20296,1
20297,1
20298,1
20299,1
20300,1
20301,1
20302,1
20303,1
20304,1
20305,1
20306,1
20307,1
20308,1
20309,1
20310,1
20311,1
20312,1
20313,1
20314,1
20316,1
20317,1
20319,1
20320,1
20323,1
20324,1
20326,0
20327,1
20328,1
20329,1
20330,1
20331,1
20332,0
20333,0
20334,0
20335,1
20336,0
20337,1
20340,1
20342,1
20343,1
20344,1
20345,1
20346,1
20347,1
20348,1
20349,1
20350,1
20351,1
20353,1
20354,1
20356,1
20358,1
20359,1
20361,1
20364,1
20365,1
20369,1
20370,1
20371,1
20373,1
20374,1
20377,0
20378,1
20379,1
20380,1
20381,1
20382,1
20386,1
20388,1
20389,1
20390,1
20396,1
20413,1
20418,1
20419,1
20430,1
20432,1
20433,1
20434,1
20435,1
20438,1
20441,1
20443,1
20444,1
20445,1
20446,1
20447,1
20448,1
20449,1
20450,1
20452,1
20453,1
20454,1
20455,1
20456,1
20457,1
20458,1
20459,1
20461,1
20462,1
20463,1
20464,1
20465,1
20466,1
20467,1
20468,1
20469,1
20470,1
20471,1
20472,1
20473,1
20474,1
20475,1
20476,1
20477,0
20478,1
20482,1
20483,1
20487,1
20492,1
20495,1
20496,1
20503,1
20506,1
20518,1
20521,1
20532,1
20538,1
20544,1
20550,1
20551,1
20557,1
20563,1
20572,1
20574,1
20581,1
20593,1
20595,1
20597,1
20607,1
20610,1
20611,1
20622,1
20633,1
20634,1
20635,1
20636,1
20637,1
20638,1
20639,1
20640,1
20641,1
20642,1
20643,1
20644,1
20645,1
20646,1
20647,1
20648,1
20649,1
20650,0
20651,1
20652,1
20653,1
20654,1
20655,1
20656,0
20657,1
20658,1
20659,0
20660,0
20661,1
20662,1
20663,1
20664,1
20665,1
20666,1
20667,1
20668,1
20669,1
20670,1
20671,1
20672,1
20673,1
20674,1
20675,1
20676,1
20678,0
20679,0
20680,0
20681,1
20682,1
20683,1
20684,0
20685,0
20686,1
20687,1
20688,1
20689,0
20690,1
20691,1
20692,0
20693,0
20694,0
20695,0
20696,1
20697,1
20698,1
20699,1
20700,1
20721,1
20722,1
20725,1
20726,1
20727,1
20728,1
20729,1
20730,1
20731,1
20732,1
20733,1
20734,1
20735,1
20736,1
20737,1
20738,1
20739,1
20740,1
20741,1
20742,1
20743,1
20744,1
20745,1
20746,0
20747,0
20748,1
20749,1
20750,1
20751,1
20752,1
20753,1
20754,1
20755,1
20756,1
20757,0
20759,0
20760,0
20761,1
20762,1
20763,0
20764,0
20765,1
20766,1
20767,1
20768,1
20769,1
20770,1
20771,1
20772,1
20773,1
20774,1
20775,1
20776,1
20777,1
20778,1
20779,1
20780,1
20781,1
20782,1
20783,1
20784,1
20785,1
20786,1
20787,1
20788,1
20789,1
20791,1
20792,1
20794,1
20798,1
20799,0
20800,0
20801,1
20803,1
20804,1
20805,1
20806,0
20807,0
20808,0
20809,1
20813,0
20816,0
20818,1
20822,1
20825,1
20826,1
20830,1
20831,1
20832,1
20833,1
20834,1
20902,1
21000,1
21001,1
21002,1
21004,1
21005,1
21011,1
21015,1
21022,1
21023,1
21024,1
21025,1
21028,1
21030,1
21031,1
21032,1
21033,1
21035,1
21038,1
21039,1
21040,1
21041,1
21042,1
21043,1
21044,1
21068,1
21075,1
21076,1
21077,1
21078,1
21080,1
21089,1
21090,1
21092,1
21093,1
21095,1
21096,1
21100,1
21104,1
21107,1
21108,1
21109,0
21118,1
21119,1
21120,1
21123,1
21125,1
21126,1
21127,1
21132,1
21133,1
21134,1
21136,1
21137,1
21139,1
21140,1
21141,1
21150,1
21155,1
21161,1
21163,1
21165,1
21173,1
21179,1
21181,1
21182,1
21188,1
21189,1
21190,1
21194,1
21195,1
21196,1
21197,1
21199,1
21206,1
21209,1
21215,1
21216,1
21218,1
21219,1
21220,1
21221,1
21223,1
21226,1
21227,1
21228,1
21229,1
21230,1
21231,1
21232,1
21234,1
21235,1
21237,1
21238,1
21241,1
21242,1
21243,1
21244,1
21254,1
21256,1
21257,1
21258,1
21263,1
21264,1
21265,1
21270,1
21273,1
21274,1
21275,1
21277,1
21280,1
21281,1
21282,1
21284,1
21285,1
21286,1
21287,1
21289,1
21301,1
21303,1
21305,1
21307,1
21311,1
21313,1
21315,1
21316,1
21317,1
21318,1
21319,1
21320,1
21321,1
21324,1
21328,1
21330,1
21337,1
21339,1
21342,1
21354,1
21356,1
21357,1
21358,0
21365,1
21366,1
21367,1
21368,1
21370,1
21371,1
21372,1
21373,1
21374,1
21376,1
21377,1
21378,1
21379,0
21382,1
21384,1
21385,1
21387,1
21388,1
21389,1
21390,1
21394,1
21397,1
21398,1
21399,1
21400,1
21401,1
21402,1
21406,1
21407,1
21413,1
21414,1
21415,1
21421,1
21422,1
21423,1
21425,0
21426,1
21427,1
21433,1
21434,1
21436,1
21437,1
21438,1
21445,1
21446,1
21448,1
21449,1
21450,1
21451,1
21452,1
21454,1
21455,1
21457,1
21460,1
21461,1
21465,0
21466,1
21469,1
21470,1
21471,0
21472,1
21477,1
21479,0
21480,0
21481,1
21482,1
21483,1
21484,1
21486,1
21487,1
21490,1
21491,1
21496,1
21497,1
21498,1
21499,1
21500,1
21502,1
21503,1
21513,1
21516,1
21518,1
21520,1
21521,1
21525,1
21530,1
21531,1
21532,1
21533,1
21534,1
21538,1
21540,1
21541,1
21543,1
21544,1
21546,1
21547,1
21551,1
21553,1
21554,1
21558,1
21560,1
21562,1
21564,1
21565,1
21566,1
21567,1
21568,1
21569,1
21571,1
21572,1
21574,1
21577,1
21584,1
21586,1
21587,1
21588,1
21590,1
21592,1
21595,1
21597,1
21602,1
21609,1
21613,1
21614,1
21615,1
21616,1
21617,1
21618,1
21625,1
21626,1
21627,1
21628,1
21631,1
21632,0
21633,1
21635,1
21639,0
21644,1
21654,1
21655,1
21660,1
21665,1
21666,1
21669,1
21672,1
21675,1
21684,1
21698,1
21699,1
21700,1
21701,1
21702,1
21703,1
21705,1
21711,1
21712,1
21714,1
21715,1
21716,1
21717,1
21718,1
21721,1
21728,1
21729,1
21730,1
21732,1
21734,1
21747,1
21748,1
21750,1
21756,1
21759,0
21761,1
21764,1
21770,1
21815,1
21817,1
21827,1
21828,1
21829,1
21830,1
21831,1
22028,1
22273,1
22276,1
22277,1
22279,1
22282,1
22555,1
22556,1
22557,1
22919,1
22920,1
22921,1
22922,1
22926,1
22930,1
22932,1
22934,1
22935,1
22936,1
22939,1
22942,1
22951,1
22955,1
22970,1
22972,1
22974,1
22975,1
22980,1
22983,1
22984,1
22985,1
22986,1
22988,1
22989,1
22990,1
22998,1
22999,1
23000,1
23009,1
23012,1
23013,1
23014,1
23016,1
23017,1
23018,1
23019,1
23020,1
23021,1
23023,1
23025,1
23026,1
23034,1
23038,1
23039,1
23051,1
23053,1
23055,1
23058,1
23060,1
23062,1
23064,1
23074,1
23081,0
24068,1
24090,1
25069,1
25070,1
25071,1
25075,1
25077,1
25114,1
25141,1
25145,1
25146,1
25200,1
25201,1
25202,1
25203,1
25204,1
25205,1
25206,1
25208,1
25209,1
25210,1
25211,1
25214,1
25215,1
25216,1
25217,1
25218,1
25222,1
25223,1
25224,1
25225,1
25226,1
25227,1
25228,1
25233,1
25236,1
25237,1
25244,1
25245,1
25246,1
25247,1
25248,1
25249,1
25250,1
25251,1
25252,1
25253,1
25254,1
25256,1
25257,1
25258,1
25260,1
25261,1
25262,1
25263,1
25264,1
25265,1
25267,1
25271,1
25272,1
25273,1
25274,1
25276,1
25277,1
25278,1
25279,1
25280,1
25281,1
25282,1
25284,1
25287,1
25288,1
25291,1
25296,1
25301,1
25302,1
25303,1
25308,1
25318,1
25320,1
25324,1
25329,1
25333,1
25334,1
25335,1
25336,1
25337,1
25338,1
25340,1
25346,1
25349,1
25354,1
25358,1
25360,1
25364,1
25365,1
25366,1
25372,1
25373,1
25374,1
25376,1
25380,1
25381,1
25383,1
25384,1
25385,1
25387,1
25390,1
25392,1
25393,1
25394,1
25402,1
25403,1
25405,1
25407,1
25409,1
25414,1
25420,1
25423,1
25424,1
25425,1
25426,1
25427,1
25428,1
25429,1
25430,1
25437,1
25439,1
25440,1
25441,1
25454,1
25476,1
25477,1
25478,1
25485,1
25486,1
25508,1
25512,1
25514,1
25524,1
25525,1
25527,1
25543,1
25552,1
25554,1
25556,1
25557,1
25564,1
25565,1
25566,1
25575,1
25578,1
25579,1
25582,1
25584,1
25586,1
25587,1
25590,1
25591,1
25592,1
25604,1
25607,1
25608,1
25609,1
25612,1
25614,1
25615,1
25617,1
25618,1
25619,1
25621,1
25622,1
25624,1
25625,1
25629,1
25631,1
25632,1
25634,1
25636,1
25637,1
25638,1
25639,1
25640,1
25641,1
25642,1
25643,1
25644,1
25645,1
25655,1
25660,1
25661,1
25662,1
25663,1
25668,1
25669,1
25670,1
25671,1
25673,1
25674,1
25675,1
25677,1
25678,1
25682,1
25683,1
25693,1
25695,1
25702,1
25720,1
25721,1
25722,1
25732,1
25735,1
25740,1
25742,1
25743,1
25744,1
25746,1
25747,1
25749,1
25750,1
25761,1
25764,1
25767,0
25774,1
25778,1
25785,1
25786,1
25787,1
25794,1
25800,1
25801,1
25803,1
25805,1
25809,1
25811,1
25812,1
25813,1
25818,1
25819,1
25820,1
25821,1
25823,1
25830,1
25831,1
25832,1
25833,1
25835,1
25836,1
25839,1
25840,1
25841,1
25844,1
25847,1
25848,1
25851,1
25852,1
25867,1
25868,1
25869,1
25870,1
25872,1
25875,1
25876,1
25877,1
25878,1
25882,1
25883,1
25886,1
25887,1
25888,1
25890,1
25893,1
25894,1
25896,1
25897,1
25898,1
25899,1
25900,1
25902,1
25903,1
25913,1
25914,1
25937,1
25938,1
25939,1
25942,1
25943,1
25948,1
25949,1
25950,1
25951,1
25952,1
25953,1
25954,1
25955,1
25956,1
25957,1
25958,1
25959,1
25960,1
25961,1
25962,1
25963,1
25964,1
25970,1
25971,1
25972,1
25973,1
25974,1
25978,1
25988,1
25989,1
25990,1
25992,1
25993,1
25995,1
26004,1
26005,1
26009,1
26014,1
26018,1
26019,1
26020,1
26022,1
26024,1
26025,1
26026,1
26027,1
26028,1
26029,1
26030,1
26031,1
26035,1
26042,1
26051,1
26052,1
26053,1
26054,1
26055,1
26056,1
26063,1
26064,1
26066,1
26070,1
26071,1
26072,1
26073,1
26074,1
26075,1
26078,1
26080,1
26084,1
26087,1
26089,1
26091,1
26092,1
26093,1
26094,1
26096,1
26097,1
26098,1
26099,1
26100,1
26107,1
26110,1
26111,1
26112,1
26117,1
26119,1
26120,1
26121,1
26123,1
26127,1
26129,1
26130,1
26131,1
26133,1
26135,1
26136,1
26137,1
26138,1
26140,1
26142,1
26143,1
26144,1
26145,1
26146,1
26147,1
26148,1
26149,1
26150,1
26151,1
26154,1
26156,1
26158,1
26159,1
26162,1
26165,1
26166,1
26167,1
26168,1
26171,1
26172,1
26174,1
26175,1
26178,1
26180,1
26181,1
26182,1
26183,1
26184,1
26185,1
26186,1
26187,1
26188,1
26189,1
26190,1
26191,1
26192,1
26193,1
26195,1
26196,1
26197,1
26198,1
26199,1
26200,1
26201,1
26202,1
26203,1
26205,1
26206,1
26207,1
26208,1
26209,1
26210,1
26213,1
26221,1
26222,1
26223,1
26227,1
26228,1
26229,1
26230,1
26234,1
26235,1
26236,1
26237,1
26239,1
26240,1
26241,1
26248,1
26249,1
26250,1
26255,1
26257,1
26258,1
26259,1
26260,1
26264,1
26269,1
26271,1
26272,1
26273,1
26274,1
26275,1
26276,1
26277,1
26278,1
26283,1
26284,1
26286,1
26287,1
26289,1
26290,1
26294,1
26295,1
26296,1
26298,1
26302,1
26312,1
26313,1
26314,1
26315,1
26323,1
26326,1
26331,1
26332,1
26333,1
26339,1
26342,1
26352,1
26353,1
26355,1
26356,1
26369,1
26373,1
26374,1
26375,1
26379,1
26380,1
26381,1
26383,1
26388,1
26389,1
26390,1
26391,1
26394,1
26402,1
26410,1
26413,1
26414,1
26415,1
26416,1
26417,1
26418,1
26423,1
26424,1
26425,1
26426,1
26427,1
26428,1
26429,1
26430,1
26432,1
26434,1
26435,1
26436,1
26438,1
26445,1
26446,1
26448,1
26450,1
26451,1
26452,1
26454,0
26455,1
26456,1
26457,1
26459,1
26461,1
26462,1
26463,1
26464,1
26465,1
26466,1
26467,1
26468,1
26469,1
26472,1
26475,1
26476,1
26481,1
26484,1
26485,1
26486,1
26487,1
26488,1
26489,1
26490,1
26491,1
26492,1
26493,1
26499,1
26500,1
26501,1
26502,1
26504,1
26505,1
26506,1
26516,1
26518,1
26520,1
26524,1
26525,1
26536,1
26537,1
26538,1
26540,1
26544,1
26548,1
26550,1
26554,1
26555,1
26558,1
26564,1
26565,1
26566,1
26568,1
26569,1
26570,1
26571,1
26572,1
26573,1
26578,1
26579,1
26580,1
26581,1
26582,1
26583,1
26590,1
26591,1
26593,1
26595,1
26600,1
26601,1
26603,1
26605,1
26615,1
26618,1
26619,1
26620,1
26621,1
26623,1
26627,1
26628,1
26629,1
26630,1
26631,1
26632,1
26635,1
26637,1
26638,1
26639,0
26642,0
26643,0
26646,1
26648,1
26649,1
26650,1
26656,1
26659,1
26662,1
26664,0
26666,1
26674,1
26675,1
26677,1
26682,1
26683,1
26688,1
26689,1
26691,1
26692,1
26693,1
26695,1
26696,1
26701,0
26702,1
26703,1
26704,1
26707,1
26708,1
26709,1
26710,1
26712,1
26713,1
26714,1
26716,0
26718,1
26721,1
26724,1
26725,1
26726,1
26727,1
26732,1
26734,1
26735,1
26736,1
26737,1
26740,0
26744,0
26747,1
26748,1
26749,0
26751,1
26752,0
26753,1
26754,1
26756,1
26757,1
26758,1
26759,1
26760,1
26761,1
26763,1
26765,1
26767,1
26774,1
26775,1
26776,1
26777,1
26779,1
26780,1
26781,1
26782,1
26783,1
26784,1
26785,1
26790,1
26795,1
26797,1
26798,1
26799,1
26802,1
26804,1
26805,1
26806,1
26807,1
26808,1
26811,0
26816,1
26817,1
26818,1
26819,1
26820,1
26821,1
26822,1
26823,1
26824,1
26825,1
26826,1
26827,1
26828,1
26829,1
26830,1
26831,1
26832,1
26834,0
26835,0
26836,1
26837,1
26838,1
26839,1
26840,1
26841,1
26842,1
26843,1
26844,1
26845,1
26846,1
26847,1
26848,1
26849,1
26850,1
26851,1
26852,1
26853,1
26854,1
26855,1
26856,1
26857,1
26858,1
26859,1
26860,1
26861,1
26862,1
26863,1
26864,1
26865,1
26866,1
26867,1
26868,1
26870,1
26871,1
26872,1
26873,1
26874,1
26875,1
26876,1
26877,1
26881,1
26882,1
26883,1
26884,1
26886,1
26887,1
26889,1
26890,1
26894,1
26895,1
26897,1
26898,1
26899,1
26900,1
26901,1
26902,1
26903,1
26904,1
26905,1
26906,1
26908,1
26909,1
26910,1
26911,1
26912,1
26913,1
26915,1
26916,1
26917,1
26919,1
26920,1
26921,1
26922,1
26923,1
26924,1
26926,1
26929,1
26930,1
26945,1
26946,1
26956,1
26957,1
26959,1
26961,1
26963,1
26966,0
26967,1
26970,1
26971,1
26973,1
26977,1
26987,1
27005,1
27010,1
27035,1
27043,1
27044,1
27050,1
27058,1
27059,1
27063,1
27065,1
27069,1
27070,1
27071,1
27072,1
27083,0
27084,0
27085,1
27086,1
27088,1
27089,1
27091,1
27092,1
27102,0
27103,1
27104,1
27107,1
27108,1
27110,0
27117,1
27119,1
27120,1
27121,1
27122,1
27123,1
27125,1
27126,1
27131,1
27134,1
27135,1
27136,1
27137,1
27138,1
27139,1
27140,1
27141,0
27143,1
27144,1
27145,0
27148,1
27149,1
27150,1
27151,1
27152,1
27154,1
27155,1
27156,1
27157,1
27158,1
27160,1
27161,1
27162,1
27163,1
27164,1
27166,1
27167,1
27169,1
27170,1
27172,1
27173,1
27174,1
27175,1
27177,1
27178,1
27179,1
27180,1
27181,1
27182,1
27183,1
27185,1
27186,1
27187,1
27188,1
27189,0
27190,0
27191,1
27192,1
27193,1
27194,1
27195,1
27196,1
27197,1
27198,1
27200,1
27201,1
27202,1
27203,1
27204,1
27206,1
27207,1
27208,1
27209,1
27210,1
27211,1
27212,1
27213,1
27214,1
27215,1
27216,1
27217,1
27219,1
27220,1
27222,1
27223,1
27224,1
27225,1
27226,1
27228,1
27246,1
27250,1
27251,1
27257,1
27997,1
28500,1
28502,1
28503,1
28504,1
28505,1
28506,1
28507,1
28508,1
28509,1
28511,1
28512,1
28514,1
28515,1
28516,1
28518,1
28525,1
28538,1
28539,1
28540,1
28541,1
28542,1
28543,1
28544,1
28545,1
28555,1
28558,1
28559,1
28563,1
28564,1
28566,1
28567,1
28569,1
28570,1
28571,1
28574,1
28576,1
28577,1
28580,1
28581,1
28582,1
28587,1
28588,1
28594,1
28596,1
28598,1
28599,1
28600,1
28601,1
28602,1
28603,1
28604,1
28605,1
28607,1
28608,1
28609,1
28611,1
28612,1
28616,1
28617,1
28620,1
28621,1
28623,0
28624,1
28625,1
28626,0
28627,1
28628,1
28632,1
28635,1
28636,1
28637,1
28638,1
28641,1
28642,1
28643,1
28644,1
28645,1
28652,1
28653,1
28654,1
28655,1
28656,1
28659,1
28663,1
28665,1
28668,1
28669,1
30000,0
30001,1
30002,0
30004,1
30005,1
30006,1
30007,0
30008,1
30009,0
30011,1
30012,0
30013,1
30014,1
30015,1
30016,1
30017,0
30018,1
30020,1
30021,1
30027,1
30028,0
30029,1
30030,1
30031,1
30032,0
30033,1
30034,1
30035,1
30037,1
30039,1
30041,1
30042,1
30043,1
30044,0
30045,0
30046,0
30047,1
30048,1
30049,1
30050,1
30052,0
30053,0
30054,1
30055,1
30056,1
30057,0
30058,1
30059,1
30060,1
30061,1
30062,1
30063,1
30064,0
30065,0
30066,1
30068,1
30069,1
30070,1
30071,1
30072,1
30073,1
30076,1
30077,0
30078,0
30079,1
30085,1
30087,1
30088,1
30090,1
30092,1
30094,1
30095,1
30096,1
30097,1
30098,1
30099,1
30100,1
30101,1
30102,1
30106,1
30107,1
30108,1
30109,1
30110,1
30111,0
30113,1
30114,1
30116,1
30117,1
30119,1
30120,1
30121,1
30122,0
30123,0
30124,0
30125,1
30126,1
30127,1
30129,0
30130,0
30131,1
30132,1
30133,1
30134,1
30135,1
30136,1
30137,1
30138,1
30141,1
30142,1
30143,1
30144,1
30145,1
30147,1
30148,1
30149,1
30150,1
30151,0
30152,1
30153,1
30154,1
30155,1
30156,1
30159,0
30160,0
30161,0
30164,1
30165,0
30166,1
30167,1
30168,1
30169,0
30170,1
30173,1
30174,1
30175,1
30176,1
30177,1
30178,1
30179,1
30180,1
30182,1
30184,1
30186,1
30190,0
30191,0
30192,1
30193,0
30196,0
30197,1
30199,1
30200,0
30205,1
30206,1
30208,1
30209,1
30210,1
30211,1
30212,0
30213,1
30215,1
30218,0
30219,1
30221,0
30223,0
30224,1
30225,1
30226,1
30229,0
30232,0
30235,0
30238,1
30240,1
30241,1
30248,1
30249,1
30252,1
30254,1
30255,1
30257,1
30259,1
30260,1
30267,1
30268,0
30271,0
30272,1
30273,1
30274,1
30275,1
30279,0
30280,1
30282,0
30283,0
30284,1
30286,1
30287,1
30288,1
30290,1
30291,1
30292,1
30295,1
30296,0
30297,1
30300,1
30302,0
30304,0
30307,1
30308,1
30309,1
30312,1
30313,1
30314,1
30316,0
30318,1
30321,1
30322,1
30323,1
30324,0
30325,1
30326,1
30327,0
30328,1
30329,1
30331,0
30332,0
30333,1
30334,1
30335,1
30337,0
30339,1
30341,0
30343,1
30344,1
30345,0
30346,1
30347,0
30348,1
30351,1
30352,0
30355,1
30356,1
30357,0
30358,1
30359,1
30361,0
30362,0
30363,1
30364,1
30365,0
30368,1
30369,0
30370,1
30372,0
30374,1
30375,1
30376,1
30377,0
30378,1
30379,1
30381,0
30383,1
30386,0
30387,1
30388,1
30390,0
30392,1
30394,0
30395,0
30398,1
30399,1
30401,0
30402,0
30403,1
30404,0
30405,0
30409,1
30411,1
30412,1
30414,1
30415,1
30417,1
30418,0
30419,1
30422,1
30423,1
30425,1
30426,1
30428,1
30429,1
30431,1
30432,1
30433,0
30434,1
30436,1
30437,1
30438,1
30439,1
30440,1
30441,1
30442,0
30444,0
30446,1
30447,1
30448,1
30450,1
30451,1
30452,1
30454,1
30457,1
30458,1
30462,1
30463,1
30466,1
30467,1
30469,1
30472,1
30473,1
30475,1
30478,1
30481,1
30482,1
30488,1
30490,1
30491,1
30493,1
30495,1
30496,1
30497,1
30498,1
30499,0
30500,1
30502,1
30504,1
30505,0
30507,1
30508,0
30509,1
30510,1
30511,1
30512,0
30515,1
30516,1
30517,1
30518,1
30520,1
30521,1
30524,1
30525,1
30528,0
30530,0
30531,1
30532,1
30533,0
30538,1
30540,1
30543,1
30544,0
30546,1
30548,1
30549,1
30550,1
30552,1
30553,1
30556,1
30558,1
30559,1
30560,1
30562,1
30564,1
30567,0
30569,1
30570,0
30571,1
30574,1
30575,1
30577,1
30578,0
30584,1
30586,1
30588,1
30590,1
30592,1
30593,0
30597,1
30598,1
30599,1
30601,1
30602,1
30603,1
30604,0
30605,1
30606,0
30607,1
30608,1
30609,1
30611,1
30612,0
30613,1
30614,1
30615,1
30617,1
30618,1
30621,1
30623,1
30626,1
30629,1
30630,1
30631,1
30632,1
30635,1
30636,1
30638,1
30641,1
30642,1
30643,1
30644,1
30645,1
30646,1
30648,1
30650,1
30651,1
30653,1
30654,0
30655,0
30656,1
30659,1
30660,1
30661,1
30662,1
30665,1
30666,1
30669,0
30672,0
30673,0
30675,0
30676,1
30677,1
30680,1
30681,1
30682,1
30684,1
30685,1
30686,1
30688,1
30690,0
30693,1
30694,1
30696,0
30697,1
30700,1
30701,1
30702,1
30703,1
30705,0
30706,1
30707,1
30710,1
30717,1
30721,1
30722,1
30723,1
30729,1
30732,1
30734,0
30735,1
30737,0
30738,1
30739,0
30740,0
30742,1
30745,1
30746,1
30750,1
30755,1
30758,0
30759,1
30761,1
30762,1
30763,0
30764,1
30765,1
30766,0
30768,0
30769,0
30770,1
30771,1
30772,0
30773,1
30774,0
30775,0
30777,0
30778,1
30779,1
30780,1
30781,0
30783,1
30786,1
30787,0
30788,1
30789,1
30792,0
30793,1
30794,0
30795,1
30796,1
30798,0
30800,1
30801,1
30802,1
30803,1
30804,1
30805,0
30806,1
30807,1
30808,1
30809,1
30811,0
30812,1
30813,0
30814,1
30815,1
30816,1
30817,1
30818,0
30819,1
30820,1
30821,1
30822,1
30823,1
30824,1
30825,1
30827,0
30828,1
30829,1
30830,1
30831,0
30832,0
30833,1
30834,0
30835,1
30836,0
30838,0
30839,1
30840,1
30841,1
30842,1
30843,1
30844,1
30846,0
30847,1
30850,1
30851,1
30856,1
30857,1
30858,1
30859,1
30860,1
30861,1
30862,1
30863,1
30864,1
30865,1
30866,1
30867,1
30868,1
30869,1
30870,1
30872,1
30873,1
30874,1
30875,1
30876,1
30879,1
30880,1
30883,1
30884,1
30886,1
30887,1
30888,1
30889,1
30890,1
30891,1
30893,1
30894,1
30895,1
30897,1
30898,1
30899,1
30900,1
30901,1
30902,1
30903,1
30904,1
30905,1
30907,1
30908,1
30909,1
30912,1
30913,1
30914,1
30915,1
30916,1
30917,1
30919,1
30920,1
30922,1
30923,1
30924,1
30925,1
30926,1
30927,1
30928,1
30929,1
30930,1
30931,1
30932,1
30933,1
30936,1
30937,1
30938,1
30939,1
30940,1
30941,1
30942,1
30943,1
30944,1
30945,1
30946,1
30947,1
30948,1
30949,1
30950,1
30951,1
30953,1
30954,1
30955,1
30956,1
30958,1
30959,1
30960,1
30961,1
30962,1
30963,1
30964,1
30965,1
30966,1
30967,1
30968,1
30969,1
30970,1
30971,1
30972,1
30973,1
30974,1
30975,1
30976,1
30979,1
30980,1
30981,1
30982,1
30983,0
30984,1
30985,1
30986,1
30987,1
30988,1
30989,1
30990,0
30991,0
30992,1
30993,1
30994,1
30995,1
30996,1
30997,1
30998,1
30999,1
31000,1
31001,1
31002,1
31003,1
31004,1
31005,1
31006,1
31007,1
31008,1
31009,1
31010,1
31011,1
31012,1
31013,1
31014,0
31017,1
31018,1
31019,1
31020,1
31021,1
31022,1
31023,1
31024,1
31025,1
31026,1
31027,1
31029,0
31031,1
31032,1
31033,1
31034,1
31035,0
31036,1
31037,1
31038,1
31039,1
31040,1
31041,1
31042,1
31044,1
31045,1
31046,1
31047,1
31048,1
31049,1
31050,1
31051,1
31052,1
31053,1
31054,1
31055,1
31056,1
31057,1
31058,1
31059,1
31060,1
31061,1
31062,1
31063,1
31064,1
31065,1
31066,1
31067,1
31068,1
31069,1
31070,1
31071,1
31072,1
31073,0
31074,0
31075,0
31076,1
31077,0
31078,0
31079,1
31080,0
31081,0
31082,1
31083,1
31084,0
31085,1
31086,0
31087,0
31088,0
31089,0
31090,0
31091,1
31092,1
31093,1
31094,1
31095,1
31096,1
31097,1
31098,1
31099,1
31100,1
31101,1
31102,1
31103,1
31104,1
31105,1
31106,1
31107,1
31108,1
31109,1
31110,1
31111,1
31112,1
31113,1
31114,1
31115,1
31116,1
31117,1
31118,1
31119,1
31120,1
31121,1
31122,1
31123,1
31124,1
31125,1
31127,1
31128,1
31129,1
31130,0
31131,0
31132,0
31133,1
31135,0
31136,1
31137,1
31138,1
31139,1
31141,1
31142,1
31143,1
31144,1
31146,1
31147,1
31148,1
31149,0
31151,0
31152,1
31154,1
31155,1
31156,1
31157,1
31158,1
31159,1
31160,1
31162,1
31164,1
31165,1
31166,1
31169,1
31170,1
31171,1
31173,1
31174,1
31175,1
31176,1
31177,1
31178,1
31179,1
31180,1
31182,1
31183,1
31184,1
31185,0
31186,1
31187,1
31188,1
31189,1
31190,1
31191,1
31192,1
31193,1
31194,1
31195,1
31196,1
31197,1
31198,1
31199,1
31202,1
31203,0
31205,1
31206,1
31207,1
31208,1
31209,1
31210,1
31211,1
31212,1
31213,1
31214,0
31215,1
31216,1
31218,1
31219,1
31220,0
31222,0
31223,0
31224,0
31225,0
31227,1
31228,1
31229,1
31230,1
31231,1
31232,1
31233,1
31234,1
31235,1
31236,0
31239,1
31240,1
31241,1
31242,1
31243,1
31244,1
31245,1
31246,1
31247,1
31248,1
31249,1
31250,1
31251,0
31252,1
31253,0
31254,1
31255,0
31256,1
31257,1
31258,1
31259,1
31260,0
31261,0
31262,0
31263,1
31264,1
31265,1
31266,0
31267,1
31268,1
31269,1
31270,1
31271,1
31272,1
31273,1
31274,1
31275,1
31276,1
31277,1
31278,1
31279,1
31280,1
31281,1
31282,1
31283,1
31284,0
31285,1
31286,1
31287,1
31288,1
31289,0
31290,1
31291,1
31292,1
31293,1
31294,1
31295,1
31296,1
31297,1
31298,0
31300,0
31302,1
31303,1
31304,1
31305,1
31306,1
31307,1
31308,0
31309,1
31310,1
31311,0
31312,1
31313,1
31314,1
31315,1
31316,1
31317,1
31318,1
31319,1
31320,1
31321,0
31322,1
31323,1
31324,0
31325,0
31326,1
31327,1
31328,1
31329,1
31331,1
31332,1
31333,1
31334,0
31335,1
31336,1
31337,1
31338,1
31339,1
31340,1
31341,1
31342,1
31343,1
31344,1
31345,1
31346,1
31348,1
31349,1
31350,1
31352,1
31353,1
31354,1
31355,1
31356,1
31357,0
31358,1
31360,1
31361,1
31362,1
31363,1
31365,1
31366,1
31367,1
31368,1
31369,0
31370,1
31371,1
31372,0
31373,1
31375,1
31376,0
31377,0
31378,1
31379,1
31380,1
31381,1
31383,1
31384,1
31385,1
31386,1
31387,0
31388,1
31389,1
31390,1
31391,0
31392,0
31393,1
31394,1
31395,1
31396,1
31397,1
31400,1
31403,1
31406,1
31407,1
31408,1
31409,1
31410,0
31411,1
31412,1
31413,1
31414,1
31415,1
31417,1
31418,1
31419,1
31420,1
31421,1
31422,1
31423,0
31424,0
31425,1
31426,0
31427,0
31428,1
31429,0
31430,0
31431,1
31432,1
31433,1
31434,1
31435,1
31436,0
31437,1
31438,1
31439,1
31441,1
31442,1
31444,1
31445,1
31446,1
31447,0
31448,1
31450,0
31451,0
31453,1
31454,1
31455,1
31456,1
31457,1
31458,1
31459,1
31460,1
31461,1
31462,1
31463,1
31464,0
31467,1
31468,1
31469,1
31470,1
31471,1
31472,1
31473,1
31474,1
31476,0
31477,1
31478,0
31479,1
31480,1
31481,1
31482,1
31483,1
31484,1
31485,1
31486,1
31487,1
31488,1
31489,1
31490,1
31491,1
31492,0
31494,0
31495,1
31496,1
31497,1
31498,1
31499,1
31501,1
31502,0
31503,0
31504,1
31505,1
31506,1
31507,1
31508,1
31509,1
31510,1
31511,1
31512,1
31513,1
31514,1
31515,1
31516,1
31517,1
31518,1
31520,1
31521,1
31522,1
31523,1
31524,1
31525,1
31526,1
31527,1
31528,1
31529,1
31530,1
31531,1
31532,1
31533,1
31534,1
31535,1
31536,1
31537,1
31538,1
31539,1
31540,1
31541,0
31542,1
31543,1
31544,1
31545,1
31546,1
31547,1
31548,1
31549,1
31550,1
31551,1
31554,1
31555,1
31556,1
31557,0
31558,1
31559,1
31560,0
31561,1
31562,0
31563,1
31565,1
31566,1
31567,1
31568,1
31569,1
31570,1
31571,1
31574,1
31575,0
31577,0
31578,0
31579,1
31580,1
31581,1
31582,1
31583,1
31584,1
31585,1
31586,1
31587,1
31588,1
31589,0
31590,0
31592,1
31593,1
31594,1
31596,1
31597,1
31598,1
31599,1
31600,1
31601,0
31602,1
31603,1
31604,1
31606,1
31607,1
31608,1
31609,1
31610,1
31611,1
31612,1
31613,1
31614,1
31615,1
31616,1
31617,1
31618,1
31619,1
31620,1
31621,1
31622,0
31624,1
31625,1
31626,0
31627,1
31628,0
31630,1
31631,1
31632,1
31633,1
31634,0
31635,0
31636,0
31637,0
31638,0
31640,0
31641,1
31642,0
31643,1
31644,1
31645,1
31646,0
31647,0
31648,0
31650,1
31651,1
31652,1
31653,1
31654,1
31655,1
31656,0
31657,1
31658,1
31659,1
31660,1
31661,1
31662,1
31663,1
31664,1
31667,1
31668,1
31671,1
31672,1
31673,1
31674,1
31675,1
31676,1
31677,1
31678,1
31679,1
31681,1
31682,1
31683,1
31684,1
31685,1
31686,1
31687,1
31688,1
31689,1
31690,1
31691,1
31692,1
31693,1
31694,1
31695,1
31696,1
31697,1
31698,1
31700,1
31705,1
31706,1
31707,1
31709,1
31710,1
31711,1
31712,1
31713,1
31714,1
31715,1
31716,0
31718,0
31719,1
31720,1
31721,1
31722,1
31723,1
31724,1
31725,1
31728,1
31729,1
31730,0
31731,1
31732,1
31736,1
31737,1
31738,1
31739,0
31740,0
31741,1
31743,1
31744,1
31745,1
31746,1
31747,1
31748,1
31749,1
31750,1
31751,1
31752,1
31753,1
31755,1
31756,1
31757,1
31759,1
31760,1
31761,1
31762,1
31764,0
31765,1
31767,1
31768,1
31769,1
31770,0
31771,1
31772,0
31773,0
31774,0
31775,1
31776,1
31777,1
31778,1
31779,1
31780,1
31781,1
31782,1
31783,1
31784,1
31785,1
31786,1
31787,1
31788,1
31789,1
31790,1
31791,1
31792,0
31793,1
31794,0
31795,1
31796,0
31797,0
31798,1
31799,1
31802,1
31804,0
31805,0
31806,0
31807,0
31808,1
31809,1
31810,1
31811,1
31813,0
31814,1
31815,1
31816,1
31817,1
31819,1
31820,1
31821,0
31822,1
31823,1
31824,1
31825,1
31826,1
31827,1
31829,1
31830,1
31831,1
31832,1
31834,0
31835,1
31836,1
31837,1
31838,1
31839,1
31840,1
31841,1
31842,1
31843,1
31844,1
31845,1
31846,1
31847,1
31848,1
31849,1
31850,1
31851,1
31852,1
31853,1
31854,1
31855,1
31857,1
31858,1
31859,1
31860,1
31861,1
31862,1
31863,1
31865,1
31866,1
31867,0
31868,1
31869,1
31870,1
31871,1
31872,1
31873,1
31874,1
31875,1
31876,1
31877,1
31878,0
31879,1
31880,1
31881,0
31882,1
31883,1
31884,1
31885,1
31886,1
31887,0
31888,0
31895,1
31896,0
31897,1
31898,1
31899,1
31900,1
31901,1
31902,1
31903,0
31904,1
31905,1
31906,1
31907,1
31908,1
31910,1
31911,1
31912,1
31914,0
31915,0
31916,0
31917,1
31918,1
31919,1
31920,1
31921,1
31922,1
31923,1
31924,1
31925,1
31926,1
31927,1
31928,1
31929,1
31930,1
31931,1
31932,1
31933,0
31937,1
31939,1
31940,1
31941,1
31942,1
31943,1
31944,1
31945,1
31946,1
31947,1
31948,1
31949,1
31950,1
31951,1
31952,1
31953,1
31954,1
31955,1
31956,1
31957,1
31958,1
31959,0
31960,1
31961,1
31962,1
31963,1
31964,0
31965,1
31966,1
31967,1
31968,1
31969,1
31970,1
31971,1
31972,1
31973,1
31974,1
31975,1
31976,1
31977,1
31978,1
31979,1
31980,1
31981,1
31982,1
31987,1
31989,1
31990,1
31991,1
31992,0
31994,1
31995,0
31996,0
31998,1
31999,1
32000,1
32002,0
32003,0
32004,0
32005,1
32006,1
32007,1
32008,1
32009,0
32010,0
32011,0
32013,0
32014,0
32015,0
32016,0
32017,0
32019,0
32021,0
32022,0
32024,0
32028,1
32029,0
32030,1
32031,0
32032,0
32033,0
32034,0
32035,1
32036,1
32037,0
32038,0
32039,0
32040,0
32041,0
32042,1
32043,1
32044,1
32045,1
32046,0
32047,0
32048,0
32049,0
32051,0
32052,0
32053,1
32054,1
32055,1
32056,1
32057,0
32058,1
32060,1
32061,1
32062,1
32063,1
32064,1
32065,1
32066,1
32067,1
32068,1
32069,0
32070,1
32071,1
32072,1
32073,1
32074,1
32075,1
32076,1
32077,0
32078,0
32079,1
32080,1
32081,1
32082,0
32083,1
32084,0
32085,0
32086,0
32088,0
32089,1
32090,1
32091,1
32092,1
32093,1
32094,1
32095,1
32096,1
32097,1
32098,0
32099,1
32100,1
32101,1
32102,1
32103,1
32104,1
32105,1
32106,1
32107,1
32108,1
32110,1
32111,1
32112,1
32114,1
32115,1
32116,1
32117,1
32118,1
32119,1
32120,1
32121,1
32122,1
32123,1
32124,0
32125,0
32127,0
32128,1
32129,1
32130,1
32131,1
32132,1
32133,1
32134,1
32135,1
32137,1
32138,1
32139,1
32140,1
32141,1
32142,0
32143,1
32144,0
32145,1
32146,1
32147,1
32148,1
32149,1
32150,1
32151,1
32152,1
32153,0
32154,0
32155,0
32156,0
32157,0
32158,0
32159,0
32160,1
32162,0
32164,1
32165,1
32166,1
32167,1
32168,0
32169,1
32170,1
32171,1
32172,1
32173,1
32174,1
32176,1
32177,1
32178,1
32179,1
32180,1
32181,1
32182,1
32183,1
32184,1
32185,1
32186,1
32187,1
32188,1
32189,1
32190,1
32191,1
32192,1
32193,1
32194,1
32196,1
32197,1
32198,1
32199,1
32200,1
32201,1
32202,0
32203,1
32204,0
32205,0
32206,0
32207,0
32208,1
32209,1
32210,1
32211,1
32212,1
32213,1
32214,1
32215,1
32217,1
32218,1
32219,1
32220,1
32221,1
32223,1
32224,0
32225,0
32226,1
32230,1
32231,1
32232,1
32233,1
32236,1
32237,1
32238,1
32239,1
32240,1
32241,1
32242,1
32243,1
32244,1
32245,1
32246,1
32247,1
32248,1
32249,1
32250,1
32252,0
32253,1
32254,1
32256,1
32257,0
32258,0
32259,1
32260,1
32262,1
32263,1
32264,1
32266,1
32267,1
32268,1
32269,1
32270,1
32271,1
32272,1
32274,1
32276,1
32277,1
32279,1
32280,1
32282,1
32283,1
32284,1
32285,1
32286,1
32287,0
32288,1
32290,1
32291,0
32292,1
32293,1
32294,1
32296,1
32297,1
32298,1
32299,1
32300,1
32301,1
32302,0
32303,1
32304,1
32306,1
32307,1
32308,0
32309,1
32310,1
32312,1
32313,0
32314,1
32315,1
32317,1
32318,1
32319,1
32320,1
32321,0
32324,0
32325,1
32326,1
32328,1
32329,1
32330,1
32331,1
32333,1
32334,1
32335,1
32336,1
32337,1
32338,1
32339,1
32340,1
32341,1
32342,1
32343,1
32344,1
32345,1
32346,1
32347,1
32348,1
32349,1
32350,1
32351,1
32352,1
32353,1
32354,1
32355,1
32356,1
32357,1
32358,1
32359,1
32360,1
32361,0
32362,0
32363,0
32364,0
32365,1
32366,1
32368,0
32369,0
32370,1
32371,1
32372,1
32373,1
32375,1
32376,1
32378,1
32379,0
32380,1
32381,0
32382,0
32384,1
32385,1
32386,1
32387,1
32388,1
32389,1
32390,1
32391,1
32392,1
32393,1
32395,1
32396,1
32397,1
32398,1
32399,1
32400,1
32401,1
32402,1
32403,1
32404,1
32405,1
32406,1
32407,1
32408,1
32409,1
32410,1
32411,1
32412,1
32413,1
32416,1
32417,0
32418,1
32419,1
32420,1
32421,0
32422,1
32423,0
32425,1
32427,1
32428,1
32429,1
32430,1
32431,1
32432,1
32433,1
32434,1
32435,1
32436,1
32437,1
32439,1
32440,1
32441,1
32442,1
32443,1
32444,1
32445,1
32446,1
32447,1
32448,1
32449,1
32450,1
32451,1
32453,1
32454,1
32456,1
32457,1
32458,1
32460,1
32461,1
32462,1
32463,0
32464,1
32465,1
32466,1
32467,1
32468,1
32469,1
32470,1
32471,1
32472,1
32473,1
32474,1
32475,1
32476,1
32477,1
32478,1
32479,1
32480,1
32481,1
32482,1
32483,1
32487,0
32488,1
32489,0
32492,1
32493,1
32494,1
32495,1
32496,1
32497,1
32498,1
32499,1
32500,1
32502,1
32503,1
32504,1
32505,1
32506,1
32507,1
32508,1
32509,1
32510,1
32511,1
32512,1
32513,1
32514,1
32515,1
32516,1
32517,1
32518,1
32519,1
32520,0
32521,0
32522,1
32523,1
32524,1
32525,1
32526,1
32527,1
32528,1
32529,1
32530,1
32531,1
32532,1
32534,1
32535,1
32536,1
32537,1
32538,1
32539,1
32540,1
32541,1
32542,1
32543,1
32544,0
32545,1
32546,1
32547,1
32548,1
32549,1
32550,1
32551,1
32553,1
32554,1
32555,1
32556,1
32557,1
32558,1
32560,0
32563,1
32564,1
32565,1
32567,1
32568,0
32569,0
32570,0
32571,0
32572,0
32573,1
32574,1
32576,1
32578,1
32582,1
32583,1
32584,1
32585,1
32586,1
32587,1
32588,1
32589,1
32591,1
32592,1
32593,1
32594,1
32595,1
32596,0
32597,1
32598,1
32599,1
32600,0
32601,1
32602,1
32603,1
32604,1
32605,1
32607,1
32608,1
32612,1
32613,1
32614,1
32615,1
32616,1
32617,1
32618,1
32619,1
32620,1
32621,1
32622,1
32623,1
32624,1
32625,1
32626,1
32629,1
32630,1
32631,1
32632,1
32633,1
32635,1
32636,1
32637,1
32638,1
32639,1
32640,1
32641,1
32645,1
32647,1
32648,1
32649,1
32650,1
32652,1
32653,1
32654,1
32655,1
32656,1
32657,1
32658,1
32661,1
32662,1
32663,1
32664,0
32665,0
32669,1
32670,1
32671,1
32672,1
32673,1
32674,1
32675,1
32676,1
32677,1
32678,1
32679,1
32680,1
32681,1
32682,1
32683,1
32684,1
32685,1
32686,1
32688,1
32689,1
32690,1
32691,1
32692,1
32693,1
32694,1
32695,1
32696,1
32697,1
32698,1
32699,1
32700,1
32701,1
32702,1
32703,1
32704,1
32705,1
32706,1
32707,1
32708,1
32709,1
32710,0
32712,0
32713,1
32714,1
32715,1
32716,1
32717,1
32718,1
32719,1
32720,1
32721,1
32722,1
32723,1
32724,1
32725,1
32726,1
32727,1
32728,1
32729,1
32732,0
32733,0
32734,0
32735,1
32737,1
32740,0
32742,0
32745,1
32746,1
32748,1
32750,0
32751,1
32752,1
32753,1
32754,1
32755,1
32756,1
32758,0
32759,1
32760,1
32761,1
32762,0
32763,1
32764,1
32765,1
32766,1
32767,0
32768,1
32769,1
32770,1
32771,1
32772,1
32774,1
32776,1
32777,1
32778,1
32779,1
32780,1
32781,1
32782,0
32783,1
32784,0
32786,1
32787,1
32788,1
32789,1
32790,1
32791,1
32792,1
32794,1
32795,1
32798,1
32799,1
32800,1
32801,1
32802,1
32805,1
32806,1
32807,1
32809,1
32810,1
32811,1
32812,1
32813,1
32814,1
32815,1
32817,1
32818,0
32820,1
32821,1
32822,1
32823,1
32824,1
32825,1
32826,1
32827,1
32831,1
32833,1
32834,1
32835,1
32836,1
32837,1
32843,1
32849,1
32850,1
32852,1
32864,1
32867,1
32868,1
32869,1
32870,1
32872,1
32877,1
32878,1
32879,1
32880,1
32881,1
32882,1
32883,1
32884,1
32885,1
32886,1
32887,1
32888,1
32889,1
32890,1
32891,1
32892,1
32893,1
32894,1
32895,1
32896,1
32897,1
32899,1
32900,1
32901,1
32902,1
32903,1
32904,0
32906,1
32907,0
32908,1
32909,0
32910,1
32911,1
32912,1
32913,1
32914,1
32915,1
32917,1
32918,1
32919,1
32920,1
32921,1
32922,1
32923,1
32924,1
32925,1
32926,1
32928,1
32930,1
32932,1
32934,1
32936,1
32937,1
32938,1
32939,1
32940,1
32941,1
32942,1
32943,1
32944,1
32946,1
32947,1
32950,1
32951,1
32952,1
32954,1
32956,1
32957,1
32958,1
32959,1
32960,1
32962,1
32966,1
32967,1
32969,1
32970,1
32971,1
32972,1
32973,1
32974,1
32977,1
32984,1
32989,1
32990,1
32991,1
32992,1
32993,1
32996,1
32998,0
33000,1
33001,1
33002,1
33003,0
33004,1
33005,1
33006,1
33007,1
33008,0
33010,0
33011,1
33013,1
33014,1
33017,1
33019,1
33020,1
33021,1
33022,1
33023,1
33024,1
33025,1
33027,0
33028,1
33030,1
33032,1
33033,1
33034,1
33036,1
33038,1
33039,1
33040,1
33041,0
33043,1
33045,1
33046,1
33047,1
33049,0
33051,1
33052,1
33053,1
33054,0
33055,0
33056,1
33057,1
33058,1
33059,0
33060,1
33063,1
33064,1
33065,1
33066,1
33067,1
33069,1
33070,1
33072,1
33073,1
33074,1
33075,1
33076,1
33077,1
33078,1
33079,1
33080,1
33081,1
33082,1
33083,0
33084,1
33089,1
33090,1
33092,1
33093,1
33094,1
33095,1
33097,1
33099,1
33100,1
33101,1
33103,1
33105,1
33106,1
33108,1
33109,1
33111,1
33112,1
33113,1
33114,1
33115,0
33116,0
33117,0
33118,0
33119,0
33120,0
33121,0
33122,0
33123,1
33125,1
33126,1
33127,1
33128,1
33129,1
33131,1
33132,1
33134,1
33135,1
33136,1
33138,1
33139,1
33140,1
33141,1
33142,1
33143,1
33144,1
33145,0
33147,0
33149,1
33150,1
33151,1
33152,1
33153,1
33154,1
33155,1
33156,1
33157,1
33158,1
33159,1
33160,1
33161,1
33163,1
33164,1
33165,1
33166,1
33167,1
33168,1
33169,1
33170,1
33171,1
33172,1
33173,1
33175,1
33176,1
33177,1
33178,1
33179,1
33180,1
33181,1
33182,1
33183,1
33184,1
33185,1
33186,1
33187,1
33188,1
33189,1
33190,1
33191,1
33192,1
33193,1
33194,1
33195,1
33196,1
33197,1
33198,1
33199,1
33200,1
33201,1
33202,1
33203,1
33204,1
33205,1
33206,1
33207,1
33208,1
33209,1
33210,1
33212,1
33213,1
33214,1
33215,1
33216,1
33217,1
33218,1
33219,1
33220,1
33221,1
33222,1
33223,1
33224,1
33225,1
33226,1
33227,1
33228,1
33229,1
33230,1
33233,1
33235,1
33236,1
33237,1
33238,1
33239,1
33240,1
33241,1
33242,1
33243,1
33244,1
33245,1
33246,1
33247,1
33248,1
33249,1
33250,1
33251,1
33252,0
33253,1
33254,1
33255,1
33256,1
33257,1
33258,0
33259,0
33261,1
33262,1
33263,1
33264,1
33265,0
33266,1
33267,0
33268,0
33269,0
33270,0
33271,0
33272,0
33273,1
33274,1
33275,1
33276,1
33277,1
33278,1
33279,0
33280,0
33281,0
33282,0
33283,1
33284,1
33285,0
33286,1
33287,0
33288,0
33289,1
33290,1
33291,1
33292,1
33294,1
33295,1
33296,1
33297,1
33298,1
33299,1
33302,1
33303,1
33304,1
33305,1
33307,1
33309,1
33310,0
33312,1
33313,1
33314,1
33315,1
33316,1
33317,1
33318,1
33319,1
33320,1
33321,1
33322,0
33323,1
33324,1
33326,1
33328,1
33329,1
33330,1
33331,1
33332,1
33333,1
33334,1
33336,1
33339,0
33340,1
33341,1
33342,1
33343,1
33344,1
33345,1
33346,1
33347,1
33348,1
33350,1
33351,1
33352,1
33353,1
33354,1
33355,1
33356,1
33359,1
33360,1
33361,1
33362,1
33363,1
33365,1
33367,1
33369,1
33370,1
33371,1
33372,1
33373,1
33374,1
33375,1
33376,1
33377,1
33378,0
33379,1
33380,1
33381,0
33382,1
33383,1
33385,1
33386,0
33387,1
33388,1
33389,1
33390,1
33392,1
33393,1
33394,1
33395,0
33396,1
33397,1
33398,1
33399,1
33400,1
33401,1
33402,1
33404,1
33405,1
33406,1
33407,1
33408,0
33409,0
33411,1
33412,1
33413,1
33414,1
33415,1
33416,0
33417,0
33418,0
33419,0
33420,1
33421,1
33422,1
33423,0
33424,1
33426,1
33427,1
33428,1
33430,1
33431,0
33432,0
33433,1
33434,1
33436,1
33437,1
33438,1
33439,0
33440,1
33441,1
33442,1
33443,1
33444,1
33445,1
33446,1
33447,1
33448,1
33449,1
33450,1
33451,1
33452,1
33453,1
33454,1
33455,1
33456,1
33457,1
33458,1
33459,1
33460,1
33461,1
33462,1
33463,1
33464,1
33465,1
33466,1
33467,1
33468,1
33469,1
33470,1
33471,1
33473,1
33475,1
33476,1
33477,1
33478,1
33479,1
33480,1
33483,1
33484,1
33485,1
33486,0
33487,1
33489,1
33490,1
33491,0
33493,0
33494,1
33495,0
33496,0
33497,0
33498,0
33500,0
33501,0
33502,0
33503,1
33504,1
33505,1
33506,0
33507,0
33508,0
33509,0
33510,0
33511,1
33512,1
33513,1
33515,1
33518,1
33519,1
33521,1
33523,0
33524,0
33525,1
33526,1
33527,0
33529,0
33530,1
33532,1
33533,1
33534,0
33535,1
33536,1
33538,1
33539,1
33540,1
33542,1
33543,1
33544,1
33545,1
33546,1
33547,1
33548,1
33550,1
33551,1
33552,1
33553,1
33558,1
33559,1
33560,1
33561,1
33562,1
33563,1
33564,1
33565,1
33566,1
33567,1
33568,1
33569,0
33570,0
33572,0
33573,0
33574,0
33575,1
33576,1
33577,1
33578,1
33579,1
33581,0
33582,1
33583,1
33584,1
33587,1
33588,1
33589,1
33590,1
33591,1
33592,1
33593,1
33594,1
33595,1
33597,1
33598,1
33599,1
33600,1
33601,1
33602,1
33603,1
33604,1
33605,0
33606,1
33607,1
33609,1
33610,1
33611,0
33613,1
33614,1
33615,0
33616,1
33617,1
33618,1
33620,1
33621,1
33622,1
33624,1
33625,1
33628,1
33629,1
33630,1
33631,1
33632,1
33633,1
33634,1
33636,1
33637,1
33638,1
33639,1
33640,0
33641,1
33642,1
33643,1
33644,1
33645,1
33646,0
33647,0
33648,0
33649,1
33650,1
33651,1
33652,1
33653,1
33654,1
33655,1
33656,1
33657,0
33658,0
33659,1
33660,1
33661,0
33662,1
33663,0
33664,0
33665,1
33666,1
33667,1
33668,0
33669,0
33670,1
33671,0
33672,1
33673,1
33674,1
33675,1
33676,1
33677,1
33678,1
33679,1
33680,1
33681,0
33682,1
33683,1
33684,1
33685,1
33686,1
33687,1
33688,1
33689,1
33690,0
33691,1
33692,0
33693,1
33694,1
33695,1
33696,1
33697,1
33698,1
33699,1
33700,1
33702,0
33704,1
33705,1
33707,1
33708,0
33710,0
33711,0
33712,1
33714,1
33715,1
33716,1
33717,1
33719,1
33722,1
33723,1
33726,1
33727,1
33728,0
33729,1
33731,1
33732,1
33734,1
33735,1
33736,1
33737,0
33738,0
33739,0
33740,0
33741,0
33742,0
33743,0
33744,0
33745,0
33746,0
33747,0
33748,1
33749,1
33750,1
33751,1
33754,1
33755,1
33756,1
33757,1
33758,1
33759,1
33760,1
33761,1
33762,1
33763,1
33764,1
33765,1
33767,1
33768,1
33770,1
33775,1
33777,1
33778,1
33779,1
33781,0
33782,1
33787,1
33792,1
33794,0
33796,1
33797,0
33798,0
33799,0
33800,0
33802,0
33804,0
33806,0
33808,0
33810,0
33812,1
33813,1
33814,1
33815,1
33816,1
33817,1
33818,1
33819,1
33820,1
33821,1
33822,1
33823,1
33827,1
33828,1
33829,1
33831,1
33832,1
33834,1
33838,1
33840,1
33844,1
33845,1
33846,0
33847,1
33855,1
33856,1
33859,0
33862,0
33863,1
33864,1
33865,1
33866,1
33868,0
33869,0
33870,0
33871,0
33872,1
33875,0
33876,1
33878,1
33879,1
33880,1
33885,0
33886,1
33887,1
33888,1
33889,1
33891,1
33895,1
33896,1
33897,1
33898,1
33899,1
33902,1
33911,0
33913,1
33915,1
33916,1
33918,1
33923,1
33925,0
33929,1
33930,1
33931,1
33932,1
33933,1
33934,1
33935,1
33936,1
33937,1
33938,1
33939,1
33940,1
33941,1
33942,1
33943,1
33944,1
33945,1
33946,1
33947,1
33951,0
33954,0
33955,0
33959,0
33969,1
33970,1
33971,1
33973,1
33975,1
33981,1
33983,1
33984,1
33985,1
33986,1
33987,1
33988,1
33990,1
33992,1
33993,1
33995,1
33996,1
33997,1
33999,1
34000,1
34001,0
34002,0
34003,0
34004,1
34006,1
34007,1
34010,0
34011,0
34012,1
34014,1
34015,1
34016,1
34017,0
34018,0
34019,0
34020,0
34021,0
34022,0
34023,0
34024,0
34025,1
34026,1
34027,1
34028,1
34029,1
34030,1
34031,1
34032,1
34033,1
34034,1
34035,1
34036,1
34037,1
34040,1
34041,0
34042,1
34043,1
34044,1
34045,1
34046,1
34047,0
34049,0
34050,1
34052,1
34053,1
34054,1
34055,1
34056,1
34057,1
34058,1
34059,1
34060,1
34061,1
34062,1
34063,1
34065,0
34066,1
34067,1
34069,0
34073,1
34075,0
34076,0
34077,1
34078,1
34079,1
34080,1
34081,1
34082,1
34083,1
34084,1
34086,1
34087,1
34088,1
34089,1
34091,1
34092,1
34093,1
34094,0
34095,1
34096,1
34097,1
34098,1
34099,0
34101,1
34102,1
34103,1
34104,1
34105,1
34106,1
34107,1
34108,1
34109,1
34110,1
34111,1
34112,1
34113,1
34114,1
34115,1
34116,1
34117,1
34118,1
34119,1
34120,1
34121,1
34122,1
34123,1
34124,1
34125,1
34126,1
34127,1
34128,1
34129,1
34130,1
34131,1
34132,1
34133,1
34134,1
34135,1
34136,1
34137,1
34138,1
34139,1
34140,1
34141,1
34142,1
34143,0
34144,1
34145,1
34146,1
34147,1
34148,1
34149,1
34150,1
34151,1
34152,1
34153,1
34154,1
34155,1
34156,1
34157,1
34158,1
34159,0
34160,1
34161,1
34162,1
34163,1
34164,1
34165,1
34166,1
34167,1
34168,1
34169,1
34170,1
34171,0
34172,1
34173,1
34174,1
34175,1
34176,1
34178,0
34179,1
34180,1
34181,1
34182,1
34183,1
34184,1
34185,1
34186,1
34187,1
34189,1
34190,0
34191,1
34192,0
34193,1
34194,1
34195,1
34198,0
34199,0
34201,1
34202,1
34203,1
34204,1
34205,1
34206,0
34208,0
34209,1
34210,1
34211,1
34212,1
34213,1
34214,1
34215,1
34216,1
34217,1
34219,1
34220,1
34221,1
34222,1
34223,1
34224,1
34225,0
34226,0
34227,1
34228,1
34229,1
34230,1
34231,1
34232,1
34233,1
34235,1
34236,0
34237,0
34238,0
34239,0
34241,0
34244,1
34247,1
34249,0
34250,1
34251,0
34252,1
34253,1
34254,1
34255,0
34257,0
34259,1
34261,1
34262,1
34263,1
34264,1
34265,1
34269,1
34270,1
34271,1
34272,1
34276,1
34277,1
34278,1
34279,1
34280,0
34281,1
34285,1
34286,0
34287,1
34288,1
34289,1
34290,0
34293,0
34300,0
34303,1
34307,0
34309,1
34310,1
34311,1
34313,1
34314,1
34316,1
34317,1
34318,1
34319,1
34322,0
34323,1
34324,1
34325,1
34327,1
34328,1
34330,1
34331,1
34332,1
34334,1
34339,1
34340,1
34343,1
34344,1
34345,1
34347,1
34348,1
34350,0
34351,1
34354,1
34355,1
34357,1
34359,0
34362,1
34367,1
34368,1
34369,0
34376,1
34377,1
34380,0
34381,0
34382,0
34384,1
34385,0
34389,1
34392,1
34394,1
34395,1
34396,1
34397,1
34398,1
34399,1
34400,1
34401,1
34402,1
34405,1
34408,1
34409,0
34412,1
34413,1
34414,1
34416,1
34421,1
34422,1
34425,1
34426,1
34430,1
34433,1
34434,1
34435,1
34437,1
34438,1
34439,1
34440,1
34442,1
34443,1
34444,1
34445,1
34447,1
34448,1
34449,1
34450,1
34451,1
34454,1
34457,0
34458,1
34459,1
34462,1
34464,1
34466,1
34467,1
34469,1
34472,1
34481,1
34490,1
34493,1
34494,1
34496,0
34500,1
34501,1
34502,1
34504,1
34505,1
34506,1
34507,1
34509,1
34510,1
34511,1
34512,1
34513,1
34514,1
34517,1
34518,1
34519,1
34520,1
34521,1
34522,0
34526,1
34527,1
34530,1
34531,1
34532,1
34533,1
34534,1
34535,1
34538,0
34539,1
34540,0
34541,0
34543,1
34545,1
34549,1
34550,1
34551,1
34554,1
34555,1
34564,1
34566,1
34567,1
34573,1
34576,1
34578,1
34579,1
34581,1
34583,1
34584,1
34586,1
34589,1
34590,1
34591,1
34593,1
34594,1
34595,1
34596,1
34597,1
34607,1
34609,1
34613,1
34616,1
34625,1
34626,1
34629,1
34634,1
34635,1
34637,1
34643,1
34644,1
34648,1
34649,1
34650,1
34652,1
34653,1
34655,1
34664,1
34665,1
34668,1
34669,0
34670,0
34671,0
34672,1
34673,0
34674,0
34675,0
34679,0
34680,0
34683,1
34686,1
34689,1
34690,1
34693,1
34696,1
34700,1
34702,1
34705,1
34709,1
34712,1
34714,1
34715,1
34718,0
34719,0
34721,1
34725,1
34727,1
34732,1
34733,1
34735,1
34737,1
34738,1
34742,1
34743,1
34749,1
34751,1
34754,1
34760,1
34761,1
34762,1
34763,1
34767,1
34768,1
34771,1
34775,1
34781,1
34782,1
34783,1
34784,1
34793,1
34795,1
34797,1
34798,1
34800,1
34803,1
34804,1
34805,1
34806,1
34807,1
34810,1
34811,1
34812,0
34813,1
34817,1
34820,1
34821,1
34822,1
34823,1
34824,1
34825,1
34826,1
34827,1
34829,0
34830,0
34832,1
34836,1
34837,0
34838,0
34842,1
34843,0
34844,0
34845,1
34847,0
34848,0
34849,0
34850,0
34851,1
34852,1
34854,1
34855,1
34857,1
34858,1
34859,1
34862,1
34864,0
34865,0
34866,1
34867,0
34869,1
34873,1
34877,1
34879,1
34882,1
34883,1
34888,1
34890,0
34892,1
34893,1
34895,1
34905,1
34906,1
34907,1
34908,1
34909,1
34910,1
34911,1
34912,1
34913,1
34919,1
34921,1
34922,1
34923,1
34924,1
34926,1
34934,1
34935,1
34937,1
34939,1
34942,1
34943,1
34944,1
34946,1
34947,1
34952,1
34953,1
34954,1
34956,1
34957,1
34958,1
34960,1
34962,1
34963,1
34964,1
34966,1
34968,1
34969,1
34971,1
34972,1
34977,1
34978,1
34979,1
34980,1
34981,1
34982,1
34984,1
34989,1
34991,1
34992,1
34994,0
34995,1
34996,1
34997,1
34998,1
35003,1
35004,1
35005,1
35006,1
35007,1
35008,1
35009,1
35010,1
35011,1
35012,1
35013,1
35014,1
35015,1
35016,1
35017,1
35018,0
35019,1
35020,1
35021,1
35022,1
35023,1
35024,1
35025,1
35026,1
35027,1
35028,1
35029,1
35030,1
35031,1
35032,1
35033,1
35034,1
35035,1
35036,1
35037,1
35038,1
35039,1
35040,1
35041,1
35042,1
35043,1
35044,1
35045,1
35047,0
35048,1
35049,1
35050,1
35051,1
35052,1
35053,1
35054,1
35055,0
35056,0
35061,1
35063,1
35064,1
35066,1
35067,1
35072,0
35073,0
35074,0
35078,0
35079,0
35080,0
35081,0
35082,1
35083,1
35084,1
35085,1
35086,1
35087,1
35088,1
35090,1
35092,1
35093,1
35094,1
35095,1
35096,1
35097,1
35098,1
35099,1
35101,1
35102,1
35103,1
35105,1
35106,0
35107,0
35108,0
35109,0
35114,0
35121,1
35122,1
35123,1
35124,0
35125,1
35126,0
35128,0
35134,1
35135,1
35137,0
35138,1
35139,1
35140,1
35143,0
35144,1
35145,1
35146,1
35147,1
35148,1
35149,1
35150,1
35151,1
35152,1
35154,1
35155,1
35156,1
35157,1
35158,1
35159,1
35160,1
35161,1
35162,1
35163,1
35164,1
35165,1
35166,1
35167,1
35168,1
35169,1
35170,1
35171,1
35173,1
35174,1
35175,1
35176,1
35177,1
35179,1
35180,1
35181,0
35182,1
35183,1
35185,1
35188,1
35189,1
35190,0
35191,0
35192,1
35193,1
35197,1
35198,1
35199,1
35200,1
35201,1
35202,1
35203,0
35205,0
35207,1
35208,1
35209,1
35210,1
35211,1
35212,1
35216,0
35224,0
35226,1
35227,1
35229,0
35230,0
35231,1
35232,1
35233,1
35234,1
35235,1
35236,1
35237,1
35238,1
35240,1
35241,1
35242,0
35243,0
35244,1
35245,1
35246,1
35247,1
35248,0
35249,0
35250,1
35251,1
35252,1
35253,1
35254,1
35255,1
35256,1
35257,1
35258,1
35259,1
35260,1
35261,0
35262,0
35263,1
35264,1
35265,1
35266,0
35267,0
35268,1
35269,1
35270,1
35271,1
35272,1
35273,1
35274,1
35275,1
35276,0
35277,1
35278,1
35279,1
35280,1
35281,1
35282,1
35283,1
35284,1
35285,1
35286,0
35287,1
35288,1
35289,1
35290,0
35291,1
35292,0
35293,0
35294,1
35295,1
35296,1
35297,1
35298,1
35299,1
35300,1
35301,0
35302,1
35303,0
35309,1
35310,0
35311,1
35312,1
35313,1
35314,1
35315,1
35318,1
35319,1
35320,1
35321,1
35322,1
35323,1
35324,1
35325,1
35326,1
35328,1
35329,1
35331,1
35333,1
35334,0
35335,1
35336,1
35337,1
35338,1
35341,1
35344,1
35345,1
35348,1
35350,1
35351,1
35352,1
35353,1
35354,1
35355,1
35358,1
35364,1
35365,0
35366,1
35367,1
35368,1
35369,1
35370,1
35372,1
35373,1
35374,1
35375,0
35376,1
35377,0
35378,0
35379,0
35380,1
35381,1
35382,1
35383,1
35384,1
35385,1
35386,1
35387,1
35388,1
35389,1
35390,1
35391,0
35392,0
35395,1
35397,0
35400,1
35401,1
35402,1
35403,1
35405,1
35406,0
35408,1
35411,1
35412,1
35414,1
35415,1
35416,1
35417,1
35418,1
35419,1
35420,1
35421,1
35422,1
35424,1
35425,1
35426,1
35427,1
35428,1
35429,1
35430,1
35431,1
35434,1
35435,0
35436,0
35437,1
35438,0
35439,1
35441,0
35443,0
35444,0
35445,1
35446,1
35447,1
35449,1
35450,1
35451,1
35452,1
35453,1
35454,1
35455,1
35458,1
35459,1
35460,1
35461,1
35462,1
35463,1
35464,1
35465,1
35467,1
35469,1
35470,1
35471,1
35472,0
35474,0
35475,1
35477,1
35478,1
35479,1
35480,0
35481,1
35483,1
35484,0
35485,1
35488,0
35489,1
35490,1
35491,0
35493,0
35496,1
35497,0
35502,1
35504,1
35505,1
35506,0
35507,0
35509,1
35510,1
35511,1
35512,0
35514,1
35515,0
35517,1
35518,0
35519,1
35520,1
35521,1
35523,0
35525,1
35526,0
35528,1
35529,1
35534,1
35537,0
35538,0
35539,1
35540,1
35542,1
35545,1
35546,1
35547,1
35550,1
35551,1
35552,1
35553,1
35554,1
35556,1
35558,1
35559,1
35560,1
35561,1
35564,1
35566,1
35568,1
35569,1
35570,1
35571,1
35572,1
35573,1
35575,1
35576,1
35577,0
35578,1
35579,1
35580,0
35581,1
35582,1
35583,1
35584,1
35585,1
35586,1
35587,1
35588,1
35589,1
35590,1
35591,1
35592,1
35593,1
35594,1
35596,1
35597,1
35599,1
35600,1
35603,1
35606,1
35607,0
35608,1
35610,0
35614,1
35615,1
35616,1
35617,1
35619,1
35621,1
35622,1
35624,1
35625,1
35626,1
35627,1
35628,1
35629,1
35635,1
35636,1
35637,1
35639,1
35640,1
35644,1
35645,1
35650,0
35656,1
35658,1
35662,1
35664,0
35666,1
35667,1
35672,1
35673,1
35674,1
35675,0
35676,0
35677,0
35679,0
35680,0
35681,1
35683,0
35684,0
35685,1
35687,1
35690,1
35691,1
35698,1
35699,1
35700,1
35701,1
35702,1
35703,1
35704,1
35705,1
35706,1
35708,1
35711,1
35712,1
35722,1
35723,1
35724,1
35725,0
35727,1
35729,0
35730,0
35731,1
35732,1
35733,1
35734,1
35735,1
35736,1
35737,1
35738,1
35739,0
35740,0
35742,0
35743,0
35744,1
35746,1
35748,1
35749,1
35751,1
35752,1
35755,0
35756,1
35757,1
35758,1
35760,1
35763,1
35764,1
35765,1
35767,1
35771,1
35772,1
35773,1
35774,0
35777,0
35778,1
35780,1
35781,1
35783,1
35788,1
35792,0
35793,0
35794,1
35795,1
35796,1
35797,1
35799,1
35801,1
35803,1
35804,1
35805,1
35808,1
35809,1
35810,1
35812,1
35814,1
35815,0
35816,1
35821,1
35822,1
35823,1
35824,1
35825,1
35826,1
35827,0
35830,0
35831,0
35832,0
35836,0
35838,1
35843,0
35844,0
35845,0
35846,1
35847,1
35848,1
35852,1
35853,1
35854,1
35855,1
35857,1
35858,1
35861,1
35863,1
35864,1
35866,1
35867,0
35869,1
35871,1
35873,1
35874,1
35875,1
35876,1
35877,1
35878,1
35880,1
35881,1
35882,1
35883,1
35886,1
35887,1
35889,1
35892,1
35893,1
35894,0
35898,1
35900,1
35901,1
35902,0
35904,0
35905,1
35908,1
35909,1
35910,1
35913,1
35914,1
35915,1
35916,1
35917,1
35919,1
35920,1
35921,1
35922,1
35923,0
35924,1
35927,1
35928,0
35929,1
35931,1
35932,1
35933,1
35935,1
35936,1
35937,0
35939,1
35941,0
35942,0
35946,1
35949,1
35959,1
35961,1
35967,1
35968,1
35970,1
35971,1
35973,1
35987,1
35989,1
35990,1
35995,1
35998,1
35999,1
36000,1
36001,1
36002,1
36003,1
36004,0
36005,1
36006,1
36007,1
36008,1
36009,1
36010,1
36011,1
36012,1
36013,1
36014,1
36015,1
36016,1
36017,1
36018,1
36019,1
36020,1
36021,1
36022,1
36023,1
36024,1
36025,1
36026,1
36027,1
36028,1
36029,1
36030,1
36031,1
36032,1
36035,1
36036,1
36038,1
36039,1
36040,1
36042,1
36043,1
36044,1
36045,1
36046,1
36047,0
36048,1
36049,1
36050,1
36051,1
36052,1
36053,1
36054,1
36055,1
36056,1
